user_id,date,converted_today,group
1,0901,0,1
1,0902,0,1
1,0903,0,1
1,0904,0,1
1,0905,0,1
1,0906,0,1
1,0907,0,1
1,0908,0,1
1,0909,0,1
1,0910,0,1
1,0911,0,1
1,0912,0,1
1,0913,0,1
1,0914,0,1
2,0901,0,1
2,0902,0,1
2,0903,0,1
2,0904,0,1
2,0905,0,1
2,0906,0,1
2,0907,0,1
2,0908,0,1
2,0909,0,1
2,0910,0,1
2,0911,0,1
2,0912,0,1
2,0913,0,1
2,0914,1,1
3,0901,0,1
3,0902,0,1
3,0903,0,1
3,0904,0,1
3,0905,0,1
3,0906,0,1
3,0907,0,1
3,0908,0,1
3,0909,0,1
3,0910,0,1
3,0911,0,1
3,0912,0,1
3,0913,0,1
3,0914,0,1
4,0901,0,1
4,0902,0,1
4,0903,0,1
4,0904,0,1
4,0905,0,1
4,0906,0,1
4,0907,0,1
4,0908,0,1
4,0909,0,1
4,0910,0,1
4,0911,0,1
4,0912,0,1
4,0913,0,1
4,0914,0,1
5,0901,0,1
5,0902,0,1
5,0903,0,1
5,0904,0,1
5,0905,0,1
5,0906,0,1
5,0907,0,1
5,0908,0,1
5,0909,0,1
5,0910,0,1
5,0911,0,1
5,0912,0,1
5,0913,0,1
5,0914,0,1
6,0901,0,1
6,0902,0,1
6,0903,0,1
6,0904,0,1
6,0905,0,1
6,0906,0,1
6,0907,0,1
6,0908,0,1
6,0909,0,1
6,0910,0,1
6,0911,0,1
6,0912,0,1
6,0913,0,1
6,0914,0,1
7,0901,0,1
7,0902,0,1
7,0903,0,1
7,0904,0,1
7,0905,0,1
7,0906,0,1
7,0907,0,1
7,0908,0,1
7,0909,0,1
7,0910,0,1
7,0911,0,1
7,0912,0,1
7,0913,0,1
7,0914,0,1
8,0901,0,1
8,0902,0,1
8,0903,0,1
8,0904,0,1
8,0905,0,1
8,0906,0,1
8,0907,0,1
8,0908,0,1
8,0909,0,1
8,0910,0,1
8,0911,0,1
8,0912,0,1
8,0913,0,1
8,0914,0,1
9,0901,0,1
9,0902,0,1
9,0903,0,1
9,0904,0,1
9,0905,0,1
9,0906,0,1
9,0907,0,1
9,0908,0,1
9,0909,0,1
9,0910,0,1
9,0911,0,1
9,0912,0,1
9,0913,0,1
9,0914,0,1
10,0901,0,1
10,0902,0,1
10,0903,0,1
10,0904,0,1
10,0905,0,1
10,0906,0,1
10,0907,0,1
10,0908,0,1
10,0909,0,1
10,0910,0,1
10,0911,0,1
10,0912,0,1
10,0913,0,1
10,0914,0,1
11,0901,0,1
11,0902,0,1
11,0903,0,1
11,0904,0,1
11,0905,0,1
11,0906,0,1
11,0907,0,1
11,0908,0,1
11,0909,0,1
11,0910,0,1
11,0911,0,1
11,0912,0,1
11,0913,0,1
11,0914,0,1
12,0901,0,1
12,0902,0,1
12,0903,0,1
12,0904,0,1
12,0905,0,1
12,0906,0,1
12,0907,0,1
12,0908,0,1
12,0909,0,1
12,0910,0,1
12,0911,0,1
12,0912,0,1
12,0913,0,1
12,0914,0,1
13,0901,0,1
13,0902,0,1
13,0903,0,1
13,0904,0,1
13,0905,0,1
13,0906,0,1
13,0907,0,1
13,0908,0,1
13,0909,0,1
13,0910,1,1
13,0911,0,1
13,0912,0,1
13,0913,0,1
13,0914,0,1
14,0901,0,1
14,0902,0,1
14,0903,0,1
14,0904,0,1
14,0905,0,1
14,0906,0,1
14,0907,0,1
14,0908,0,1
14,0909,0,1
14,0910,0,1
14,0911,0,1
14,0912,0,1
14,0913,0,1
14,0914,0,1
15,0901,0,1
15,0902,0,1
15,0903,0,1
15,0904,0,1
15,0905,0,1
15,0906,0,1
15,0907,0,1
15,0908,0,1
15,0909,0,1
15,0910,0,1
15,0911,0,1
15,0912,0,1
15,0913,0,1
15,0914,0,1
16,0901,0,1
16,0902,0,1
16,0903,0,1
16,0904,0,1
16,0905,0,1
16,0906,0,1
16,0907,0,1
16,0908,0,1
16,0909,0,1
16,0910,0,1
16,0911,0,1
16,0912,0,1
16,0913,0,1
16,0914,0,1
17,0901,0,1
17,0902,0,1
17,0903,0,1
17,0904,0,1
17,0905,0,1
17,0906,0,1
17,0907,0,1
17,0908,0,1
17,0909,0,1
17,0910,0,1
17,0911,0,1
17,0912,1,1
17,0913,0,1
17,0914,0,1
18,0901,0,1
18,0902,0,1
18,0903,0,1
18,0904,0,1
18,0905,0,1
18,0906,0,1
18,0907,0,1
18,0908,0,1
18,0909,0,1
18,0910,0,1
18,0911,0,1
18,0912,0,1
18,0913,0,1
18,0914,0,1
19,0901,0,1
19,0902,0,1
19,0903,0,1
19,0904,0,1
19,0905,0,1
19,0906,0,1
19,0907,0,1
19,0908,0,1
19,0909,0,1
19,0910,0,1
19,0911,0,1
19,0912,0,1
19,0913,0,1
19,0914,0,1
20,0901,0,1
20,0902,0,1
20,0903,0,1
20,0904,0,1
20,0905,0,1
20,0906,0,1
20,0907,0,1
20,0908,0,1
20,0909,0,1
20,0910,0,1
20,0911,0,1
20,0912,0,1
20,0913,0,1
20,0914,1,1
21,0901,0,1
21,0902,0,1
21,0903,0,1
21,0904,0,1
21,0905,0,1
21,0906,0,1
21,0907,0,1
21,0908,0,1
21,0909,0,1
21,0910,0,1
21,0911,0,1
21,0912,0,1
21,0913,0,1
21,0914,0,1
22,0901,0,1
22,0902,0,1
22,0903,0,1
22,0904,0,1
22,0905,0,1
22,0906,0,1
22,0907,0,1
22,0908,0,1
22,0909,0,1
22,0910,0,1
22,0911,0,1
22,0912,0,1
22,0913,0,1
22,0914,0,1
23,0901,0,1
23,0902,0,1
23,0903,0,1
23,0904,0,1
23,0905,0,1
23,0906,0,1
23,0907,0,1
23,0908,1,1
23,0909,0,1
23,0910,0,1
23,0911,0,1
23,0912,0,1
23,0913,0,1
23,0914,0,1
24,0901,0,1
24,0902,0,1
24,0903,0,1
24,0904,0,1
24,0905,0,1
24,0906,0,1
24,0907,0,1
24,0908,0,1
24,0909,0,1
24,0910,0,1
24,0911,0,1
24,0912,0,1
24,0913,0,1
24,0914,0,1
25,0901,0,1
25,0902,0,1
25,0903,0,1
25,0904,0,1
25,0905,0,1
25,0906,0,1
25,0907,0,1
25,0908,0,1
25,0909,0,1
25,0910,0,1
25,0911,0,1
25,0912,0,1
25,0913,0,1
25,0914,0,1
26,0901,0,1
26,0902,0,1
26,0903,0,1
26,0904,0,1
26,0905,0,1
26,0906,0,1
26,0907,0,1
26,0908,0,1
26,0909,0,1
26,0910,0,1
26,0911,0,1
26,0912,0,1
26,0913,0,1
26,0914,0,1
27,0901,0,1
27,0902,0,1
27,0903,0,1
27,0904,0,1
27,0905,0,1
27,0906,0,1
27,0907,0,1
27,0908,0,1
27,0909,0,1
27,0910,0,1
27,0911,0,1
27,0912,0,1
27,0913,0,1
27,0914,0,1
28,0901,0,1
28,0902,0,1
28,0903,0,1
28,0904,0,1
28,0905,0,1
28,0906,0,1
28,0907,0,1
28,0908,0,1
28,0909,0,1
28,0910,0,1
28,0911,0,1
28,0912,0,1
28,0913,0,1
28,0914,1,1
29,0901,0,1
29,0902,0,1
29,0903,0,1
29,0904,0,1
29,0905,0,1
29,0906,0,1
29,0907,0,1
29,0908,0,1
29,0909,0,1
29,0910,0,1
29,0911,0,1
29,0912,0,1
29,0913,0,1
29,0914,0,1
30,0901,0,1
30,0902,0,1
30,0903,0,1
30,0904,0,1
30,0905,0,1
30,0906,0,1
30,0907,0,1
30,0908,0,1
30,0909,0,1
30,0910,0,1
30,0911,0,1
30,0912,0,1
30,0913,0,1
30,0914,0,1
31,0901,0,1
31,0902,0,1
31,0903,0,1
31,0904,0,1
31,0905,0,1
31,0906,0,1
31,0907,0,1
31,0908,0,1
31,0909,0,1
31,0910,1,1
31,0911,0,1
31,0912,0,1
31,0913,0,1
31,0914,0,1
32,0901,0,1
32,0902,0,1
32,0903,0,1
32,0904,0,1
32,0905,0,1
32,0906,0,1
32,0907,0,1
32,0908,0,1
32,0909,0,1
32,0910,0,1
32,0911,0,1
32,0912,0,1
32,0913,0,1
32,0914,0,1
33,0901,0,1
33,0902,0,1
33,0903,0,1
33,0904,0,1
33,0905,0,1
33,0906,0,1
33,0907,0,1
33,0908,0,1
33,0909,0,1
33,0910,0,1
33,0911,0,1
33,0912,0,1
33,0913,0,1
33,0914,0,1
34,0901,0,1
34,0902,0,1
34,0903,0,1
34,0904,0,1
34,0905,0,1
34,0906,0,1
34,0907,0,1
34,0908,0,1
34,0909,0,1
34,0910,0,1
34,0911,0,1
34,0912,0,1
34,0913,0,1
34,0914,0,1
35,0901,0,1
35,0902,0,1
35,0903,0,1
35,0904,0,1
35,0905,0,1
35,0906,0,1
35,0907,0,1
35,0908,0,1
35,0909,0,1
35,0910,0,1
35,0911,0,1
35,0912,0,1
35,0913,0,1
35,0914,0,1
36,0901,0,1
36,0902,0,1
36,0903,0,1
36,0904,0,1
36,0905,0,1
36,0906,0,1
36,0907,0,1
36,0908,1,1
36,0909,0,1
36,0910,0,1
36,0911,0,1
36,0912,0,1
36,0913,0,1
36,0914,0,1
37,0901,0,1
37,0902,0,1
37,0903,0,1
37,0904,0,1
37,0905,0,1
37,0906,0,1
37,0907,0,1
37,0908,0,1
37,0909,0,1
37,0910,0,1
37,0911,0,1
37,0912,0,1
37,0913,0,1
37,0914,0,1
38,0901,0,1
38,0902,0,1
38,0903,0,1
38,0904,0,1
38,0905,0,1
38,0906,0,1
38,0907,0,1
38,0908,0,1
38,0909,0,1
38,0910,0,1
38,0911,0,1
38,0912,0,1
38,0913,0,1
38,0914,0,1
39,0901,0,1
39,0902,0,1
39,0903,0,1
39,0904,0,1
39,0905,0,1
39,0906,0,1
39,0907,0,1
39,0908,0,1
39,0909,0,1
39,0910,0,1
39,0911,0,1
39,0912,1,1
39,0913,0,1
39,0914,0,1
40,0901,0,1
40,0902,0,1
40,0903,0,1
40,0904,0,1
40,0905,0,1
40,0906,0,1
40,0907,0,1
40,0908,0,1
40,0909,0,1
40,0910,0,1
40,0911,0,1
40,0912,0,1
40,0913,0,1
40,0914,0,1
41,0901,0,1
41,0902,0,1
41,0903,0,1
41,0904,0,1
41,0905,0,1
41,0906,0,1
41,0907,0,1
41,0908,0,1
41,0909,0,1
41,0910,0,1
41,0911,0,1
41,0912,0,1
41,0913,1,1
41,0914,0,1
42,0901,0,1
42,0902,0,1
42,0903,0,1
42,0904,0,1
42,0905,0,1
42,0906,0,1
42,0907,0,1
42,0908,0,1
42,0909,0,1
42,0910,0,1
42,0911,0,1
42,0912,0,1
42,0913,0,1
42,0914,0,1
43,0901,0,1
43,0902,0,1
43,0903,0,1
43,0904,0,1
43,0905,0,1
43,0906,0,1
43,0907,0,1
43,0908,0,1
43,0909,0,1
43,0910,0,1
43,0911,0,1
43,0912,0,1
43,0913,0,1
43,0914,0,1
44,0901,0,1
44,0902,0,1
44,0903,0,1
44,0904,0,1
44,0905,0,1
44,0906,0,1
44,0907,0,1
44,0908,0,1
44,0909,0,1
44,0910,0,1
44,0911,0,1
44,0912,0,1
44,0913,0,1
44,0914,0,1
45,0901,0,1
45,0902,0,1
45,0903,0,1
45,0904,0,1
45,0905,0,1
45,0906,0,1
45,0907,0,1
45,0908,0,1
45,0909,0,1
45,0910,1,1
45,0911,0,1
45,0912,0,1
45,0913,0,1
45,0914,0,1
46,0901,0,1
46,0902,0,1
46,0903,0,1
46,0904,0,1
46,0905,0,1
46,0906,0,1
46,0907,0,1
46,0908,0,1
46,0909,0,1
46,0910,0,1
46,0911,0,1
46,0912,0,1
46,0913,0,1
46,0914,0,1
47,0901,0,1
47,0902,0,1
47,0903,0,1
47,0904,0,1
47,0905,0,1
47,0906,0,1
47,0907,0,1
47,0908,0,1
47,0909,0,1
47,0910,0,1
47,0911,0,1
47,0912,0,1
47,0913,0,1
47,0914,0,1
48,0901,0,1
48,0902,0,1
48,0903,0,1
48,0904,0,1
48,0905,0,1
48,0906,0,1
48,0907,0,1
48,0908,0,1
48,0909,0,1
48,0910,0,1
48,0911,0,1
48,0912,0,1
48,0913,0,1
48,0914,0,1
49,0901,0,1
49,0902,0,1
49,0903,0,1
49,0904,0,1
49,0905,0,1
49,0906,0,1
49,0907,0,1
49,0908,0,1
49,0909,0,1
49,0910,0,1
49,0911,0,1
49,0912,0,1
49,0913,0,1
49,0914,0,1
50,0901,0,1
50,0902,0,1
50,0903,0,1
50,0904,0,1
50,0905,0,1
50,0906,0,1
50,0907,0,1
50,0908,0,1
50,0909,0,1
50,0910,0,1
50,0911,0,1
50,0912,0,1
50,0913,0,1
50,0914,0,1
51,0901,0,1
51,0902,0,1
51,0903,0,1
51,0904,0,1
51,0905,0,1
51,0906,0,1
51,0907,0,1
51,0908,0,1
51,0909,0,1
51,0910,0,1
51,0911,0,1
51,0912,0,1
51,0913,0,1
51,0914,0,1
52,0901,0,1
52,0902,0,1
52,0903,0,1
52,0904,0,1
52,0905,0,1
52,0906,0,1
52,0907,0,1
52,0908,0,1
52,0909,0,1
52,0910,0,1
52,0911,0,1
52,0912,0,1
52,0913,0,1
52,0914,0,1
53,0901,0,1
53,0902,0,1
53,0903,0,1
53,0904,0,1
53,0905,0,1
53,0906,0,1
53,0907,0,1
53,0908,0,1
53,0909,0,1
53,0910,0,1
53,0911,0,1
53,0912,0,1
53,0913,0,1
53,0914,0,1
54,0901,0,1
54,0902,0,1
54,0903,0,1
54,0904,0,1
54,0905,0,1
54,0906,0,1
54,0907,0,1
54,0908,0,1
54,0909,0,1
54,0910,0,1
54,0911,0,1
54,0912,0,1
54,0913,0,1
54,0914,0,1
55,0901,0,1
55,0902,0,1
55,0903,0,1
55,0904,0,1
55,0905,0,1
55,0906,0,1
55,0907,0,1
55,0908,0,1
55,0909,0,1
55,0910,0,1
55,0911,0,1
55,0912,0,1
55,0913,0,1
55,0914,0,1
56,0901,0,1
56,0902,0,1
56,0903,0,1
56,0904,0,1
56,0905,0,1
56,0906,0,1
56,0907,0,1
56,0908,0,1
56,0909,0,1
56,0910,0,1
56,0911,0,1
56,0912,0,1
56,0913,0,1
56,0914,0,1
57,0901,0,1
57,0902,0,1
57,0903,0,1
57,0904,0,1
57,0905,0,1
57,0906,0,1
57,0907,0,1
57,0908,0,1
57,0909,0,1
57,0910,0,1
57,0911,0,1
57,0912,0,1
57,0913,0,1
57,0914,0,1
58,0901,0,1
58,0902,0,1
58,0903,0,1
58,0904,0,1
58,0905,0,1
58,0906,0,1
58,0907,0,1
58,0908,0,1
58,0909,0,1
58,0910,0,1
58,0911,0,1
58,0912,0,1
58,0913,0,1
58,0914,0,1
59,0901,0,1
59,0902,0,1
59,0903,0,1
59,0904,0,1
59,0905,0,1
59,0906,0,1
59,0907,0,1
59,0908,0,1
59,0909,0,1
59,0910,0,1
59,0911,0,1
59,0912,0,1
59,0913,0,1
59,0914,0,1
60,0901,0,1
60,0902,0,1
60,0903,0,1
60,0904,0,1
60,0905,0,1
60,0906,0,1
60,0907,0,1
60,0908,0,1
60,0909,0,1
60,0910,0,1
60,0911,0,1
60,0912,0,1
60,0913,0,1
60,0914,0,1
61,0901,0,1
61,0902,0,1
61,0903,0,1
61,0904,0,1
61,0905,0,1
61,0906,0,1
61,0907,0,1
61,0908,0,1
61,0909,0,1
61,0910,0,1
61,0911,0,1
61,0912,0,1
61,0913,0,1
61,0914,0,1
62,0901,0,1
62,0902,0,1
62,0903,0,1
62,0904,0,1
62,0905,0,1
62,0906,0,1
62,0907,0,1
62,0908,0,1
62,0909,0,1
62,0910,0,1
62,0911,0,1
62,0912,0,1
62,0913,0,1
62,0914,0,1
63,0901,0,1
63,0902,0,1
63,0903,0,1
63,0904,0,1
63,0905,0,1
63,0906,0,1
63,0907,0,1
63,0908,0,1
63,0909,0,1
63,0910,0,1
63,0911,0,1
63,0912,0,1
63,0913,0,1
63,0914,0,1
64,0901,0,1
64,0902,0,1
64,0903,0,1
64,0904,0,1
64,0905,0,1
64,0906,0,1
64,0907,0,1
64,0908,0,1
64,0909,0,1
64,0910,0,1
64,0911,0,1
64,0912,0,1
64,0913,0,1
64,0914,0,1
65,0901,0,1
65,0902,0,1
65,0903,0,1
65,0904,0,1
65,0905,0,1
65,0906,0,1
65,0907,0,1
65,0908,0,1
65,0909,0,1
65,0910,0,1
65,0911,0,1
65,0912,0,1
65,0913,0,1
65,0914,0,1
66,0901,0,1
66,0902,0,1
66,0903,0,1
66,0904,0,1
66,0905,0,1
66,0906,0,1
66,0907,0,1
66,0908,0,1
66,0909,0,1
66,0910,0,1
66,0911,0,1
66,0912,0,1
66,0913,0,1
66,0914,0,1
67,0901,0,1
67,0902,0,1
67,0903,0,1
67,0904,0,1
67,0905,0,1
67,0906,0,1
67,0907,0,1
67,0908,0,1
67,0909,0,1
67,0910,0,1
67,0911,1,1
67,0912,0,1
67,0913,0,1
67,0914,0,1
68,0901,0,1
68,0902,0,1
68,0903,0,1
68,0904,0,1
68,0905,0,1
68,0906,0,1
68,0907,0,1
68,0908,0,1
68,0909,0,1
68,0910,0,1
68,0911,0,1
68,0912,0,1
68,0913,0,1
68,0914,0,1
69,0901,0,1
69,0902,0,1
69,0903,0,1
69,0904,0,1
69,0905,0,1
69,0906,0,1
69,0907,0,1
69,0908,0,1
69,0909,0,1
69,0910,0,1
69,0911,0,1
69,0912,0,1
69,0913,0,1
69,0914,0,1
70,0901,0,1
70,0902,0,1
70,0903,0,1
70,0904,0,1
70,0905,0,1
70,0906,0,1
70,0907,0,1
70,0908,0,1
70,0909,0,1
70,0910,0,1
70,0911,0,1
70,0912,0,1
70,0913,0,1
70,0914,0,1
71,0901,0,1
71,0902,0,1
71,0903,0,1
71,0904,0,1
71,0905,0,1
71,0906,0,1
71,0907,0,1
71,0908,0,1
71,0909,0,1
71,0910,0,1
71,0911,0,1
71,0912,0,1
71,0913,0,1
71,0914,0,1
72,0901,0,1
72,0902,0,1
72,0903,0,1
72,0904,0,1
72,0905,0,1
72,0906,0,1
72,0907,0,1
72,0908,0,1
72,0909,0,1
72,0910,0,1
72,0911,0,1
72,0912,0,1
72,0913,0,1
72,0914,0,1
73,0901,0,1
73,0902,0,1
73,0903,0,1
73,0904,0,1
73,0905,0,1
73,0906,0,1
73,0907,0,1
73,0908,0,1
73,0909,0,1
73,0910,0,1
73,0911,0,1
73,0912,0,1
73,0913,0,1
73,0914,0,1
74,0901,0,1
74,0902,0,1
74,0903,0,1
74,0904,0,1
74,0905,0,1
74,0906,0,1
74,0907,0,1
74,0908,0,1
74,0909,0,1
74,0910,0,1
74,0911,0,1
74,0912,1,1
74,0913,0,1
74,0914,0,1
75,0901,0,1
75,0902,0,1
75,0903,0,1
75,0904,0,1
75,0905,0,1
75,0906,0,1
75,0907,0,1
75,0908,0,1
75,0909,0,1
75,0910,0,1
75,0911,0,1
75,0912,0,1
75,0913,0,1
75,0914,1,1
76,0901,0,1
76,0902,0,1
76,0903,0,1
76,0904,0,1
76,0905,0,1
76,0906,0,1
76,0907,0,1
76,0908,0,1
76,0909,0,1
76,0910,0,1
76,0911,0,1
76,0912,0,1
76,0913,0,1
76,0914,0,1
77,0901,0,1
77,0902,0,1
77,0903,0,1
77,0904,0,1
77,0905,0,1
77,0906,0,1
77,0907,0,1
77,0908,0,1
77,0909,0,1
77,0910,0,1
77,0911,0,1
77,0912,1,1
77,0913,0,1
77,0914,0,1
78,0901,0,1
78,0902,0,1
78,0903,0,1
78,0904,0,1
78,0905,0,1
78,0906,0,1
78,0907,0,1
78,0908,0,1
78,0909,0,1
78,0910,0,1
78,0911,0,1
78,0912,0,1
78,0913,0,1
78,0914,0,1
79,0901,0,1
79,0902,0,1
79,0903,0,1
79,0904,0,1
79,0905,0,1
79,0906,0,1
79,0907,0,1
79,0908,0,1
79,0909,0,1
79,0910,0,1
79,0911,0,1
79,0912,0,1
79,0913,0,1
79,0914,0,1
80,0901,0,1
80,0902,0,1
80,0903,0,1
80,0904,0,1
80,0905,0,1
80,0906,0,1
80,0907,0,1
80,0908,0,1
80,0909,1,1
80,0910,0,1
80,0911,0,1
80,0912,0,1
80,0913,0,1
80,0914,0,1
81,0901,0,1
81,0902,0,1
81,0903,0,1
81,0904,0,1
81,0905,0,1
81,0906,0,1
81,0907,0,1
81,0908,0,1
81,0909,0,1
81,0910,0,1
81,0911,0,1
81,0912,1,1
81,0913,0,1
81,0914,0,1
82,0901,0,1
82,0902,0,1
82,0903,0,1
82,0904,0,1
82,0905,0,1
82,0906,0,1
82,0907,0,1
82,0908,0,1
82,0909,0,1
82,0910,0,1
82,0911,0,1
82,0912,0,1
82,0913,0,1
82,0914,0,1
83,0901,0,1
83,0902,0,1
83,0903,0,1
83,0904,0,1
83,0905,0,1
83,0906,0,1
83,0907,0,1
83,0908,0,1
83,0909,0,1
83,0910,0,1
83,0911,0,1
83,0912,0,1
83,0913,0,1
83,0914,0,1
84,0901,0,1
84,0902,0,1
84,0903,0,1
84,0904,0,1
84,0905,0,1
84,0906,0,1
84,0907,0,1
84,0908,0,1
84,0909,0,1
84,0910,0,1
84,0911,0,1
84,0912,0,1
84,0913,0,1
84,0914,0,1
85,0901,0,1
85,0902,0,1
85,0903,0,1
85,0904,0,1
85,0905,0,1
85,0906,0,1
85,0907,0,1
85,0908,0,1
85,0909,0,1
85,0910,0,1
85,0911,0,1
85,0912,1,1
85,0913,0,1
85,0914,0,1
86,0901,0,1
86,0902,0,1
86,0903,0,1
86,0904,0,1
86,0905,0,1
86,0906,0,1
86,0907,0,1
86,0908,0,1
86,0909,0,1
86,0910,0,1
86,0911,1,1
86,0912,0,1
86,0913,0,1
86,0914,0,1
87,0901,0,1
87,0902,0,1
87,0903,0,1
87,0904,0,1
87,0905,0,1
87,0906,0,1
87,0907,0,1
87,0908,0,1
87,0909,0,1
87,0910,0,1
87,0911,0,1
87,0912,0,1
87,0913,0,1
87,0914,0,1
88,0901,0,1
88,0902,0,1
88,0903,0,1
88,0904,0,1
88,0905,0,1
88,0906,0,1
88,0907,0,1
88,0908,0,1
88,0909,0,1
88,0910,0,1
88,0911,0,1
88,0912,0,1
88,0913,0,1
88,0914,0,1
89,0901,0,1
89,0902,0,1
89,0903,0,1
89,0904,0,1
89,0905,0,1
89,0906,0,1
89,0907,0,1
89,0908,0,1
89,0909,0,1
89,0910,0,1
89,0911,1,1
89,0912,0,1
89,0913,0,1
89,0914,0,1
90,0901,0,1
90,0902,0,1
90,0903,0,1
90,0904,0,1
90,0905,0,1
90,0906,0,1
90,0907,0,1
90,0908,0,1
90,0909,0,1
90,0910,0,1
90,0911,0,1
90,0912,0,1
90,0913,0,1
90,0914,0,1
91,0901,0,1
91,0902,0,1
91,0903,0,1
91,0904,0,1
91,0905,0,1
91,0906,0,1
91,0907,0,1
91,0908,0,1
91,0909,0,1
91,0910,0,1
91,0911,0,1
91,0912,0,1
91,0913,0,1
91,0914,0,1
92,0901,0,1
92,0902,0,1
92,0903,0,1
92,0904,0,1
92,0905,0,1
92,0906,0,1
92,0907,0,1
92,0908,0,1
92,0909,0,1
92,0910,0,1
92,0911,0,1
92,0912,0,1
92,0913,0,1
92,0914,0,1
93,0901,0,1
93,0902,0,1
93,0903,0,1
93,0904,0,1
93,0905,0,1
93,0906,0,1
93,0907,0,1
93,0908,0,1
93,0909,0,1
93,0910,0,1
93,0911,0,1
93,0912,0,1
93,0913,0,1
93,0914,0,1
94,0901,0,1
94,0902,0,1
94,0903,0,1
94,0904,0,1
94,0905,0,1
94,0906,0,1
94,0907,0,1
94,0908,0,1
94,0909,0,1
94,0910,0,1
94,0911,0,1
94,0912,0,1
94,0913,0,1
94,0914,0,1
95,0901,0,1
95,0902,0,1
95,0903,0,1
95,0904,0,1
95,0905,0,1
95,0906,0,1
95,0907,0,1
95,0908,0,1
95,0909,0,1
95,0910,0,1
95,0911,0,1
95,0912,0,1
95,0913,0,1
95,0914,0,1
96,0901,0,1
96,0902,0,1
96,0903,0,1
96,0904,0,1
96,0905,0,1
96,0906,0,1
96,0907,0,1
96,0908,1,1
96,0909,0,1
96,0910,0,1
96,0911,0,1
96,0912,0,1
96,0913,0,1
96,0914,0,1
97,0901,0,1
97,0902,0,1
97,0903,0,1
97,0904,0,1
97,0905,0,1
97,0906,0,1
97,0907,0,1
97,0908,0,1
97,0909,0,1
97,0910,0,1
97,0911,0,1
97,0912,0,1
97,0913,0,1
97,0914,0,1
98,0901,0,1
98,0902,0,1
98,0903,0,1
98,0904,0,1
98,0905,0,1
98,0906,0,1
98,0907,0,1
98,0908,0,1
98,0909,0,1
98,0910,0,1
98,0911,0,1
98,0912,0,1
98,0913,0,1
98,0914,0,1
99,0901,0,1
99,0902,0,1
99,0903,0,1
99,0904,0,1
99,0905,0,1
99,0906,0,1
99,0907,0,1
99,0908,0,1
99,0909,0,1
99,0910,0,1
99,0911,0,1
99,0912,0,1
99,0913,0,1
99,0914,0,1
100,0901,0,1
100,0902,0,1
100,0903,0,1
100,0904,0,1
100,0905,0,1
100,0906,0,1
100,0907,0,1
100,0908,0,1
100,0909,0,1
100,0910,0,1
100,0911,0,1
100,0912,1,1
100,0913,0,1
100,0914,0,1
101,0901,0,1
101,0902,0,1
101,0903,0,1
101,0904,0,1
101,0905,0,1
101,0906,0,1
101,0907,0,1
101,0908,0,1
101,0909,0,1
101,0910,0,1
101,0911,0,1
101,0912,0,1
101,0913,0,1
101,0914,0,1
102,0901,0,1
102,0902,0,1
102,0903,0,1
102,0904,0,1
102,0905,0,1
102,0906,0,1
102,0907,0,1
102,0908,0,1
102,0909,0,1
102,0910,0,1
102,0911,0,1
102,0912,0,1
102,0913,0,1
102,0914,0,1
103,0901,0,1
103,0902,0,1
103,0903,0,1
103,0904,0,1
103,0905,0,1
103,0906,0,1
103,0907,0,1
103,0908,0,1
103,0909,0,1
103,0910,0,1
103,0911,0,1
103,0912,0,1
103,0913,0,1
103,0914,0,1
104,0901,0,1
104,0902,0,1
104,0903,0,1
104,0904,0,1
104,0905,0,1
104,0906,0,1
104,0907,0,1
104,0908,0,1
104,0909,0,1
104,0910,0,1
104,0911,0,1
104,0912,0,1
104,0913,0,1
104,0914,0,1
105,0901,0,1
105,0902,0,1
105,0903,0,1
105,0904,0,1
105,0905,0,1
105,0906,0,1
105,0907,0,1
105,0908,0,1
105,0909,0,1
105,0910,0,1
105,0911,1,1
105,0912,0,1
105,0913,0,1
105,0914,0,1
106,0901,0,1
106,0902,0,1
106,0903,0,1
106,0904,0,1
106,0905,0,1
106,0906,0,1
106,0907,0,1
106,0908,0,1
106,0909,1,1
106,0910,0,1
106,0911,0,1
106,0912,0,1
106,0913,0,1
106,0914,0,1
107,0901,0,1
107,0902,0,1
107,0903,0,1
107,0904,0,1
107,0905,0,1
107,0906,0,1
107,0907,0,1
107,0908,0,1
107,0909,0,1
107,0910,0,1
107,0911,0,1
107,0912,0,1
107,0913,0,1
107,0914,0,1
108,0901,0,1
108,0902,0,1
108,0903,0,1
108,0904,0,1
108,0905,0,1
108,0906,0,1
108,0907,0,1
108,0908,0,1
108,0909,0,1
108,0910,0,1
108,0911,0,1
108,0912,0,1
108,0913,0,1
108,0914,0,1
109,0901,0,1
109,0902,0,1
109,0903,0,1
109,0904,0,1
109,0905,0,1
109,0906,0,1
109,0907,0,1
109,0908,0,1
109,0909,0,1
109,0910,0,1
109,0911,0,1
109,0912,0,1
109,0913,0,1
109,0914,0,1
110,0901,0,1
110,0902,0,1
110,0903,0,1
110,0904,0,1
110,0905,0,1
110,0906,0,1
110,0907,0,1
110,0908,0,1
110,0909,0,1
110,0910,0,1
110,0911,0,1
110,0912,0,1
110,0913,0,1
110,0914,0,1
111,0901,0,1
111,0902,0,1
111,0903,0,1
111,0904,0,1
111,0905,0,1
111,0906,0,1
111,0907,0,1
111,0908,0,1
111,0909,0,1
111,0910,0,1
111,0911,0,1
111,0912,0,1
111,0913,0,1
111,0914,0,1
112,0901,0,1
112,0902,0,1
112,0903,0,1
112,0904,0,1
112,0905,0,1
112,0906,0,1
112,0907,0,1
112,0908,0,1
112,0909,0,1
112,0910,0,1
112,0911,0,1
112,0912,0,1
112,0913,0,1
112,0914,0,1
113,0901,0,1
113,0902,0,1
113,0903,0,1
113,0904,0,1
113,0905,0,1
113,0906,0,1
113,0907,0,1
113,0908,0,1
113,0909,0,1
113,0910,0,1
113,0911,0,1
113,0912,0,1
113,0913,0,1
113,0914,0,1
114,0901,0,1
114,0902,0,1
114,0903,0,1
114,0904,0,1
114,0905,0,1
114,0906,0,1
114,0907,0,1
114,0908,0,1
114,0909,0,1
114,0910,0,1
114,0911,0,1
114,0912,0,1
114,0913,0,1
114,0914,0,1
115,0901,0,1
115,0902,0,1
115,0903,0,1
115,0904,0,1
115,0905,0,1
115,0906,0,1
115,0907,0,1
115,0908,0,1
115,0909,0,1
115,0910,0,1
115,0911,0,1
115,0912,0,1
115,0913,0,1
115,0914,0,1
116,0901,0,1
116,0902,0,1
116,0903,0,1
116,0904,0,1
116,0905,0,1
116,0906,0,1
116,0907,0,1
116,0908,0,1
116,0909,1,1
116,0910,0,1
116,0911,0,1
116,0912,0,1
116,0913,0,1
116,0914,0,1
117,0901,0,1
117,0902,0,1
117,0903,0,1
117,0904,0,1
117,0905,0,1
117,0906,0,1
117,0907,0,1
117,0908,0,1
117,0909,0,1
117,0910,0,1
117,0911,0,1
117,0912,0,1
117,0913,1,1
117,0914,0,1
118,0901,0,1
118,0902,0,1
118,0903,0,1
118,0904,0,1
118,0905,0,1
118,0906,0,1
118,0907,0,1
118,0908,0,1
118,0909,0,1
118,0910,1,1
118,0911,0,1
118,0912,0,1
118,0913,0,1
118,0914,0,1
119,0901,0,1
119,0902,0,1
119,0903,0,1
119,0904,0,1
119,0905,0,1
119,0906,0,1
119,0907,0,1
119,0908,0,1
119,0909,0,1
119,0910,0,1
119,0911,0,1
119,0912,0,1
119,0913,0,1
119,0914,0,1
120,0901,0,1
120,0902,0,1
120,0903,0,1
120,0904,0,1
120,0905,0,1
120,0906,0,1
120,0907,0,1
120,0908,0,1
120,0909,0,1
120,0910,0,1
120,0911,0,1
120,0912,0,1
120,0913,0,1
120,0914,0,1
121,0901,0,1
121,0902,0,1
121,0903,0,1
121,0904,0,1
121,0905,0,1
121,0906,0,1
121,0907,0,1
121,0908,0,1
121,0909,0,1
121,0910,0,1
121,0911,0,1
121,0912,0,1
121,0913,0,1
121,0914,0,1
122,0901,0,1
122,0902,0,1
122,0903,0,1
122,0904,0,1
122,0905,0,1
122,0906,0,1
122,0907,0,1
122,0908,0,1
122,0909,0,1
122,0910,0,1
122,0911,0,1
122,0912,0,1
122,0913,0,1
122,0914,0,1
123,0901,0,1
123,0902,0,1
123,0903,0,1
123,0904,0,1
123,0905,0,1
123,0906,0,1
123,0907,0,1
123,0908,0,1
123,0909,0,1
123,0910,0,1
123,0911,0,1
123,0912,0,1
123,0913,0,1
123,0914,0,1
124,0901,0,1
124,0902,0,1
124,0903,0,1
124,0904,0,1
124,0905,0,1
124,0906,0,1
124,0907,0,1
124,0908,0,1
124,0909,0,1
124,0910,0,1
124,0911,0,1
124,0912,0,1
124,0913,0,1
124,0914,0,1
125,0901,0,1
125,0902,0,1
125,0903,0,1
125,0904,0,1
125,0905,0,1
125,0906,0,1
125,0907,0,1
125,0908,0,1
125,0909,0,1
125,0910,0,1
125,0911,0,1
125,0912,0,1
125,0913,0,1
125,0914,0,1
126,0901,0,1
126,0902,0,1
126,0903,0,1
126,0904,0,1
126,0905,0,1
126,0906,0,1
126,0907,0,1
126,0908,0,1
126,0909,0,1
126,0910,0,1
126,0911,0,1
126,0912,0,1
126,0913,0,1
126,0914,0,1
127,0901,0,1
127,0902,0,1
127,0903,0,1
127,0904,0,1
127,0905,0,1
127,0906,0,1
127,0907,0,1
127,0908,0,1
127,0909,0,1
127,0910,0,1
127,0911,1,1
127,0912,0,1
127,0913,0,1
127,0914,0,1
128,0901,0,1
128,0902,0,1
128,0903,0,1
128,0904,0,1
128,0905,0,1
128,0906,0,1
128,0907,0,1
128,0908,0,1
128,0909,0,1
128,0910,0,1
128,0911,0,1
128,0912,0,1
128,0913,0,1
128,0914,0,1
129,0901,0,1
129,0902,0,1
129,0903,0,1
129,0904,0,1
129,0905,0,1
129,0906,0,1
129,0907,0,1
129,0908,0,1
129,0909,0,1
129,0910,0,1
129,0911,0,1
129,0912,0,1
129,0913,0,1
129,0914,0,1
130,0901,0,1
130,0902,0,1
130,0903,0,1
130,0904,0,1
130,0905,0,1
130,0906,0,1
130,0907,0,1
130,0908,0,1
130,0909,0,1
130,0910,0,1
130,0911,0,1
130,0912,0,1
130,0913,0,1
130,0914,0,1
131,0901,0,1
131,0902,0,1
131,0903,0,1
131,0904,0,1
131,0905,0,1
131,0906,0,1
131,0907,0,1
131,0908,0,1
131,0909,0,1
131,0910,0,1
131,0911,0,1
131,0912,0,1
131,0913,0,1
131,0914,0,1
132,0901,0,1
132,0902,0,1
132,0903,0,1
132,0904,0,1
132,0905,0,1
132,0906,0,1
132,0907,0,1
132,0908,0,1
132,0909,0,1
132,0910,0,1
132,0911,0,1
132,0912,0,1
132,0913,0,1
132,0914,0,1
133,0901,0,1
133,0902,0,1
133,0903,0,1
133,0904,0,1
133,0905,0,1
133,0906,0,1
133,0907,0,1
133,0908,0,1
133,0909,0,1
133,0910,0,1
133,0911,0,1
133,0912,0,1
133,0913,0,1
133,0914,0,1
134,0901,0,1
134,0902,0,1
134,0903,0,1
134,0904,0,1
134,0905,0,1
134,0906,0,1
134,0907,0,1
134,0908,0,1
134,0909,0,1
134,0910,0,1
134,0911,0,1
134,0912,0,1
134,0913,0,1
134,0914,0,1
135,0901,0,1
135,0902,0,1
135,0903,0,1
135,0904,0,1
135,0905,0,1
135,0906,0,1
135,0907,0,1
135,0908,0,1
135,0909,0,1
135,0910,0,1
135,0911,0,1
135,0912,0,1
135,0913,0,1
135,0914,0,1
136,0901,0,1
136,0902,0,1
136,0903,0,1
136,0904,0,1
136,0905,0,1
136,0906,0,1
136,0907,0,1
136,0908,0,1
136,0909,0,1
136,0910,0,1
136,0911,0,1
136,0912,0,1
136,0913,0,1
136,0914,0,1
137,0901,0,1
137,0902,0,1
137,0903,0,1
137,0904,0,1
137,0905,0,1
137,0906,0,1
137,0907,0,1
137,0908,0,1
137,0909,0,1
137,0910,0,1
137,0911,0,1
137,0912,0,1
137,0913,0,1
137,0914,0,1
138,0901,0,1
138,0902,0,1
138,0903,0,1
138,0904,0,1
138,0905,0,1
138,0906,0,1
138,0907,0,1
138,0908,0,1
138,0909,0,1
138,0910,0,1
138,0911,0,1
138,0912,0,1
138,0913,0,1
138,0914,0,1
139,0901,1,1
139,0902,0,1
139,0903,0,1
139,0904,0,1
139,0905,0,1
139,0906,0,1
139,0907,0,1
139,0908,0,1
139,0909,0,1
139,0910,0,1
139,0911,0,1
139,0912,0,1
139,0913,0,1
139,0914,1,1
140,0901,0,1
140,0902,0,1
140,0903,0,1
140,0904,0,1
140,0905,0,1
140,0906,0,1
140,0907,0,1
140,0908,0,1
140,0909,0,1
140,0910,0,1
140,0911,0,1
140,0912,0,1
140,0913,0,1
140,0914,0,1
141,0901,0,1
141,0902,0,1
141,0903,0,1
141,0904,0,1
141,0905,0,1
141,0906,0,1
141,0907,0,1
141,0908,0,1
141,0909,0,1
141,0910,0,1
141,0911,0,1
141,0912,0,1
141,0913,0,1
141,0914,0,1
142,0901,0,1
142,0902,0,1
142,0903,0,1
142,0904,0,1
142,0905,0,1
142,0906,0,1
142,0907,0,1
142,0908,0,1
142,0909,0,1
142,0910,0,1
142,0911,0,1
142,0912,0,1
142,0913,0,1
142,0914,0,1
143,0901,0,1
143,0902,0,1
143,0903,0,1
143,0904,0,1
143,0905,0,1
143,0906,0,1
143,0907,0,1
143,0908,0,1
143,0909,0,1
143,0910,0,1
143,0911,0,1
143,0912,0,1
143,0913,0,1
143,0914,1,1
144,0901,0,1
144,0902,0,1
144,0903,0,1
144,0904,0,1
144,0905,0,1
144,0906,0,1
144,0907,0,1
144,0908,0,1
144,0909,0,1
144,0910,0,1
144,0911,0,1
144,0912,0,1
144,0913,0,1
144,0914,0,1
145,0901,0,1
145,0902,0,1
145,0903,0,1
145,0904,0,1
145,0905,0,1
145,0906,0,1
145,0907,0,1
145,0908,0,1
145,0909,0,1
145,0910,0,1
145,0911,0,1
145,0912,0,1
145,0913,0,1
145,0914,0,1
146,0901,0,1
146,0902,0,1
146,0903,0,1
146,0904,0,1
146,0905,0,1
146,0906,0,1
146,0907,0,1
146,0908,0,1
146,0909,0,1
146,0910,0,1
146,0911,0,1
146,0912,0,1
146,0913,0,1
146,0914,0,1
147,0901,0,1
147,0902,0,1
147,0903,0,1
147,0904,0,1
147,0905,0,1
147,0906,0,1
147,0907,0,1
147,0908,0,1
147,0909,0,1
147,0910,0,1
147,0911,0,1
147,0912,0,1
147,0913,0,1
147,0914,0,1
148,0901,0,1
148,0902,0,1
148,0903,0,1
148,0904,0,1
148,0905,0,1
148,0906,0,1
148,0907,0,1
148,0908,0,1
148,0909,0,1
148,0910,0,1
148,0911,0,1
148,0912,0,1
148,0913,0,1
148,0914,0,1
149,0901,0,1
149,0902,0,1
149,0903,0,1
149,0904,0,1
149,0905,0,1
149,0906,0,1
149,0907,0,1
149,0908,0,1
149,0909,0,1
149,0910,0,1
149,0911,0,1
149,0912,0,1
149,0913,0,1
149,0914,0,1
150,0901,0,1
150,0902,0,1
150,0903,0,1
150,0904,0,1
150,0905,0,1
150,0906,0,1
150,0907,0,1
150,0908,0,1
150,0909,0,1
150,0910,0,1
150,0911,0,1
150,0912,0,1
150,0913,0,1
150,0914,0,1
151,0901,0,1
151,0902,0,1
151,0903,0,1
151,0904,0,1
151,0905,0,1
151,0906,0,1
151,0907,0,1
151,0908,0,1
151,0909,0,1
151,0910,0,1
151,0911,0,1
151,0912,0,1
151,0913,0,1
151,0914,0,1
152,0901,0,1
152,0902,0,1
152,0903,0,1
152,0904,0,1
152,0905,0,1
152,0906,0,1
152,0907,0,1
152,0908,1,1
152,0909,0,1
152,0910,0,1
152,0911,0,1
152,0912,0,1
152,0913,0,1
152,0914,0,1
153,0901,0,1
153,0902,0,1
153,0903,0,1
153,0904,0,1
153,0905,0,1
153,0906,0,1
153,0907,0,1
153,0908,0,1
153,0909,0,1
153,0910,0,1
153,0911,0,1
153,0912,0,1
153,0913,0,1
153,0914,0,1
154,0901,0,1
154,0902,0,1
154,0903,0,1
154,0904,0,1
154,0905,0,1
154,0906,0,1
154,0907,0,1
154,0908,0,1
154,0909,0,1
154,0910,0,1
154,0911,0,1
154,0912,0,1
154,0913,0,1
154,0914,0,1
155,0901,0,1
155,0902,0,1
155,0903,0,1
155,0904,0,1
155,0905,0,1
155,0906,0,1
155,0907,0,1
155,0908,0,1
155,0909,0,1
155,0910,0,1
155,0911,0,1
155,0912,0,1
155,0913,0,1
155,0914,0,1
156,0901,0,1
156,0902,0,1
156,0903,0,1
156,0904,0,1
156,0905,0,1
156,0906,0,1
156,0907,0,1
156,0908,0,1
156,0909,0,1
156,0910,0,1
156,0911,0,1
156,0912,0,1
156,0913,0,1
156,0914,0,1
157,0901,0,1
157,0902,0,1
157,0903,0,1
157,0904,0,1
157,0905,0,1
157,0906,0,1
157,0907,0,1
157,0908,0,1
157,0909,0,1
157,0910,0,1
157,0911,0,1
157,0912,0,1
157,0913,0,1
157,0914,0,1
158,0901,0,1
158,0902,0,1
158,0903,0,1
158,0904,0,1
158,0905,0,1
158,0906,0,1
158,0907,0,1
158,0908,0,1
158,0909,0,1
158,0910,0,1
158,0911,0,1
158,0912,0,1
158,0913,0,1
158,0914,0,1
159,0901,0,1
159,0902,0,1
159,0903,0,1
159,0904,0,1
159,0905,0,1
159,0906,0,1
159,0907,0,1
159,0908,0,1
159,0909,0,1
159,0910,0,1
159,0911,0,1
159,0912,0,1
159,0913,0,1
159,0914,0,1
160,0901,0,1
160,0902,0,1
160,0903,0,1
160,0904,0,1
160,0905,0,1
160,0906,0,1
160,0907,0,1
160,0908,0,1
160,0909,0,1
160,0910,0,1
160,0911,0,1
160,0912,0,1
160,0913,0,1
160,0914,0,1
161,0901,0,1
161,0902,0,1
161,0903,0,1
161,0904,0,1
161,0905,0,1
161,0906,0,1
161,0907,0,1
161,0908,0,1
161,0909,0,1
161,0910,1,1
161,0911,0,1
161,0912,0,1
161,0913,0,1
161,0914,0,1
162,0901,0,1
162,0902,0,1
162,0903,0,1
162,0904,0,1
162,0905,0,1
162,0906,0,1
162,0907,0,1
162,0908,0,1
162,0909,0,1
162,0910,1,1
162,0911,0,1
162,0912,0,1
162,0913,0,1
162,0914,0,1
163,0901,0,1
163,0902,0,1
163,0903,0,1
163,0904,0,1
163,0905,0,1
163,0906,0,1
163,0907,0,1
163,0908,0,1
163,0909,0,1
163,0910,0,1
163,0911,0,1
163,0912,0,1
163,0913,0,1
163,0914,0,1
164,0901,0,1
164,0902,0,1
164,0903,0,1
164,0904,0,1
164,0905,0,1
164,0906,0,1
164,0907,0,1
164,0908,0,1
164,0909,0,1
164,0910,0,1
164,0911,0,1
164,0912,0,1
164,0913,0,1
164,0914,0,1
165,0901,0,1
165,0902,0,1
165,0903,0,1
165,0904,0,1
165,0905,0,1
165,0906,0,1
165,0907,0,1
165,0908,0,1
165,0909,0,1
165,0910,0,1
165,0911,0,1
165,0912,0,1
165,0913,0,1
165,0914,0,1
166,0901,0,1
166,0902,0,1
166,0903,0,1
166,0904,0,1
166,0905,0,1
166,0906,0,1
166,0907,0,1
166,0908,0,1
166,0909,0,1
166,0910,0,1
166,0911,0,1
166,0912,0,1
166,0913,0,1
166,0914,0,1
167,0901,0,1
167,0902,0,1
167,0903,0,1
167,0904,0,1
167,0905,0,1
167,0906,0,1
167,0907,0,1
167,0908,0,1
167,0909,0,1
167,0910,0,1
167,0911,0,1
167,0912,0,1
167,0913,0,1
167,0914,0,1
168,0901,0,1
168,0902,0,1
168,0903,0,1
168,0904,0,1
168,0905,0,1
168,0906,0,1
168,0907,0,1
168,0908,1,1
168,0909,0,1
168,0910,0,1
168,0911,0,1
168,0912,0,1
168,0913,0,1
168,0914,0,1
169,0901,0,1
169,0902,0,1
169,0903,0,1
169,0904,0,1
169,0905,0,1
169,0906,0,1
169,0907,0,1
169,0908,0,1
169,0909,0,1
169,0910,0,1
169,0911,0,1
169,0912,0,1
169,0913,0,1
169,0914,0,1
170,0901,0,1
170,0902,0,1
170,0903,0,1
170,0904,0,1
170,0905,0,1
170,0906,0,1
170,0907,0,1
170,0908,0,1
170,0909,0,1
170,0910,0,1
170,0911,0,1
170,0912,0,1
170,0913,0,1
170,0914,0,1
171,0901,0,1
171,0902,0,1
171,0903,0,1
171,0904,0,1
171,0905,0,1
171,0906,0,1
171,0907,0,1
171,0908,0,1
171,0909,0,1
171,0910,1,1
171,0911,1,1
171,0912,0,1
171,0913,0,1
171,0914,0,1
172,0901,0,1
172,0902,0,1
172,0903,0,1
172,0904,0,1
172,0905,0,1
172,0906,0,1
172,0907,0,1
172,0908,0,1
172,0909,0,1
172,0910,0,1
172,0911,0,1
172,0912,0,1
172,0913,0,1
172,0914,0,1
173,0901,0,1
173,0902,0,1
173,0903,0,1
173,0904,0,1
173,0905,0,1
173,0906,0,1
173,0907,0,1
173,0908,0,1
173,0909,0,1
173,0910,0,1
173,0911,0,1
173,0912,0,1
173,0913,1,1
173,0914,0,1
174,0901,0,1
174,0902,0,1
174,0903,0,1
174,0904,0,1
174,0905,0,1
174,0906,0,1
174,0907,0,1
174,0908,0,1
174,0909,0,1
174,0910,0,1
174,0911,1,1
174,0912,0,1
174,0913,0,1
174,0914,0,1
175,0901,0,1
175,0902,0,1
175,0903,0,1
175,0904,0,1
175,0905,0,1
175,0906,0,1
175,0907,0,1
175,0908,0,1
175,0909,0,1
175,0910,0,1
175,0911,0,1
175,0912,0,1
175,0913,0,1
175,0914,0,1
176,0901,0,1
176,0902,0,1
176,0903,0,1
176,0904,0,1
176,0905,0,1
176,0906,0,1
176,0907,0,1
176,0908,0,1
176,0909,0,1
176,0910,0,1
176,0911,0,1
176,0912,0,1
176,0913,0,1
176,0914,0,1
177,0901,0,1
177,0902,0,1
177,0903,0,1
177,0904,0,1
177,0905,0,1
177,0906,0,1
177,0907,0,1
177,0908,0,1
177,0909,0,1
177,0910,0,1
177,0911,0,1
177,0912,0,1
177,0913,0,1
177,0914,0,1
178,0901,0,1
178,0902,0,1
178,0903,0,1
178,0904,0,1
178,0905,0,1
178,0906,0,1
178,0907,0,1
178,0908,0,1
178,0909,0,1
178,0910,0,1
178,0911,0,1
178,0912,0,1
178,0913,0,1
178,0914,0,1
179,0901,0,1
179,0902,0,1
179,0903,0,1
179,0904,0,1
179,0905,0,1
179,0906,0,1
179,0907,0,1
179,0908,0,1
179,0909,0,1
179,0910,0,1
179,0911,0,1
179,0912,0,1
179,0913,0,1
179,0914,0,1
180,0901,0,1
180,0902,0,1
180,0903,0,1
180,0904,0,1
180,0905,0,1
180,0906,0,1
180,0907,0,1
180,0908,0,1
180,0909,0,1
180,0910,0,1
180,0911,0,1
180,0912,0,1
180,0913,0,1
180,0914,0,1
181,0901,0,1
181,0902,0,1
181,0903,0,1
181,0904,0,1
181,0905,0,1
181,0906,0,1
181,0907,0,1
181,0908,0,1
181,0909,0,1
181,0910,0,1
181,0911,0,1
181,0912,0,1
181,0913,0,1
181,0914,0,1
182,0901,0,1
182,0902,0,1
182,0903,0,1
182,0904,0,1
182,0905,0,1
182,0906,0,1
182,0907,0,1
182,0908,0,1
182,0909,0,1
182,0910,0,1
182,0911,0,1
182,0912,0,1
182,0913,0,1
182,0914,0,1
183,0901,0,1
183,0902,0,1
183,0903,0,1
183,0904,0,1
183,0905,0,1
183,0906,0,1
183,0907,0,1
183,0908,0,1
183,0909,1,1
183,0910,0,1
183,0911,0,1
183,0912,0,1
183,0913,0,1
183,0914,0,1
184,0901,0,1
184,0902,0,1
184,0903,0,1
184,0904,0,1
184,0905,0,1
184,0906,0,1
184,0907,0,1
184,0908,0,1
184,0909,0,1
184,0910,0,1
184,0911,0,1
184,0912,0,1
184,0913,0,1
184,0914,0,1
185,0901,0,1
185,0902,0,1
185,0903,0,1
185,0904,0,1
185,0905,0,1
185,0906,0,1
185,0907,0,1
185,0908,0,1
185,0909,0,1
185,0910,0,1
185,0911,0,1
185,0912,0,1
185,0913,0,1
185,0914,0,1
186,0901,0,1
186,0902,0,1
186,0903,0,1
186,0904,0,1
186,0905,0,1
186,0906,0,1
186,0907,0,1
186,0908,0,1
186,0909,0,1
186,0910,0,1
186,0911,0,1
186,0912,0,1
186,0913,0,1
186,0914,0,1
187,0901,0,1
187,0902,0,1
187,0903,0,1
187,0904,0,1
187,0905,0,1
187,0906,0,1
187,0907,0,1
187,0908,0,1
187,0909,0,1
187,0910,1,1
187,0911,0,1
187,0912,0,1
187,0913,0,1
187,0914,0,1
188,0901,0,1
188,0902,0,1
188,0903,0,1
188,0904,0,1
188,0905,0,1
188,0906,0,1
188,0907,0,1
188,0908,0,1
188,0909,0,1
188,0910,0,1
188,0911,0,1
188,0912,0,1
188,0913,0,1
188,0914,0,1
189,0901,0,1
189,0902,0,1
189,0903,0,1
189,0904,0,1
189,0905,0,1
189,0906,0,1
189,0907,0,1
189,0908,0,1
189,0909,0,1
189,0910,0,1
189,0911,0,1
189,0912,1,1
189,0913,0,1
189,0914,1,1
190,0901,0,1
190,0902,0,1
190,0903,0,1
190,0904,0,1
190,0905,0,1
190,0906,0,1
190,0907,0,1
190,0908,0,1
190,0909,0,1
190,0910,0,1
190,0911,0,1
190,0912,0,1
190,0913,0,1
190,0914,0,1
191,0901,0,1
191,0902,0,1
191,0903,0,1
191,0904,0,1
191,0905,0,1
191,0906,0,1
191,0907,0,1
191,0908,0,1
191,0909,0,1
191,0910,0,1
191,0911,0,1
191,0912,0,1
191,0913,0,1
191,0914,0,1
192,0901,0,1
192,0902,0,1
192,0903,0,1
192,0904,0,1
192,0905,0,1
192,0906,0,1
192,0907,0,1
192,0908,0,1
192,0909,0,1
192,0910,0,1
192,0911,0,1
192,0912,0,1
192,0913,0,1
192,0914,0,1
193,0901,0,1
193,0902,0,1
193,0903,0,1
193,0904,0,1
193,0905,0,1
193,0906,0,1
193,0907,0,1
193,0908,0,1
193,0909,0,1
193,0910,0,1
193,0911,0,1
193,0912,0,1
193,0913,0,1
193,0914,0,1
194,0901,0,1
194,0902,0,1
194,0903,0,1
194,0904,0,1
194,0905,0,1
194,0906,0,1
194,0907,0,1
194,0908,0,1
194,0909,0,1
194,0910,0,1
194,0911,0,1
194,0912,0,1
194,0913,0,1
194,0914,0,1
195,0901,0,1
195,0902,0,1
195,0903,0,1
195,0904,0,1
195,0905,0,1
195,0906,0,1
195,0907,0,1
195,0908,0,1
195,0909,0,1
195,0910,0,1
195,0911,0,1
195,0912,0,1
195,0913,0,1
195,0914,0,1
196,0901,0,1
196,0902,0,1
196,0903,0,1
196,0904,0,1
196,0905,0,1
196,0906,0,1
196,0907,0,1
196,0908,0,1
196,0909,1,1
196,0910,0,1
196,0911,0,1
196,0912,0,1
196,0913,0,1
196,0914,0,1
197,0901,0,1
197,0902,0,1
197,0903,0,1
197,0904,0,1
197,0905,0,1
197,0906,0,1
197,0907,0,1
197,0908,0,1
197,0909,0,1
197,0910,0,1
197,0911,0,1
197,0912,0,1
197,0913,0,1
197,0914,0,1
198,0901,0,1
198,0902,0,1
198,0903,0,1
198,0904,0,1
198,0905,0,1
198,0906,0,1
198,0907,0,1
198,0908,0,1
198,0909,1,1
198,0910,1,1
198,0911,0,1
198,0912,0,1
198,0913,0,1
198,0914,0,1
199,0901,0,1
199,0902,0,1
199,0903,0,1
199,0904,0,1
199,0905,0,1
199,0906,0,1
199,0907,0,1
199,0908,0,1
199,0909,0,1
199,0910,0,1
199,0911,0,1
199,0912,0,1
199,0913,0,1
199,0914,0,1
200,0901,0,1
200,0902,0,1
200,0903,0,1
200,0904,0,1
200,0905,0,1
200,0906,0,1
200,0907,0,1
200,0908,0,1
200,0909,0,1
200,0910,0,1
200,0911,0,1
200,0912,1,1
200,0913,0,1
200,0914,0,1
201,0901,0,1
201,0902,0,1
201,0903,0,1
201,0904,0,1
201,0905,0,1
201,0906,0,1
201,0907,0,1
201,0908,0,1
201,0909,0,1
201,0910,0,1
201,0911,0,1
201,0912,0,1
201,0913,0,1
201,0914,0,1
202,0901,0,1
202,0902,0,1
202,0903,0,1
202,0904,0,1
202,0905,0,1
202,0906,0,1
202,0907,0,1
202,0908,0,1
202,0909,0,1
202,0910,0,1
202,0911,0,1
202,0912,0,1
202,0913,0,1
202,0914,0,1
203,0901,0,1
203,0902,0,1
203,0903,0,1
203,0904,0,1
203,0905,0,1
203,0906,0,1
203,0907,0,1
203,0908,0,1
203,0909,0,1
203,0910,0,1
203,0911,0,1
203,0912,0,1
203,0913,0,1
203,0914,0,1
204,0901,0,1
204,0902,0,1
204,0903,0,1
204,0904,0,1
204,0905,0,1
204,0906,0,1
204,0907,0,1
204,0908,0,1
204,0909,0,1
204,0910,0,1
204,0911,0,1
204,0912,0,1
204,0913,0,1
204,0914,0,1
205,0901,0,1
205,0902,0,1
205,0903,0,1
205,0904,0,1
205,0905,0,1
205,0906,0,1
205,0907,0,1
205,0908,0,1
205,0909,0,1
205,0910,0,1
205,0911,0,1
205,0912,0,1
205,0913,0,1
205,0914,0,1
206,0901,0,1
206,0902,0,1
206,0903,0,1
206,0904,0,1
206,0905,0,1
206,0906,0,1
206,0907,0,1
206,0908,0,1
206,0909,0,1
206,0910,0,1
206,0911,0,1
206,0912,0,1
206,0913,0,1
206,0914,0,1
207,0901,0,1
207,0902,0,1
207,0903,0,1
207,0904,0,1
207,0905,0,1
207,0906,0,1
207,0907,0,1
207,0908,0,1
207,0909,0,1
207,0910,0,1
207,0911,0,1
207,0912,0,1
207,0913,0,1
207,0914,0,1
208,0901,0,1
208,0902,0,1
208,0903,0,1
208,0904,0,1
208,0905,0,1
208,0906,0,1
208,0907,0,1
208,0908,0,1
208,0909,0,1
208,0910,0,1
208,0911,0,1
208,0912,0,1
208,0913,0,1
208,0914,0,1
209,0901,0,1
209,0902,0,1
209,0903,0,1
209,0904,0,1
209,0905,0,1
209,0906,0,1
209,0907,0,1
209,0908,0,1
209,0909,0,1
209,0910,0,1
209,0911,0,1
209,0912,0,1
209,0913,0,1
209,0914,0,1
210,0901,0,1
210,0902,0,1
210,0903,0,1
210,0904,0,1
210,0905,0,1
210,0906,0,1
210,0907,0,1
210,0908,0,1
210,0909,0,1
210,0910,0,1
210,0911,0,1
210,0912,0,1
210,0913,0,1
210,0914,0,1
211,0901,0,1
211,0902,0,1
211,0903,0,1
211,0904,0,1
211,0905,0,1
211,0906,0,1
211,0907,0,1
211,0908,0,1
211,0909,0,1
211,0910,0,1
211,0911,0,1
211,0912,0,1
211,0913,0,1
211,0914,0,1
212,0901,0,1
212,0902,0,1
212,0903,0,1
212,0904,0,1
212,0905,0,1
212,0906,0,1
212,0907,0,1
212,0908,0,1
212,0909,0,1
212,0910,0,1
212,0911,0,1
212,0912,0,1
212,0913,0,1
212,0914,0,1
213,0901,0,1
213,0902,0,1
213,0903,0,1
213,0904,0,1
213,0905,0,1
213,0906,0,1
213,0907,0,1
213,0908,0,1
213,0909,0,1
213,0910,0,1
213,0911,0,1
213,0912,0,1
213,0913,0,1
213,0914,0,1
214,0901,0,1
214,0902,0,1
214,0903,0,1
214,0904,0,1
214,0905,0,1
214,0906,0,1
214,0907,0,1
214,0908,0,1
214,0909,0,1
214,0910,0,1
214,0911,1,1
214,0912,0,1
214,0913,0,1
214,0914,0,1
215,0901,0,1
215,0902,0,1
215,0903,0,1
215,0904,0,1
215,0905,0,1
215,0906,0,1
215,0907,0,1
215,0908,0,1
215,0909,0,1
215,0910,0,1
215,0911,0,1
215,0912,0,1
215,0913,0,1
215,0914,0,1
216,0901,0,1
216,0902,0,1
216,0903,0,1
216,0904,0,1
216,0905,0,1
216,0906,0,1
216,0907,0,1
216,0908,0,1
216,0909,0,1
216,0910,0,1
216,0911,0,1
216,0912,0,1
216,0913,0,1
216,0914,0,1
217,0901,0,1
217,0902,0,1
217,0903,0,1
217,0904,0,1
217,0905,0,1
217,0906,0,1
217,0907,0,1
217,0908,0,1
217,0909,0,1
217,0910,0,1
217,0911,0,1
217,0912,0,1
217,0913,0,1
217,0914,0,1
218,0901,0,1
218,0902,0,1
218,0903,0,1
218,0904,0,1
218,0905,0,1
218,0906,0,1
218,0907,0,1
218,0908,0,1
218,0909,0,1
218,0910,0,1
218,0911,0,1
218,0912,0,1
218,0913,0,1
218,0914,0,1
219,0901,0,1
219,0902,0,1
219,0903,0,1
219,0904,0,1
219,0905,0,1
219,0906,0,1
219,0907,0,1
219,0908,0,1
219,0909,0,1
219,0910,0,1
219,0911,0,1
219,0912,0,1
219,0913,0,1
219,0914,0,1
220,0901,0,1
220,0902,0,1
220,0903,0,1
220,0904,0,1
220,0905,0,1
220,0906,0,1
220,0907,0,1
220,0908,0,1
220,0909,0,1
220,0910,0,1
220,0911,0,1
220,0912,0,1
220,0913,0,1
220,0914,0,1
221,0901,0,1
221,0902,0,1
221,0903,0,1
221,0904,0,1
221,0905,0,1
221,0906,0,1
221,0907,0,1
221,0908,0,1
221,0909,0,1
221,0910,0,1
221,0911,0,1
221,0912,1,1
221,0913,0,1
221,0914,0,1
222,0901,0,1
222,0902,0,1
222,0903,0,1
222,0904,0,1
222,0905,0,1
222,0906,0,1
222,0907,0,1
222,0908,0,1
222,0909,0,1
222,0910,0,1
222,0911,0,1
222,0912,0,1
222,0913,0,1
222,0914,0,1
223,0901,0,1
223,0902,0,1
223,0903,0,1
223,0904,0,1
223,0905,0,1
223,0906,0,1
223,0907,0,1
223,0908,0,1
223,0909,0,1
223,0910,0,1
223,0911,0,1
223,0912,0,1
223,0913,0,1
223,0914,0,1
224,0901,0,1
224,0902,0,1
224,0903,0,1
224,0904,0,1
224,0905,0,1
224,0906,0,1
224,0907,0,1
224,0908,0,1
224,0909,0,1
224,0910,0,1
224,0911,0,1
224,0912,0,1
224,0913,0,1
224,0914,0,1
225,0901,0,1
225,0902,0,1
225,0903,0,1
225,0904,0,1
225,0905,0,1
225,0906,0,1
225,0907,0,1
225,0908,0,1
225,0909,0,1
225,0910,0,1
225,0911,0,1
225,0912,0,1
225,0913,0,1
225,0914,0,1
226,0901,0,1
226,0902,0,1
226,0903,0,1
226,0904,0,1
226,0905,0,1
226,0906,0,1
226,0907,0,1
226,0908,0,1
226,0909,0,1
226,0910,0,1
226,0911,0,1
226,0912,0,1
226,0913,0,1
226,0914,0,1
227,0901,0,1
227,0902,0,1
227,0903,0,1
227,0904,0,1
227,0905,0,1
227,0906,0,1
227,0907,0,1
227,0908,0,1
227,0909,0,1
227,0910,0,1
227,0911,0,1
227,0912,0,1
227,0913,0,1
227,0914,0,1
228,0901,0,1
228,0902,0,1
228,0903,0,1
228,0904,0,1
228,0905,0,1
228,0906,0,1
228,0907,0,1
228,0908,0,1
228,0909,0,1
228,0910,1,1
228,0911,0,1
228,0912,0,1
228,0913,0,1
228,0914,0,1
229,0901,0,1
229,0902,0,1
229,0903,0,1
229,0904,0,1
229,0905,0,1
229,0906,0,1
229,0907,0,1
229,0908,0,1
229,0909,0,1
229,0910,0,1
229,0911,0,1
229,0912,0,1
229,0913,0,1
229,0914,0,1
230,0901,0,1
230,0902,0,1
230,0903,0,1
230,0904,0,1
230,0905,0,1
230,0906,0,1
230,0907,0,1
230,0908,0,1
230,0909,0,1
230,0910,0,1
230,0911,0,1
230,0912,0,1
230,0913,1,1
230,0914,0,1
231,0901,0,1
231,0902,0,1
231,0903,0,1
231,0904,0,1
231,0905,0,1
231,0906,0,1
231,0907,0,1
231,0908,0,1
231,0909,0,1
231,0910,0,1
231,0911,0,1
231,0912,0,1
231,0913,0,1
231,0914,0,1
232,0901,0,1
232,0902,0,1
232,0903,0,1
232,0904,0,1
232,0905,0,1
232,0906,0,1
232,0907,0,1
232,0908,0,1
232,0909,0,1
232,0910,0,1
232,0911,0,1
232,0912,0,1
232,0913,0,1
232,0914,0,1
233,0901,0,1
233,0902,0,1
233,0903,0,1
233,0904,0,1
233,0905,0,1
233,0906,0,1
233,0907,0,1
233,0908,0,1
233,0909,0,1
233,0910,1,1
233,0911,0,1
233,0912,0,1
233,0913,0,1
233,0914,0,1
234,0901,0,1
234,0902,0,1
234,0903,0,1
234,0904,0,1
234,0905,0,1
234,0906,0,1
234,0907,0,1
234,0908,0,1
234,0909,0,1
234,0910,0,1
234,0911,0,1
234,0912,0,1
234,0913,0,1
234,0914,0,1
235,0901,0,1
235,0902,0,1
235,0903,0,1
235,0904,0,1
235,0905,0,1
235,0906,0,1
235,0907,0,1
235,0908,0,1
235,0909,0,1
235,0910,0,1
235,0911,0,1
235,0912,0,1
235,0913,0,1
235,0914,0,1
236,0901,0,1
236,0902,0,1
236,0903,0,1
236,0904,0,1
236,0905,0,1
236,0906,0,1
236,0907,0,1
236,0908,1,1
236,0909,0,1
236,0910,0,1
236,0911,0,1
236,0912,0,1
236,0913,0,1
236,0914,0,1
237,0901,0,1
237,0902,0,1
237,0903,0,1
237,0904,0,1
237,0905,0,1
237,0906,0,1
237,0907,0,1
237,0908,0,1
237,0909,0,1
237,0910,0,1
237,0911,0,1
237,0912,0,1
237,0913,0,1
237,0914,0,1
238,0901,0,1
238,0902,0,1
238,0903,0,1
238,0904,0,1
238,0905,0,1
238,0906,0,1
238,0907,0,1
238,0908,0,1
238,0909,0,1
238,0910,0,1
238,0911,0,1
238,0912,0,1
238,0913,0,1
238,0914,0,1
239,0901,0,1
239,0902,0,1
239,0903,0,1
239,0904,0,1
239,0905,0,1
239,0906,0,1
239,0907,0,1
239,0908,0,1
239,0909,0,1
239,0910,0,1
239,0911,0,1
239,0912,0,1
239,0913,0,1
239,0914,0,1
240,0901,0,1
240,0902,0,1
240,0903,0,1
240,0904,0,1
240,0905,0,1
240,0906,0,1
240,0907,0,1
240,0908,0,1
240,0909,0,1
240,0910,0,1
240,0911,1,1
240,0912,1,1
240,0913,0,1
240,0914,0,1
241,0901,0,1
241,0902,0,1
241,0903,0,1
241,0904,0,1
241,0905,0,1
241,0906,0,1
241,0907,0,1
241,0908,1,1
241,0909,1,1
241,0910,0,1
241,0911,1,1
241,0912,0,1
241,0913,0,1
241,0914,0,1
242,0901,0,1
242,0902,0,1
242,0903,0,1
242,0904,0,1
242,0905,0,1
242,0906,0,1
242,0907,0,1
242,0908,0,1
242,0909,0,1
242,0910,0,1
242,0911,0,1
242,0912,0,1
242,0913,0,1
242,0914,0,1
243,0901,0,1
243,0902,0,1
243,0903,0,1
243,0904,0,1
243,0905,0,1
243,0906,0,1
243,0907,0,1
243,0908,0,1
243,0909,0,1
243,0910,0,1
243,0911,0,1
243,0912,0,1
243,0913,0,1
243,0914,0,1
244,0901,0,1
244,0902,0,1
244,0903,0,1
244,0904,0,1
244,0905,0,1
244,0906,0,1
244,0907,0,1
244,0908,0,1
244,0909,0,1
244,0910,0,1
244,0911,0,1
244,0912,0,1
244,0913,0,1
244,0914,0,1
245,0901,0,1
245,0902,0,1
245,0903,0,1
245,0904,0,1
245,0905,0,1
245,0906,0,1
245,0907,0,1
245,0908,0,1
245,0909,0,1
245,0910,0,1
245,0911,0,1
245,0912,0,1
245,0913,0,1
245,0914,0,1
246,0901,0,1
246,0902,0,1
246,0903,0,1
246,0904,0,1
246,0905,0,1
246,0906,0,1
246,0907,0,1
246,0908,0,1
246,0909,0,1
246,0910,0,1
246,0911,0,1
246,0912,0,1
246,0913,0,1
246,0914,0,1
247,0901,0,1
247,0902,0,1
247,0903,0,1
247,0904,0,1
247,0905,0,1
247,0906,0,1
247,0907,0,1
247,0908,0,1
247,0909,1,1
247,0910,0,1
247,0911,0,1
247,0912,0,1
247,0913,0,1
247,0914,0,1
248,0901,0,1
248,0902,0,1
248,0903,0,1
248,0904,0,1
248,0905,0,1
248,0906,0,1
248,0907,0,1
248,0908,0,1
248,0909,0,1
248,0910,0,1
248,0911,0,1
248,0912,0,1
248,0913,0,1
248,0914,0,1
249,0901,0,1
249,0902,0,1
249,0903,0,1
249,0904,0,1
249,0905,0,1
249,0906,0,1
249,0907,0,1
249,0908,0,1
249,0909,0,1
249,0910,0,1
249,0911,0,1
249,0912,0,1
249,0913,0,1
249,0914,0,1
250,0901,0,1
250,0902,0,1
250,0903,0,1
250,0904,0,1
250,0905,0,1
250,0906,0,1
250,0907,0,1
250,0908,0,1
250,0909,0,1
250,0910,0,1
250,0911,0,1
250,0912,0,1
250,0913,0,1
250,0914,0,1
251,0901,0,1
251,0902,0,1
251,0903,0,1
251,0904,0,1
251,0905,0,1
251,0906,0,1
251,0907,0,1
251,0908,0,1
251,0909,0,1
251,0910,0,1
251,0911,0,1
251,0912,0,1
251,0913,0,1
251,0914,0,1
252,0901,0,1
252,0902,0,1
252,0903,0,1
252,0904,0,1
252,0905,0,1
252,0906,0,1
252,0907,0,1
252,0908,0,1
252,0909,0,1
252,0910,0,1
252,0911,0,1
252,0912,0,1
252,0913,0,1
252,0914,0,1
253,0901,0,1
253,0902,0,1
253,0903,0,1
253,0904,0,1
253,0905,0,1
253,0906,0,1
253,0907,0,1
253,0908,0,1
253,0909,0,1
253,0910,0,1
253,0911,1,1
253,0912,0,1
253,0913,0,1
253,0914,0,1
254,0901,0,1
254,0902,0,1
254,0903,0,1
254,0904,0,1
254,0905,0,1
254,0906,0,1
254,0907,0,1
254,0908,0,1
254,0909,0,1
254,0910,0,1
254,0911,0,1
254,0912,0,1
254,0913,0,1
254,0914,0,1
255,0901,0,1
255,0902,0,1
255,0903,0,1
255,0904,0,1
255,0905,0,1
255,0906,0,1
255,0907,0,1
255,0908,0,1
255,0909,0,1
255,0910,0,1
255,0911,0,1
255,0912,0,1
255,0913,0,1
255,0914,0,1
256,0901,0,1
256,0902,0,1
256,0903,0,1
256,0904,0,1
256,0905,0,1
256,0906,0,1
256,0907,0,1
256,0908,0,1
256,0909,0,1
256,0910,0,1
256,0911,0,1
256,0912,0,1
256,0913,0,1
256,0914,0,1
257,0901,0,1
257,0902,0,1
257,0903,0,1
257,0904,0,1
257,0905,0,1
257,0906,0,1
257,0907,0,1
257,0908,0,1
257,0909,0,1
257,0910,0,1
257,0911,0,1
257,0912,0,1
257,0913,1,1
257,0914,0,1
258,0901,0,1
258,0902,0,1
258,0903,0,1
258,0904,0,1
258,0905,0,1
258,0906,0,1
258,0907,0,1
258,0908,0,1
258,0909,0,1
258,0910,0,1
258,0911,0,1
258,0912,0,1
258,0913,1,1
258,0914,0,1
259,0901,0,1
259,0902,0,1
259,0903,0,1
259,0904,0,1
259,0905,0,1
259,0906,0,1
259,0907,0,1
259,0908,0,1
259,0909,0,1
259,0910,0,1
259,0911,0,1
259,0912,0,1
259,0913,0,1
259,0914,0,1
260,0901,0,1
260,0902,0,1
260,0903,0,1
260,0904,0,1
260,0905,0,1
260,0906,0,1
260,0907,0,1
260,0908,0,1
260,0909,0,1
260,0910,0,1
260,0911,0,1
260,0912,0,1
260,0913,0,1
260,0914,0,1
261,0901,0,1
261,0902,0,1
261,0903,0,1
261,0904,0,1
261,0905,0,1
261,0906,0,1
261,0907,0,1
261,0908,0,1
261,0909,0,1
261,0910,0,1
261,0911,0,1
261,0912,0,1
261,0913,0,1
261,0914,0,1
262,0901,0,1
262,0902,0,1
262,0903,0,1
262,0904,0,1
262,0905,0,1
262,0906,0,1
262,0907,0,1
262,0908,1,1
262,0909,0,1
262,0910,0,1
262,0911,0,1
262,0912,0,1
262,0913,0,1
262,0914,0,1
263,0901,0,1
263,0902,0,1
263,0903,0,1
263,0904,0,1
263,0905,0,1
263,0906,0,1
263,0907,0,1
263,0908,0,1
263,0909,0,1
263,0910,0,1
263,0911,0,1
263,0912,0,1
263,0913,0,1
263,0914,0,1
264,0901,0,1
264,0902,0,1
264,0903,0,1
264,0904,0,1
264,0905,0,1
264,0906,0,1
264,0907,0,1
264,0908,0,1
264,0909,0,1
264,0910,0,1
264,0911,0,1
264,0912,0,1
264,0913,0,1
264,0914,0,1
265,0901,0,1
265,0902,0,1
265,0903,0,1
265,0904,0,1
265,0905,0,1
265,0906,0,1
265,0907,0,1
265,0908,0,1
265,0909,0,1
265,0910,0,1
265,0911,0,1
265,0912,0,1
265,0913,0,1
265,0914,0,1
266,0901,0,1
266,0902,0,1
266,0903,0,1
266,0904,0,1
266,0905,0,1
266,0906,0,1
266,0907,0,1
266,0908,0,1
266,0909,0,1
266,0910,0,1
266,0911,0,1
266,0912,0,1
266,0913,0,1
266,0914,0,1
267,0901,0,1
267,0902,0,1
267,0903,0,1
267,0904,0,1
267,0905,0,1
267,0906,0,1
267,0907,0,1
267,0908,0,1
267,0909,0,1
267,0910,0,1
267,0911,0,1
267,0912,0,1
267,0913,0,1
267,0914,0,1
268,0901,0,1
268,0902,0,1
268,0903,0,1
268,0904,0,1
268,0905,0,1
268,0906,0,1
268,0907,0,1
268,0908,0,1
268,0909,0,1
268,0910,0,1
268,0911,0,1
268,0912,0,1
268,0913,0,1
268,0914,0,1
269,0901,0,1
269,0902,0,1
269,0903,0,1
269,0904,0,1
269,0905,0,1
269,0906,0,1
269,0907,0,1
269,0908,0,1
269,0909,0,1
269,0910,0,1
269,0911,0,1
269,0912,0,1
269,0913,0,1
269,0914,0,1
270,0901,0,1
270,0902,0,1
270,0903,0,1
270,0904,0,1
270,0905,0,1
270,0906,0,1
270,0907,0,1
270,0908,0,1
270,0909,0,1
270,0910,0,1
270,0911,0,1
270,0912,0,1
270,0913,0,1
270,0914,0,1
271,0901,0,1
271,0902,0,1
271,0903,0,1
271,0904,0,1
271,0905,0,1
271,0906,0,1
271,0907,0,1
271,0908,0,1
271,0909,0,1
271,0910,0,1
271,0911,0,1
271,0912,0,1
271,0913,0,1
271,0914,0,1
272,0901,0,1
272,0902,0,1
272,0903,0,1
272,0904,0,1
272,0905,0,1
272,0906,0,1
272,0907,0,1
272,0908,0,1
272,0909,0,1
272,0910,0,1
272,0911,0,1
272,0912,0,1
272,0913,0,1
272,0914,0,1
273,0901,0,1
273,0902,0,1
273,0903,0,1
273,0904,0,1
273,0905,0,1
273,0906,0,1
273,0907,0,1
273,0908,0,1
273,0909,0,1
273,0910,0,1
273,0911,0,1
273,0912,0,1
273,0913,0,1
273,0914,0,1
274,0901,0,1
274,0902,0,1
274,0903,0,1
274,0904,0,1
274,0905,0,1
274,0906,0,1
274,0907,0,1
274,0908,0,1
274,0909,0,1
274,0910,0,1
274,0911,0,1
274,0912,0,1
274,0913,0,1
274,0914,0,1
275,0901,0,1
275,0902,0,1
275,0903,0,1
275,0904,0,1
275,0905,0,1
275,0906,0,1
275,0907,0,1
275,0908,0,1
275,0909,0,1
275,0910,0,1
275,0911,0,1
275,0912,0,1
275,0913,0,1
275,0914,0,1
276,0901,0,1
276,0902,0,1
276,0903,0,1
276,0904,0,1
276,0905,0,1
276,0906,0,1
276,0907,0,1
276,0908,0,1
276,0909,0,1
276,0910,0,1
276,0911,1,1
276,0912,0,1
276,0913,0,1
276,0914,0,1
277,0901,0,1
277,0902,0,1
277,0903,0,1
277,0904,0,1
277,0905,0,1
277,0906,0,1
277,0907,0,1
277,0908,0,1
277,0909,0,1
277,0910,0,1
277,0911,0,1
277,0912,0,1
277,0913,0,1
277,0914,0,1
278,0901,0,1
278,0902,0,1
278,0903,0,1
278,0904,0,1
278,0905,0,1
278,0906,0,1
278,0907,0,1
278,0908,0,1
278,0909,0,1
278,0910,0,1
278,0911,0,1
278,0912,0,1
278,0913,0,1
278,0914,0,1
279,0901,0,1
279,0902,0,1
279,0903,0,1
279,0904,0,1
279,0905,0,1
279,0906,0,1
279,0907,0,1
279,0908,0,1
279,0909,0,1
279,0910,0,1
279,0911,0,1
279,0912,0,1
279,0913,0,1
279,0914,0,1
280,0901,0,1
280,0902,0,1
280,0903,0,1
280,0904,0,1
280,0905,0,1
280,0906,0,1
280,0907,0,1
280,0908,0,1
280,0909,0,1
280,0910,0,1
280,0911,0,1
280,0912,0,1
280,0913,0,1
280,0914,0,1
281,0901,0,1
281,0902,0,1
281,0903,0,1
281,0904,0,1
281,0905,0,1
281,0906,0,1
281,0907,0,1
281,0908,0,1
281,0909,0,1
281,0910,0,1
281,0911,0,1
281,0912,0,1
281,0913,0,1
281,0914,0,1
282,0901,0,1
282,0902,0,1
282,0903,0,1
282,0904,0,1
282,0905,0,1
282,0906,0,1
282,0907,0,1
282,0908,0,1
282,0909,0,1
282,0910,0,1
282,0911,0,1
282,0912,0,1
282,0913,0,1
282,0914,0,1
283,0901,0,1
283,0902,0,1
283,0903,0,1
283,0904,0,1
283,0905,0,1
283,0906,0,1
283,0907,0,1
283,0908,0,1
283,0909,0,1
283,0910,0,1
283,0911,0,1
283,0912,0,1
283,0913,0,1
283,0914,0,1
284,0901,0,1
284,0902,0,1
284,0903,0,1
284,0904,0,1
284,0905,0,1
284,0906,0,1
284,0907,0,1
284,0908,0,1
284,0909,0,1
284,0910,0,1
284,0911,0,1
284,0912,0,1
284,0913,0,1
284,0914,0,1
285,0901,0,1
285,0902,0,1
285,0903,0,1
285,0904,0,1
285,0905,0,1
285,0906,0,1
285,0907,0,1
285,0908,0,1
285,0909,0,1
285,0910,0,1
285,0911,0,1
285,0912,0,1
285,0913,0,1
285,0914,0,1
286,0901,0,1
286,0902,0,1
286,0903,0,1
286,0904,0,1
286,0905,0,1
286,0906,0,1
286,0907,0,1
286,0908,0,1
286,0909,0,1
286,0910,0,1
286,0911,0,1
286,0912,0,1
286,0913,0,1
286,0914,0,1
287,0901,0,1
287,0902,0,1
287,0903,0,1
287,0904,0,1
287,0905,0,1
287,0906,0,1
287,0907,0,1
287,0908,0,1
287,0909,1,1
287,0910,0,1
287,0911,0,1
287,0912,0,1
287,0913,0,1
287,0914,0,1
288,0901,0,1
288,0902,0,1
288,0903,0,1
288,0904,0,1
288,0905,0,1
288,0906,0,1
288,0907,0,1
288,0908,0,1
288,0909,0,1
288,0910,0,1
288,0911,0,1
288,0912,0,1
288,0913,0,1
288,0914,0,1
289,0901,0,1
289,0902,0,1
289,0903,0,1
289,0904,0,1
289,0905,0,1
289,0906,0,1
289,0907,0,1
289,0908,0,1
289,0909,0,1
289,0910,0,1
289,0911,0,1
289,0912,0,1
289,0913,0,1
289,0914,0,1
290,0901,0,1
290,0902,0,1
290,0903,0,1
290,0904,0,1
290,0905,0,1
290,0906,0,1
290,0907,0,1
290,0908,0,1
290,0909,0,1
290,0910,0,1
290,0911,0,1
290,0912,0,1
290,0913,0,1
290,0914,0,1
291,0901,0,1
291,0902,0,1
291,0903,0,1
291,0904,0,1
291,0905,0,1
291,0906,0,1
291,0907,0,1
291,0908,0,1
291,0909,0,1
291,0910,0,1
291,0911,0,1
291,0912,0,1
291,0913,0,1
291,0914,0,1
292,0901,0,1
292,0902,0,1
292,0903,0,1
292,0904,0,1
292,0905,0,1
292,0906,0,1
292,0907,0,1
292,0908,0,1
292,0909,0,1
292,0910,0,1
292,0911,0,1
292,0912,0,1
292,0913,0,1
292,0914,0,1
293,0901,0,1
293,0902,0,1
293,0903,0,1
293,0904,0,1
293,0905,0,1
293,0906,0,1
293,0907,0,1
293,0908,0,1
293,0909,0,1
293,0910,0,1
293,0911,0,1
293,0912,0,1
293,0913,0,1
293,0914,0,1
294,0901,0,1
294,0902,0,1
294,0903,0,1
294,0904,0,1
294,0905,0,1
294,0906,0,1
294,0907,0,1
294,0908,0,1
294,0909,0,1
294,0910,0,1
294,0911,0,1
294,0912,0,1
294,0913,0,1
294,0914,0,1
295,0901,0,1
295,0902,0,1
295,0903,0,1
295,0904,0,1
295,0905,0,1
295,0906,0,1
295,0907,0,1
295,0908,0,1
295,0909,0,1
295,0910,0,1
295,0911,0,1
295,0912,1,1
295,0913,0,1
295,0914,0,1
296,0901,0,1
296,0902,0,1
296,0903,0,1
296,0904,0,1
296,0905,0,1
296,0906,0,1
296,0907,0,1
296,0908,0,1
296,0909,0,1
296,0910,0,1
296,0911,0,1
296,0912,0,1
296,0913,0,1
296,0914,0,1
297,0901,0,1
297,0902,0,1
297,0903,0,1
297,0904,0,1
297,0905,0,1
297,0906,0,1
297,0907,0,1
297,0908,0,1
297,0909,0,1
297,0910,0,1
297,0911,0,1
297,0912,0,1
297,0913,0,1
297,0914,0,1
298,0901,0,1
298,0902,0,1
298,0903,0,1
298,0904,0,1
298,0905,0,1
298,0906,0,1
298,0907,0,1
298,0908,0,1
298,0909,0,1
298,0910,0,1
298,0911,0,1
298,0912,0,1
298,0913,0,1
298,0914,0,1
299,0901,0,1
299,0902,0,1
299,0903,0,1
299,0904,0,1
299,0905,0,1
299,0906,0,1
299,0907,0,1
299,0908,0,1
299,0909,0,1
299,0910,0,1
299,0911,0,1
299,0912,0,1
299,0913,0,1
299,0914,0,1
300,0901,0,1
300,0902,0,1
300,0903,0,1
300,0904,0,1
300,0905,0,1
300,0906,0,1
300,0907,0,1
300,0908,0,1
300,0909,0,1
300,0910,0,1
300,0911,0,1
300,0912,0,1
300,0913,0,1
300,0914,0,1
301,0901,0,1
301,0902,0,1
301,0903,0,1
301,0904,0,1
301,0905,0,1
301,0906,0,1
301,0907,0,1
301,0908,0,1
301,0909,0,1
301,0910,0,1
301,0911,0,1
301,0912,0,1
301,0913,0,1
301,0914,0,1
302,0901,0,1
302,0902,0,1
302,0903,0,1
302,0904,0,1
302,0905,0,1
302,0906,0,1
302,0907,0,1
302,0908,0,1
302,0909,0,1
302,0910,0,1
302,0911,0,1
302,0912,0,1
302,0913,0,1
302,0914,0,1
303,0901,0,1
303,0902,0,1
303,0903,0,1
303,0904,0,1
303,0905,0,1
303,0906,0,1
303,0907,0,1
303,0908,0,1
303,0909,0,1
303,0910,0,1
303,0911,0,1
303,0912,0,1
303,0913,0,1
303,0914,0,1
304,0901,0,1
304,0902,0,1
304,0903,0,1
304,0904,0,1
304,0905,0,1
304,0906,0,1
304,0907,0,1
304,0908,0,1
304,0909,0,1
304,0910,0,1
304,0911,0,1
304,0912,0,1
304,0913,0,1
304,0914,0,1
305,0901,0,1
305,0902,0,1
305,0903,0,1
305,0904,0,1
305,0905,0,1
305,0906,0,1
305,0907,0,1
305,0908,0,1
305,0909,0,1
305,0910,0,1
305,0911,0,1
305,0912,0,1
305,0913,0,1
305,0914,0,1
306,0901,0,1
306,0902,0,1
306,0903,0,1
306,0904,0,1
306,0905,0,1
306,0906,0,1
306,0907,0,1
306,0908,0,1
306,0909,0,1
306,0910,0,1
306,0911,0,1
306,0912,0,1
306,0913,0,1
306,0914,0,1
307,0901,0,1
307,0902,0,1
307,0903,0,1
307,0904,0,1
307,0905,0,1
307,0906,0,1
307,0907,0,1
307,0908,0,1
307,0909,0,1
307,0910,0,1
307,0911,0,1
307,0912,0,1
307,0913,0,1
307,0914,0,1
308,0901,0,1
308,0902,0,1
308,0903,0,1
308,0904,0,1
308,0905,0,1
308,0906,0,1
308,0907,0,1
308,0908,0,1
308,0909,0,1
308,0910,0,1
308,0911,0,1
308,0912,0,1
308,0913,0,1
308,0914,0,1
309,0901,0,1
309,0902,0,1
309,0903,0,1
309,0904,0,1
309,0905,0,1
309,0906,0,1
309,0907,0,1
309,0908,0,1
309,0909,0,1
309,0910,0,1
309,0911,0,1
309,0912,0,1
309,0913,0,1
309,0914,0,1
310,0901,0,1
310,0902,0,1
310,0903,0,1
310,0904,0,1
310,0905,0,1
310,0906,0,1
310,0907,0,1
310,0908,0,1
310,0909,0,1
310,0910,0,1
310,0911,0,1
310,0912,0,1
310,0913,0,1
310,0914,0,1
311,0901,0,1
311,0902,0,1
311,0903,0,1
311,0904,0,1
311,0905,0,1
311,0906,0,1
311,0907,0,1
311,0908,0,1
311,0909,0,1
311,0910,0,1
311,0911,0,1
311,0912,0,1
311,0913,0,1
311,0914,0,1
312,0901,0,1
312,0902,0,1
312,0903,0,1
312,0904,0,1
312,0905,0,1
312,0906,0,1
312,0907,0,1
312,0908,0,1
312,0909,0,1
312,0910,0,1
312,0911,0,1
312,0912,0,1
312,0913,0,1
312,0914,0,1
313,0901,0,1
313,0902,0,1
313,0903,0,1
313,0904,0,1
313,0905,0,1
313,0906,0,1
313,0907,0,1
313,0908,0,1
313,0909,0,1
313,0910,0,1
313,0911,1,1
313,0912,0,1
313,0913,0,1
313,0914,0,1
314,0901,0,1
314,0902,0,1
314,0903,0,1
314,0904,0,1
314,0905,0,1
314,0906,0,1
314,0907,0,1
314,0908,0,1
314,0909,0,1
314,0910,0,1
314,0911,0,1
314,0912,0,1
314,0913,0,1
314,0914,1,1
315,0901,0,1
315,0902,0,1
315,0903,0,1
315,0904,0,1
315,0905,0,1
315,0906,0,1
315,0907,0,1
315,0908,0,1
315,0909,0,1
315,0910,0,1
315,0911,0,1
315,0912,0,1
315,0913,0,1
315,0914,0,1
316,0901,0,1
316,0902,0,1
316,0903,0,1
316,0904,0,1
316,0905,0,1
316,0906,0,1
316,0907,0,1
316,0908,0,1
316,0909,0,1
316,0910,0,1
316,0911,0,1
316,0912,0,1
316,0913,0,1
316,0914,0,1
317,0901,0,1
317,0902,0,1
317,0903,0,1
317,0904,0,1
317,0905,0,1
317,0906,0,1
317,0907,0,1
317,0908,0,1
317,0909,0,1
317,0910,0,1
317,0911,0,1
317,0912,0,1
317,0913,0,1
317,0914,0,1
318,0901,0,1
318,0902,0,1
318,0903,0,1
318,0904,0,1
318,0905,0,1
318,0906,0,1
318,0907,0,1
318,0908,0,1
318,0909,0,1
318,0910,0,1
318,0911,0,1
318,0912,0,1
318,0913,0,1
318,0914,0,1
319,0901,0,1
319,0902,0,1
319,0903,0,1
319,0904,0,1
319,0905,0,1
319,0906,0,1
319,0907,0,1
319,0908,0,1
319,0909,0,1
319,0910,0,1
319,0911,0,1
319,0912,0,1
319,0913,0,1
319,0914,0,1
320,0901,0,1
320,0902,0,1
320,0903,0,1
320,0904,0,1
320,0905,0,1
320,0906,0,1
320,0907,0,1
320,0908,0,1
320,0909,0,1
320,0910,0,1
320,0911,0,1
320,0912,0,1
320,0913,0,1
320,0914,0,1
321,0901,0,1
321,0902,0,1
321,0903,0,1
321,0904,0,1
321,0905,0,1
321,0906,0,1
321,0907,0,1
321,0908,0,1
321,0909,0,1
321,0910,0,1
321,0911,0,1
321,0912,1,1
321,0913,0,1
321,0914,0,1
322,0901,0,1
322,0902,0,1
322,0903,0,1
322,0904,0,1
322,0905,0,1
322,0906,0,1
322,0907,0,1
322,0908,0,1
322,0909,0,1
322,0910,0,1
322,0911,0,1
322,0912,0,1
322,0913,0,1
322,0914,0,1
323,0901,0,1
323,0902,0,1
323,0903,0,1
323,0904,0,1
323,0905,0,1
323,0906,0,1
323,0907,0,1
323,0908,0,1
323,0909,0,1
323,0910,0,1
323,0911,0,1
323,0912,0,1
323,0913,0,1
323,0914,0,1
324,0901,0,1
324,0902,0,1
324,0903,0,1
324,0904,0,1
324,0905,0,1
324,0906,0,1
324,0907,0,1
324,0908,0,1
324,0909,0,1
324,0910,0,1
324,0911,0,1
324,0912,0,1
324,0913,1,1
324,0914,0,1
325,0901,0,1
325,0902,0,1
325,0903,0,1
325,0904,0,1
325,0905,0,1
325,0906,0,1
325,0907,0,1
325,0908,0,1
325,0909,0,1
325,0910,0,1
325,0911,0,1
325,0912,0,1
325,0913,0,1
325,0914,1,1
326,0901,0,1
326,0902,0,1
326,0903,0,1
326,0904,0,1
326,0905,0,1
326,0906,0,1
326,0907,0,1
326,0908,0,1
326,0909,0,1
326,0910,0,1
326,0911,0,1
326,0912,0,1
326,0913,0,1
326,0914,0,1
327,0901,0,1
327,0902,0,1
327,0903,0,1
327,0904,0,1
327,0905,0,1
327,0906,0,1
327,0907,0,1
327,0908,0,1
327,0909,0,1
327,0910,0,1
327,0911,0,1
327,0912,0,1
327,0913,0,1
327,0914,0,1
328,0901,0,1
328,0902,0,1
328,0903,0,1
328,0904,0,1
328,0905,0,1
328,0906,0,1
328,0907,0,1
328,0908,0,1
328,0909,0,1
328,0910,0,1
328,0911,0,1
328,0912,0,1
328,0913,0,1
328,0914,0,1
329,0901,0,1
329,0902,0,1
329,0903,0,1
329,0904,0,1
329,0905,0,1
329,0906,0,1
329,0907,0,1
329,0908,0,1
329,0909,0,1
329,0910,0,1
329,0911,0,1
329,0912,0,1
329,0913,0,1
329,0914,0,1
330,0901,0,1
330,0902,0,1
330,0903,0,1
330,0904,0,1
330,0905,0,1
330,0906,0,1
330,0907,0,1
330,0908,0,1
330,0909,0,1
330,0910,0,1
330,0911,0,1
330,0912,0,1
330,0913,0,1
330,0914,0,1
331,0901,0,1
331,0902,0,1
331,0903,0,1
331,0904,0,1
331,0905,0,1
331,0906,0,1
331,0907,0,1
331,0908,0,1
331,0909,0,1
331,0910,1,1
331,0911,0,1
331,0912,0,1
331,0913,0,1
331,0914,0,1
332,0901,0,1
332,0902,0,1
332,0903,0,1
332,0904,0,1
332,0905,0,1
332,0906,0,1
332,0907,0,1
332,0908,0,1
332,0909,0,1
332,0910,0,1
332,0911,0,1
332,0912,0,1
332,0913,0,1
332,0914,0,1
333,0901,0,1
333,0902,0,1
333,0903,0,1
333,0904,0,1
333,0905,0,1
333,0906,0,1
333,0907,0,1
333,0908,0,1
333,0909,0,1
333,0910,0,1
333,0911,0,1
333,0912,0,1
333,0913,0,1
333,0914,0,1
334,0901,0,1
334,0902,0,1
334,0903,0,1
334,0904,0,1
334,0905,0,1
334,0906,0,1
334,0907,0,1
334,0908,0,1
334,0909,1,1
334,0910,0,1
334,0911,0,1
334,0912,0,1
334,0913,0,1
334,0914,0,1
335,0901,0,1
335,0902,0,1
335,0903,0,1
335,0904,0,1
335,0905,0,1
335,0906,0,1
335,0907,0,1
335,0908,0,1
335,0909,0,1
335,0910,0,1
335,0911,0,1
335,0912,0,1
335,0913,0,1
335,0914,0,1
336,0901,0,1
336,0902,0,1
336,0903,0,1
336,0904,0,1
336,0905,0,1
336,0906,0,1
336,0907,0,1
336,0908,0,1
336,0909,0,1
336,0910,0,1
336,0911,0,1
336,0912,0,1
336,0913,0,1
336,0914,0,1
337,0901,0,1
337,0902,0,1
337,0903,0,1
337,0904,0,1
337,0905,0,1
337,0906,0,1
337,0907,0,1
337,0908,0,1
337,0909,0,1
337,0910,0,1
337,0911,0,1
337,0912,1,1
337,0913,0,1
337,0914,0,1
338,0901,0,1
338,0902,0,1
338,0903,0,1
338,0904,0,1
338,0905,0,1
338,0906,0,1
338,0907,0,1
338,0908,0,1
338,0909,0,1
338,0910,0,1
338,0911,0,1
338,0912,0,1
338,0913,0,1
338,0914,0,1
339,0901,0,1
339,0902,0,1
339,0903,0,1
339,0904,0,1
339,0905,0,1
339,0906,0,1
339,0907,0,1
339,0908,0,1
339,0909,0,1
339,0910,0,1
339,0911,0,1
339,0912,0,1
339,0913,0,1
339,0914,0,1
340,0901,0,1
340,0902,0,1
340,0903,0,1
340,0904,0,1
340,0905,0,1
340,0906,0,1
340,0907,0,1
340,0908,0,1
340,0909,0,1
340,0910,0,1
340,0911,0,1
340,0912,0,1
340,0913,0,1
340,0914,0,1
341,0901,0,1
341,0902,0,1
341,0903,0,1
341,0904,0,1
341,0905,0,1
341,0906,0,1
341,0907,0,1
341,0908,0,1
341,0909,0,1
341,0910,0,1
341,0911,0,1
341,0912,1,1
341,0913,0,1
341,0914,0,1
342,0901,0,1
342,0902,0,1
342,0903,0,1
342,0904,0,1
342,0905,0,1
342,0906,0,1
342,0907,0,1
342,0908,0,1
342,0909,0,1
342,0910,0,1
342,0911,0,1
342,0912,0,1
342,0913,0,1
342,0914,0,1
343,0901,0,1
343,0902,0,1
343,0903,0,1
343,0904,0,1
343,0905,0,1
343,0906,0,1
343,0907,0,1
343,0908,0,1
343,0909,0,1
343,0910,0,1
343,0911,0,1
343,0912,0,1
343,0913,0,1
343,0914,0,1
344,0901,0,1
344,0902,0,1
344,0903,0,1
344,0904,0,1
344,0905,0,1
344,0906,0,1
344,0907,0,1
344,0908,0,1
344,0909,0,1
344,0910,0,1
344,0911,0,1
344,0912,0,1
344,0913,0,1
344,0914,0,1
345,0901,0,1
345,0902,0,1
345,0903,0,1
345,0904,0,1
345,0905,0,1
345,0906,0,1
345,0907,0,1
345,0908,0,1
345,0909,0,1
345,0910,0,1
345,0911,0,1
345,0912,0,1
345,0913,0,1
345,0914,0,1
346,0901,0,1
346,0902,0,1
346,0903,0,1
346,0904,0,1
346,0905,0,1
346,0906,0,1
346,0907,0,1
346,0908,0,1
346,0909,0,1
346,0910,0,1
346,0911,0,1
346,0912,0,1
346,0913,0,1
346,0914,0,1
347,0901,0,1
347,0902,0,1
347,0903,0,1
347,0904,0,1
347,0905,0,1
347,0906,0,1
347,0907,0,1
347,0908,0,1
347,0909,0,1
347,0910,0,1
347,0911,0,1
347,0912,0,1
347,0913,0,1
347,0914,0,1
348,0901,0,1
348,0902,0,1
348,0903,0,1
348,0904,0,1
348,0905,0,1
348,0906,0,1
348,0907,0,1
348,0908,0,1
348,0909,0,1
348,0910,0,1
348,0911,0,1
348,0912,0,1
348,0913,0,1
348,0914,0,1
349,0901,0,1
349,0902,0,1
349,0903,0,1
349,0904,0,1
349,0905,0,1
349,0906,0,1
349,0907,0,1
349,0908,1,1
349,0909,0,1
349,0910,0,1
349,0911,0,1
349,0912,0,1
349,0913,0,1
349,0914,0,1
350,0901,0,1
350,0902,0,1
350,0903,0,1
350,0904,0,1
350,0905,0,1
350,0906,0,1
350,0907,0,1
350,0908,0,1
350,0909,0,1
350,0910,0,1
350,0911,0,1
350,0912,0,1
350,0913,0,1
350,0914,0,1
351,0901,0,1
351,0902,0,1
351,0903,0,1
351,0904,0,1
351,0905,0,1
351,0906,0,1
351,0907,0,1
351,0908,0,1
351,0909,0,1
351,0910,0,1
351,0911,0,1
351,0912,0,1
351,0913,0,1
351,0914,0,1
352,0901,0,1
352,0902,0,1
352,0903,0,1
352,0904,0,1
352,0905,0,1
352,0906,0,1
352,0907,0,1
352,0908,0,1
352,0909,0,1
352,0910,0,1
352,0911,1,1
352,0912,0,1
352,0913,0,1
352,0914,0,1
353,0901,0,1
353,0902,0,1
353,0903,0,1
353,0904,0,1
353,0905,0,1
353,0906,0,1
353,0907,0,1
353,0908,0,1
353,0909,0,1
353,0910,0,1
353,0911,0,1
353,0912,0,1
353,0913,0,1
353,0914,0,1
354,0901,0,1
354,0902,0,1
354,0903,0,1
354,0904,0,1
354,0905,0,1
354,0906,0,1
354,0907,0,1
354,0908,0,1
354,0909,0,1
354,0910,0,1
354,0911,0,1
354,0912,0,1
354,0913,0,1
354,0914,0,1
355,0901,0,1
355,0902,0,1
355,0903,0,1
355,0904,0,1
355,0905,0,1
355,0906,0,1
355,0907,0,1
355,0908,0,1
355,0909,0,1
355,0910,0,1
355,0911,0,1
355,0912,0,1
355,0913,0,1
355,0914,0,1
356,0901,0,1
356,0902,0,1
356,0903,0,1
356,0904,0,1
356,0905,0,1
356,0906,0,1
356,0907,0,1
356,0908,0,1
356,0909,0,1
356,0910,0,1
356,0911,0,1
356,0912,0,1
356,0913,0,1
356,0914,0,1
357,0901,0,1
357,0902,0,1
357,0903,0,1
357,0904,0,1
357,0905,0,1
357,0906,0,1
357,0907,0,1
357,0908,0,1
357,0909,0,1
357,0910,0,1
357,0911,0,1
357,0912,0,1
357,0913,0,1
357,0914,0,1
358,0901,0,1
358,0902,0,1
358,0903,0,1
358,0904,0,1
358,0905,0,1
358,0906,0,1
358,0907,0,1
358,0908,0,1
358,0909,0,1
358,0910,0,1
358,0911,0,1
358,0912,0,1
358,0913,0,1
358,0914,0,1
359,0901,0,1
359,0902,0,1
359,0903,0,1
359,0904,0,1
359,0905,0,1
359,0906,0,1
359,0907,0,1
359,0908,0,1
359,0909,0,1
359,0910,0,1
359,0911,0,1
359,0912,0,1
359,0913,0,1
359,0914,0,1
360,0901,0,1
360,0902,0,1
360,0903,0,1
360,0904,0,1
360,0905,0,1
360,0906,0,1
360,0907,0,1
360,0908,0,1
360,0909,0,1
360,0910,0,1
360,0911,0,1
360,0912,0,1
360,0913,0,1
360,0914,0,1
361,0901,0,1
361,0902,0,1
361,0903,0,1
361,0904,0,1
361,0905,0,1
361,0906,0,1
361,0907,0,1
361,0908,0,1
361,0909,0,1
361,0910,0,1
361,0911,0,1
361,0912,0,1
361,0913,0,1
361,0914,0,1
362,0901,0,1
362,0902,0,1
362,0903,0,1
362,0904,0,1
362,0905,0,1
362,0906,0,1
362,0907,0,1
362,0908,0,1
362,0909,0,1
362,0910,0,1
362,0911,0,1
362,0912,0,1
362,0913,0,1
362,0914,0,1
363,0901,0,1
363,0902,0,1
363,0903,0,1
363,0904,0,1
363,0905,0,1
363,0906,0,1
363,0907,0,1
363,0908,0,1
363,0909,0,1
363,0910,0,1
363,0911,0,1
363,0912,0,1
363,0913,0,1
363,0914,0,1
364,0901,0,1
364,0902,0,1
364,0903,0,1
364,0904,0,1
364,0905,0,1
364,0906,0,1
364,0907,0,1
364,0908,0,1
364,0909,0,1
364,0910,0,1
364,0911,0,1
364,0912,0,1
364,0913,0,1
364,0914,0,1
365,0901,0,1
365,0902,0,1
365,0903,0,1
365,0904,0,1
365,0905,0,1
365,0906,0,1
365,0907,0,1
365,0908,0,1
365,0909,0,1
365,0910,0,1
365,0911,0,1
365,0912,0,1
365,0913,0,1
365,0914,1,1
366,0901,0,1
366,0902,0,1
366,0903,0,1
366,0904,0,1
366,0905,0,1
366,0906,0,1
366,0907,0,1
366,0908,0,1
366,0909,0,1
366,0910,0,1
366,0911,0,1
366,0912,0,1
366,0913,0,1
366,0914,0,1
367,0901,0,1
367,0902,0,1
367,0903,0,1
367,0904,0,1
367,0905,0,1
367,0906,0,1
367,0907,0,1
367,0908,0,1
367,0909,0,1
367,0910,0,1
367,0911,0,1
367,0912,0,1
367,0913,0,1
367,0914,0,1
368,0901,0,1
368,0902,0,1
368,0903,0,1
368,0904,0,1
368,0905,0,1
368,0906,0,1
368,0907,0,1
368,0908,0,1
368,0909,0,1
368,0910,0,1
368,0911,0,1
368,0912,0,1
368,0913,0,1
368,0914,0,1
369,0901,0,1
369,0902,0,1
369,0903,0,1
369,0904,0,1
369,0905,0,1
369,0906,0,1
369,0907,0,1
369,0908,0,1
369,0909,0,1
369,0910,0,1
369,0911,0,1
369,0912,0,1
369,0913,0,1
369,0914,0,1
370,0901,0,1
370,0902,0,1
370,0903,0,1
370,0904,0,1
370,0905,0,1
370,0906,0,1
370,0907,0,1
370,0908,0,1
370,0909,0,1
370,0910,0,1
370,0911,0,1
370,0912,0,1
370,0913,0,1
370,0914,0,1
371,0901,0,1
371,0902,0,1
371,0903,0,1
371,0904,0,1
371,0905,0,1
371,0906,0,1
371,0907,0,1
371,0908,0,1
371,0909,0,1
371,0910,0,1
371,0911,0,1
371,0912,0,1
371,0913,0,1
371,0914,0,1
372,0901,0,1
372,0902,0,1
372,0903,0,1
372,0904,0,1
372,0905,0,1
372,0906,0,1
372,0907,0,1
372,0908,0,1
372,0909,0,1
372,0910,0,1
372,0911,0,1
372,0912,1,1
372,0913,0,1
372,0914,0,1
373,0901,0,1
373,0902,0,1
373,0903,0,1
373,0904,0,1
373,0905,0,1
373,0906,0,1
373,0907,0,1
373,0908,0,1
373,0909,0,1
373,0910,0,1
373,0911,0,1
373,0912,0,1
373,0913,0,1
373,0914,0,1
374,0901,0,1
374,0902,0,1
374,0903,0,1
374,0904,0,1
374,0905,0,1
374,0906,0,1
374,0907,0,1
374,0908,0,1
374,0909,0,1
374,0910,0,1
374,0911,0,1
374,0912,0,1
374,0913,0,1
374,0914,0,1
375,0901,0,1
375,0902,0,1
375,0903,0,1
375,0904,0,1
375,0905,0,1
375,0906,0,1
375,0907,0,1
375,0908,0,1
375,0909,0,1
375,0910,0,1
375,0911,0,1
375,0912,0,1
375,0913,0,1
375,0914,0,1
376,0901,0,1
376,0902,0,1
376,0903,0,1
376,0904,0,1
376,0905,0,1
376,0906,0,1
376,0907,0,1
376,0908,0,1
376,0909,0,1
376,0910,0,1
376,0911,0,1
376,0912,0,1
376,0913,0,1
376,0914,0,1
377,0901,0,1
377,0902,0,1
377,0903,0,1
377,0904,0,1
377,0905,0,1
377,0906,0,1
377,0907,0,1
377,0908,0,1
377,0909,0,1
377,0910,0,1
377,0911,0,1
377,0912,0,1
377,0913,0,1
377,0914,0,1
378,0901,0,1
378,0902,0,1
378,0903,0,1
378,0904,0,1
378,0905,0,1
378,0906,0,1
378,0907,0,1
378,0908,0,1
378,0909,0,1
378,0910,0,1
378,0911,0,1
378,0912,0,1
378,0913,0,1
378,0914,0,1
379,0901,0,1
379,0902,0,1
379,0903,0,1
379,0904,0,1
379,0905,0,1
379,0906,0,1
379,0907,0,1
379,0908,0,1
379,0909,0,1
379,0910,0,1
379,0911,0,1
379,0912,0,1
379,0913,0,1
379,0914,0,1
380,0901,0,1
380,0902,0,1
380,0903,0,1
380,0904,0,1
380,0905,0,1
380,0906,0,1
380,0907,0,1
380,0908,0,1
380,0909,0,1
380,0910,0,1
380,0911,0,1
380,0912,0,1
380,0913,0,1
380,0914,0,1
381,0901,0,1
381,0902,0,1
381,0903,0,1
381,0904,0,1
381,0905,0,1
381,0906,0,1
381,0907,0,1
381,0908,0,1
381,0909,0,1
381,0910,0,1
381,0911,0,1
381,0912,0,1
381,0913,0,1
381,0914,0,1
382,0901,0,1
382,0902,0,1
382,0903,0,1
382,0904,0,1
382,0905,0,1
382,0906,0,1
382,0907,0,1
382,0908,0,1
382,0909,0,1
382,0910,0,1
382,0911,0,1
382,0912,0,1
382,0913,0,1
382,0914,0,1
383,0901,0,1
383,0902,0,1
383,0903,0,1
383,0904,0,1
383,0905,0,1
383,0906,0,1
383,0907,0,1
383,0908,0,1
383,0909,0,1
383,0910,0,1
383,0911,0,1
383,0912,0,1
383,0913,0,1
383,0914,0,1
384,0901,0,1
384,0902,0,1
384,0903,0,1
384,0904,0,1
384,0905,0,1
384,0906,0,1
384,0907,0,1
384,0908,0,1
384,0909,0,1
384,0910,0,1
384,0911,0,1
384,0912,0,1
384,0913,0,1
384,0914,0,1
385,0901,0,1
385,0902,0,1
385,0903,0,1
385,0904,0,1
385,0905,0,1
385,0906,0,1
385,0907,0,1
385,0908,0,1
385,0909,0,1
385,0910,0,1
385,0911,0,1
385,0912,0,1
385,0913,0,1
385,0914,0,1
386,0901,0,1
386,0902,0,1
386,0903,0,1
386,0904,0,1
386,0905,0,1
386,0906,0,1
386,0907,0,1
386,0908,0,1
386,0909,0,1
386,0910,0,1
386,0911,0,1
386,0912,0,1
386,0913,0,1
386,0914,0,1
387,0901,0,1
387,0902,0,1
387,0903,0,1
387,0904,0,1
387,0905,0,1
387,0906,0,1
387,0907,0,1
387,0908,0,1
387,0909,0,1
387,0910,0,1
387,0911,0,1
387,0912,0,1
387,0913,0,1
387,0914,0,1
388,0901,0,1
388,0902,0,1
388,0903,0,1
388,0904,0,1
388,0905,0,1
388,0906,0,1
388,0907,0,1
388,0908,0,1
388,0909,0,1
388,0910,0,1
388,0911,0,1
388,0912,0,1
388,0913,0,1
388,0914,1,1
389,0901,0,1
389,0902,0,1
389,0903,0,1
389,0904,0,1
389,0905,0,1
389,0906,0,1
389,0907,0,1
389,0908,0,1
389,0909,0,1
389,0910,0,1
389,0911,0,1
389,0912,0,1
389,0913,0,1
389,0914,0,1
390,0901,0,1
390,0902,0,1
390,0903,0,1
390,0904,0,1
390,0905,0,1
390,0906,0,1
390,0907,0,1
390,0908,0,1
390,0909,0,1
390,0910,0,1
390,0911,0,1
390,0912,0,1
390,0913,0,1
390,0914,0,1
391,0901,0,1
391,0902,0,1
391,0903,0,1
391,0904,0,1
391,0905,0,1
391,0906,0,1
391,0907,0,1
391,0908,0,1
391,0909,0,1
391,0910,0,1
391,0911,0,1
391,0912,0,1
391,0913,0,1
391,0914,0,1
392,0901,0,1
392,0902,0,1
392,0903,0,1
392,0904,0,1
392,0905,0,1
392,0906,0,1
392,0907,0,1
392,0908,0,1
392,0909,0,1
392,0910,0,1
392,0911,0,1
392,0912,0,1
392,0913,0,1
392,0914,0,1
393,0901,0,1
393,0902,0,1
393,0903,0,1
393,0904,0,1
393,0905,0,1
393,0906,0,1
393,0907,0,1
393,0908,0,1
393,0909,0,1
393,0910,0,1
393,0911,0,1
393,0912,0,1
393,0913,0,1
393,0914,0,1
394,0901,0,1
394,0902,0,1
394,0903,0,1
394,0904,0,1
394,0905,0,1
394,0906,0,1
394,0907,0,1
394,0908,0,1
394,0909,0,1
394,0910,0,1
394,0911,0,1
394,0912,0,1
394,0913,0,1
394,0914,0,1
395,0901,0,1
395,0902,0,1
395,0903,0,1
395,0904,0,1
395,0905,0,1
395,0906,0,1
395,0907,0,1
395,0908,0,1
395,0909,0,1
395,0910,0,1
395,0911,0,1
395,0912,0,1
395,0913,0,1
395,0914,0,1
396,0901,0,1
396,0902,0,1
396,0903,0,1
396,0904,0,1
396,0905,0,1
396,0906,0,1
396,0907,0,1
396,0908,0,1
396,0909,0,1
396,0910,0,1
396,0911,0,1
396,0912,0,1
396,0913,0,1
396,0914,0,1
397,0901,0,1
397,0902,0,1
397,0903,0,1
397,0904,0,1
397,0905,0,1
397,0906,0,1
397,0907,0,1
397,0908,0,1
397,0909,0,1
397,0910,0,1
397,0911,0,1
397,0912,0,1
397,0913,0,1
397,0914,0,1
398,0901,0,1
398,0902,0,1
398,0903,0,1
398,0904,0,1
398,0905,0,1
398,0906,0,1
398,0907,0,1
398,0908,0,1
398,0909,0,1
398,0910,0,1
398,0911,0,1
398,0912,0,1
398,0913,0,1
398,0914,0,1
399,0901,0,1
399,0902,0,1
399,0903,0,1
399,0904,0,1
399,0905,0,1
399,0906,0,1
399,0907,0,1
399,0908,0,1
399,0909,0,1
399,0910,0,1
399,0911,0,1
399,0912,0,1
399,0913,0,1
399,0914,0,1
400,0901,0,1
400,0902,0,1
400,0903,0,1
400,0904,0,1
400,0905,0,1
400,0906,0,1
400,0907,0,1
400,0908,0,1
400,0909,0,1
400,0910,0,1
400,0911,0,1
400,0912,0,1
400,0913,0,1
400,0914,0,1
401,0901,0,1
401,0902,0,1
401,0903,0,1
401,0904,0,1
401,0905,0,1
401,0906,0,1
401,0907,0,1
401,0908,0,1
401,0909,0,1
401,0910,0,1
401,0911,0,1
401,0912,0,1
401,0913,0,1
401,0914,1,1
402,0901,0,1
402,0902,0,1
402,0903,0,1
402,0904,0,1
402,0905,0,1
402,0906,0,1
402,0907,0,1
402,0908,0,1
402,0909,0,1
402,0910,0,1
402,0911,0,1
402,0912,0,1
402,0913,0,1
402,0914,0,1
403,0901,0,1
403,0902,0,1
403,0903,0,1
403,0904,0,1
403,0905,0,1
403,0906,0,1
403,0907,0,1
403,0908,0,1
403,0909,0,1
403,0910,0,1
403,0911,1,1
403,0912,0,1
403,0913,0,1
403,0914,0,1
404,0901,0,1
404,0902,0,1
404,0903,0,1
404,0904,0,1
404,0905,0,1
404,0906,0,1
404,0907,0,1
404,0908,0,1
404,0909,0,1
404,0910,0,1
404,0911,0,1
404,0912,0,1
404,0913,0,1
404,0914,0,1
405,0901,0,1
405,0902,0,1
405,0903,0,1
405,0904,0,1
405,0905,0,1
405,0906,0,1
405,0907,0,1
405,0908,0,1
405,0909,0,1
405,0910,0,1
405,0911,0,1
405,0912,0,1
405,0913,0,1
405,0914,0,1
406,0901,0,1
406,0902,0,1
406,0903,0,1
406,0904,0,1
406,0905,0,1
406,0906,0,1
406,0907,0,1
406,0908,0,1
406,0909,0,1
406,0910,0,1
406,0911,0,1
406,0912,0,1
406,0913,0,1
406,0914,0,1
407,0901,0,1
407,0902,0,1
407,0903,0,1
407,0904,0,1
407,0905,0,1
407,0906,0,1
407,0907,0,1
407,0908,0,1
407,0909,0,1
407,0910,0,1
407,0911,0,1
407,0912,0,1
407,0913,0,1
407,0914,0,1
408,0901,0,1
408,0902,0,1
408,0903,0,1
408,0904,0,1
408,0905,0,1
408,0906,0,1
408,0907,0,1
408,0908,0,1
408,0909,0,1
408,0910,0,1
408,0911,0,1
408,0912,0,1
408,0913,0,1
408,0914,0,1
409,0901,0,1
409,0902,0,1
409,0903,0,1
409,0904,0,1
409,0905,0,1
409,0906,0,1
409,0907,0,1
409,0908,0,1
409,0909,0,1
409,0910,0,1
409,0911,0,1
409,0912,0,1
409,0913,0,1
409,0914,0,1
410,0901,0,1
410,0902,0,1
410,0903,0,1
410,0904,0,1
410,0905,0,1
410,0906,0,1
410,0907,0,1
410,0908,0,1
410,0909,0,1
410,0910,0,1
410,0911,0,1
410,0912,0,1
410,0913,0,1
410,0914,0,1
411,0901,0,1
411,0902,0,1
411,0903,0,1
411,0904,0,1
411,0905,0,1
411,0906,0,1
411,0907,0,1
411,0908,0,1
411,0909,0,1
411,0910,0,1
411,0911,0,1
411,0912,0,1
411,0913,0,1
411,0914,0,1
412,0901,0,1
412,0902,0,1
412,0903,0,1
412,0904,0,1
412,0905,0,1
412,0906,0,1
412,0907,0,1
412,0908,0,1
412,0909,0,1
412,0910,0,1
412,0911,0,1
412,0912,0,1
412,0913,0,1
412,0914,0,1
413,0901,0,1
413,0902,0,1
413,0903,0,1
413,0904,0,1
413,0905,0,1
413,0906,0,1
413,0907,0,1
413,0908,0,1
413,0909,0,1
413,0910,0,1
413,0911,0,1
413,0912,0,1
413,0913,0,1
413,0914,0,1
414,0901,0,1
414,0902,0,1
414,0903,0,1
414,0904,0,1
414,0905,0,1
414,0906,0,1
414,0907,0,1
414,0908,0,1
414,0909,0,1
414,0910,0,1
414,0911,0,1
414,0912,0,1
414,0913,0,1
414,0914,0,1
415,0901,0,1
415,0902,0,1
415,0903,0,1
415,0904,0,1
415,0905,0,1
415,0906,0,1
415,0907,0,1
415,0908,0,1
415,0909,0,1
415,0910,0,1
415,0911,0,1
415,0912,0,1
415,0913,0,1
415,0914,0,1
416,0901,0,1
416,0902,0,1
416,0903,0,1
416,0904,0,1
416,0905,0,1
416,0906,0,1
416,0907,0,1
416,0908,0,1
416,0909,0,1
416,0910,0,1
416,0911,0,1
416,0912,0,1
416,0913,0,1
416,0914,1,1
417,0901,0,1
417,0902,0,1
417,0903,0,1
417,0904,0,1
417,0905,0,1
417,0906,0,1
417,0907,0,1
417,0908,0,1
417,0909,0,1
417,0910,0,1
417,0911,0,1
417,0912,0,1
417,0913,0,1
417,0914,0,1
418,0901,0,1
418,0902,0,1
418,0903,0,1
418,0904,0,1
418,0905,0,1
418,0906,0,1
418,0907,0,1
418,0908,0,1
418,0909,0,1
418,0910,1,1
418,0911,0,1
418,0912,0,1
418,0913,0,1
418,0914,0,1
419,0901,0,1
419,0902,0,1
419,0903,0,1
419,0904,0,1
419,0905,0,1
419,0906,0,1
419,0907,0,1
419,0908,0,1
419,0909,0,1
419,0910,1,1
419,0911,0,1
419,0912,0,1
419,0913,0,1
419,0914,0,1
420,0901,0,1
420,0902,0,1
420,0903,0,1
420,0904,0,1
420,0905,0,1
420,0906,0,1
420,0907,0,1
420,0908,0,1
420,0909,0,1
420,0910,0,1
420,0911,0,1
420,0912,0,1
420,0913,0,1
420,0914,0,1
421,0901,0,1
421,0902,0,1
421,0903,0,1
421,0904,0,1
421,0905,0,1
421,0906,0,1
421,0907,0,1
421,0908,0,1
421,0909,0,1
421,0910,0,1
421,0911,0,1
421,0912,0,1
421,0913,0,1
421,0914,0,1
422,0901,0,1
422,0902,0,1
422,0903,0,1
422,0904,0,1
422,0905,0,1
422,0906,0,1
422,0907,0,1
422,0908,0,1
422,0909,0,1
422,0910,1,1
422,0911,0,1
422,0912,0,1
422,0913,0,1
422,0914,0,1
423,0901,0,1
423,0902,0,1
423,0903,0,1
423,0904,0,1
423,0905,0,1
423,0906,0,1
423,0907,0,1
423,0908,0,1
423,0909,0,1
423,0910,0,1
423,0911,0,1
423,0912,0,1
423,0913,0,1
423,0914,0,1
424,0901,0,1
424,0902,0,1
424,0903,0,1
424,0904,0,1
424,0905,0,1
424,0906,0,1
424,0907,0,1
424,0908,0,1
424,0909,0,1
424,0910,0,1
424,0911,0,1
424,0912,0,1
424,0913,0,1
424,0914,0,1
425,0901,0,1
425,0902,0,1
425,0903,0,1
425,0904,0,1
425,0905,0,1
425,0906,0,1
425,0907,0,1
425,0908,0,1
425,0909,0,1
425,0910,0,1
425,0911,0,1
425,0912,0,1
425,0913,0,1
425,0914,0,1
426,0901,0,1
426,0902,0,1
426,0903,0,1
426,0904,0,1
426,0905,0,1
426,0906,0,1
426,0907,0,1
426,0908,0,1
426,0909,0,1
426,0910,0,1
426,0911,0,1
426,0912,0,1
426,0913,0,1
426,0914,0,1
427,0901,0,1
427,0902,0,1
427,0903,0,1
427,0904,0,1
427,0905,0,1
427,0906,0,1
427,0907,0,1
427,0908,0,1
427,0909,0,1
427,0910,0,1
427,0911,0,1
427,0912,0,1
427,0913,0,1
427,0914,0,1
428,0901,0,1
428,0902,0,1
428,0903,0,1
428,0904,0,1
428,0905,0,1
428,0906,0,1
428,0907,0,1
428,0908,0,1
428,0909,0,1
428,0910,0,1
428,0911,0,1
428,0912,0,1
428,0913,0,1
428,0914,0,1
429,0901,0,1
429,0902,0,1
429,0903,0,1
429,0904,0,1
429,0905,0,1
429,0906,0,1
429,0907,0,1
429,0908,0,1
429,0909,0,1
429,0910,0,1
429,0911,0,1
429,0912,0,1
429,0913,0,1
429,0914,0,1
430,0901,0,1
430,0902,0,1
430,0903,1,1
430,0904,0,1
430,0905,0,1
430,0906,0,1
430,0907,0,1
430,0908,0,1
430,0909,0,1
430,0910,0,1
430,0911,0,1
430,0912,0,1
430,0913,0,1
430,0914,0,1
431,0901,0,1
431,0902,0,1
431,0903,0,1
431,0904,0,1
431,0905,0,1
431,0906,0,1
431,0907,0,1
431,0908,0,1
431,0909,0,1
431,0910,0,1
431,0911,0,1
431,0912,0,1
431,0913,0,1
431,0914,0,1
432,0901,0,1
432,0902,0,1
432,0903,0,1
432,0904,0,1
432,0905,0,1
432,0906,0,1
432,0907,0,1
432,0908,0,1
432,0909,0,1
432,0910,0,1
432,0911,0,1
432,0912,0,1
432,0913,0,1
432,0914,0,1
433,0901,0,1
433,0902,0,1
433,0903,0,1
433,0904,0,1
433,0905,0,1
433,0906,0,1
433,0907,0,1
433,0908,0,1
433,0909,0,1
433,0910,0,1
433,0911,0,1
433,0912,0,1
433,0913,0,1
433,0914,0,1
434,0901,0,1
434,0902,0,1
434,0903,0,1
434,0904,0,1
434,0905,0,1
434,0906,0,1
434,0907,0,1
434,0908,0,1
434,0909,0,1
434,0910,0,1
434,0911,0,1
434,0912,0,1
434,0913,0,1
434,0914,0,1
435,0901,0,1
435,0902,0,1
435,0903,0,1
435,0904,0,1
435,0905,0,1
435,0906,0,1
435,0907,0,1
435,0908,0,1
435,0909,0,1
435,0910,0,1
435,0911,0,1
435,0912,0,1
435,0913,0,1
435,0914,0,1
436,0901,0,1
436,0902,0,1
436,0903,0,1
436,0904,0,1
436,0905,0,1
436,0906,0,1
436,0907,0,1
436,0908,0,1
436,0909,0,1
436,0910,0,1
436,0911,0,1
436,0912,0,1
436,0913,0,1
436,0914,0,1
437,0901,0,1
437,0902,0,1
437,0903,0,1
437,0904,0,1
437,0905,0,1
437,0906,0,1
437,0907,0,1
437,0908,0,1
437,0909,0,1
437,0910,0,1
437,0911,0,1
437,0912,0,1
437,0913,0,1
437,0914,0,1
438,0901,0,1
438,0902,0,1
438,0903,0,1
438,0904,0,1
438,0905,0,1
438,0906,0,1
438,0907,0,1
438,0908,0,1
438,0909,0,1
438,0910,0,1
438,0911,0,1
438,0912,0,1
438,0913,0,1
438,0914,0,1
439,0901,0,1
439,0902,0,1
439,0903,0,1
439,0904,0,1
439,0905,0,1
439,0906,0,1
439,0907,0,1
439,0908,0,1
439,0909,0,1
439,0910,0,1
439,0911,0,1
439,0912,0,1
439,0913,0,1
439,0914,0,1
440,0901,0,1
440,0902,0,1
440,0903,0,1
440,0904,0,1
440,0905,0,1
440,0906,0,1
440,0907,0,1
440,0908,0,1
440,0909,0,1
440,0910,0,1
440,0911,0,1
440,0912,0,1
440,0913,0,1
440,0914,0,1
441,0901,0,1
441,0902,0,1
441,0903,0,1
441,0904,0,1
441,0905,0,1
441,0906,0,1
441,0907,0,1
441,0908,0,1
441,0909,0,1
441,0910,0,1
441,0911,0,1
441,0912,0,1
441,0913,0,1
441,0914,0,1
442,0901,0,1
442,0902,0,1
442,0903,0,1
442,0904,0,1
442,0905,0,1
442,0906,0,1
442,0907,0,1
442,0908,0,1
442,0909,0,1
442,0910,0,1
442,0911,0,1
442,0912,0,1
442,0913,0,1
442,0914,0,1
443,0901,0,1
443,0902,0,1
443,0903,0,1
443,0904,0,1
443,0905,0,1
443,0906,0,1
443,0907,0,1
443,0908,0,1
443,0909,0,1
443,0910,0,1
443,0911,0,1
443,0912,0,1
443,0913,0,1
443,0914,0,1
444,0901,0,1
444,0902,0,1
444,0903,0,1
444,0904,0,1
444,0905,0,1
444,0906,0,1
444,0907,0,1
444,0908,0,1
444,0909,0,1
444,0910,0,1
444,0911,0,1
444,0912,1,1
444,0913,0,1
444,0914,0,1
445,0901,0,1
445,0902,0,1
445,0903,0,1
445,0904,0,1
445,0905,0,1
445,0906,0,1
445,0907,0,1
445,0908,0,1
445,0909,0,1
445,0910,0,1
445,0911,0,1
445,0912,0,1
445,0913,0,1
445,0914,0,1
446,0901,0,1
446,0902,0,1
446,0903,0,1
446,0904,0,1
446,0905,0,1
446,0906,0,1
446,0907,0,1
446,0908,0,1
446,0909,0,1
446,0910,0,1
446,0911,0,1
446,0912,0,1
446,0913,0,1
446,0914,0,1
447,0901,0,1
447,0902,0,1
447,0903,0,1
447,0904,0,1
447,0905,0,1
447,0906,0,1
447,0907,0,1
447,0908,0,1
447,0909,0,1
447,0910,0,1
447,0911,0,1
447,0912,0,1
447,0913,0,1
447,0914,0,1
448,0901,0,1
448,0902,0,1
448,0903,0,1
448,0904,0,1
448,0905,0,1
448,0906,0,1
448,0907,0,1
448,0908,0,1
448,0909,0,1
448,0910,0,1
448,0911,0,1
448,0912,0,1
448,0913,0,1
448,0914,0,1
449,0901,0,1
449,0902,0,1
449,0903,0,1
449,0904,0,1
449,0905,0,1
449,0906,0,1
449,0907,0,1
449,0908,0,1
449,0909,0,1
449,0910,0,1
449,0911,0,1
449,0912,0,1
449,0913,0,1
449,0914,0,1
450,0901,0,1
450,0902,0,1
450,0903,0,1
450,0904,0,1
450,0905,0,1
450,0906,0,1
450,0907,0,1
450,0908,0,1
450,0909,0,1
450,0910,0,1
450,0911,0,1
450,0912,0,1
450,0913,0,1
450,0914,0,1
451,0901,0,1
451,0902,0,1
451,0903,0,1
451,0904,0,1
451,0905,0,1
451,0906,0,1
451,0907,0,1
451,0908,0,1
451,0909,0,1
451,0910,0,1
451,0911,0,1
451,0912,0,1
451,0913,0,1
451,0914,0,1
452,0901,0,1
452,0902,0,1
452,0903,0,1
452,0904,0,1
452,0905,0,1
452,0906,0,1
452,0907,0,1
452,0908,0,1
452,0909,0,1
452,0910,0,1
452,0911,0,1
452,0912,0,1
452,0913,0,1
452,0914,0,1
453,0901,0,1
453,0902,0,1
453,0903,0,1
453,0904,0,1
453,0905,0,1
453,0906,0,1
453,0907,0,1
453,0908,0,1
453,0909,0,1
453,0910,0,1
453,0911,0,1
453,0912,0,1
453,0913,0,1
453,0914,0,1
454,0901,0,1
454,0902,0,1
454,0903,0,1
454,0904,0,1
454,0905,0,1
454,0906,0,1
454,0907,0,1
454,0908,0,1
454,0909,0,1
454,0910,0,1
454,0911,0,1
454,0912,0,1
454,0913,0,1
454,0914,0,1
455,0901,0,1
455,0902,0,1
455,0903,0,1
455,0904,0,1
455,0905,0,1
455,0906,0,1
455,0907,0,1
455,0908,0,1
455,0909,0,1
455,0910,0,1
455,0911,0,1
455,0912,0,1
455,0913,0,1
455,0914,0,1
456,0901,0,1
456,0902,0,1
456,0903,0,1
456,0904,0,1
456,0905,0,1
456,0906,0,1
456,0907,0,1
456,0908,0,1
456,0909,0,1
456,0910,0,1
456,0911,0,1
456,0912,0,1
456,0913,0,1
456,0914,0,1
457,0901,0,1
457,0902,0,1
457,0903,0,1
457,0904,0,1
457,0905,0,1
457,0906,0,1
457,0907,0,1
457,0908,0,1
457,0909,0,1
457,0910,0,1
457,0911,0,1
457,0912,0,1
457,0913,0,1
457,0914,0,1
458,0901,0,1
458,0902,0,1
458,0903,0,1
458,0904,0,1
458,0905,0,1
458,0906,0,1
458,0907,0,1
458,0908,0,1
458,0909,0,1
458,0910,0,1
458,0911,0,1
458,0912,0,1
458,0913,0,1
458,0914,1,1
459,0901,0,1
459,0902,0,1
459,0903,0,1
459,0904,0,1
459,0905,0,1
459,0906,0,1
459,0907,0,1
459,0908,0,1
459,0909,0,1
459,0910,0,1
459,0911,0,1
459,0912,0,1
459,0913,0,1
459,0914,0,1
460,0901,0,1
460,0902,0,1
460,0903,0,1
460,0904,0,1
460,0905,0,1
460,0906,0,1
460,0907,0,1
460,0908,1,1
460,0909,0,1
460,0910,0,1
460,0911,0,1
460,0912,0,1
460,0913,0,1
460,0914,0,1
461,0901,0,1
461,0902,0,1
461,0903,0,1
461,0904,0,1
461,0905,0,1
461,0906,0,1
461,0907,0,1
461,0908,0,1
461,0909,0,1
461,0910,0,1
461,0911,0,1
461,0912,0,1
461,0913,0,1
461,0914,0,1
462,0901,0,1
462,0902,0,1
462,0903,0,1
462,0904,0,1
462,0905,0,1
462,0906,0,1
462,0907,0,1
462,0908,1,1
462,0909,0,1
462,0910,0,1
462,0911,0,1
462,0912,0,1
462,0913,0,1
462,0914,0,1
463,0901,0,1
463,0902,0,1
463,0903,0,1
463,0904,0,1
463,0905,0,1
463,0906,0,1
463,0907,0,1
463,0908,0,1
463,0909,0,1
463,0910,0,1
463,0911,0,1
463,0912,0,1
463,0913,0,1
463,0914,0,1
464,0901,0,1
464,0902,0,1
464,0903,0,1
464,0904,0,1
464,0905,0,1
464,0906,0,1
464,0907,0,1
464,0908,0,1
464,0909,0,1
464,0910,0,1
464,0911,0,1
464,0912,0,1
464,0913,0,1
464,0914,0,1
465,0901,0,1
465,0902,0,1
465,0903,0,1
465,0904,0,1
465,0905,0,1
465,0906,0,1
465,0907,0,1
465,0908,0,1
465,0909,0,1
465,0910,0,1
465,0911,0,1
465,0912,0,1
465,0913,0,1
465,0914,0,1
466,0901,0,1
466,0902,0,1
466,0903,0,1
466,0904,0,1
466,0905,0,1
466,0906,0,1
466,0907,0,1
466,0908,0,1
466,0909,0,1
466,0910,0,1
466,0911,1,1
466,0912,0,1
466,0913,0,1
466,0914,1,1
467,0901,0,1
467,0902,0,1
467,0903,0,1
467,0904,0,1
467,0905,0,1
467,0906,0,1
467,0907,0,1
467,0908,0,1
467,0909,0,1
467,0910,0,1
467,0911,0,1
467,0912,0,1
467,0913,0,1
467,0914,0,1
468,0901,0,1
468,0902,0,1
468,0903,0,1
468,0904,0,1
468,0905,0,1
468,0906,0,1
468,0907,0,1
468,0908,0,1
468,0909,0,1
468,0910,0,1
468,0911,0,1
468,0912,0,1
468,0913,0,1
468,0914,0,1
469,0901,0,1
469,0902,0,1
469,0903,0,1
469,0904,0,1
469,0905,0,1
469,0906,0,1
469,0907,0,1
469,0908,0,1
469,0909,0,1
469,0910,0,1
469,0911,0,1
469,0912,0,1
469,0913,0,1
469,0914,0,1
470,0901,0,1
470,0902,0,1
470,0903,0,1
470,0904,0,1
470,0905,0,1
470,0906,0,1
470,0907,0,1
470,0908,0,1
470,0909,0,1
470,0910,0,1
470,0911,0,1
470,0912,0,1
470,0913,0,1
470,0914,0,1
471,0901,0,1
471,0902,0,1
471,0903,0,1
471,0904,0,1
471,0905,0,1
471,0906,0,1
471,0907,0,1
471,0908,0,1
471,0909,0,1
471,0910,0,1
471,0911,0,1
471,0912,0,1
471,0913,0,1
471,0914,0,1
472,0901,0,1
472,0902,0,1
472,0903,0,1
472,0904,0,1
472,0905,0,1
472,0906,0,1
472,0907,0,1
472,0908,0,1
472,0909,0,1
472,0910,0,1
472,0911,0,1
472,0912,0,1
472,0913,0,1
472,0914,0,1
473,0901,0,1
473,0902,0,1
473,0903,0,1
473,0904,0,1
473,0905,0,1
473,0906,0,1
473,0907,0,1
473,0908,0,1
473,0909,0,1
473,0910,0,1
473,0911,0,1
473,0912,0,1
473,0913,0,1
473,0914,0,1
474,0901,0,1
474,0902,0,1
474,0903,0,1
474,0904,0,1
474,0905,0,1
474,0906,0,1
474,0907,0,1
474,0908,1,1
474,0909,0,1
474,0910,0,1
474,0911,0,1
474,0912,0,1
474,0913,0,1
474,0914,0,1
475,0901,0,1
475,0902,0,1
475,0903,0,1
475,0904,0,1
475,0905,0,1
475,0906,0,1
475,0907,0,1
475,0908,0,1
475,0909,0,1
475,0910,0,1
475,0911,0,1
475,0912,0,1
475,0913,0,1
475,0914,0,1
476,0901,0,1
476,0902,0,1
476,0903,0,1
476,0904,0,1
476,0905,0,1
476,0906,0,1
476,0907,0,1
476,0908,0,1
476,0909,0,1
476,0910,0,1
476,0911,0,1
476,0912,0,1
476,0913,0,1
476,0914,0,1
477,0901,0,1
477,0902,0,1
477,0903,0,1
477,0904,0,1
477,0905,0,1
477,0906,0,1
477,0907,0,1
477,0908,0,1
477,0909,0,1
477,0910,0,1
477,0911,0,1
477,0912,0,1
477,0913,0,1
477,0914,0,1
478,0901,0,1
478,0902,0,1
478,0903,0,1
478,0904,0,1
478,0905,0,1
478,0906,0,1
478,0907,0,1
478,0908,0,1
478,0909,0,1
478,0910,0,1
478,0911,0,1
478,0912,0,1
478,0913,0,1
478,0914,0,1
479,0901,0,1
479,0902,0,1
479,0903,0,1
479,0904,0,1
479,0905,0,1
479,0906,0,1
479,0907,0,1
479,0908,0,1
479,0909,0,1
479,0910,0,1
479,0911,0,1
479,0912,0,1
479,0913,1,1
479,0914,0,1
480,0901,0,1
480,0902,0,1
480,0903,0,1
480,0904,0,1
480,0905,0,1
480,0906,0,1
480,0907,0,1
480,0908,0,1
480,0909,0,1
480,0910,0,1
480,0911,0,1
480,0912,0,1
480,0913,0,1
480,0914,0,1
481,0901,0,1
481,0902,0,1
481,0903,0,1
481,0904,0,1
481,0905,0,1
481,0906,0,1
481,0907,0,1
481,0908,0,1
481,0909,0,1
481,0910,0,1
481,0911,0,1
481,0912,0,1
481,0913,0,1
481,0914,0,1
482,0901,0,1
482,0902,0,1
482,0903,0,1
482,0904,0,1
482,0905,0,1
482,0906,0,1
482,0907,0,1
482,0908,1,1
482,0909,0,1
482,0910,0,1
482,0911,0,1
482,0912,0,1
482,0913,0,1
482,0914,0,1
483,0901,0,1
483,0902,0,1
483,0903,0,1
483,0904,0,1
483,0905,0,1
483,0906,0,1
483,0907,0,1
483,0908,0,1
483,0909,0,1
483,0910,0,1
483,0911,0,1
483,0912,0,1
483,0913,0,1
483,0914,0,1
484,0901,0,1
484,0902,0,1
484,0903,0,1
484,0904,0,1
484,0905,0,1
484,0906,0,1
484,0907,0,1
484,0908,0,1
484,0909,0,1
484,0910,0,1
484,0911,0,1
484,0912,0,1
484,0913,0,1
484,0914,0,1
485,0901,0,1
485,0902,0,1
485,0903,0,1
485,0904,0,1
485,0905,0,1
485,0906,0,1
485,0907,0,1
485,0908,0,1
485,0909,0,1
485,0910,0,1
485,0911,0,1
485,0912,0,1
485,0913,0,1
485,0914,0,1
486,0901,0,1
486,0902,0,1
486,0903,0,1
486,0904,0,1
486,0905,0,1
486,0906,0,1
486,0907,0,1
486,0908,0,1
486,0909,0,1
486,0910,0,1
486,0911,0,1
486,0912,0,1
486,0913,0,1
486,0914,0,1
487,0901,0,1
487,0902,0,1
487,0903,0,1
487,0904,0,1
487,0905,0,1
487,0906,0,1
487,0907,0,1
487,0908,0,1
487,0909,0,1
487,0910,0,1
487,0911,0,1
487,0912,1,1
487,0913,0,1
487,0914,0,1
488,0901,0,1
488,0902,0,1
488,0903,0,1
488,0904,0,1
488,0905,0,1
488,0906,0,1
488,0907,0,1
488,0908,0,1
488,0909,0,1
488,0910,0,1
488,0911,0,1
488,0912,0,1
488,0913,0,1
488,0914,0,1
489,0901,0,1
489,0902,0,1
489,0903,0,1
489,0904,0,1
489,0905,0,1
489,0906,0,1
489,0907,0,1
489,0908,0,1
489,0909,0,1
489,0910,0,1
489,0911,0,1
489,0912,0,1
489,0913,0,1
489,0914,0,1
490,0901,0,1
490,0902,0,1
490,0903,0,1
490,0904,0,1
490,0905,0,1
490,0906,0,1
490,0907,0,1
490,0908,0,1
490,0909,0,1
490,0910,0,1
490,0911,0,1
490,0912,0,1
490,0913,0,1
490,0914,0,1
491,0901,0,1
491,0902,0,1
491,0903,0,1
491,0904,1,1
491,0905,0,1
491,0906,0,1
491,0907,0,1
491,0908,0,1
491,0909,0,1
491,0910,0,1
491,0911,0,1
491,0912,0,1
491,0913,0,1
491,0914,0,1
492,0901,0,1
492,0902,0,1
492,0903,0,1
492,0904,0,1
492,0905,0,1
492,0906,0,1
492,0907,0,1
492,0908,0,1
492,0909,0,1
492,0910,1,1
492,0911,0,1
492,0912,0,1
492,0913,0,1
492,0914,0,1
493,0901,0,1
493,0902,0,1
493,0903,0,1
493,0904,0,1
493,0905,0,1
493,0906,0,1
493,0907,0,1
493,0908,0,1
493,0909,0,1
493,0910,0,1
493,0911,0,1
493,0912,0,1
493,0913,0,1
493,0914,0,1
494,0901,0,1
494,0902,0,1
494,0903,0,1
494,0904,0,1
494,0905,0,1
494,0906,0,1
494,0907,0,1
494,0908,0,1
494,0909,0,1
494,0910,0,1
494,0911,0,1
494,0912,0,1
494,0913,0,1
494,0914,0,1
495,0901,0,1
495,0902,0,1
495,0903,0,1
495,0904,0,1
495,0905,0,1
495,0906,0,1
495,0907,0,1
495,0908,0,1
495,0909,0,1
495,0910,0,1
495,0911,0,1
495,0912,0,1
495,0913,0,1
495,0914,0,1
496,0901,0,1
496,0902,0,1
496,0903,0,1
496,0904,0,1
496,0905,0,1
496,0906,0,1
496,0907,0,1
496,0908,0,1
496,0909,0,1
496,0910,0,1
496,0911,0,1
496,0912,0,1
496,0913,0,1
496,0914,0,1
497,0901,0,1
497,0902,0,1
497,0903,0,1
497,0904,0,1
497,0905,0,1
497,0906,0,1
497,0907,1,1
497,0908,0,1
497,0909,0,1
497,0910,0,1
497,0911,0,1
497,0912,0,1
497,0913,0,1
497,0914,0,1
498,0901,0,1
498,0902,0,1
498,0903,0,1
498,0904,0,1
498,0905,0,1
498,0906,0,1
498,0907,0,1
498,0908,0,1
498,0909,0,1
498,0910,0,1
498,0911,0,1
498,0912,0,1
498,0913,0,1
498,0914,0,1
499,0901,0,1
499,0902,0,1
499,0903,0,1
499,0904,0,1
499,0905,0,1
499,0906,0,1
499,0907,0,1
499,0908,0,1
499,0909,1,1
499,0910,0,1
499,0911,0,1
499,0912,0,1
499,0913,0,1
499,0914,0,1
500,0901,0,1
500,0902,0,1
500,0903,0,1
500,0904,0,1
500,0905,0,1
500,0906,0,1
500,0907,0,1
500,0908,0,1
500,0909,0,1
500,0910,0,1
500,0911,0,1
500,0912,0,1
500,0913,0,1
500,0914,0,1
501,0901,0,1
501,0902,0,1
501,0903,0,1
501,0904,0,1
501,0905,0,1
501,0906,0,1
501,0907,0,1
501,0908,0,1
501,0909,0,1
501,0910,0,1
501,0911,0,1
501,0912,0,1
501,0913,0,1
501,0914,0,1
502,0901,0,1
502,0902,0,1
502,0903,0,1
502,0904,0,1
502,0905,0,1
502,0906,0,1
502,0907,0,1
502,0908,0,1
502,0909,0,1
502,0910,0,1
502,0911,1,1
502,0912,0,1
502,0913,0,1
502,0914,0,1
503,0901,0,1
503,0902,0,1
503,0903,0,1
503,0904,0,1
503,0905,0,1
503,0906,0,1
503,0907,0,1
503,0908,0,1
503,0909,0,1
503,0910,0,1
503,0911,0,1
503,0912,0,1
503,0913,0,1
503,0914,0,1
504,0901,0,1
504,0902,0,1
504,0903,0,1
504,0904,0,1
504,0905,0,1
504,0906,0,1
504,0907,0,1
504,0908,0,1
504,0909,0,1
504,0910,0,1
504,0911,0,1
504,0912,0,1
504,0913,0,1
504,0914,0,1
505,0901,0,1
505,0902,0,1
505,0903,0,1
505,0904,0,1
505,0905,0,1
505,0906,0,1
505,0907,0,1
505,0908,0,1
505,0909,0,1
505,0910,0,1
505,0911,0,1
505,0912,0,1
505,0913,0,1
505,0914,0,1
506,0901,0,1
506,0902,0,1
506,0903,0,1
506,0904,0,1
506,0905,0,1
506,0906,0,1
506,0907,0,1
506,0908,1,1
506,0909,0,1
506,0910,0,1
506,0911,0,1
506,0912,0,1
506,0913,0,1
506,0914,0,1
507,0901,0,1
507,0902,0,1
507,0903,0,1
507,0904,0,1
507,0905,0,1
507,0906,0,1
507,0907,0,1
507,0908,0,1
507,0909,0,1
507,0910,0,1
507,0911,0,1
507,0912,0,1
507,0913,0,1
507,0914,0,1
508,0901,0,1
508,0902,0,1
508,0903,0,1
508,0904,0,1
508,0905,0,1
508,0906,0,1
508,0907,0,1
508,0908,0,1
508,0909,0,1
508,0910,0,1
508,0911,0,1
508,0912,0,1
508,0913,0,1
508,0914,0,1
509,0901,0,1
509,0902,0,1
509,0903,0,1
509,0904,0,1
509,0905,0,1
509,0906,0,1
509,0907,0,1
509,0908,0,1
509,0909,0,1
509,0910,0,1
509,0911,0,1
509,0912,0,1
509,0913,0,1
509,0914,0,1
510,0901,0,1
510,0902,0,1
510,0903,0,1
510,0904,0,1
510,0905,0,1
510,0906,0,1
510,0907,0,1
510,0908,0,1
510,0909,0,1
510,0910,0,1
510,0911,0,1
510,0912,0,1
510,0913,0,1
510,0914,0,1
511,0901,0,1
511,0902,0,1
511,0903,0,1
511,0904,0,1
511,0905,0,1
511,0906,0,1
511,0907,0,1
511,0908,0,1
511,0909,0,1
511,0910,0,1
511,0911,0,1
511,0912,0,1
511,0913,0,1
511,0914,0,1
512,0901,0,1
512,0902,0,1
512,0903,0,1
512,0904,0,1
512,0905,0,1
512,0906,0,1
512,0907,0,1
512,0908,0,1
512,0909,0,1
512,0910,0,1
512,0911,0,1
512,0912,0,1
512,0913,0,1
512,0914,0,1
513,0901,0,1
513,0902,0,1
513,0903,0,1
513,0904,0,1
513,0905,0,1
513,0906,0,1
513,0907,0,1
513,0908,0,1
513,0909,0,1
513,0910,0,1
513,0911,0,1
513,0912,0,1
513,0913,0,1
513,0914,0,1
514,0901,0,1
514,0902,0,1
514,0903,0,1
514,0904,0,1
514,0905,0,1
514,0906,0,1
514,0907,0,1
514,0908,0,1
514,0909,0,1
514,0910,0,1
514,0911,0,1
514,0912,0,1
514,0913,0,1
514,0914,0,1
515,0901,0,1
515,0902,0,1
515,0903,0,1
515,0904,0,1
515,0905,0,1
515,0906,0,1
515,0907,0,1
515,0908,0,1
515,0909,1,1
515,0910,0,1
515,0911,0,1
515,0912,0,1
515,0913,0,1
515,0914,0,1
516,0901,0,1
516,0902,0,1
516,0903,0,1
516,0904,0,1
516,0905,0,1
516,0906,0,1
516,0907,0,1
516,0908,0,1
516,0909,0,1
516,0910,0,1
516,0911,0,1
516,0912,0,1
516,0913,0,1
516,0914,0,1
517,0901,0,1
517,0902,0,1
517,0903,0,1
517,0904,0,1
517,0905,0,1
517,0906,0,1
517,0907,0,1
517,0908,0,1
517,0909,1,1
517,0910,0,1
517,0911,0,1
517,0912,0,1
517,0913,0,1
517,0914,0,1
518,0901,0,1
518,0902,0,1
518,0903,1,1
518,0904,0,1
518,0905,0,1
518,0906,0,1
518,0907,0,1
518,0908,0,1
518,0909,0,1
518,0910,0,1
518,0911,0,1
518,0912,0,1
518,0913,0,1
518,0914,0,1
519,0901,0,1
519,0902,0,1
519,0903,0,1
519,0904,0,1
519,0905,0,1
519,0906,0,1
519,0907,0,1
519,0908,0,1
519,0909,0,1
519,0910,0,1
519,0911,0,1
519,0912,0,1
519,0913,0,1
519,0914,0,1
520,0901,0,1
520,0902,0,1
520,0903,0,1
520,0904,0,1
520,0905,0,1
520,0906,0,1
520,0907,0,1
520,0908,1,1
520,0909,0,1
520,0910,0,1
520,0911,0,1
520,0912,0,1
520,0913,0,1
520,0914,0,1
521,0901,0,1
521,0902,0,1
521,0903,0,1
521,0904,0,1
521,0905,0,1
521,0906,0,1
521,0907,0,1
521,0908,0,1
521,0909,0,1
521,0910,0,1
521,0911,0,1
521,0912,0,1
521,0913,0,1
521,0914,0,1
522,0901,0,1
522,0902,0,1
522,0903,0,1
522,0904,0,1
522,0905,0,1
522,0906,0,1
522,0907,0,1
522,0908,0,1
522,0909,0,1
522,0910,0,1
522,0911,0,1
522,0912,0,1
522,0913,0,1
522,0914,0,1
523,0901,0,1
523,0902,0,1
523,0903,0,1
523,0904,0,1
523,0905,0,1
523,0906,0,1
523,0907,0,1
523,0908,0,1
523,0909,0,1
523,0910,0,1
523,0911,0,1
523,0912,0,1
523,0913,0,1
523,0914,0,1
524,0901,0,1
524,0902,0,1
524,0903,0,1
524,0904,0,1
524,0905,0,1
524,0906,0,1
524,0907,0,1
524,0908,0,1
524,0909,0,1
524,0910,0,1
524,0911,0,1
524,0912,0,1
524,0913,0,1
524,0914,0,1
525,0901,0,1
525,0902,0,1
525,0903,0,1
525,0904,0,1
525,0905,0,1
525,0906,0,1
525,0907,0,1
525,0908,0,1
525,0909,0,1
525,0910,0,1
525,0911,0,1
525,0912,0,1
525,0913,0,1
525,0914,0,1
526,0901,0,1
526,0902,0,1
526,0903,0,1
526,0904,0,1
526,0905,0,1
526,0906,0,1
526,0907,0,1
526,0908,1,1
526,0909,0,1
526,0910,0,1
526,0911,0,1
526,0912,0,1
526,0913,0,1
526,0914,0,1
527,0901,0,1
527,0902,0,1
527,0903,0,1
527,0904,0,1
527,0905,0,1
527,0906,0,1
527,0907,0,1
527,0908,0,1
527,0909,0,1
527,0910,0,1
527,0911,0,1
527,0912,0,1
527,0913,0,1
527,0914,0,1
528,0901,0,1
528,0902,0,1
528,0903,0,1
528,0904,0,1
528,0905,0,1
528,0906,0,1
528,0907,0,1
528,0908,0,1
528,0909,0,1
528,0910,0,1
528,0911,0,1
528,0912,0,1
528,0913,0,1
528,0914,0,1
529,0901,0,1
529,0902,0,1
529,0903,0,1
529,0904,0,1
529,0905,0,1
529,0906,0,1
529,0907,0,1
529,0908,0,1
529,0909,0,1
529,0910,0,1
529,0911,0,1
529,0912,0,1
529,0913,0,1
529,0914,0,1
530,0901,0,1
530,0902,0,1
530,0903,0,1
530,0904,0,1
530,0905,0,1
530,0906,0,1
530,0907,0,1
530,0908,0,1
530,0909,0,1
530,0910,1,1
530,0911,0,1
530,0912,0,1
530,0913,0,1
530,0914,0,1
531,0901,0,1
531,0902,0,1
531,0903,0,1
531,0904,0,1
531,0905,0,1
531,0906,0,1
531,0907,0,1
531,0908,0,1
531,0909,0,1
531,0910,0,1
531,0911,0,1
531,0912,0,1
531,0913,0,1
531,0914,0,1
532,0901,0,1
532,0902,0,1
532,0903,0,1
532,0904,0,1
532,0905,0,1
532,0906,0,1
532,0907,0,1
532,0908,0,1
532,0909,0,1
532,0910,0,1
532,0911,0,1
532,0912,0,1
532,0913,0,1
532,0914,0,1
533,0901,0,1
533,0902,0,1
533,0903,0,1
533,0904,0,1
533,0905,0,1
533,0906,0,1
533,0907,0,1
533,0908,0,1
533,0909,0,1
533,0910,0,1
533,0911,0,1
533,0912,0,1
533,0913,0,1
533,0914,0,1
534,0901,0,1
534,0902,0,1
534,0903,0,1
534,0904,0,1
534,0905,0,1
534,0906,0,1
534,0907,0,1
534,0908,0,1
534,0909,0,1
534,0910,0,1
534,0911,0,1
534,0912,0,1
534,0913,1,1
534,0914,0,1
535,0901,0,1
535,0902,0,1
535,0903,0,1
535,0904,0,1
535,0905,0,1
535,0906,0,1
535,0907,0,1
535,0908,0,1
535,0909,0,1
535,0910,0,1
535,0911,0,1
535,0912,0,1
535,0913,0,1
535,0914,0,1
536,0901,0,1
536,0902,0,1
536,0903,0,1
536,0904,0,1
536,0905,0,1
536,0906,0,1
536,0907,0,1
536,0908,0,1
536,0909,0,1
536,0910,0,1
536,0911,0,1
536,0912,0,1
536,0913,0,1
536,0914,0,1
537,0901,0,1
537,0902,0,1
537,0903,0,1
537,0904,0,1
537,0905,0,1
537,0906,0,1
537,0907,0,1
537,0908,0,1
537,0909,0,1
537,0910,0,1
537,0911,0,1
537,0912,0,1
537,0913,0,1
537,0914,0,1
538,0901,0,1
538,0902,0,1
538,0903,0,1
538,0904,0,1
538,0905,0,1
538,0906,0,1
538,0907,0,1
538,0908,0,1
538,0909,0,1
538,0910,0,1
538,0911,0,1
538,0912,0,1
538,0913,0,1
538,0914,0,1
539,0901,0,1
539,0902,0,1
539,0903,0,1
539,0904,0,1
539,0905,0,1
539,0906,0,1
539,0907,0,1
539,0908,0,1
539,0909,0,1
539,0910,0,1
539,0911,0,1
539,0912,0,1
539,0913,0,1
539,0914,0,1
540,0901,0,1
540,0902,0,1
540,0903,0,1
540,0904,0,1
540,0905,0,1
540,0906,0,1
540,0907,0,1
540,0908,1,1
540,0909,0,1
540,0910,0,1
540,0911,0,1
540,0912,0,1
540,0913,0,1
540,0914,0,1
541,0901,0,1
541,0902,0,1
541,0903,0,1
541,0904,0,1
541,0905,0,1
541,0906,0,1
541,0907,0,1
541,0908,0,1
541,0909,0,1
541,0910,0,1
541,0911,0,1
541,0912,0,1
541,0913,0,1
541,0914,0,1
542,0901,0,1
542,0902,0,1
542,0903,0,1
542,0904,0,1
542,0905,0,1
542,0906,0,1
542,0907,0,1
542,0908,0,1
542,0909,0,1
542,0910,0,1
542,0911,0,1
542,0912,0,1
542,0913,0,1
542,0914,0,1
543,0901,0,1
543,0902,0,1
543,0903,0,1
543,0904,0,1
543,0905,0,1
543,0906,0,1
543,0907,0,1
543,0908,0,1
543,0909,0,1
543,0910,0,1
543,0911,0,1
543,0912,0,1
543,0913,0,1
543,0914,1,1
544,0901,0,1
544,0902,0,1
544,0903,0,1
544,0904,0,1
544,0905,0,1
544,0906,0,1
544,0907,0,1
544,0908,0,1
544,0909,0,1
544,0910,0,1
544,0911,0,1
544,0912,0,1
544,0913,0,1
544,0914,0,1
545,0901,0,1
545,0902,0,1
545,0903,0,1
545,0904,0,1
545,0905,0,1
545,0906,0,1
545,0907,0,1
545,0908,0,1
545,0909,0,1
545,0910,0,1
545,0911,0,1
545,0912,0,1
545,0913,1,1
545,0914,0,1
546,0901,0,1
546,0902,0,1
546,0903,0,1
546,0904,0,1
546,0905,0,1
546,0906,0,1
546,0907,0,1
546,0908,0,1
546,0909,0,1
546,0910,0,1
546,0911,0,1
546,0912,0,1
546,0913,0,1
546,0914,0,1
547,0901,0,1
547,0902,0,1
547,0903,0,1
547,0904,0,1
547,0905,0,1
547,0906,0,1
547,0907,0,1
547,0908,0,1
547,0909,0,1
547,0910,0,1
547,0911,0,1
547,0912,0,1
547,0913,0,1
547,0914,0,1
548,0901,0,1
548,0902,0,1
548,0903,0,1
548,0904,0,1
548,0905,0,1
548,0906,0,1
548,0907,0,1
548,0908,0,1
548,0909,0,1
548,0910,0,1
548,0911,0,1
548,0912,0,1
548,0913,0,1
548,0914,0,1
549,0901,0,1
549,0902,0,1
549,0903,0,1
549,0904,0,1
549,0905,0,1
549,0906,0,1
549,0907,0,1
549,0908,0,1
549,0909,0,1
549,0910,0,1
549,0911,0,1
549,0912,0,1
549,0913,0,1
549,0914,0,1
550,0901,0,1
550,0902,0,1
550,0903,0,1
550,0904,0,1
550,0905,0,1
550,0906,0,1
550,0907,0,1
550,0908,0,1
550,0909,0,1
550,0910,0,1
550,0911,0,1
550,0912,0,1
550,0913,1,1
550,0914,0,1
551,0901,0,1
551,0902,0,1
551,0903,0,1
551,0904,0,1
551,0905,0,1
551,0906,0,1
551,0907,0,1
551,0908,0,1
551,0909,0,1
551,0910,0,1
551,0911,0,1
551,0912,0,1
551,0913,0,1
551,0914,0,1
552,0901,0,1
552,0902,0,1
552,0903,0,1
552,0904,0,1
552,0905,0,1
552,0906,0,1
552,0907,0,1
552,0908,0,1
552,0909,0,1
552,0910,0,1
552,0911,0,1
552,0912,0,1
552,0913,0,1
552,0914,0,1
553,0901,0,1
553,0902,0,1
553,0903,0,1
553,0904,0,1
553,0905,0,1
553,0906,0,1
553,0907,0,1
553,0908,0,1
553,0909,0,1
553,0910,0,1
553,0911,0,1
553,0912,0,1
553,0913,0,1
553,0914,0,1
554,0901,0,1
554,0902,0,1
554,0903,0,1
554,0904,0,1
554,0905,0,1
554,0906,0,1
554,0907,0,1
554,0908,0,1
554,0909,0,1
554,0910,0,1
554,0911,0,1
554,0912,0,1
554,0913,0,1
554,0914,1,1
555,0901,0,1
555,0902,0,1
555,0903,0,1
555,0904,0,1
555,0905,0,1
555,0906,0,1
555,0907,0,1
555,0908,0,1
555,0909,0,1
555,0910,0,1
555,0911,0,1
555,0912,0,1
555,0913,1,1
555,0914,0,1
556,0901,0,1
556,0902,0,1
556,0903,0,1
556,0904,0,1
556,0905,0,1
556,0906,0,1
556,0907,0,1
556,0908,0,1
556,0909,0,1
556,0910,0,1
556,0911,0,1
556,0912,0,1
556,0913,0,1
556,0914,0,1
557,0901,0,1
557,0902,0,1
557,0903,0,1
557,0904,0,1
557,0905,0,1
557,0906,0,1
557,0907,0,1
557,0908,0,1
557,0909,0,1
557,0910,0,1
557,0911,0,1
557,0912,0,1
557,0913,0,1
557,0914,0,1
558,0901,0,1
558,0902,0,1
558,0903,0,1
558,0904,0,1
558,0905,0,1
558,0906,0,1
558,0907,0,1
558,0908,0,1
558,0909,0,1
558,0910,0,1
558,0911,0,1
558,0912,1,1
558,0913,0,1
558,0914,0,1
559,0901,0,1
559,0902,0,1
559,0903,0,1
559,0904,0,1
559,0905,0,1
559,0906,0,1
559,0907,0,1
559,0908,0,1
559,0909,0,1
559,0910,0,1
559,0911,0,1
559,0912,0,1
559,0913,0,1
559,0914,0,1
560,0901,0,1
560,0902,0,1
560,0903,0,1
560,0904,0,1
560,0905,0,1
560,0906,0,1
560,0907,0,1
560,0908,0,1
560,0909,0,1
560,0910,0,1
560,0911,1,1
560,0912,0,1
560,0913,0,1
560,0914,0,1
561,0901,0,1
561,0902,0,1
561,0903,0,1
561,0904,0,1
561,0905,0,1
561,0906,0,1
561,0907,0,1
561,0908,0,1
561,0909,0,1
561,0910,0,1
561,0911,0,1
561,0912,0,1
561,0913,0,1
561,0914,0,1
562,0901,0,1
562,0902,0,1
562,0903,0,1
562,0904,0,1
562,0905,0,1
562,0906,0,1
562,0907,0,1
562,0908,0,1
562,0909,0,1
562,0910,0,1
562,0911,0,1
562,0912,1,1
562,0913,0,1
562,0914,0,1
563,0901,0,1
563,0902,0,1
563,0903,0,1
563,0904,0,1
563,0905,0,1
563,0906,0,1
563,0907,0,1
563,0908,0,1
563,0909,0,1
563,0910,0,1
563,0911,0,1
563,0912,0,1
563,0913,0,1
563,0914,0,1
564,0901,0,1
564,0902,0,1
564,0903,0,1
564,0904,0,1
564,0905,0,1
564,0906,0,1
564,0907,0,1
564,0908,0,1
564,0909,0,1
564,0910,0,1
564,0911,0,1
564,0912,0,1
564,0913,0,1
564,0914,0,1
565,0901,0,1
565,0902,0,1
565,0903,0,1
565,0904,0,1
565,0905,0,1
565,0906,0,1
565,0907,0,1
565,0908,0,1
565,0909,0,1
565,0910,0,1
565,0911,0,1
565,0912,0,1
565,0913,0,1
565,0914,0,1
566,0901,0,1
566,0902,0,1
566,0903,0,1
566,0904,0,1
566,0905,0,1
566,0906,0,1
566,0907,0,1
566,0908,0,1
566,0909,0,1
566,0910,0,1
566,0911,0,1
566,0912,0,1
566,0913,0,1
566,0914,0,1
567,0901,0,1
567,0902,0,1
567,0903,0,1
567,0904,0,1
567,0905,0,1
567,0906,0,1
567,0907,0,1
567,0908,0,1
567,0909,0,1
567,0910,0,1
567,0911,0,1
567,0912,0,1
567,0913,0,1
567,0914,0,1
568,0901,0,1
568,0902,0,1
568,0903,0,1
568,0904,0,1
568,0905,0,1
568,0906,0,1
568,0907,0,1
568,0908,0,1
568,0909,0,1
568,0910,0,1
568,0911,0,1
568,0912,1,1
568,0913,0,1
568,0914,0,1
569,0901,0,1
569,0902,0,1
569,0903,0,1
569,0904,0,1
569,0905,0,1
569,0906,0,1
569,0907,0,1
569,0908,0,1
569,0909,0,1
569,0910,0,1
569,0911,1,1
569,0912,1,1
569,0913,0,1
569,0914,0,1
570,0901,0,1
570,0902,0,1
570,0903,0,1
570,0904,0,1
570,0905,0,1
570,0906,0,1
570,0907,0,1
570,0908,0,1
570,0909,0,1
570,0910,0,1
570,0911,0,1
570,0912,0,1
570,0913,0,1
570,0914,0,1
571,0901,0,1
571,0902,0,1
571,0903,0,1
571,0904,0,1
571,0905,0,1
571,0906,0,1
571,0907,0,1
571,0908,0,1
571,0909,0,1
571,0910,0,1
571,0911,0,1
571,0912,0,1
571,0913,0,1
571,0914,0,1
572,0901,0,1
572,0902,0,1
572,0903,0,1
572,0904,0,1
572,0905,0,1
572,0906,0,1
572,0907,0,1
572,0908,0,1
572,0909,0,1
572,0910,0,1
572,0911,0,1
572,0912,0,1
572,0913,0,1
572,0914,0,1
573,0901,0,1
573,0902,0,1
573,0903,0,1
573,0904,0,1
573,0905,0,1
573,0906,0,1
573,0907,0,1
573,0908,0,1
573,0909,0,1
573,0910,0,1
573,0911,0,1
573,0912,0,1
573,0913,0,1
573,0914,0,1
574,0901,0,1
574,0902,0,1
574,0903,0,1
574,0904,0,1
574,0905,0,1
574,0906,0,1
574,0907,0,1
574,0908,0,1
574,0909,0,1
574,0910,0,1
574,0911,0,1
574,0912,1,1
574,0913,0,1
574,0914,0,1
575,0901,0,1
575,0902,0,1
575,0903,0,1
575,0904,0,1
575,0905,0,1
575,0906,0,1
575,0907,0,1
575,0908,0,1
575,0909,0,1
575,0910,1,1
575,0911,0,1
575,0912,0,1
575,0913,0,1
575,0914,0,1
576,0901,0,1
576,0902,0,1
576,0903,0,1
576,0904,0,1
576,0905,0,1
576,0906,0,1
576,0907,0,1
576,0908,0,1
576,0909,0,1
576,0910,0,1
576,0911,0,1
576,0912,0,1
576,0913,0,1
576,0914,0,1
577,0901,0,1
577,0902,0,1
577,0903,0,1
577,0904,0,1
577,0905,0,1
577,0906,0,1
577,0907,0,1
577,0908,0,1
577,0909,0,1
577,0910,0,1
577,0911,0,1
577,0912,0,1
577,0913,0,1
577,0914,0,1
578,0901,0,1
578,0902,0,1
578,0903,0,1
578,0904,0,1
578,0905,0,1
578,0906,0,1
578,0907,0,1
578,0908,0,1
578,0909,0,1
578,0910,0,1
578,0911,0,1
578,0912,0,1
578,0913,0,1
578,0914,0,1
579,0901,0,1
579,0902,0,1
579,0903,0,1
579,0904,0,1
579,0905,0,1
579,0906,0,1
579,0907,0,1
579,0908,0,1
579,0909,0,1
579,0910,0,1
579,0911,0,1
579,0912,0,1
579,0913,0,1
579,0914,0,1
580,0901,0,1
580,0902,0,1
580,0903,0,1
580,0904,0,1
580,0905,0,1
580,0906,0,1
580,0907,0,1
580,0908,0,1
580,0909,0,1
580,0910,0,1
580,0911,0,1
580,0912,0,1
580,0913,0,1
580,0914,0,1
581,0901,0,1
581,0902,0,1
581,0903,0,1
581,0904,0,1
581,0905,0,1
581,0906,0,1
581,0907,0,1
581,0908,0,1
581,0909,0,1
581,0910,0,1
581,0911,0,1
581,0912,0,1
581,0913,0,1
581,0914,0,1
582,0901,0,1
582,0902,0,1
582,0903,0,1
582,0904,0,1
582,0905,0,1
582,0906,0,1
582,0907,0,1
582,0908,0,1
582,0909,0,1
582,0910,0,1
582,0911,0,1
582,0912,0,1
582,0913,0,1
582,0914,0,1
583,0901,0,1
583,0902,0,1
583,0903,0,1
583,0904,0,1
583,0905,0,1
583,0906,0,1
583,0907,0,1
583,0908,0,1
583,0909,0,1
583,0910,0,1
583,0911,0,1
583,0912,0,1
583,0913,0,1
583,0914,0,1
584,0901,0,1
584,0902,0,1
584,0903,0,1
584,0904,0,1
584,0905,0,1
584,0906,0,1
584,0907,0,1
584,0908,0,1
584,0909,0,1
584,0910,0,1
584,0911,0,1
584,0912,0,1
584,0913,0,1
584,0914,0,1
585,0901,0,1
585,0902,0,1
585,0903,0,1
585,0904,0,1
585,0905,0,1
585,0906,0,1
585,0907,0,1
585,0908,0,1
585,0909,0,1
585,0910,0,1
585,0911,0,1
585,0912,0,1
585,0913,0,1
585,0914,0,1
586,0901,0,1
586,0902,0,1
586,0903,0,1
586,0904,0,1
586,0905,0,1
586,0906,0,1
586,0907,0,1
586,0908,0,1
586,0909,0,1
586,0910,0,1
586,0911,0,1
586,0912,0,1
586,0913,1,1
586,0914,0,1
587,0901,0,1
587,0902,0,1
587,0903,0,1
587,0904,0,1
587,0905,0,1
587,0906,0,1
587,0907,0,1
587,0908,0,1
587,0909,0,1
587,0910,0,1
587,0911,0,1
587,0912,0,1
587,0913,0,1
587,0914,0,1
588,0901,0,1
588,0902,0,1
588,0903,0,1
588,0904,0,1
588,0905,0,1
588,0906,0,1
588,0907,0,1
588,0908,0,1
588,0909,0,1
588,0910,0,1
588,0911,0,1
588,0912,0,1
588,0913,0,1
588,0914,0,1
589,0901,0,1
589,0902,0,1
589,0903,0,1
589,0904,0,1
589,0905,0,1
589,0906,0,1
589,0907,0,1
589,0908,0,1
589,0909,0,1
589,0910,0,1
589,0911,0,1
589,0912,0,1
589,0913,0,1
589,0914,0,1
590,0901,0,1
590,0902,0,1
590,0903,0,1
590,0904,0,1
590,0905,0,1
590,0906,0,1
590,0907,0,1
590,0908,0,1
590,0909,0,1
590,0910,0,1
590,0911,0,1
590,0912,0,1
590,0913,0,1
590,0914,0,1
591,0901,0,1
591,0902,0,1
591,0903,0,1
591,0904,0,1
591,0905,0,1
591,0906,0,1
591,0907,0,1
591,0908,0,1
591,0909,0,1
591,0910,0,1
591,0911,0,1
591,0912,0,1
591,0913,0,1
591,0914,0,1
592,0901,0,1
592,0902,0,1
592,0903,0,1
592,0904,0,1
592,0905,0,1
592,0906,0,1
592,0907,0,1
592,0908,0,1
592,0909,0,1
592,0910,0,1
592,0911,0,1
592,0912,0,1
592,0913,0,1
592,0914,0,1
593,0901,0,1
593,0902,0,1
593,0903,0,1
593,0904,0,1
593,0905,0,1
593,0906,0,1
593,0907,0,1
593,0908,0,1
593,0909,0,1
593,0910,0,1
593,0911,0,1
593,0912,0,1
593,0913,0,1
593,0914,0,1
594,0901,0,1
594,0902,0,1
594,0903,0,1
594,0904,0,1
594,0905,0,1
594,0906,0,1
594,0907,0,1
594,0908,0,1
594,0909,1,1
594,0910,0,1
594,0911,0,1
594,0912,0,1
594,0913,0,1
594,0914,0,1
595,0901,0,1
595,0902,0,1
595,0903,0,1
595,0904,0,1
595,0905,0,1
595,0906,0,1
595,0907,0,1
595,0908,0,1
595,0909,0,1
595,0910,0,1
595,0911,0,1
595,0912,0,1
595,0913,0,1
595,0914,0,1
596,0901,0,1
596,0902,0,1
596,0903,0,1
596,0904,0,1
596,0905,0,1
596,0906,0,1
596,0907,0,1
596,0908,0,1
596,0909,0,1
596,0910,0,1
596,0911,1,1
596,0912,0,1
596,0913,0,1
596,0914,0,1
597,0901,0,1
597,0902,0,1
597,0903,0,1
597,0904,0,1
597,0905,0,1
597,0906,0,1
597,0907,0,1
597,0908,0,1
597,0909,0,1
597,0910,0,1
597,0911,0,1
597,0912,0,1
597,0913,0,1
597,0914,0,1
598,0901,0,1
598,0902,0,1
598,0903,0,1
598,0904,0,1
598,0905,0,1
598,0906,0,1
598,0907,0,1
598,0908,0,1
598,0909,0,1
598,0910,0,1
598,0911,0,1
598,0912,0,1
598,0913,0,1
598,0914,0,1
599,0901,0,1
599,0902,0,1
599,0903,0,1
599,0904,0,1
599,0905,0,1
599,0906,0,1
599,0907,0,1
599,0908,0,1
599,0909,0,1
599,0910,0,1
599,0911,0,1
599,0912,0,1
599,0913,0,1
599,0914,0,1
600,0901,0,1
600,0902,0,1
600,0903,0,1
600,0904,0,1
600,0905,0,1
600,0906,0,1
600,0907,0,1
600,0908,0,1
600,0909,0,1
600,0910,0,1
600,0911,0,1
600,0912,0,1
600,0913,0,1
600,0914,0,1
601,0901,0,1
601,0902,0,1
601,0903,0,1
601,0904,0,1
601,0905,0,1
601,0906,0,1
601,0907,0,1
601,0908,0,1
601,0909,0,1
601,0910,0,1
601,0911,0,1
601,0912,0,1
601,0913,0,1
601,0914,0,1
602,0901,0,1
602,0902,0,1
602,0903,0,1
602,0904,0,1
602,0905,0,1
602,0906,0,1
602,0907,0,1
602,0908,0,1
602,0909,0,1
602,0910,0,1
602,0911,0,1
602,0912,0,1
602,0913,0,1
602,0914,0,1
603,0901,0,1
603,0902,0,1
603,0903,0,1
603,0904,0,1
603,0905,0,1
603,0906,0,1
603,0907,0,1
603,0908,0,1
603,0909,0,1
603,0910,0,1
603,0911,0,1
603,0912,0,1
603,0913,0,1
603,0914,0,1
604,0901,0,1
604,0902,0,1
604,0903,0,1
604,0904,0,1
604,0905,0,1
604,0906,0,1
604,0907,0,1
604,0908,0,1
604,0909,0,1
604,0910,0,1
604,0911,0,1
604,0912,0,1
604,0913,0,1
604,0914,0,1
605,0901,0,1
605,0902,0,1
605,0903,0,1
605,0904,0,1
605,0905,0,1
605,0906,0,1
605,0907,0,1
605,0908,1,1
605,0909,0,1
605,0910,0,1
605,0911,0,1
605,0912,0,1
605,0913,0,1
605,0914,0,1
606,0901,0,1
606,0902,0,1
606,0903,0,1
606,0904,0,1
606,0905,0,1
606,0906,0,1
606,0907,0,1
606,0908,0,1
606,0909,0,1
606,0910,0,1
606,0911,0,1
606,0912,0,1
606,0913,0,1
606,0914,0,1
607,0901,0,1
607,0902,0,1
607,0903,0,1
607,0904,0,1
607,0905,0,1
607,0906,0,1
607,0907,0,1
607,0908,0,1
607,0909,0,1
607,0910,0,1
607,0911,0,1
607,0912,0,1
607,0913,0,1
607,0914,0,1
608,0901,0,1
608,0902,0,1
608,0903,0,1
608,0904,0,1
608,0905,0,1
608,0906,0,1
608,0907,0,1
608,0908,0,1
608,0909,0,1
608,0910,0,1
608,0911,0,1
608,0912,0,1
608,0913,0,1
608,0914,0,1
609,0901,0,1
609,0902,0,1
609,0903,0,1
609,0904,0,1
609,0905,0,1
609,0906,0,1
609,0907,0,1
609,0908,0,1
609,0909,0,1
609,0910,0,1
609,0911,0,1
609,0912,0,1
609,0913,0,1
609,0914,0,1
610,0901,0,1
610,0902,0,1
610,0903,0,1
610,0904,0,1
610,0905,0,1
610,0906,0,1
610,0907,0,1
610,0908,0,1
610,0909,0,1
610,0910,0,1
610,0911,0,1
610,0912,0,1
610,0913,0,1
610,0914,0,1
611,0901,0,1
611,0902,0,1
611,0903,0,1
611,0904,0,1
611,0905,0,1
611,0906,0,1
611,0907,0,1
611,0908,0,1
611,0909,0,1
611,0910,0,1
611,0911,0,1
611,0912,0,1
611,0913,0,1
611,0914,0,1
612,0901,0,1
612,0902,0,1
612,0903,0,1
612,0904,0,1
612,0905,0,1
612,0906,0,1
612,0907,0,1
612,0908,0,1
612,0909,0,1
612,0910,0,1
612,0911,0,1
612,0912,0,1
612,0913,0,1
612,0914,0,1
613,0901,0,1
613,0902,0,1
613,0903,0,1
613,0904,0,1
613,0905,0,1
613,0906,0,1
613,0907,0,1
613,0908,0,1
613,0909,0,1
613,0910,0,1
613,0911,0,1
613,0912,0,1
613,0913,0,1
613,0914,0,1
614,0901,0,1
614,0902,0,1
614,0903,0,1
614,0904,0,1
614,0905,0,1
614,0906,0,1
614,0907,0,1
614,0908,0,1
614,0909,0,1
614,0910,0,1
614,0911,0,1
614,0912,0,1
614,0913,0,1
614,0914,0,1
615,0901,0,1
615,0902,0,1
615,0903,0,1
615,0904,0,1
615,0905,0,1
615,0906,0,1
615,0907,0,1
615,0908,0,1
615,0909,0,1
615,0910,0,1
615,0911,0,1
615,0912,0,1
615,0913,0,1
615,0914,0,1
616,0901,0,1
616,0902,0,1
616,0903,0,1
616,0904,0,1
616,0905,0,1
616,0906,0,1
616,0907,0,1
616,0908,0,1
616,0909,0,1
616,0910,0,1
616,0911,0,1
616,0912,0,1
616,0913,0,1
616,0914,0,1
617,0901,0,1
617,0902,0,1
617,0903,0,1
617,0904,0,1
617,0905,0,1
617,0906,0,1
617,0907,0,1
617,0908,0,1
617,0909,0,1
617,0910,0,1
617,0911,0,1
617,0912,0,1
617,0913,0,1
617,0914,0,1
618,0901,0,1
618,0902,0,1
618,0903,0,1
618,0904,0,1
618,0905,0,1
618,0906,0,1
618,0907,0,1
618,0908,0,1
618,0909,0,1
618,0910,0,1
618,0911,0,1
618,0912,0,1
618,0913,0,1
618,0914,0,1
619,0901,0,1
619,0902,0,1
619,0903,0,1
619,0904,0,1
619,0905,0,1
619,0906,0,1
619,0907,0,1
619,0908,0,1
619,0909,0,1
619,0910,0,1
619,0911,0,1
619,0912,0,1
619,0913,0,1
619,0914,0,1
620,0901,0,1
620,0902,0,1
620,0903,0,1
620,0904,0,1
620,0905,0,1
620,0906,0,1
620,0907,0,1
620,0908,0,1
620,0909,0,1
620,0910,0,1
620,0911,0,1
620,0912,0,1
620,0913,0,1
620,0914,0,1
621,0901,0,1
621,0902,0,1
621,0903,0,1
621,0904,0,1
621,0905,0,1
621,0906,0,1
621,0907,0,1
621,0908,0,1
621,0909,0,1
621,0910,0,1
621,0911,0,1
621,0912,0,1
621,0913,0,1
621,0914,0,1
622,0901,0,1
622,0902,0,1
622,0903,0,1
622,0904,0,1
622,0905,0,1
622,0906,0,1
622,0907,0,1
622,0908,1,1
622,0909,0,1
622,0910,0,1
622,0911,0,1
622,0912,0,1
622,0913,0,1
622,0914,0,1
623,0901,0,1
623,0902,0,1
623,0903,0,1
623,0904,0,1
623,0905,0,1
623,0906,0,1
623,0907,0,1
623,0908,0,1
623,0909,0,1
623,0910,0,1
623,0911,0,1
623,0912,0,1
623,0913,0,1
623,0914,0,1
624,0901,0,1
624,0902,0,1
624,0903,0,1
624,0904,0,1
624,0905,0,1
624,0906,0,1
624,0907,0,1
624,0908,0,1
624,0909,0,1
624,0910,1,1
624,0911,0,1
624,0912,0,1
624,0913,0,1
624,0914,0,1
625,0901,0,1
625,0902,0,1
625,0903,0,1
625,0904,0,1
625,0905,0,1
625,0906,0,1
625,0907,0,1
625,0908,0,1
625,0909,0,1
625,0910,0,1
625,0911,0,1
625,0912,0,1
625,0913,0,1
625,0914,0,1
626,0901,0,1
626,0902,0,1
626,0903,0,1
626,0904,0,1
626,0905,0,1
626,0906,0,1
626,0907,0,1
626,0908,0,1
626,0909,0,1
626,0910,0,1
626,0911,0,1
626,0912,0,1
626,0913,0,1
626,0914,0,1
627,0901,0,1
627,0902,0,1
627,0903,0,1
627,0904,0,1
627,0905,0,1
627,0906,0,1
627,0907,0,1
627,0908,0,1
627,0909,0,1
627,0910,0,1
627,0911,0,1
627,0912,0,1
627,0913,0,1
627,0914,0,1
628,0901,0,1
628,0902,0,1
628,0903,0,1
628,0904,0,1
628,0905,0,1
628,0906,0,1
628,0907,0,1
628,0908,0,1
628,0909,0,1
628,0910,0,1
628,0911,0,1
628,0912,0,1
628,0913,0,1
628,0914,0,1
629,0901,0,1
629,0902,0,1
629,0903,0,1
629,0904,0,1
629,0905,0,1
629,0906,0,1
629,0907,0,1
629,0908,0,1
629,0909,0,1
629,0910,0,1
629,0911,0,1
629,0912,0,1
629,0913,0,1
629,0914,0,1
630,0901,0,1
630,0902,0,1
630,0903,0,1
630,0904,0,1
630,0905,0,1
630,0906,0,1
630,0907,0,1
630,0908,0,1
630,0909,0,1
630,0910,0,1
630,0911,0,1
630,0912,0,1
630,0913,0,1
630,0914,0,1
631,0901,0,1
631,0902,0,1
631,0903,0,1
631,0904,0,1
631,0905,0,1
631,0906,0,1
631,0907,0,1
631,0908,0,1
631,0909,0,1
631,0910,0,1
631,0911,0,1
631,0912,0,1
631,0913,0,1
631,0914,0,1
632,0901,0,1
632,0902,0,1
632,0903,0,1
632,0904,0,1
632,0905,0,1
632,0906,0,1
632,0907,0,1
632,0908,0,1
632,0909,0,1
632,0910,0,1
632,0911,0,1
632,0912,0,1
632,0913,0,1
632,0914,0,1
633,0901,0,1
633,0902,0,1
633,0903,0,1
633,0904,0,1
633,0905,0,1
633,0906,0,1
633,0907,0,1
633,0908,0,1
633,0909,0,1
633,0910,0,1
633,0911,0,1
633,0912,0,1
633,0913,0,1
633,0914,0,1
634,0901,0,1
634,0902,0,1
634,0903,0,1
634,0904,0,1
634,0905,0,1
634,0906,0,1
634,0907,0,1
634,0908,0,1
634,0909,0,1
634,0910,0,1
634,0911,0,1
634,0912,0,1
634,0913,0,1
634,0914,0,1
635,0901,0,1
635,0902,0,1
635,0903,0,1
635,0904,0,1
635,0905,0,1
635,0906,0,1
635,0907,0,1
635,0908,0,1
635,0909,0,1
635,0910,1,1
635,0911,0,1
635,0912,0,1
635,0913,0,1
635,0914,0,1
636,0901,0,1
636,0902,0,1
636,0903,0,1
636,0904,0,1
636,0905,0,1
636,0906,0,1
636,0907,0,1
636,0908,0,1
636,0909,0,1
636,0910,0,1
636,0911,1,1
636,0912,0,1
636,0913,0,1
636,0914,0,1
637,0901,0,1
637,0902,0,1
637,0903,0,1
637,0904,0,1
637,0905,0,1
637,0906,0,1
637,0907,0,1
637,0908,0,1
637,0909,0,1
637,0910,0,1
637,0911,0,1
637,0912,0,1
637,0913,0,1
637,0914,0,1
638,0901,0,1
638,0902,0,1
638,0903,0,1
638,0904,0,1
638,0905,0,1
638,0906,0,1
638,0907,0,1
638,0908,0,1
638,0909,0,1
638,0910,0,1
638,0911,0,1
638,0912,0,1
638,0913,0,1
638,0914,0,1
639,0901,0,1
639,0902,0,1
639,0903,0,1
639,0904,0,1
639,0905,0,1
639,0906,0,1
639,0907,0,1
639,0908,0,1
639,0909,0,1
639,0910,0,1
639,0911,0,1
639,0912,0,1
639,0913,0,1
639,0914,0,1
640,0901,0,1
640,0902,0,1
640,0903,0,1
640,0904,0,1
640,0905,0,1
640,0906,0,1
640,0907,0,1
640,0908,0,1
640,0909,0,1
640,0910,0,1
640,0911,0,1
640,0912,0,1
640,0913,0,1
640,0914,0,1
641,0901,0,1
641,0902,0,1
641,0903,0,1
641,0904,0,1
641,0905,0,1
641,0906,0,1
641,0907,0,1
641,0908,0,1
641,0909,0,1
641,0910,0,1
641,0911,0,1
641,0912,0,1
641,0913,0,1
641,0914,0,1
642,0901,0,1
642,0902,0,1
642,0903,0,1
642,0904,0,1
642,0905,0,1
642,0906,0,1
642,0907,0,1
642,0908,0,1
642,0909,0,1
642,0910,1,1
642,0911,0,1
642,0912,0,1
642,0913,0,1
642,0914,0,1
643,0901,0,1
643,0902,0,1
643,0903,0,1
643,0904,0,1
643,0905,0,1
643,0906,0,1
643,0907,0,1
643,0908,0,1
643,0909,0,1
643,0910,0,1
643,0911,0,1
643,0912,0,1
643,0913,0,1
643,0914,0,1
644,0901,0,1
644,0902,0,1
644,0903,0,1
644,0904,0,1
644,0905,0,1
644,0906,0,1
644,0907,0,1
644,0908,1,1
644,0909,0,1
644,0910,0,1
644,0911,0,1
644,0912,0,1
644,0913,0,1
644,0914,0,1
645,0901,0,1
645,0902,0,1
645,0903,0,1
645,0904,0,1
645,0905,0,1
645,0906,0,1
645,0907,0,1
645,0908,0,1
645,0909,0,1
645,0910,0,1
645,0911,0,1
645,0912,0,1
645,0913,0,1
645,0914,0,1
646,0901,0,1
646,0902,0,1
646,0903,0,1
646,0904,0,1
646,0905,0,1
646,0906,0,1
646,0907,0,1
646,0908,0,1
646,0909,0,1
646,0910,0,1
646,0911,0,1
646,0912,0,1
646,0913,0,1
646,0914,0,1
647,0901,0,1
647,0902,0,1
647,0903,0,1
647,0904,0,1
647,0905,0,1
647,0906,0,1
647,0907,0,1
647,0908,0,1
647,0909,0,1
647,0910,0,1
647,0911,0,1
647,0912,0,1
647,0913,0,1
647,0914,0,1
648,0901,0,1
648,0902,0,1
648,0903,0,1
648,0904,0,1
648,0905,0,1
648,0906,0,1
648,0907,0,1
648,0908,0,1
648,0909,0,1
648,0910,0,1
648,0911,0,1
648,0912,0,1
648,0913,0,1
648,0914,0,1
649,0901,0,1
649,0902,0,1
649,0903,0,1
649,0904,0,1
649,0905,0,1
649,0906,0,1
649,0907,0,1
649,0908,0,1
649,0909,0,1
649,0910,0,1
649,0911,0,1
649,0912,0,1
649,0913,0,1
649,0914,0,1
650,0901,0,1
650,0902,0,1
650,0903,0,1
650,0904,0,1
650,0905,0,1
650,0906,0,1
650,0907,0,1
650,0908,0,1
650,0909,0,1
650,0910,0,1
650,0911,0,1
650,0912,0,1
650,0913,0,1
650,0914,0,1
651,0901,0,1
651,0902,0,1
651,0903,0,1
651,0904,0,1
651,0905,0,1
651,0906,0,1
651,0907,0,1
651,0908,0,1
651,0909,0,1
651,0910,0,1
651,0911,0,1
651,0912,0,1
651,0913,0,1
651,0914,0,1
652,0901,0,1
652,0902,0,1
652,0903,0,1
652,0904,0,1
652,0905,0,1
652,0906,0,1
652,0907,0,1
652,0908,1,1
652,0909,0,1
652,0910,0,1
652,0911,0,1
652,0912,0,1
652,0913,0,1
652,0914,0,1
653,0901,0,1
653,0902,0,1
653,0903,0,1
653,0904,0,1
653,0905,0,1
653,0906,0,1
653,0907,0,1
653,0908,0,1
653,0909,0,1
653,0910,0,1
653,0911,0,1
653,0912,0,1
653,0913,0,1
653,0914,0,1
654,0901,0,1
654,0902,0,1
654,0903,0,1
654,0904,0,1
654,0905,0,1
654,0906,0,1
654,0907,0,1
654,0908,0,1
654,0909,0,1
654,0910,0,1
654,0911,0,1
654,0912,0,1
654,0913,1,1
654,0914,0,1
655,0901,0,1
655,0902,0,1
655,0903,0,1
655,0904,0,1
655,0905,0,1
655,0906,0,1
655,0907,0,1
655,0908,0,1
655,0909,0,1
655,0910,0,1
655,0911,0,1
655,0912,0,1
655,0913,0,1
655,0914,0,1
656,0901,0,1
656,0902,0,1
656,0903,0,1
656,0904,0,1
656,0905,0,1
656,0906,0,1
656,0907,0,1
656,0908,0,1
656,0909,0,1
656,0910,0,1
656,0911,0,1
656,0912,0,1
656,0913,0,1
656,0914,0,1
657,0901,0,1
657,0902,0,1
657,0903,0,1
657,0904,0,1
657,0905,0,1
657,0906,0,1
657,0907,0,1
657,0908,0,1
657,0909,0,1
657,0910,0,1
657,0911,0,1
657,0912,0,1
657,0913,0,1
657,0914,0,1
658,0901,0,1
658,0902,0,1
658,0903,0,1
658,0904,0,1
658,0905,0,1
658,0906,0,1
658,0907,0,1
658,0908,0,1
658,0909,0,1
658,0910,0,1
658,0911,1,1
658,0912,0,1
658,0913,0,1
658,0914,0,1
659,0901,0,1
659,0902,0,1
659,0903,0,1
659,0904,0,1
659,0905,0,1
659,0906,0,1
659,0907,0,1
659,0908,0,1
659,0909,0,1
659,0910,0,1
659,0911,0,1
659,0912,0,1
659,0913,0,1
659,0914,0,1
660,0901,0,1
660,0902,0,1
660,0903,0,1
660,0904,0,1
660,0905,0,1
660,0906,0,1
660,0907,0,1
660,0908,0,1
660,0909,0,1
660,0910,0,1
660,0911,0,1
660,0912,0,1
660,0913,0,1
660,0914,0,1
661,0901,0,1
661,0902,0,1
661,0903,0,1
661,0904,0,1
661,0905,0,1
661,0906,0,1
661,0907,0,1
661,0908,0,1
661,0909,0,1
661,0910,0,1
661,0911,0,1
661,0912,0,1
661,0913,0,1
661,0914,0,1
662,0901,0,1
662,0902,0,1
662,0903,0,1
662,0904,0,1
662,0905,0,1
662,0906,0,1
662,0907,0,1
662,0908,0,1
662,0909,0,1
662,0910,1,1
662,0911,0,1
662,0912,1,1
662,0913,0,1
662,0914,0,1
663,0901,0,1
663,0902,0,1
663,0903,0,1
663,0904,0,1
663,0905,0,1
663,0906,0,1
663,0907,0,1
663,0908,0,1
663,0909,0,1
663,0910,0,1
663,0911,0,1
663,0912,0,1
663,0913,0,1
663,0914,0,1
664,0901,0,1
664,0902,0,1
664,0903,0,1
664,0904,0,1
664,0905,0,1
664,0906,0,1
664,0907,0,1
664,0908,0,1
664,0909,0,1
664,0910,0,1
664,0911,0,1
664,0912,0,1
664,0913,1,1
664,0914,0,1
665,0901,0,1
665,0902,0,1
665,0903,0,1
665,0904,0,1
665,0905,0,1
665,0906,0,1
665,0907,0,1
665,0908,0,1
665,0909,0,1
665,0910,0,1
665,0911,0,1
665,0912,0,1
665,0913,0,1
665,0914,0,1
666,0901,0,1
666,0902,0,1
666,0903,0,1
666,0904,0,1
666,0905,0,1
666,0906,0,1
666,0907,0,1
666,0908,0,1
666,0909,1,1
666,0910,0,1
666,0911,0,1
666,0912,0,1
666,0913,0,1
666,0914,0,1
667,0901,0,1
667,0902,0,1
667,0903,0,1
667,0904,0,1
667,0905,0,1
667,0906,0,1
667,0907,0,1
667,0908,0,1
667,0909,0,1
667,0910,0,1
667,0911,0,1
667,0912,0,1
667,0913,0,1
667,0914,0,1
668,0901,0,1
668,0902,0,1
668,0903,0,1
668,0904,0,1
668,0905,0,1
668,0906,0,1
668,0907,0,1
668,0908,0,1
668,0909,0,1
668,0910,0,1
668,0911,0,1
668,0912,0,1
668,0913,0,1
668,0914,0,1
669,0901,0,1
669,0902,0,1
669,0903,0,1
669,0904,0,1
669,0905,0,1
669,0906,0,1
669,0907,0,1
669,0908,0,1
669,0909,0,1
669,0910,0,1
669,0911,0,1
669,0912,0,1
669,0913,0,1
669,0914,0,1
670,0901,0,1
670,0902,0,1
670,0903,0,1
670,0904,0,1
670,0905,0,1
670,0906,0,1
670,0907,0,1
670,0908,0,1
670,0909,0,1
670,0910,0,1
670,0911,0,1
670,0912,0,1
670,0913,0,1
670,0914,0,1
671,0901,0,1
671,0902,0,1
671,0903,0,1
671,0904,0,1
671,0905,0,1
671,0906,0,1
671,0907,0,1
671,0908,0,1
671,0909,0,1
671,0910,0,1
671,0911,0,1
671,0912,0,1
671,0913,0,1
671,0914,0,1
672,0901,0,1
672,0902,0,1
672,0903,0,1
672,0904,0,1
672,0905,0,1
672,0906,0,1
672,0907,0,1
672,0908,0,1
672,0909,0,1
672,0910,0,1
672,0911,0,1
672,0912,0,1
672,0913,0,1
672,0914,0,1
673,0901,0,1
673,0902,0,1
673,0903,0,1
673,0904,0,1
673,0905,0,1
673,0906,0,1
673,0907,0,1
673,0908,0,1
673,0909,0,1
673,0910,0,1
673,0911,1,1
673,0912,0,1
673,0913,0,1
673,0914,0,1
674,0901,0,1
674,0902,0,1
674,0903,0,1
674,0904,0,1
674,0905,0,1
674,0906,0,1
674,0907,0,1
674,0908,1,1
674,0909,0,1
674,0910,0,1
674,0911,0,1
674,0912,0,1
674,0913,0,1
674,0914,0,1
675,0901,0,1
675,0902,0,1
675,0903,0,1
675,0904,0,1
675,0905,0,1
675,0906,0,1
675,0907,0,1
675,0908,0,1
675,0909,0,1
675,0910,0,1
675,0911,0,1
675,0912,0,1
675,0913,0,1
675,0914,1,1
676,0901,0,1
676,0902,0,1
676,0903,0,1
676,0904,0,1
676,0905,0,1
676,0906,0,1
676,0907,0,1
676,0908,0,1
676,0909,0,1
676,0910,0,1
676,0911,0,1
676,0912,0,1
676,0913,0,1
676,0914,0,1
677,0901,0,1
677,0902,0,1
677,0903,0,1
677,0904,0,1
677,0905,0,1
677,0906,0,1
677,0907,0,1
677,0908,0,1
677,0909,1,1
677,0910,0,1
677,0911,0,1
677,0912,0,1
677,0913,0,1
677,0914,0,1
678,0901,0,1
678,0902,0,1
678,0903,0,1
678,0904,0,1
678,0905,0,1
678,0906,0,1
678,0907,0,1
678,0908,0,1
678,0909,0,1
678,0910,0,1
678,0911,0,1
678,0912,0,1
678,0913,0,1
678,0914,0,1
679,0901,0,1
679,0902,0,1
679,0903,0,1
679,0904,0,1
679,0905,0,1
679,0906,0,1
679,0907,0,1
679,0908,0,1
679,0909,0,1
679,0910,0,1
679,0911,0,1
679,0912,0,1
679,0913,0,1
679,0914,0,1
680,0901,0,1
680,0902,0,1
680,0903,0,1
680,0904,0,1
680,0905,0,1
680,0906,0,1
680,0907,0,1
680,0908,0,1
680,0909,0,1
680,0910,0,1
680,0911,0,1
680,0912,0,1
680,0913,0,1
680,0914,0,1
681,0901,0,1
681,0902,0,1
681,0903,0,1
681,0904,0,1
681,0905,0,1
681,0906,0,1
681,0907,0,1
681,0908,0,1
681,0909,0,1
681,0910,0,1
681,0911,0,1
681,0912,0,1
681,0913,0,1
681,0914,0,1
682,0901,0,1
682,0902,0,1
682,0903,0,1
682,0904,0,1
682,0905,0,1
682,0906,0,1
682,0907,0,1
682,0908,0,1
682,0909,0,1
682,0910,0,1
682,0911,0,1
682,0912,0,1
682,0913,0,1
682,0914,0,1
683,0901,0,1
683,0902,0,1
683,0903,0,1
683,0904,0,1
683,0905,0,1
683,0906,0,1
683,0907,0,1
683,0908,0,1
683,0909,0,1
683,0910,0,1
683,0911,0,1
683,0912,0,1
683,0913,0,1
683,0914,0,1
684,0901,0,1
684,0902,0,1
684,0903,0,1
684,0904,0,1
684,0905,0,1
684,0906,0,1
684,0907,0,1
684,0908,0,1
684,0909,0,1
684,0910,0,1
684,0911,0,1
684,0912,0,1
684,0913,0,1
684,0914,0,1
685,0901,0,1
685,0902,0,1
685,0903,0,1
685,0904,0,1
685,0905,0,1
685,0906,0,1
685,0907,0,1
685,0908,0,1
685,0909,0,1
685,0910,0,1
685,0911,0,1
685,0912,0,1
685,0913,0,1
685,0914,0,1
686,0901,0,1
686,0902,0,1
686,0903,0,1
686,0904,0,1
686,0905,0,1
686,0906,0,1
686,0907,0,1
686,0908,0,1
686,0909,0,1
686,0910,0,1
686,0911,0,1
686,0912,0,1
686,0913,0,1
686,0914,0,1
687,0901,0,1
687,0902,0,1
687,0903,0,1
687,0904,0,1
687,0905,0,1
687,0906,0,1
687,0907,0,1
687,0908,0,1
687,0909,0,1
687,0910,0,1
687,0911,0,1
687,0912,0,1
687,0913,0,1
687,0914,0,1
688,0901,0,1
688,0902,0,1
688,0903,0,1
688,0904,0,1
688,0905,0,1
688,0906,0,1
688,0907,0,1
688,0908,0,1
688,0909,0,1
688,0910,0,1
688,0911,0,1
688,0912,0,1
688,0913,0,1
688,0914,0,1
689,0901,0,1
689,0902,0,1
689,0903,0,1
689,0904,0,1
689,0905,0,1
689,0906,0,1
689,0907,0,1
689,0908,0,1
689,0909,0,1
689,0910,0,1
689,0911,0,1
689,0912,0,1
689,0913,0,1
689,0914,0,1
690,0901,0,1
690,0902,0,1
690,0903,0,1
690,0904,0,1
690,0905,0,1
690,0906,0,1
690,0907,0,1
690,0908,0,1
690,0909,0,1
690,0910,0,1
690,0911,0,1
690,0912,0,1
690,0913,0,1
690,0914,0,1
691,0901,0,1
691,0902,0,1
691,0903,0,1
691,0904,0,1
691,0905,0,1
691,0906,0,1
691,0907,0,1
691,0908,0,1
691,0909,0,1
691,0910,0,1
691,0911,0,1
691,0912,0,1
691,0913,0,1
691,0914,0,1
692,0901,0,1
692,0902,0,1
692,0903,0,1
692,0904,0,1
692,0905,0,1
692,0906,0,1
692,0907,0,1
692,0908,0,1
692,0909,0,1
692,0910,0,1
692,0911,0,1
692,0912,0,1
692,0913,0,1
692,0914,0,1
693,0901,0,1
693,0902,0,1
693,0903,0,1
693,0904,0,1
693,0905,0,1
693,0906,0,1
693,0907,0,1
693,0908,0,1
693,0909,0,1
693,0910,0,1
693,0911,0,1
693,0912,0,1
693,0913,0,1
693,0914,0,1
694,0901,0,1
694,0902,0,1
694,0903,0,1
694,0904,0,1
694,0905,0,1
694,0906,0,1
694,0907,0,1
694,0908,0,1
694,0909,0,1
694,0910,0,1
694,0911,0,1
694,0912,0,1
694,0913,0,1
694,0914,0,1
695,0901,0,1
695,0902,0,1
695,0903,0,1
695,0904,0,1
695,0905,0,1
695,0906,0,1
695,0907,0,1
695,0908,0,1
695,0909,0,1
695,0910,0,1
695,0911,0,1
695,0912,1,1
695,0913,0,1
695,0914,0,1
696,0901,0,1
696,0902,0,1
696,0903,0,1
696,0904,0,1
696,0905,0,1
696,0906,0,1
696,0907,0,1
696,0908,0,1
696,0909,0,1
696,0910,0,1
696,0911,0,1
696,0912,0,1
696,0913,0,1
696,0914,0,1
697,0901,0,1
697,0902,0,1
697,0903,0,1
697,0904,0,1
697,0905,0,1
697,0906,0,1
697,0907,0,1
697,0908,1,1
697,0909,0,1
697,0910,0,1
697,0911,0,1
697,0912,0,1
697,0913,0,1
697,0914,0,1
698,0901,0,1
698,0902,0,1
698,0903,0,1
698,0904,0,1
698,0905,0,1
698,0906,0,1
698,0907,0,1
698,0908,0,1
698,0909,0,1
698,0910,0,1
698,0911,0,1
698,0912,0,1
698,0913,0,1
698,0914,0,1
699,0901,0,1
699,0902,0,1
699,0903,0,1
699,0904,0,1
699,0905,0,1
699,0906,0,1
699,0907,0,1
699,0908,0,1
699,0909,0,1
699,0910,0,1
699,0911,0,1
699,0912,0,1
699,0913,0,1
699,0914,0,1
700,0901,0,1
700,0902,0,1
700,0903,0,1
700,0904,0,1
700,0905,0,1
700,0906,0,1
700,0907,0,1
700,0908,0,1
700,0909,0,1
700,0910,0,1
700,0911,0,1
700,0912,0,1
700,0913,0,1
700,0914,0,1
701,0901,0,1
701,0902,0,1
701,0903,0,1
701,0904,0,1
701,0905,0,1
701,0906,0,1
701,0907,0,1
701,0908,0,1
701,0909,0,1
701,0910,0,1
701,0911,0,1
701,0912,0,1
701,0913,0,1
701,0914,0,1
702,0901,0,1
702,0902,0,1
702,0903,0,1
702,0904,0,1
702,0905,0,1
702,0906,0,1
702,0907,0,1
702,0908,0,1
702,0909,0,1
702,0910,0,1
702,0911,1,1
702,0912,0,1
702,0913,0,1
702,0914,0,1
703,0901,0,1
703,0902,0,1
703,0903,0,1
703,0904,0,1
703,0905,0,1
703,0906,0,1
703,0907,0,1
703,0908,0,1
703,0909,0,1
703,0910,0,1
703,0911,0,1
703,0912,0,1
703,0913,0,1
703,0914,0,1
704,0901,0,1
704,0902,0,1
704,0903,0,1
704,0904,0,1
704,0905,0,1
704,0906,0,1
704,0907,0,1
704,0908,0,1
704,0909,0,1
704,0910,0,1
704,0911,0,1
704,0912,0,1
704,0913,0,1
704,0914,0,1
705,0901,0,1
705,0902,0,1
705,0903,0,1
705,0904,0,1
705,0905,0,1
705,0906,0,1
705,0907,0,1
705,0908,0,1
705,0909,0,1
705,0910,0,1
705,0911,1,1
705,0912,0,1
705,0913,0,1
705,0914,0,1
706,0901,0,1
706,0902,0,1
706,0903,0,1
706,0904,0,1
706,0905,0,1
706,0906,0,1
706,0907,0,1
706,0908,0,1
706,0909,0,1
706,0910,1,1
706,0911,0,1
706,0912,0,1
706,0913,0,1
706,0914,0,1
707,0901,0,1
707,0902,0,1
707,0903,0,1
707,0904,0,1
707,0905,0,1
707,0906,0,1
707,0907,0,1
707,0908,0,1
707,0909,0,1
707,0910,0,1
707,0911,0,1
707,0912,0,1
707,0913,0,1
707,0914,0,1
708,0901,0,1
708,0902,0,1
708,0903,0,1
708,0904,0,1
708,0905,0,1
708,0906,0,1
708,0907,0,1
708,0908,0,1
708,0909,0,1
708,0910,0,1
708,0911,0,1
708,0912,0,1
708,0913,0,1
708,0914,0,1
709,0901,0,1
709,0902,0,1
709,0903,0,1
709,0904,0,1
709,0905,0,1
709,0906,0,1
709,0907,0,1
709,0908,0,1
709,0909,0,1
709,0910,0,1
709,0911,0,1
709,0912,0,1
709,0913,0,1
709,0914,0,1
710,0901,0,1
710,0902,0,1
710,0903,0,1
710,0904,0,1
710,0905,0,1
710,0906,0,1
710,0907,0,1
710,0908,0,1
710,0909,1,1
710,0910,0,1
710,0911,0,1
710,0912,0,1
710,0913,0,1
710,0914,0,1
711,0901,0,1
711,0902,0,1
711,0903,0,1
711,0904,0,1
711,0905,0,1
711,0906,0,1
711,0907,0,1
711,0908,0,1
711,0909,0,1
711,0910,0,1
711,0911,0,1
711,0912,0,1
711,0913,0,1
711,0914,0,1
712,0901,0,1
712,0902,0,1
712,0903,0,1
712,0904,0,1
712,0905,0,1
712,0906,0,1
712,0907,0,1
712,0908,0,1
712,0909,1,1
712,0910,0,1
712,0911,0,1
712,0912,0,1
712,0913,0,1
712,0914,0,1
713,0901,0,1
713,0902,0,1
713,0903,0,1
713,0904,0,1
713,0905,0,1
713,0906,0,1
713,0907,0,1
713,0908,0,1
713,0909,0,1
713,0910,0,1
713,0911,0,1
713,0912,0,1
713,0913,0,1
713,0914,0,1
714,0901,0,1
714,0902,0,1
714,0903,0,1
714,0904,0,1
714,0905,0,1
714,0906,0,1
714,0907,0,1
714,0908,0,1
714,0909,0,1
714,0910,0,1
714,0911,0,1
714,0912,0,1
714,0913,0,1
714,0914,0,1
715,0901,0,1
715,0902,0,1
715,0903,0,1
715,0904,0,1
715,0905,0,1
715,0906,0,1
715,0907,0,1
715,0908,0,1
715,0909,0,1
715,0910,0,1
715,0911,0,1
715,0912,0,1
715,0913,0,1
715,0914,0,1
716,0901,0,1
716,0902,0,1
716,0903,0,1
716,0904,0,1
716,0905,0,1
716,0906,0,1
716,0907,0,1
716,0908,0,1
716,0909,0,1
716,0910,0,1
716,0911,0,1
716,0912,0,1
716,0913,0,1
716,0914,0,1
717,0901,0,1
717,0902,0,1
717,0903,0,1
717,0904,0,1
717,0905,0,1
717,0906,0,1
717,0907,0,1
717,0908,0,1
717,0909,0,1
717,0910,0,1
717,0911,0,1
717,0912,0,1
717,0913,0,1
717,0914,0,1
718,0901,0,1
718,0902,0,1
718,0903,0,1
718,0904,0,1
718,0905,0,1
718,0906,0,1
718,0907,0,1
718,0908,0,1
718,0909,0,1
718,0910,0,1
718,0911,0,1
718,0912,0,1
718,0913,0,1
718,0914,0,1
719,0901,0,1
719,0902,0,1
719,0903,0,1
719,0904,0,1
719,0905,0,1
719,0906,0,1
719,0907,0,1
719,0908,0,1
719,0909,0,1
719,0910,0,1
719,0911,0,1
719,0912,0,1
719,0913,0,1
719,0914,0,1
720,0901,0,1
720,0902,0,1
720,0903,0,1
720,0904,0,1
720,0905,0,1
720,0906,0,1
720,0907,0,1
720,0908,0,1
720,0909,0,1
720,0910,0,1
720,0911,0,1
720,0912,0,1
720,0913,0,1
720,0914,0,1
721,0901,0,1
721,0902,0,1
721,0903,0,1
721,0904,0,1
721,0905,0,1
721,0906,0,1
721,0907,0,1
721,0908,0,1
721,0909,0,1
721,0910,0,1
721,0911,0,1
721,0912,0,1
721,0913,0,1
721,0914,0,1
722,0901,0,1
722,0902,0,1
722,0903,0,1
722,0904,0,1
722,0905,0,1
722,0906,0,1
722,0907,0,1
722,0908,0,1
722,0909,0,1
722,0910,0,1
722,0911,0,1
722,0912,0,1
722,0913,1,1
722,0914,0,1
723,0901,0,1
723,0902,0,1
723,0903,0,1
723,0904,0,1
723,0905,0,1
723,0906,0,1
723,0907,0,1
723,0908,0,1
723,0909,0,1
723,0910,0,1
723,0911,0,1
723,0912,0,1
723,0913,0,1
723,0914,0,1
724,0901,0,1
724,0902,0,1
724,0903,0,1
724,0904,0,1
724,0905,0,1
724,0906,0,1
724,0907,0,1
724,0908,0,1
724,0909,0,1
724,0910,0,1
724,0911,0,1
724,0912,0,1
724,0913,0,1
724,0914,0,1
725,0901,0,1
725,0902,0,1
725,0903,0,1
725,0904,0,1
725,0905,0,1
725,0906,0,1
725,0907,0,1
725,0908,0,1
725,0909,0,1
725,0910,0,1
725,0911,0,1
725,0912,0,1
725,0913,0,1
725,0914,0,1
726,0901,0,1
726,0902,0,1
726,0903,0,1
726,0904,0,1
726,0905,0,1
726,0906,0,1
726,0907,0,1
726,0908,0,1
726,0909,0,1
726,0910,0,1
726,0911,1,1
726,0912,0,1
726,0913,0,1
726,0914,0,1
727,0901,0,1
727,0902,0,1
727,0903,0,1
727,0904,0,1
727,0905,0,1
727,0906,0,1
727,0907,0,1
727,0908,0,1
727,0909,0,1
727,0910,0,1
727,0911,0,1
727,0912,0,1
727,0913,0,1
727,0914,0,1
728,0901,0,1
728,0902,0,1
728,0903,0,1
728,0904,0,1
728,0905,0,1
728,0906,0,1
728,0907,0,1
728,0908,0,1
728,0909,0,1
728,0910,0,1
728,0911,0,1
728,0912,0,1
728,0913,0,1
728,0914,0,1
729,0901,0,1
729,0902,0,1
729,0903,0,1
729,0904,0,1
729,0905,0,1
729,0906,0,1
729,0907,0,1
729,0908,0,1
729,0909,0,1
729,0910,0,1
729,0911,0,1
729,0912,0,1
729,0913,0,1
729,0914,0,1
730,0901,0,1
730,0902,0,1
730,0903,0,1
730,0904,0,1
730,0905,0,1
730,0906,0,1
730,0907,0,1
730,0908,0,1
730,0909,0,1
730,0910,0,1
730,0911,0,1
730,0912,0,1
730,0913,0,1
730,0914,0,1
731,0901,0,1
731,0902,0,1
731,0903,0,1
731,0904,0,1
731,0905,0,1
731,0906,0,1
731,0907,0,1
731,0908,0,1
731,0909,0,1
731,0910,0,1
731,0911,0,1
731,0912,0,1
731,0913,0,1
731,0914,0,1
732,0901,0,1
732,0902,0,1
732,0903,0,1
732,0904,0,1
732,0905,0,1
732,0906,0,1
732,0907,0,1
732,0908,0,1
732,0909,0,1
732,0910,0,1
732,0911,0,1
732,0912,0,1
732,0913,0,1
732,0914,0,1
733,0901,0,1
733,0902,0,1
733,0903,0,1
733,0904,0,1
733,0905,0,1
733,0906,0,1
733,0907,0,1
733,0908,0,1
733,0909,0,1
733,0910,0,1
733,0911,0,1
733,0912,0,1
733,0913,0,1
733,0914,0,1
734,0901,0,1
734,0902,0,1
734,0903,0,1
734,0904,0,1
734,0905,0,1
734,0906,0,1
734,0907,0,1
734,0908,0,1
734,0909,0,1
734,0910,0,1
734,0911,0,1
734,0912,0,1
734,0913,0,1
734,0914,0,1
735,0901,0,1
735,0902,0,1
735,0903,0,1
735,0904,0,1
735,0905,0,1
735,0906,0,1
735,0907,0,1
735,0908,0,1
735,0909,0,1
735,0910,0,1
735,0911,0,1
735,0912,0,1
735,0913,0,1
735,0914,0,1
736,0901,0,1
736,0902,0,1
736,0903,0,1
736,0904,0,1
736,0905,0,1
736,0906,0,1
736,0907,0,1
736,0908,0,1
736,0909,0,1
736,0910,0,1
736,0911,0,1
736,0912,0,1
736,0913,0,1
736,0914,0,1
737,0901,0,1
737,0902,0,1
737,0903,0,1
737,0904,0,1
737,0905,0,1
737,0906,0,1
737,0907,0,1
737,0908,0,1
737,0909,0,1
737,0910,0,1
737,0911,0,1
737,0912,0,1
737,0913,0,1
737,0914,0,1
738,0901,0,1
738,0902,0,1
738,0903,0,1
738,0904,0,1
738,0905,0,1
738,0906,0,1
738,0907,0,1
738,0908,0,1
738,0909,0,1
738,0910,0,1
738,0911,0,1
738,0912,0,1
738,0913,0,1
738,0914,0,1
739,0901,0,1
739,0902,0,1
739,0903,0,1
739,0904,0,1
739,0905,0,1
739,0906,0,1
739,0907,0,1
739,0908,0,1
739,0909,0,1
739,0910,0,1
739,0911,0,1
739,0912,0,1
739,0913,0,1
739,0914,0,1
740,0901,0,1
740,0902,0,1
740,0903,0,1
740,0904,0,1
740,0905,0,1
740,0906,0,1
740,0907,0,1
740,0908,0,1
740,0909,0,1
740,0910,0,1
740,0911,0,1
740,0912,0,1
740,0913,0,1
740,0914,0,1
741,0901,0,1
741,0902,0,1
741,0903,0,1
741,0904,0,1
741,0905,0,1
741,0906,0,1
741,0907,0,1
741,0908,0,1
741,0909,0,1
741,0910,0,1
741,0911,0,1
741,0912,0,1
741,0913,0,1
741,0914,0,1
742,0901,0,1
742,0902,0,1
742,0903,0,1
742,0904,0,1
742,0905,0,1
742,0906,0,1
742,0907,0,1
742,0908,0,1
742,0909,0,1
742,0910,0,1
742,0911,0,1
742,0912,0,1
742,0913,0,1
742,0914,0,1
743,0901,0,1
743,0902,0,1
743,0903,0,1
743,0904,0,1
743,0905,0,1
743,0906,0,1
743,0907,0,1
743,0908,0,1
743,0909,0,1
743,0910,0,1
743,0911,0,1
743,0912,0,1
743,0913,0,1
743,0914,0,1
744,0901,0,1
744,0902,0,1
744,0903,0,1
744,0904,0,1
744,0905,0,1
744,0906,0,1
744,0907,0,1
744,0908,0,1
744,0909,0,1
744,0910,0,1
744,0911,0,1
744,0912,0,1
744,0913,0,1
744,0914,0,1
745,0901,0,1
745,0902,0,1
745,0903,0,1
745,0904,0,1
745,0905,0,1
745,0906,0,1
745,0907,0,1
745,0908,0,1
745,0909,0,1
745,0910,0,1
745,0911,0,1
745,0912,0,1
745,0913,0,1
745,0914,0,1
746,0901,0,1
746,0902,0,1
746,0903,0,1
746,0904,0,1
746,0905,0,1
746,0906,0,1
746,0907,0,1
746,0908,0,1
746,0909,0,1
746,0910,0,1
746,0911,0,1
746,0912,0,1
746,0913,1,1
746,0914,0,1
747,0901,0,1
747,0902,0,1
747,0903,0,1
747,0904,0,1
747,0905,0,1
747,0906,0,1
747,0907,0,1
747,0908,0,1
747,0909,0,1
747,0910,0,1
747,0911,0,1
747,0912,0,1
747,0913,0,1
747,0914,0,1
748,0901,0,1
748,0902,0,1
748,0903,0,1
748,0904,0,1
748,0905,0,1
748,0906,0,1
748,0907,0,1
748,0908,0,1
748,0909,0,1
748,0910,0,1
748,0911,0,1
748,0912,0,1
748,0913,0,1
748,0914,0,1
749,0901,0,1
749,0902,0,1
749,0903,0,1
749,0904,0,1
749,0905,0,1
749,0906,0,1
749,0907,0,1
749,0908,0,1
749,0909,0,1
749,0910,0,1
749,0911,0,1
749,0912,0,1
749,0913,0,1
749,0914,0,1
750,0901,0,1
750,0902,0,1
750,0903,0,1
750,0904,0,1
750,0905,0,1
750,0906,0,1
750,0907,0,1
750,0908,0,1
750,0909,0,1
750,0910,0,1
750,0911,0,1
750,0912,0,1
750,0913,0,1
750,0914,0,1
751,0901,0,1
751,0902,0,1
751,0903,0,1
751,0904,0,1
751,0905,0,1
751,0906,0,1
751,0907,0,1
751,0908,0,1
751,0909,0,1
751,0910,0,1
751,0911,0,1
751,0912,0,1
751,0913,0,1
751,0914,0,1
752,0901,0,1
752,0902,0,1
752,0903,0,1
752,0904,0,1
752,0905,0,1
752,0906,0,1
752,0907,0,1
752,0908,0,1
752,0909,0,1
752,0910,0,1
752,0911,0,1
752,0912,0,1
752,0913,0,1
752,0914,0,1
753,0901,0,1
753,0902,0,1
753,0903,0,1
753,0904,0,1
753,0905,0,1
753,0906,0,1
753,0907,0,1
753,0908,1,1
753,0909,0,1
753,0910,0,1
753,0911,0,1
753,0912,0,1
753,0913,0,1
753,0914,0,1
754,0901,0,1
754,0902,0,1
754,0903,0,1
754,0904,0,1
754,0905,0,1
754,0906,0,1
754,0907,0,1
754,0908,0,1
754,0909,0,1
754,0910,0,1
754,0911,0,1
754,0912,0,1
754,0913,1,1
754,0914,0,1
755,0901,0,1
755,0902,0,1
755,0903,0,1
755,0904,0,1
755,0905,0,1
755,0906,0,1
755,0907,0,1
755,0908,0,1
755,0909,0,1
755,0910,0,1
755,0911,0,1
755,0912,0,1
755,0913,0,1
755,0914,0,1
756,0901,0,1
756,0902,0,1
756,0903,0,1
756,0904,0,1
756,0905,0,1
756,0906,0,1
756,0907,0,1
756,0908,1,1
756,0909,0,1
756,0910,0,1
756,0911,0,1
756,0912,0,1
756,0913,0,1
756,0914,0,1
757,0901,0,1
757,0902,0,1
757,0903,0,1
757,0904,0,1
757,0905,0,1
757,0906,0,1
757,0907,0,1
757,0908,0,1
757,0909,0,1
757,0910,0,1
757,0911,0,1
757,0912,0,1
757,0913,0,1
757,0914,0,1
758,0901,0,1
758,0902,0,1
758,0903,0,1
758,0904,0,1
758,0905,0,1
758,0906,0,1
758,0907,0,1
758,0908,0,1
758,0909,0,1
758,0910,0,1
758,0911,0,1
758,0912,0,1
758,0913,0,1
758,0914,0,1
759,0901,0,1
759,0902,0,1
759,0903,0,1
759,0904,0,1
759,0905,0,1
759,0906,0,1
759,0907,0,1
759,0908,0,1
759,0909,0,1
759,0910,0,1
759,0911,0,1
759,0912,0,1
759,0913,0,1
759,0914,0,1
760,0901,0,1
760,0902,0,1
760,0903,0,1
760,0904,0,1
760,0905,0,1
760,0906,0,1
760,0907,0,1
760,0908,0,1
760,0909,0,1
760,0910,0,1
760,0911,0,1
760,0912,0,1
760,0913,0,1
760,0914,0,1
761,0901,0,1
761,0902,0,1
761,0903,0,1
761,0904,0,1
761,0905,0,1
761,0906,0,1
761,0907,0,1
761,0908,0,1
761,0909,0,1
761,0910,0,1
761,0911,0,1
761,0912,0,1
761,0913,0,1
761,0914,0,1
762,0901,0,1
762,0902,0,1
762,0903,0,1
762,0904,0,1
762,0905,0,1
762,0906,0,1
762,0907,0,1
762,0908,0,1
762,0909,0,1
762,0910,0,1
762,0911,0,1
762,0912,0,1
762,0913,0,1
762,0914,0,1
763,0901,0,1
763,0902,0,1
763,0903,0,1
763,0904,0,1
763,0905,0,1
763,0906,0,1
763,0907,0,1
763,0908,0,1
763,0909,0,1
763,0910,0,1
763,0911,0,1
763,0912,0,1
763,0913,0,1
763,0914,0,1
764,0901,0,1
764,0902,0,1
764,0903,0,1
764,0904,0,1
764,0905,0,1
764,0906,0,1
764,0907,0,1
764,0908,0,1
764,0909,0,1
764,0910,0,1
764,0911,0,1
764,0912,0,1
764,0913,0,1
764,0914,0,1
765,0901,0,1
765,0902,0,1
765,0903,0,1
765,0904,0,1
765,0905,0,1
765,0906,0,1
765,0907,0,1
765,0908,0,1
765,0909,0,1
765,0910,0,1
765,0911,0,1
765,0912,0,1
765,0913,0,1
765,0914,0,1
766,0901,0,1
766,0902,0,1
766,0903,0,1
766,0904,0,1
766,0905,0,1
766,0906,0,1
766,0907,0,1
766,0908,0,1
766,0909,0,1
766,0910,0,1
766,0911,0,1
766,0912,0,1
766,0913,0,1
766,0914,0,1
767,0901,0,1
767,0902,0,1
767,0903,0,1
767,0904,0,1
767,0905,0,1
767,0906,0,1
767,0907,0,1
767,0908,0,1
767,0909,0,1
767,0910,0,1
767,0911,0,1
767,0912,0,1
767,0913,0,1
767,0914,0,1
768,0901,0,1
768,0902,0,1
768,0903,0,1
768,0904,0,1
768,0905,0,1
768,0906,0,1
768,0907,0,1
768,0908,0,1
768,0909,0,1
768,0910,0,1
768,0911,0,1
768,0912,0,1
768,0913,0,1
768,0914,0,1
769,0901,0,1
769,0902,0,1
769,0903,0,1
769,0904,0,1
769,0905,0,1
769,0906,0,1
769,0907,0,1
769,0908,0,1
769,0909,0,1
769,0910,1,1
769,0911,0,1
769,0912,0,1
769,0913,0,1
769,0914,0,1
770,0901,0,1
770,0902,0,1
770,0903,0,1
770,0904,0,1
770,0905,0,1
770,0906,0,1
770,0907,0,1
770,0908,0,1
770,0909,0,1
770,0910,0,1
770,0911,0,1
770,0912,0,1
770,0913,0,1
770,0914,0,1
771,0901,0,1
771,0902,0,1
771,0903,0,1
771,0904,0,1
771,0905,0,1
771,0906,0,1
771,0907,0,1
771,0908,0,1
771,0909,0,1
771,0910,0,1
771,0911,0,1
771,0912,0,1
771,0913,0,1
771,0914,0,1
772,0901,0,1
772,0902,0,1
772,0903,0,1
772,0904,0,1
772,0905,0,1
772,0906,0,1
772,0907,0,1
772,0908,1,1
772,0909,0,1
772,0910,0,1
772,0911,0,1
772,0912,0,1
772,0913,0,1
772,0914,1,1
773,0901,0,1
773,0902,0,1
773,0903,0,1
773,0904,0,1
773,0905,0,1
773,0906,0,1
773,0907,0,1
773,0908,0,1
773,0909,0,1
773,0910,0,1
773,0911,0,1
773,0912,0,1
773,0913,0,1
773,0914,0,1
774,0901,0,1
774,0902,0,1
774,0903,0,1
774,0904,0,1
774,0905,0,1
774,0906,0,1
774,0907,0,1
774,0908,0,1
774,0909,0,1
774,0910,0,1
774,0911,0,1
774,0912,0,1
774,0913,0,1
774,0914,0,1
775,0901,0,1
775,0902,0,1
775,0903,0,1
775,0904,0,1
775,0905,0,1
775,0906,0,1
775,0907,0,1
775,0908,0,1
775,0909,0,1
775,0910,0,1
775,0911,0,1
775,0912,0,1
775,0913,0,1
775,0914,0,1
776,0901,0,1
776,0902,1,1
776,0903,0,1
776,0904,0,1
776,0905,0,1
776,0906,0,1
776,0907,0,1
776,0908,0,1
776,0909,0,1
776,0910,0,1
776,0911,0,1
776,0912,0,1
776,0913,0,1
776,0914,0,1
777,0901,0,1
777,0902,0,1
777,0903,0,1
777,0904,0,1
777,0905,0,1
777,0906,0,1
777,0907,0,1
777,0908,0,1
777,0909,0,1
777,0910,0,1
777,0911,0,1
777,0912,0,1
777,0913,0,1
777,0914,0,1
778,0901,0,1
778,0902,0,1
778,0903,0,1
778,0904,0,1
778,0905,0,1
778,0906,0,1
778,0907,0,1
778,0908,0,1
778,0909,0,1
778,0910,0,1
778,0911,0,1
778,0912,0,1
778,0913,0,1
778,0914,0,1
779,0901,0,1
779,0902,0,1
779,0903,0,1
779,0904,0,1
779,0905,0,1
779,0906,0,1
779,0907,0,1
779,0908,0,1
779,0909,0,1
779,0910,0,1
779,0911,0,1
779,0912,0,1
779,0913,0,1
779,0914,0,1
780,0901,0,1
780,0902,0,1
780,0903,0,1
780,0904,0,1
780,0905,0,1
780,0906,0,1
780,0907,0,1
780,0908,0,1
780,0909,0,1
780,0910,0,1
780,0911,0,1
780,0912,0,1
780,0913,0,1
780,0914,0,1
781,0901,0,1
781,0902,0,1
781,0903,0,1
781,0904,0,1
781,0905,0,1
781,0906,0,1
781,0907,0,1
781,0908,0,1
781,0909,0,1
781,0910,0,1
781,0911,0,1
781,0912,0,1
781,0913,0,1
781,0914,0,1
782,0901,0,1
782,0902,0,1
782,0903,0,1
782,0904,0,1
782,0905,0,1
782,0906,0,1
782,0907,0,1
782,0908,0,1
782,0909,0,1
782,0910,0,1
782,0911,0,1
782,0912,0,1
782,0913,0,1
782,0914,0,1
783,0901,0,1
783,0902,0,1
783,0903,0,1
783,0904,0,1
783,0905,0,1
783,0906,0,1
783,0907,0,1
783,0908,0,1
783,0909,0,1
783,0910,0,1
783,0911,0,1
783,0912,0,1
783,0913,0,1
783,0914,0,1
784,0901,0,1
784,0902,0,1
784,0903,0,1
784,0904,0,1
784,0905,0,1
784,0906,0,1
784,0907,0,1
784,0908,0,1
784,0909,0,1
784,0910,0,1
784,0911,0,1
784,0912,0,1
784,0913,0,1
784,0914,0,1
785,0901,0,1
785,0902,0,1
785,0903,0,1
785,0904,0,1
785,0905,0,1
785,0906,0,1
785,0907,0,1
785,0908,0,1
785,0909,0,1
785,0910,0,1
785,0911,0,1
785,0912,0,1
785,0913,0,1
785,0914,0,1
786,0901,0,1
786,0902,0,1
786,0903,0,1
786,0904,0,1
786,0905,0,1
786,0906,0,1
786,0907,0,1
786,0908,0,1
786,0909,0,1
786,0910,0,1
786,0911,0,1
786,0912,0,1
786,0913,0,1
786,0914,0,1
787,0901,0,1
787,0902,0,1
787,0903,0,1
787,0904,0,1
787,0905,0,1
787,0906,0,1
787,0907,0,1
787,0908,0,1
787,0909,1,1
787,0910,0,1
787,0911,0,1
787,0912,0,1
787,0913,0,1
787,0914,0,1
788,0901,0,1
788,0902,0,1
788,0903,0,1
788,0904,0,1
788,0905,0,1
788,0906,0,1
788,0907,0,1
788,0908,0,1
788,0909,0,1
788,0910,0,1
788,0911,0,1
788,0912,0,1
788,0913,0,1
788,0914,0,1
789,0901,0,1
789,0902,0,1
789,0903,0,1
789,0904,0,1
789,0905,0,1
789,0906,0,1
789,0907,0,1
789,0908,0,1
789,0909,0,1
789,0910,0,1
789,0911,0,1
789,0912,0,1
789,0913,0,1
789,0914,0,1
790,0901,0,1
790,0902,0,1
790,0903,0,1
790,0904,0,1
790,0905,0,1
790,0906,0,1
790,0907,0,1
790,0908,0,1
790,0909,0,1
790,0910,0,1
790,0911,0,1
790,0912,0,1
790,0913,0,1
790,0914,0,1
791,0901,0,1
791,0902,0,1
791,0903,0,1
791,0904,0,1
791,0905,0,1
791,0906,0,1
791,0907,0,1
791,0908,0,1
791,0909,0,1
791,0910,0,1
791,0911,0,1
791,0912,0,1
791,0913,0,1
791,0914,0,1
792,0901,0,1
792,0902,0,1
792,0903,0,1
792,0904,0,1
792,0905,0,1
792,0906,0,1
792,0907,0,1
792,0908,0,1
792,0909,0,1
792,0910,0,1
792,0911,0,1
792,0912,0,1
792,0913,0,1
792,0914,0,1
793,0901,0,1
793,0902,0,1
793,0903,0,1
793,0904,0,1
793,0905,0,1
793,0906,0,1
793,0907,0,1
793,0908,0,1
793,0909,0,1
793,0910,0,1
793,0911,0,1
793,0912,0,1
793,0913,0,1
793,0914,0,1
794,0901,0,1
794,0902,0,1
794,0903,0,1
794,0904,0,1
794,0905,0,1
794,0906,0,1
794,0907,0,1
794,0908,0,1
794,0909,0,1
794,0910,0,1
794,0911,0,1
794,0912,0,1
794,0913,0,1
794,0914,0,1
795,0901,0,1
795,0902,0,1
795,0903,0,1
795,0904,0,1
795,0905,0,1
795,0906,0,1
795,0907,0,1
795,0908,0,1
795,0909,0,1
795,0910,0,1
795,0911,0,1
795,0912,0,1
795,0913,0,1
795,0914,0,1
796,0901,0,1
796,0902,0,1
796,0903,0,1
796,0904,0,1
796,0905,0,1
796,0906,0,1
796,0907,0,1
796,0908,0,1
796,0909,0,1
796,0910,0,1
796,0911,0,1
796,0912,0,1
796,0913,0,1
796,0914,0,1
797,0901,0,1
797,0902,0,1
797,0903,0,1
797,0904,0,1
797,0905,0,1
797,0906,0,1
797,0907,0,1
797,0908,1,1
797,0909,0,1
797,0910,0,1
797,0911,0,1
797,0912,1,1
797,0913,0,1
797,0914,1,1
798,0901,0,1
798,0902,0,1
798,0903,0,1
798,0904,0,1
798,0905,0,1
798,0906,0,1
798,0907,0,1
798,0908,0,1
798,0909,0,1
798,0910,0,1
798,0911,0,1
798,0912,0,1
798,0913,0,1
798,0914,0,1
799,0901,0,1
799,0902,0,1
799,0903,0,1
799,0904,0,1
799,0905,0,1
799,0906,0,1
799,0907,0,1
799,0908,0,1
799,0909,0,1
799,0910,0,1
799,0911,1,1
799,0912,0,1
799,0913,0,1
799,0914,0,1
800,0901,0,1
800,0902,0,1
800,0903,0,1
800,0904,0,1
800,0905,0,1
800,0906,0,1
800,0907,0,1
800,0908,0,1
800,0909,0,1
800,0910,0,1
800,0911,0,1
800,0912,0,1
800,0913,0,1
800,0914,0,1
801,0901,0,1
801,0902,0,1
801,0903,0,1
801,0904,0,1
801,0905,0,1
801,0906,0,1
801,0907,0,1
801,0908,0,1
801,0909,0,1
801,0910,0,1
801,0911,0,1
801,0912,0,1
801,0913,0,1
801,0914,0,1
802,0901,0,1
802,0902,0,1
802,0903,0,1
802,0904,0,1
802,0905,0,1
802,0906,0,1
802,0907,0,1
802,0908,0,1
802,0909,0,1
802,0910,0,1
802,0911,0,1
802,0912,0,1
802,0913,0,1
802,0914,0,1
803,0901,0,1
803,0902,0,1
803,0903,0,1
803,0904,0,1
803,0905,0,1
803,0906,0,1
803,0907,0,1
803,0908,0,1
803,0909,0,1
803,0910,0,1
803,0911,0,1
803,0912,0,1
803,0913,0,1
803,0914,0,1
804,0901,0,1
804,0902,0,1
804,0903,0,1
804,0904,0,1
804,0905,0,1
804,0906,0,1
804,0907,0,1
804,0908,0,1
804,0909,0,1
804,0910,0,1
804,0911,0,1
804,0912,0,1
804,0913,0,1
804,0914,0,1
805,0901,0,1
805,0902,0,1
805,0903,0,1
805,0904,0,1
805,0905,0,1
805,0906,0,1
805,0907,0,1
805,0908,0,1
805,0909,0,1
805,0910,0,1
805,0911,0,1
805,0912,0,1
805,0913,0,1
805,0914,0,1
806,0901,0,1
806,0902,0,1
806,0903,0,1
806,0904,0,1
806,0905,0,1
806,0906,0,1
806,0907,0,1
806,0908,0,1
806,0909,0,1
806,0910,0,1
806,0911,0,1
806,0912,0,1
806,0913,0,1
806,0914,0,1
807,0901,0,1
807,0902,0,1
807,0903,0,1
807,0904,0,1
807,0905,0,1
807,0906,0,1
807,0907,0,1
807,0908,0,1
807,0909,0,1
807,0910,0,1
807,0911,1,1
807,0912,0,1
807,0913,0,1
807,0914,0,1
808,0901,0,1
808,0902,0,1
808,0903,0,1
808,0904,0,1
808,0905,0,1
808,0906,0,1
808,0907,0,1
808,0908,0,1
808,0909,0,1
808,0910,0,1
808,0911,0,1
808,0912,0,1
808,0913,0,1
808,0914,0,1
809,0901,0,1
809,0902,0,1
809,0903,0,1
809,0904,0,1
809,0905,0,1
809,0906,0,1
809,0907,0,1
809,0908,0,1
809,0909,0,1
809,0910,0,1
809,0911,0,1
809,0912,0,1
809,0913,0,1
809,0914,0,1
810,0901,0,1
810,0902,0,1
810,0903,0,1
810,0904,0,1
810,0905,0,1
810,0906,0,1
810,0907,0,1
810,0908,0,1
810,0909,0,1
810,0910,0,1
810,0911,0,1
810,0912,0,1
810,0913,0,1
810,0914,0,1
811,0901,0,1
811,0902,0,1
811,0903,0,1
811,0904,0,1
811,0905,0,1
811,0906,0,1
811,0907,0,1
811,0908,0,1
811,0909,0,1
811,0910,0,1
811,0911,0,1
811,0912,0,1
811,0913,0,1
811,0914,0,1
812,0901,0,1
812,0902,0,1
812,0903,0,1
812,0904,0,1
812,0905,0,1
812,0906,0,1
812,0907,0,1
812,0908,0,1
812,0909,0,1
812,0910,0,1
812,0911,0,1
812,0912,0,1
812,0913,0,1
812,0914,0,1
813,0901,0,1
813,0902,0,1
813,0903,0,1
813,0904,0,1
813,0905,0,1
813,0906,0,1
813,0907,0,1
813,0908,0,1
813,0909,0,1
813,0910,0,1
813,0911,0,1
813,0912,0,1
813,0913,0,1
813,0914,0,1
814,0901,0,1
814,0902,0,1
814,0903,0,1
814,0904,0,1
814,0905,0,1
814,0906,0,1
814,0907,0,1
814,0908,0,1
814,0909,0,1
814,0910,0,1
814,0911,0,1
814,0912,0,1
814,0913,0,1
814,0914,0,1
815,0901,0,1
815,0902,0,1
815,0903,0,1
815,0904,0,1
815,0905,0,1
815,0906,0,1
815,0907,0,1
815,0908,0,1
815,0909,0,1
815,0910,0,1
815,0911,0,1
815,0912,0,1
815,0913,0,1
815,0914,0,1
816,0901,0,1
816,0902,0,1
816,0903,0,1
816,0904,0,1
816,0905,0,1
816,0906,0,1
816,0907,0,1
816,0908,0,1
816,0909,0,1
816,0910,0,1
816,0911,1,1
816,0912,0,1
816,0913,0,1
816,0914,0,1
817,0901,0,1
817,0902,0,1
817,0903,0,1
817,0904,0,1
817,0905,0,1
817,0906,0,1
817,0907,0,1
817,0908,0,1
817,0909,0,1
817,0910,0,1
817,0911,0,1
817,0912,0,1
817,0913,1,1
817,0914,0,1
818,0901,0,1
818,0902,0,1
818,0903,0,1
818,0904,0,1
818,0905,0,1
818,0906,0,1
818,0907,0,1
818,0908,0,1
818,0909,0,1
818,0910,0,1
818,0911,0,1
818,0912,0,1
818,0913,0,1
818,0914,0,1
819,0901,0,1
819,0902,0,1
819,0903,0,1
819,0904,0,1
819,0905,0,1
819,0906,0,1
819,0907,0,1
819,0908,0,1
819,0909,0,1
819,0910,0,1
819,0911,0,1
819,0912,0,1
819,0913,0,1
819,0914,0,1
820,0901,0,1
820,0902,0,1
820,0903,0,1
820,0904,0,1
820,0905,0,1
820,0906,0,1
820,0907,0,1
820,0908,0,1
820,0909,0,1
820,0910,0,1
820,0911,0,1
820,0912,0,1
820,0913,0,1
820,0914,0,1
821,0901,0,1
821,0902,0,1
821,0903,0,1
821,0904,0,1
821,0905,0,1
821,0906,0,1
821,0907,0,1
821,0908,0,1
821,0909,0,1
821,0910,0,1
821,0911,0,1
821,0912,0,1
821,0913,0,1
821,0914,1,1
822,0901,0,1
822,0902,0,1
822,0903,0,1
822,0904,0,1
822,0905,0,1
822,0906,0,1
822,0907,0,1
822,0908,0,1
822,0909,0,1
822,0910,0,1
822,0911,0,1
822,0912,0,1
822,0913,0,1
822,0914,0,1
823,0901,0,1
823,0902,0,1
823,0903,0,1
823,0904,0,1
823,0905,0,1
823,0906,0,1
823,0907,0,1
823,0908,1,1
823,0909,0,1
823,0910,0,1
823,0911,0,1
823,0912,0,1
823,0913,0,1
823,0914,0,1
824,0901,0,1
824,0902,0,1
824,0903,0,1
824,0904,0,1
824,0905,0,1
824,0906,0,1
824,0907,0,1
824,0908,0,1
824,0909,0,1
824,0910,0,1
824,0911,0,1
824,0912,0,1
824,0913,0,1
824,0914,0,1
825,0901,0,1
825,0902,0,1
825,0903,0,1
825,0904,0,1
825,0905,0,1
825,0906,0,1
825,0907,0,1
825,0908,0,1
825,0909,0,1
825,0910,0,1
825,0911,0,1
825,0912,0,1
825,0913,0,1
825,0914,0,1
826,0901,0,1
826,0902,0,1
826,0903,0,1
826,0904,0,1
826,0905,0,1
826,0906,0,1
826,0907,0,1
826,0908,0,1
826,0909,0,1
826,0910,0,1
826,0911,0,1
826,0912,0,1
826,0913,0,1
826,0914,0,1
827,0901,0,1
827,0902,0,1
827,0903,0,1
827,0904,0,1
827,0905,0,1
827,0906,0,1
827,0907,0,1
827,0908,0,1
827,0909,0,1
827,0910,0,1
827,0911,0,1
827,0912,0,1
827,0913,0,1
827,0914,0,1
828,0901,0,1
828,0902,0,1
828,0903,0,1
828,0904,0,1
828,0905,0,1
828,0906,0,1
828,0907,0,1
828,0908,1,1
828,0909,0,1
828,0910,0,1
828,0911,0,1
828,0912,0,1
828,0913,0,1
828,0914,0,1
829,0901,0,1
829,0902,0,1
829,0903,0,1
829,0904,0,1
829,0905,0,1
829,0906,0,1
829,0907,0,1
829,0908,0,1
829,0909,0,1
829,0910,0,1
829,0911,0,1
829,0912,0,1
829,0913,0,1
829,0914,0,1
830,0901,0,1
830,0902,0,1
830,0903,0,1
830,0904,0,1
830,0905,0,1
830,0906,0,1
830,0907,0,1
830,0908,0,1
830,0909,0,1
830,0910,1,1
830,0911,0,1
830,0912,0,1
830,0913,0,1
830,0914,0,1
831,0901,0,1
831,0902,0,1
831,0903,0,1
831,0904,0,1
831,0905,0,1
831,0906,0,1
831,0907,0,1
831,0908,0,1
831,0909,0,1
831,0910,0,1
831,0911,1,1
831,0912,0,1
831,0913,0,1
831,0914,0,1
832,0901,0,1
832,0902,0,1
832,0903,0,1
832,0904,0,1
832,0905,0,1
832,0906,0,1
832,0907,0,1
832,0908,0,1
832,0909,0,1
832,0910,0,1
832,0911,1,1
832,0912,0,1
832,0913,0,1
832,0914,0,1
833,0901,0,1
833,0902,0,1
833,0903,0,1
833,0904,0,1
833,0905,0,1
833,0906,0,1
833,0907,0,1
833,0908,0,1
833,0909,1,1
833,0910,0,1
833,0911,0,1
833,0912,0,1
833,0913,0,1
833,0914,0,1
834,0901,0,1
834,0902,0,1
834,0903,0,1
834,0904,0,1
834,0905,0,1
834,0906,0,1
834,0907,0,1
834,0908,0,1
834,0909,0,1
834,0910,0,1
834,0911,0,1
834,0912,1,1
834,0913,0,1
834,0914,0,1
835,0901,0,1
835,0902,0,1
835,0903,0,1
835,0904,0,1
835,0905,0,1
835,0906,0,1
835,0907,0,1
835,0908,0,1
835,0909,1,1
835,0910,0,1
835,0911,0,1
835,0912,0,1
835,0913,0,1
835,0914,0,1
836,0901,0,1
836,0902,0,1
836,0903,0,1
836,0904,0,1
836,0905,0,1
836,0906,0,1
836,0907,0,1
836,0908,0,1
836,0909,0,1
836,0910,0,1
836,0911,0,1
836,0912,0,1
836,0913,0,1
836,0914,0,1
837,0901,0,1
837,0902,0,1
837,0903,0,1
837,0904,0,1
837,0905,0,1
837,0906,0,1
837,0907,0,1
837,0908,0,1
837,0909,1,1
837,0910,0,1
837,0911,0,1
837,0912,0,1
837,0913,0,1
837,0914,0,1
838,0901,0,1
838,0902,0,1
838,0903,0,1
838,0904,0,1
838,0905,0,1
838,0906,0,1
838,0907,0,1
838,0908,0,1
838,0909,0,1
838,0910,0,1
838,0911,0,1
838,0912,0,1
838,0913,0,1
838,0914,0,1
839,0901,0,1
839,0902,0,1
839,0903,0,1
839,0904,0,1
839,0905,0,1
839,0906,0,1
839,0907,0,1
839,0908,0,1
839,0909,0,1
839,0910,0,1
839,0911,0,1
839,0912,0,1
839,0913,0,1
839,0914,0,1
840,0901,0,1
840,0902,0,1
840,0903,0,1
840,0904,0,1
840,0905,0,1
840,0906,0,1
840,0907,0,1
840,0908,0,1
840,0909,1,1
840,0910,0,1
840,0911,0,1
840,0912,0,1
840,0913,0,1
840,0914,0,1
841,0901,0,1
841,0902,0,1
841,0903,0,1
841,0904,0,1
841,0905,0,1
841,0906,0,1
841,0907,0,1
841,0908,1,1
841,0909,0,1
841,0910,0,1
841,0911,0,1
841,0912,0,1
841,0913,0,1
841,0914,0,1
842,0901,0,1
842,0902,0,1
842,0903,0,1
842,0904,0,1
842,0905,0,1
842,0906,0,1
842,0907,0,1
842,0908,0,1
842,0909,0,1
842,0910,0,1
842,0911,0,1
842,0912,0,1
842,0913,0,1
842,0914,0,1
843,0901,0,1
843,0902,0,1
843,0903,0,1
843,0904,0,1
843,0905,0,1
843,0906,0,1
843,0907,0,1
843,0908,0,1
843,0909,0,1
843,0910,0,1
843,0911,0,1
843,0912,0,1
843,0913,0,1
843,0914,0,1
844,0901,0,1
844,0902,0,1
844,0903,0,1
844,0904,0,1
844,0905,0,1
844,0906,0,1
844,0907,0,1
844,0908,0,1
844,0909,0,1
844,0910,0,1
844,0911,0,1
844,0912,0,1
844,0913,0,1
844,0914,0,1
845,0901,0,1
845,0902,0,1
845,0903,0,1
845,0904,0,1
845,0905,0,1
845,0906,0,1
845,0907,0,1
845,0908,0,1
845,0909,0,1
845,0910,0,1
845,0911,0,1
845,0912,0,1
845,0913,0,1
845,0914,0,1
846,0901,0,1
846,0902,0,1
846,0903,0,1
846,0904,0,1
846,0905,0,1
846,0906,0,1
846,0907,0,1
846,0908,0,1
846,0909,0,1
846,0910,0,1
846,0911,0,1
846,0912,0,1
846,0913,0,1
846,0914,0,1
847,0901,0,1
847,0902,0,1
847,0903,0,1
847,0904,0,1
847,0905,0,1
847,0906,0,1
847,0907,0,1
847,0908,0,1
847,0909,0,1
847,0910,0,1
847,0911,0,1
847,0912,0,1
847,0913,0,1
847,0914,0,1
848,0901,0,1
848,0902,0,1
848,0903,0,1
848,0904,0,1
848,0905,0,1
848,0906,0,1
848,0907,0,1
848,0908,0,1
848,0909,0,1
848,0910,0,1
848,0911,0,1
848,0912,0,1
848,0913,0,1
848,0914,0,1
849,0901,0,1
849,0902,0,1
849,0903,0,1
849,0904,0,1
849,0905,0,1
849,0906,0,1
849,0907,0,1
849,0908,1,1
849,0909,1,1
849,0910,0,1
849,0911,0,1
849,0912,0,1
849,0913,0,1
849,0914,0,1
850,0901,0,1
850,0902,0,1
850,0903,0,1
850,0904,0,1
850,0905,0,1
850,0906,0,1
850,0907,0,1
850,0908,0,1
850,0909,0,1
850,0910,0,1
850,0911,0,1
850,0912,0,1
850,0913,0,1
850,0914,0,1
851,0901,0,1
851,0902,0,1
851,0903,0,1
851,0904,0,1
851,0905,0,1
851,0906,0,1
851,0907,0,1
851,0908,0,1
851,0909,0,1
851,0910,0,1
851,0911,0,1
851,0912,0,1
851,0913,0,1
851,0914,0,1
852,0901,0,1
852,0902,0,1
852,0903,0,1
852,0904,0,1
852,0905,0,1
852,0906,0,1
852,0907,0,1
852,0908,0,1
852,0909,0,1
852,0910,0,1
852,0911,0,1
852,0912,0,1
852,0913,0,1
852,0914,0,1
853,0901,0,1
853,0902,0,1
853,0903,0,1
853,0904,0,1
853,0905,0,1
853,0906,0,1
853,0907,0,1
853,0908,0,1
853,0909,0,1
853,0910,0,1
853,0911,0,1
853,0912,0,1
853,0913,0,1
853,0914,0,1
854,0901,0,1
854,0902,0,1
854,0903,0,1
854,0904,0,1
854,0905,0,1
854,0906,0,1
854,0907,0,1
854,0908,0,1
854,0909,0,1
854,0910,0,1
854,0911,0,1
854,0912,0,1
854,0913,0,1
854,0914,0,1
855,0901,0,1
855,0902,0,1
855,0903,0,1
855,0904,0,1
855,0905,0,1
855,0906,0,1
855,0907,0,1
855,0908,0,1
855,0909,0,1
855,0910,0,1
855,0911,0,1
855,0912,0,1
855,0913,0,1
855,0914,0,1
856,0901,0,1
856,0902,0,1
856,0903,0,1
856,0904,0,1
856,0905,0,1
856,0906,0,1
856,0907,0,1
856,0908,0,1
856,0909,0,1
856,0910,0,1
856,0911,0,1
856,0912,0,1
856,0913,0,1
856,0914,0,1
857,0901,0,1
857,0902,0,1
857,0903,0,1
857,0904,0,1
857,0905,0,1
857,0906,0,1
857,0907,0,1
857,0908,0,1
857,0909,0,1
857,0910,0,1
857,0911,0,1
857,0912,0,1
857,0913,0,1
857,0914,0,1
858,0901,0,1
858,0902,0,1
858,0903,0,1
858,0904,0,1
858,0905,0,1
858,0906,0,1
858,0907,0,1
858,0908,0,1
858,0909,0,1
858,0910,0,1
858,0911,0,1
858,0912,0,1
858,0913,0,1
858,0914,0,1
859,0901,0,1
859,0902,0,1
859,0903,0,1
859,0904,0,1
859,0905,0,1
859,0906,0,1
859,0907,0,1
859,0908,1,1
859,0909,0,1
859,0910,0,1
859,0911,1,1
859,0912,0,1
859,0913,0,1
859,0914,0,1
860,0901,0,1
860,0902,0,1
860,0903,0,1
860,0904,0,1
860,0905,0,1
860,0906,0,1
860,0907,0,1
860,0908,0,1
860,0909,0,1
860,0910,0,1
860,0911,0,1
860,0912,0,1
860,0913,0,1
860,0914,0,1
861,0901,0,1
861,0902,0,1
861,0903,0,1
861,0904,0,1
861,0905,0,1
861,0906,0,1
861,0907,0,1
861,0908,0,1
861,0909,0,1
861,0910,0,1
861,0911,0,1
861,0912,0,1
861,0913,0,1
861,0914,0,1
862,0901,0,1
862,0902,0,1
862,0903,0,1
862,0904,0,1
862,0905,0,1
862,0906,0,1
862,0907,0,1
862,0908,0,1
862,0909,0,1
862,0910,0,1
862,0911,0,1
862,0912,0,1
862,0913,0,1
862,0914,0,1
863,0901,0,1
863,0902,0,1
863,0903,0,1
863,0904,0,1
863,0905,0,1
863,0906,0,1
863,0907,0,1
863,0908,0,1
863,0909,0,1
863,0910,0,1
863,0911,0,1
863,0912,0,1
863,0913,0,1
863,0914,0,1
864,0901,0,1
864,0902,0,1
864,0903,0,1
864,0904,0,1
864,0905,0,1
864,0906,0,1
864,0907,0,1
864,0908,0,1
864,0909,0,1
864,0910,0,1
864,0911,0,1
864,0912,0,1
864,0913,0,1
864,0914,0,1
865,0901,0,1
865,0902,0,1
865,0903,0,1
865,0904,0,1
865,0905,0,1
865,0906,0,1
865,0907,0,1
865,0908,0,1
865,0909,0,1
865,0910,0,1
865,0911,0,1
865,0912,0,1
865,0913,0,1
865,0914,0,1
866,0901,0,1
866,0902,0,1
866,0903,0,1
866,0904,0,1
866,0905,0,1
866,0906,0,1
866,0907,0,1
866,0908,0,1
866,0909,0,1
866,0910,0,1
866,0911,0,1
866,0912,0,1
866,0913,0,1
866,0914,0,1
867,0901,0,1
867,0902,0,1
867,0903,0,1
867,0904,0,1
867,0905,0,1
867,0906,0,1
867,0907,0,1
867,0908,0,1
867,0909,0,1
867,0910,0,1
867,0911,0,1
867,0912,0,1
867,0913,0,1
867,0914,1,1
868,0901,0,1
868,0902,0,1
868,0903,0,1
868,0904,0,1
868,0905,0,1
868,0906,0,1
868,0907,0,1
868,0908,0,1
868,0909,0,1
868,0910,1,1
868,0911,0,1
868,0912,0,1
868,0913,0,1
868,0914,0,1
869,0901,0,1
869,0902,0,1
869,0903,0,1
869,0904,0,1
869,0905,0,1
869,0906,0,1
869,0907,0,1
869,0908,0,1
869,0909,0,1
869,0910,0,1
869,0911,0,1
869,0912,0,1
869,0913,0,1
869,0914,0,1
870,0901,0,1
870,0902,0,1
870,0903,0,1
870,0904,0,1
870,0905,0,1
870,0906,0,1
870,0907,0,1
870,0908,0,1
870,0909,0,1
870,0910,0,1
870,0911,0,1
870,0912,0,1
870,0913,0,1
870,0914,0,1
871,0901,0,1
871,0902,0,1
871,0903,0,1
871,0904,0,1
871,0905,0,1
871,0906,0,1
871,0907,0,1
871,0908,0,1
871,0909,0,1
871,0910,0,1
871,0911,0,1
871,0912,0,1
871,0913,0,1
871,0914,0,1
872,0901,0,1
872,0902,0,1
872,0903,0,1
872,0904,0,1
872,0905,0,1
872,0906,0,1
872,0907,0,1
872,0908,0,1
872,0909,0,1
872,0910,0,1
872,0911,0,1
872,0912,0,1
872,0913,0,1
872,0914,0,1
873,0901,0,1
873,0902,0,1
873,0903,0,1
873,0904,0,1
873,0905,0,1
873,0906,0,1
873,0907,0,1
873,0908,0,1
873,0909,0,1
873,0910,0,1
873,0911,0,1
873,0912,0,1
873,0913,0,1
873,0914,0,1
874,0901,0,1
874,0902,0,1
874,0903,0,1
874,0904,0,1
874,0905,0,1
874,0906,0,1
874,0907,0,1
874,0908,0,1
874,0909,0,1
874,0910,0,1
874,0911,0,1
874,0912,0,1
874,0913,0,1
874,0914,0,1
875,0901,0,1
875,0902,0,1
875,0903,0,1
875,0904,0,1
875,0905,0,1
875,0906,0,1
875,0907,0,1
875,0908,0,1
875,0909,0,1
875,0910,0,1
875,0911,0,1
875,0912,0,1
875,0913,0,1
875,0914,0,1
876,0901,0,1
876,0902,0,1
876,0903,0,1
876,0904,0,1
876,0905,0,1
876,0906,0,1
876,0907,0,1
876,0908,0,1
876,0909,0,1
876,0910,0,1
876,0911,0,1
876,0912,0,1
876,0913,0,1
876,0914,0,1
877,0901,0,1
877,0902,0,1
877,0903,0,1
877,0904,0,1
877,0905,0,1
877,0906,0,1
877,0907,0,1
877,0908,0,1
877,0909,0,1
877,0910,0,1
877,0911,0,1
877,0912,0,1
877,0913,0,1
877,0914,0,1
878,0901,0,1
878,0902,0,1
878,0903,0,1
878,0904,0,1
878,0905,0,1
878,0906,0,1
878,0907,0,1
878,0908,0,1
878,0909,1,1
878,0910,0,1
878,0911,0,1
878,0912,0,1
878,0913,0,1
878,0914,0,1
879,0901,0,1
879,0902,0,1
879,0903,0,1
879,0904,0,1
879,0905,0,1
879,0906,0,1
879,0907,0,1
879,0908,0,1
879,0909,0,1
879,0910,1,1
879,0911,0,1
879,0912,0,1
879,0913,0,1
879,0914,0,1
880,0901,0,1
880,0902,0,1
880,0903,0,1
880,0904,0,1
880,0905,0,1
880,0906,0,1
880,0907,0,1
880,0908,0,1
880,0909,1,1
880,0910,0,1
880,0911,0,1
880,0912,0,1
880,0913,0,1
880,0914,0,1
881,0901,0,1
881,0902,0,1
881,0903,0,1
881,0904,0,1
881,0905,0,1
881,0906,0,1
881,0907,0,1
881,0908,0,1
881,0909,0,1
881,0910,0,1
881,0911,0,1
881,0912,0,1
881,0913,0,1
881,0914,0,1
882,0901,0,1
882,0902,0,1
882,0903,0,1
882,0904,0,1
882,0905,0,1
882,0906,0,1
882,0907,0,1
882,0908,0,1
882,0909,0,1
882,0910,0,1
882,0911,0,1
882,0912,0,1
882,0913,0,1
882,0914,0,1
883,0901,0,1
883,0902,0,1
883,0903,0,1
883,0904,0,1
883,0905,0,1
883,0906,0,1
883,0907,0,1
883,0908,0,1
883,0909,0,1
883,0910,0,1
883,0911,0,1
883,0912,0,1
883,0913,0,1
883,0914,0,1
884,0901,0,1
884,0902,0,1
884,0903,0,1
884,0904,0,1
884,0905,0,1
884,0906,0,1
884,0907,0,1
884,0908,0,1
884,0909,0,1
884,0910,0,1
884,0911,0,1
884,0912,0,1
884,0913,0,1
884,0914,0,1
885,0901,0,1
885,0902,0,1
885,0903,0,1
885,0904,0,1
885,0905,0,1
885,0906,0,1
885,0907,0,1
885,0908,0,1
885,0909,0,1
885,0910,0,1
885,0911,0,1
885,0912,0,1
885,0913,0,1
885,0914,0,1
886,0901,0,1
886,0902,0,1
886,0903,0,1
886,0904,0,1
886,0905,0,1
886,0906,0,1
886,0907,0,1
886,0908,0,1
886,0909,1,1
886,0910,0,1
886,0911,0,1
886,0912,0,1
886,0913,0,1
886,0914,0,1
887,0901,0,1
887,0902,0,1
887,0903,0,1
887,0904,0,1
887,0905,0,1
887,0906,0,1
887,0907,0,1
887,0908,0,1
887,0909,0,1
887,0910,0,1
887,0911,0,1
887,0912,0,1
887,0913,0,1
887,0914,0,1
888,0901,0,1
888,0902,0,1
888,0903,0,1
888,0904,0,1
888,0905,0,1
888,0906,0,1
888,0907,0,1
888,0908,0,1
888,0909,0,1
888,0910,0,1
888,0911,0,1
888,0912,0,1
888,0913,0,1
888,0914,0,1
889,0901,0,1
889,0902,0,1
889,0903,0,1
889,0904,0,1
889,0905,0,1
889,0906,0,1
889,0907,0,1
889,0908,0,1
889,0909,0,1
889,0910,0,1
889,0911,0,1
889,0912,0,1
889,0913,0,1
889,0914,0,1
890,0901,0,1
890,0902,0,1
890,0903,0,1
890,0904,0,1
890,0905,0,1
890,0906,0,1
890,0907,0,1
890,0908,0,1
890,0909,0,1
890,0910,1,1
890,0911,0,1
890,0912,0,1
890,0913,0,1
890,0914,0,1
891,0901,0,1
891,0902,0,1
891,0903,0,1
891,0904,0,1
891,0905,0,1
891,0906,0,1
891,0907,0,1
891,0908,0,1
891,0909,0,1
891,0910,0,1
891,0911,0,1
891,0912,0,1
891,0913,0,1
891,0914,0,1
892,0901,0,1
892,0902,0,1
892,0903,0,1
892,0904,0,1
892,0905,0,1
892,0906,0,1
892,0907,0,1
892,0908,0,1
892,0909,0,1
892,0910,0,1
892,0911,1,1
892,0912,0,1
892,0913,0,1
892,0914,0,1
893,0901,0,1
893,0902,0,1
893,0903,0,1
893,0904,0,1
893,0905,0,1
893,0906,0,1
893,0907,0,1
893,0908,0,1
893,0909,0,1
893,0910,0,1
893,0911,0,1
893,0912,0,1
893,0913,1,1
893,0914,0,1
894,0901,0,1
894,0902,0,1
894,0903,0,1
894,0904,0,1
894,0905,0,1
894,0906,0,1
894,0907,0,1
894,0908,0,1
894,0909,0,1
894,0910,1,1
894,0911,0,1
894,0912,0,1
894,0913,0,1
894,0914,0,1
895,0901,0,1
895,0902,0,1
895,0903,0,1
895,0904,0,1
895,0905,0,1
895,0906,0,1
895,0907,0,1
895,0908,0,1
895,0909,0,1
895,0910,0,1
895,0911,0,1
895,0912,0,1
895,0913,1,1
895,0914,0,1
896,0901,0,1
896,0902,0,1
896,0903,0,1
896,0904,0,1
896,0905,0,1
896,0906,0,1
896,0907,0,1
896,0908,0,1
896,0909,0,1
896,0910,0,1
896,0911,0,1
896,0912,0,1
896,0913,0,1
896,0914,0,1
897,0901,0,1
897,0902,0,1
897,0903,0,1
897,0904,0,1
897,0905,0,1
897,0906,0,1
897,0907,0,1
897,0908,0,1
897,0909,0,1
897,0910,0,1
897,0911,1,1
897,0912,0,1
897,0913,0,1
897,0914,0,1
898,0901,0,1
898,0902,0,1
898,0903,0,1
898,0904,0,1
898,0905,0,1
898,0906,0,1
898,0907,0,1
898,0908,0,1
898,0909,0,1
898,0910,0,1
898,0911,0,1
898,0912,0,1
898,0913,0,1
898,0914,0,1
899,0901,0,1
899,0902,0,1
899,0903,0,1
899,0904,0,1
899,0905,0,1
899,0906,0,1
899,0907,0,1
899,0908,0,1
899,0909,0,1
899,0910,0,1
899,0911,0,1
899,0912,0,1
899,0913,0,1
899,0914,0,1
900,0901,0,1
900,0902,0,1
900,0903,0,1
900,0904,0,1
900,0905,0,1
900,0906,0,1
900,0907,0,1
900,0908,0,1
900,0909,0,1
900,0910,0,1
900,0911,0,1
900,0912,0,1
900,0913,0,1
900,0914,0,1
901,0901,0,1
901,0902,0,1
901,0903,0,1
901,0904,0,1
901,0905,0,1
901,0906,0,1
901,0907,0,1
901,0908,0,1
901,0909,0,1
901,0910,0,1
901,0911,0,1
901,0912,0,1
901,0913,0,1
901,0914,0,1
902,0901,0,1
902,0902,0,1
902,0903,0,1
902,0904,0,1
902,0905,0,1
902,0906,0,1
902,0907,0,1
902,0908,0,1
902,0909,0,1
902,0910,0,1
902,0911,0,1
902,0912,0,1
902,0913,0,1
902,0914,0,1
903,0901,0,1
903,0902,0,1
903,0903,0,1
903,0904,0,1
903,0905,0,1
903,0906,0,1
903,0907,0,1
903,0908,0,1
903,0909,0,1
903,0910,0,1
903,0911,0,1
903,0912,0,1
903,0913,0,1
903,0914,1,1
904,0901,0,1
904,0902,0,1
904,0903,0,1
904,0904,0,1
904,0905,0,1
904,0906,0,1
904,0907,0,1
904,0908,0,1
904,0909,0,1
904,0910,0,1
904,0911,0,1
904,0912,0,1
904,0913,1,1
904,0914,0,1
905,0901,0,1
905,0902,0,1
905,0903,0,1
905,0904,0,1
905,0905,0,1
905,0906,0,1
905,0907,0,1
905,0908,0,1
905,0909,0,1
905,0910,0,1
905,0911,0,1
905,0912,0,1
905,0913,0,1
905,0914,0,1
906,0901,0,1
906,0902,0,1
906,0903,0,1
906,0904,0,1
906,0905,0,1
906,0906,0,1
906,0907,0,1
906,0908,0,1
906,0909,0,1
906,0910,0,1
906,0911,0,1
906,0912,0,1
906,0913,0,1
906,0914,0,1
907,0901,0,1
907,0902,0,1
907,0903,0,1
907,0904,0,1
907,0905,0,1
907,0906,0,1
907,0907,0,1
907,0908,0,1
907,0909,0,1
907,0910,0,1
907,0911,0,1
907,0912,0,1
907,0913,0,1
907,0914,0,1
908,0901,0,1
908,0902,0,1
908,0903,0,1
908,0904,0,1
908,0905,0,1
908,0906,0,1
908,0907,0,1
908,0908,0,1
908,0909,0,1
908,0910,0,1
908,0911,0,1
908,0912,0,1
908,0913,0,1
908,0914,0,1
909,0901,0,1
909,0902,0,1
909,0903,0,1
909,0904,0,1
909,0905,0,1
909,0906,0,1
909,0907,0,1
909,0908,0,1
909,0909,0,1
909,0910,0,1
909,0911,0,1
909,0912,0,1
909,0913,0,1
909,0914,0,1
910,0901,0,1
910,0902,0,1
910,0903,0,1
910,0904,0,1
910,0905,0,1
910,0906,0,1
910,0907,0,1
910,0908,0,1
910,0909,0,1
910,0910,0,1
910,0911,0,1
910,0912,0,1
910,0913,0,1
910,0914,0,1
911,0901,0,1
911,0902,0,1
911,0903,0,1
911,0904,0,1
911,0905,0,1
911,0906,0,1
911,0907,0,1
911,0908,0,1
911,0909,0,1
911,0910,0,1
911,0911,0,1
911,0912,0,1
911,0913,0,1
911,0914,0,1
912,0901,0,1
912,0902,0,1
912,0903,0,1
912,0904,0,1
912,0905,0,1
912,0906,0,1
912,0907,0,1
912,0908,0,1
912,0909,0,1
912,0910,0,1
912,0911,0,1
912,0912,0,1
912,0913,0,1
912,0914,0,1
913,0901,0,1
913,0902,0,1
913,0903,0,1
913,0904,0,1
913,0905,0,1
913,0906,0,1
913,0907,0,1
913,0908,0,1
913,0909,0,1
913,0910,0,1
913,0911,0,1
913,0912,0,1
913,0913,0,1
913,0914,0,1
914,0901,0,1
914,0902,0,1
914,0903,0,1
914,0904,0,1
914,0905,0,1
914,0906,0,1
914,0907,0,1
914,0908,0,1
914,0909,1,1
914,0910,0,1
914,0911,0,1
914,0912,0,1
914,0913,0,1
914,0914,0,1
915,0901,0,1
915,0902,0,1
915,0903,0,1
915,0904,0,1
915,0905,0,1
915,0906,0,1
915,0907,0,1
915,0908,0,1
915,0909,0,1
915,0910,0,1
915,0911,0,1
915,0912,0,1
915,0913,0,1
915,0914,0,1
916,0901,0,1
916,0902,0,1
916,0903,0,1
916,0904,0,1
916,0905,0,1
916,0906,0,1
916,0907,0,1
916,0908,0,1
916,0909,0,1
916,0910,0,1
916,0911,0,1
916,0912,0,1
916,0913,0,1
916,0914,0,1
917,0901,0,1
917,0902,0,1
917,0903,0,1
917,0904,0,1
917,0905,0,1
917,0906,0,1
917,0907,0,1
917,0908,0,1
917,0909,0,1
917,0910,0,1
917,0911,0,1
917,0912,0,1
917,0913,0,1
917,0914,0,1
918,0901,0,1
918,0902,0,1
918,0903,0,1
918,0904,0,1
918,0905,0,1
918,0906,0,1
918,0907,0,1
918,0908,0,1
918,0909,0,1
918,0910,0,1
918,0911,0,1
918,0912,0,1
918,0913,0,1
918,0914,0,1
919,0901,0,1
919,0902,0,1
919,0903,0,1
919,0904,0,1
919,0905,0,1
919,0906,0,1
919,0907,0,1
919,0908,0,1
919,0909,0,1
919,0910,0,1
919,0911,0,1
919,0912,0,1
919,0913,0,1
919,0914,0,1
920,0901,0,1
920,0902,0,1
920,0903,0,1
920,0904,0,1
920,0905,0,1
920,0906,0,1
920,0907,0,1
920,0908,0,1
920,0909,0,1
920,0910,0,1
920,0911,0,1
920,0912,0,1
920,0913,0,1
920,0914,0,1
921,0901,0,1
921,0902,0,1
921,0903,0,1
921,0904,0,1
921,0905,0,1
921,0906,0,1
921,0907,0,1
921,0908,0,1
921,0909,0,1
921,0910,0,1
921,0911,0,1
921,0912,0,1
921,0913,0,1
921,0914,0,1
922,0901,0,1
922,0902,0,1
922,0903,0,1
922,0904,0,1
922,0905,0,1
922,0906,0,1
922,0907,0,1
922,0908,0,1
922,0909,0,1
922,0910,0,1
922,0911,0,1
922,0912,0,1
922,0913,0,1
922,0914,0,1
923,0901,0,1
923,0902,0,1
923,0903,0,1
923,0904,0,1
923,0905,0,1
923,0906,0,1
923,0907,0,1
923,0908,0,1
923,0909,0,1
923,0910,0,1
923,0911,0,1
923,0912,0,1
923,0913,0,1
923,0914,0,1
924,0901,0,1
924,0902,0,1
924,0903,0,1
924,0904,0,1
924,0905,0,1
924,0906,0,1
924,0907,0,1
924,0908,0,1
924,0909,0,1
924,0910,0,1
924,0911,0,1
924,0912,0,1
924,0913,0,1
924,0914,0,1
925,0901,0,1
925,0902,0,1
925,0903,0,1
925,0904,0,1
925,0905,0,1
925,0906,0,1
925,0907,0,1
925,0908,0,1
925,0909,1,1
925,0910,0,1
925,0911,0,1
925,0912,0,1
925,0913,0,1
925,0914,0,1
926,0901,0,1
926,0902,0,1
926,0903,0,1
926,0904,0,1
926,0905,0,1
926,0906,0,1
926,0907,0,1
926,0908,0,1
926,0909,1,1
926,0910,0,1
926,0911,0,1
926,0912,0,1
926,0913,0,1
926,0914,0,1
927,0901,0,1
927,0902,0,1
927,0903,0,1
927,0904,0,1
927,0905,0,1
927,0906,0,1
927,0907,0,1
927,0908,0,1
927,0909,0,1
927,0910,0,1
927,0911,0,1
927,0912,0,1
927,0913,0,1
927,0914,0,1
928,0901,0,1
928,0902,0,1
928,0903,0,1
928,0904,0,1
928,0905,0,1
928,0906,0,1
928,0907,0,1
928,0908,0,1
928,0909,0,1
928,0910,0,1
928,0911,0,1
928,0912,0,1
928,0913,0,1
928,0914,0,1
929,0901,0,1
929,0902,0,1
929,0903,0,1
929,0904,0,1
929,0905,0,1
929,0906,0,1
929,0907,0,1
929,0908,0,1
929,0909,0,1
929,0910,0,1
929,0911,0,1
929,0912,0,1
929,0913,0,1
929,0914,0,1
930,0901,0,1
930,0902,0,1
930,0903,0,1
930,0904,0,1
930,0905,0,1
930,0906,0,1
930,0907,0,1
930,0908,0,1
930,0909,0,1
930,0910,0,1
930,0911,0,1
930,0912,0,1
930,0913,0,1
930,0914,0,1
931,0901,0,1
931,0902,0,1
931,0903,0,1
931,0904,0,1
931,0905,0,1
931,0906,0,1
931,0907,0,1
931,0908,0,1
931,0909,0,1
931,0910,0,1
931,0911,0,1
931,0912,0,1
931,0913,0,1
931,0914,0,1
932,0901,0,1
932,0902,0,1
932,0903,0,1
932,0904,0,1
932,0905,0,1
932,0906,0,1
932,0907,0,1
932,0908,0,1
932,0909,0,1
932,0910,0,1
932,0911,0,1
932,0912,0,1
932,0913,0,1
932,0914,0,1
933,0901,0,1
933,0902,0,1
933,0903,0,1
933,0904,0,1
933,0905,0,1
933,0906,0,1
933,0907,0,1
933,0908,0,1
933,0909,0,1
933,0910,0,1
933,0911,0,1
933,0912,0,1
933,0913,0,1
933,0914,0,1
934,0901,0,1
934,0902,0,1
934,0903,0,1
934,0904,0,1
934,0905,0,1
934,0906,0,1
934,0907,0,1
934,0908,0,1
934,0909,0,1
934,0910,0,1
934,0911,0,1
934,0912,0,1
934,0913,0,1
934,0914,0,1
935,0901,0,1
935,0902,0,1
935,0903,0,1
935,0904,0,1
935,0905,0,1
935,0906,0,1
935,0907,0,1
935,0908,0,1
935,0909,0,1
935,0910,0,1
935,0911,0,1
935,0912,0,1
935,0913,0,1
935,0914,0,1
936,0901,0,1
936,0902,0,1
936,0903,0,1
936,0904,0,1
936,0905,0,1
936,0906,0,1
936,0907,0,1
936,0908,0,1
936,0909,0,1
936,0910,0,1
936,0911,0,1
936,0912,0,1
936,0913,0,1
936,0914,0,1
937,0901,0,1
937,0902,0,1
937,0903,0,1
937,0904,0,1
937,0905,0,1
937,0906,0,1
937,0907,0,1
937,0908,0,1
937,0909,0,1
937,0910,0,1
937,0911,0,1
937,0912,0,1
937,0913,0,1
937,0914,0,1
938,0901,0,1
938,0902,0,1
938,0903,0,1
938,0904,0,1
938,0905,0,1
938,0906,0,1
938,0907,0,1
938,0908,0,1
938,0909,0,1
938,0910,0,1
938,0911,0,1
938,0912,0,1
938,0913,0,1
938,0914,0,1
939,0901,0,1
939,0902,0,1
939,0903,0,1
939,0904,0,1
939,0905,0,1
939,0906,0,1
939,0907,0,1
939,0908,0,1
939,0909,0,1
939,0910,0,1
939,0911,0,1
939,0912,0,1
939,0913,0,1
939,0914,1,1
940,0901,0,1
940,0902,0,1
940,0903,0,1
940,0904,0,1
940,0905,0,1
940,0906,0,1
940,0907,0,1
940,0908,0,1
940,0909,0,1
940,0910,0,1
940,0911,0,1
940,0912,0,1
940,0913,0,1
940,0914,0,1
941,0901,0,1
941,0902,0,1
941,0903,0,1
941,0904,0,1
941,0905,0,1
941,0906,0,1
941,0907,0,1
941,0908,0,1
941,0909,0,1
941,0910,1,1
941,0911,0,1
941,0912,0,1
941,0913,0,1
941,0914,1,1
942,0901,0,1
942,0902,0,1
942,0903,0,1
942,0904,0,1
942,0905,0,1
942,0906,0,1
942,0907,0,1
942,0908,0,1
942,0909,0,1
942,0910,0,1
942,0911,0,1
942,0912,0,1
942,0913,0,1
942,0914,0,1
943,0901,0,1
943,0902,0,1
943,0903,0,1
943,0904,0,1
943,0905,0,1
943,0906,0,1
943,0907,0,1
943,0908,0,1
943,0909,0,1
943,0910,1,1
943,0911,0,1
943,0912,0,1
943,0913,0,1
943,0914,0,1
944,0901,0,1
944,0902,0,1
944,0903,0,1
944,0904,0,1
944,0905,0,1
944,0906,0,1
944,0907,0,1
944,0908,0,1
944,0909,0,1
944,0910,0,1
944,0911,0,1
944,0912,0,1
944,0913,0,1
944,0914,0,1
945,0901,0,1
945,0902,0,1
945,0903,0,1
945,0904,0,1
945,0905,0,1
945,0906,0,1
945,0907,0,1
945,0908,1,1
945,0909,0,1
945,0910,0,1
945,0911,0,1
945,0912,0,1
945,0913,0,1
945,0914,0,1
946,0901,0,1
946,0902,0,1
946,0903,0,1
946,0904,0,1
946,0905,0,1
946,0906,0,1
946,0907,0,1
946,0908,0,1
946,0909,0,1
946,0910,0,1
946,0911,0,1
946,0912,0,1
946,0913,0,1
946,0914,0,1
947,0901,0,1
947,0902,0,1
947,0903,0,1
947,0904,0,1
947,0905,0,1
947,0906,0,1
947,0907,0,1
947,0908,0,1
947,0909,0,1
947,0910,0,1
947,0911,0,1
947,0912,0,1
947,0913,0,1
947,0914,0,1
948,0901,0,1
948,0902,0,1
948,0903,0,1
948,0904,0,1
948,0905,0,1
948,0906,0,1
948,0907,0,1
948,0908,0,1
948,0909,0,1
948,0910,0,1
948,0911,0,1
948,0912,0,1
948,0913,0,1
948,0914,0,1
949,0901,0,1
949,0902,0,1
949,0903,0,1
949,0904,0,1
949,0905,0,1
949,0906,0,1
949,0907,0,1
949,0908,0,1
949,0909,0,1
949,0910,0,1
949,0911,0,1
949,0912,0,1
949,0913,0,1
949,0914,0,1
950,0901,0,1
950,0902,0,1
950,0903,0,1
950,0904,0,1
950,0905,0,1
950,0906,0,1
950,0907,0,1
950,0908,0,1
950,0909,0,1
950,0910,0,1
950,0911,0,1
950,0912,0,1
950,0913,0,1
950,0914,0,1
951,0901,0,1
951,0902,0,1
951,0903,0,1
951,0904,0,1
951,0905,0,1
951,0906,0,1
951,0907,0,1
951,0908,0,1
951,0909,0,1
951,0910,0,1
951,0911,0,1
951,0912,0,1
951,0913,0,1
951,0914,0,1
952,0901,0,1
952,0902,0,1
952,0903,0,1
952,0904,0,1
952,0905,0,1
952,0906,0,1
952,0907,0,1
952,0908,0,1
952,0909,0,1
952,0910,0,1
952,0911,0,1
952,0912,0,1
952,0913,0,1
952,0914,0,1
953,0901,0,1
953,0902,0,1
953,0903,0,1
953,0904,0,1
953,0905,0,1
953,0906,0,1
953,0907,0,1
953,0908,0,1
953,0909,0,1
953,0910,0,1
953,0911,0,1
953,0912,0,1
953,0913,0,1
953,0914,0,1
954,0901,0,1
954,0902,0,1
954,0903,0,1
954,0904,0,1
954,0905,0,1
954,0906,0,1
954,0907,0,1
954,0908,0,1
954,0909,0,1
954,0910,0,1
954,0911,0,1
954,0912,0,1
954,0913,0,1
954,0914,0,1
955,0901,0,1
955,0902,0,1
955,0903,0,1
955,0904,0,1
955,0905,0,1
955,0906,0,1
955,0907,0,1
955,0908,0,1
955,0909,0,1
955,0910,1,1
955,0911,0,1
955,0912,0,1
955,0913,0,1
955,0914,0,1
956,0901,0,1
956,0902,0,1
956,0903,0,1
956,0904,0,1
956,0905,0,1
956,0906,0,1
956,0907,0,1
956,0908,0,1
956,0909,0,1
956,0910,0,1
956,0911,0,1
956,0912,0,1
956,0913,0,1
956,0914,0,1
957,0901,0,1
957,0902,0,1
957,0903,0,1
957,0904,0,1
957,0905,0,1
957,0906,0,1
957,0907,0,1
957,0908,0,1
957,0909,0,1
957,0910,0,1
957,0911,0,1
957,0912,0,1
957,0913,0,1
957,0914,0,1
958,0901,0,1
958,0902,0,1
958,0903,0,1
958,0904,0,1
958,0905,0,1
958,0906,0,1
958,0907,0,1
958,0908,0,1
958,0909,0,1
958,0910,0,1
958,0911,0,1
958,0912,0,1
958,0913,0,1
958,0914,0,1
959,0901,0,1
959,0902,0,1
959,0903,0,1
959,0904,0,1
959,0905,0,1
959,0906,0,1
959,0907,0,1
959,0908,0,1
959,0909,0,1
959,0910,0,1
959,0911,0,1
959,0912,0,1
959,0913,0,1
959,0914,0,1
960,0901,0,1
960,0902,0,1
960,0903,0,1
960,0904,0,1
960,0905,0,1
960,0906,0,1
960,0907,0,1
960,0908,0,1
960,0909,0,1
960,0910,0,1
960,0911,0,1
960,0912,0,1
960,0913,0,1
960,0914,0,1
961,0901,0,1
961,0902,0,1
961,0903,0,1
961,0904,0,1
961,0905,0,1
961,0906,0,1
961,0907,0,1
961,0908,0,1
961,0909,0,1
961,0910,0,1
961,0911,0,1
961,0912,0,1
961,0913,0,1
961,0914,0,1
962,0901,0,1
962,0902,0,1
962,0903,0,1
962,0904,0,1
962,0905,0,1
962,0906,0,1
962,0907,0,1
962,0908,0,1
962,0909,0,1
962,0910,0,1
962,0911,0,1
962,0912,0,1
962,0913,0,1
962,0914,0,1
963,0901,0,1
963,0902,0,1
963,0903,0,1
963,0904,0,1
963,0905,0,1
963,0906,0,1
963,0907,0,1
963,0908,0,1
963,0909,0,1
963,0910,0,1
963,0911,0,1
963,0912,0,1
963,0913,0,1
963,0914,0,1
964,0901,0,1
964,0902,0,1
964,0903,0,1
964,0904,0,1
964,0905,0,1
964,0906,0,1
964,0907,0,1
964,0908,0,1
964,0909,1,1
964,0910,0,1
964,0911,0,1
964,0912,0,1
964,0913,0,1
964,0914,0,1
965,0901,0,1
965,0902,0,1
965,0903,0,1
965,0904,0,1
965,0905,0,1
965,0906,0,1
965,0907,0,1
965,0908,0,1
965,0909,0,1
965,0910,0,1
965,0911,0,1
965,0912,0,1
965,0913,0,1
965,0914,0,1
966,0901,0,1
966,0902,0,1
966,0903,0,1
966,0904,0,1
966,0905,0,1
966,0906,0,1
966,0907,0,1
966,0908,0,1
966,0909,0,1
966,0910,0,1
966,0911,0,1
966,0912,0,1
966,0913,0,1
966,0914,0,1
967,0901,0,1
967,0902,0,1
967,0903,0,1
967,0904,0,1
967,0905,0,1
967,0906,0,1
967,0907,0,1
967,0908,0,1
967,0909,0,1
967,0910,0,1
967,0911,0,1
967,0912,0,1
967,0913,1,1
967,0914,0,1
968,0901,0,1
968,0902,0,1
968,0903,0,1
968,0904,0,1
968,0905,0,1
968,0906,0,1
968,0907,0,1
968,0908,0,1
968,0909,0,1
968,0910,0,1
968,0911,0,1
968,0912,0,1
968,0913,0,1
968,0914,0,1
969,0901,0,1
969,0902,0,1
969,0903,0,1
969,0904,0,1
969,0905,0,1
969,0906,0,1
969,0907,0,1
969,0908,0,1
969,0909,0,1
969,0910,0,1
969,0911,0,1
969,0912,0,1
969,0913,0,1
969,0914,0,1
970,0901,0,1
970,0902,0,1
970,0903,0,1
970,0904,0,1
970,0905,0,1
970,0906,0,1
970,0907,0,1
970,0908,0,1
970,0909,0,1
970,0910,0,1
970,0911,0,1
970,0912,0,1
970,0913,0,1
970,0914,0,1
971,0901,0,1
971,0902,0,1
971,0903,0,1
971,0904,0,1
971,0905,0,1
971,0906,0,1
971,0907,0,1
971,0908,0,1
971,0909,0,1
971,0910,0,1
971,0911,0,1
971,0912,0,1
971,0913,0,1
971,0914,0,1
972,0901,0,1
972,0902,0,1
972,0903,0,1
972,0904,0,1
972,0905,0,1
972,0906,0,1
972,0907,0,1
972,0908,0,1
972,0909,0,1
972,0910,0,1
972,0911,0,1
972,0912,0,1
972,0913,0,1
972,0914,0,1
973,0901,0,1
973,0902,0,1
973,0903,0,1
973,0904,0,1
973,0905,0,1
973,0906,0,1
973,0907,0,1
973,0908,0,1
973,0909,0,1
973,0910,0,1
973,0911,0,1
973,0912,0,1
973,0913,0,1
973,0914,0,1
974,0901,0,1
974,0902,0,1
974,0903,0,1
974,0904,0,1
974,0905,0,1
974,0906,0,1
974,0907,0,1
974,0908,0,1
974,0909,1,1
974,0910,0,1
974,0911,0,1
974,0912,0,1
974,0913,0,1
974,0914,0,1
975,0901,0,1
975,0902,0,1
975,0903,0,1
975,0904,0,1
975,0905,0,1
975,0906,0,1
975,0907,0,1
975,0908,0,1
975,0909,0,1
975,0910,0,1
975,0911,0,1
975,0912,0,1
975,0913,0,1
975,0914,0,1
976,0901,0,1
976,0902,0,1
976,0903,0,1
976,0904,0,1
976,0905,0,1
976,0906,0,1
976,0907,0,1
976,0908,0,1
976,0909,0,1
976,0910,0,1
976,0911,0,1
976,0912,0,1
976,0913,0,1
976,0914,0,1
977,0901,0,1
977,0902,0,1
977,0903,0,1
977,0904,0,1
977,0905,0,1
977,0906,0,1
977,0907,0,1
977,0908,0,1
977,0909,0,1
977,0910,0,1
977,0911,0,1
977,0912,0,1
977,0913,0,1
977,0914,0,1
978,0901,0,1
978,0902,0,1
978,0903,0,1
978,0904,0,1
978,0905,0,1
978,0906,0,1
978,0907,0,1
978,0908,0,1
978,0909,0,1
978,0910,0,1
978,0911,0,1
978,0912,0,1
978,0913,0,1
978,0914,0,1
979,0901,0,1
979,0902,0,1
979,0903,0,1
979,0904,0,1
979,0905,0,1
979,0906,0,1
979,0907,0,1
979,0908,0,1
979,0909,0,1
979,0910,0,1
979,0911,0,1
979,0912,0,1
979,0913,0,1
979,0914,0,1
980,0901,0,1
980,0902,0,1
980,0903,0,1
980,0904,0,1
980,0905,0,1
980,0906,0,1
980,0907,0,1
980,0908,0,1
980,0909,0,1
980,0910,0,1
980,0911,0,1
980,0912,0,1
980,0913,0,1
980,0914,0,1
981,0901,0,1
981,0902,0,1
981,0903,0,1
981,0904,0,1
981,0905,0,1
981,0906,0,1
981,0907,1,1
981,0908,0,1
981,0909,0,1
981,0910,0,1
981,0911,0,1
981,0912,0,1
981,0913,0,1
981,0914,0,1
982,0901,0,1
982,0902,0,1
982,0903,0,1
982,0904,0,1
982,0905,0,1
982,0906,0,1
982,0907,0,1
982,0908,0,1
982,0909,0,1
982,0910,0,1
982,0911,0,1
982,0912,0,1
982,0913,0,1
982,0914,0,1
983,0901,0,1
983,0902,0,1
983,0903,0,1
983,0904,0,1
983,0905,0,1
983,0906,0,1
983,0907,0,1
983,0908,0,1
983,0909,0,1
983,0910,0,1
983,0911,0,1
983,0912,0,1
983,0913,0,1
983,0914,0,1
984,0901,0,1
984,0902,0,1
984,0903,0,1
984,0904,0,1
984,0905,0,1
984,0906,0,1
984,0907,0,1
984,0908,0,1
984,0909,0,1
984,0910,0,1
984,0911,0,1
984,0912,0,1
984,0913,0,1
984,0914,0,1
985,0901,0,1
985,0902,0,1
985,0903,0,1
985,0904,0,1
985,0905,0,1
985,0906,0,1
985,0907,0,1
985,0908,0,1
985,0909,0,1
985,0910,0,1
985,0911,0,1
985,0912,0,1
985,0913,0,1
985,0914,0,1
986,0901,0,1
986,0902,0,1
986,0903,0,1
986,0904,0,1
986,0905,0,1
986,0906,0,1
986,0907,0,1
986,0908,0,1
986,0909,0,1
986,0910,0,1
986,0911,0,1
986,0912,0,1
986,0913,0,1
986,0914,0,1
987,0901,0,1
987,0902,0,1
987,0903,0,1
987,0904,0,1
987,0905,0,1
987,0906,0,1
987,0907,0,1
987,0908,0,1
987,0909,0,1
987,0910,0,1
987,0911,0,1
987,0912,0,1
987,0913,0,1
987,0914,0,1
988,0901,0,1
988,0902,0,1
988,0903,0,1
988,0904,0,1
988,0905,0,1
988,0906,0,1
988,0907,0,1
988,0908,0,1
988,0909,0,1
988,0910,0,1
988,0911,0,1
988,0912,0,1
988,0913,0,1
988,0914,0,1
989,0901,0,1
989,0902,0,1
989,0903,0,1
989,0904,0,1
989,0905,0,1
989,0906,0,1
989,0907,0,1
989,0908,0,1
989,0909,0,1
989,0910,0,1
989,0911,0,1
989,0912,0,1
989,0913,0,1
989,0914,0,1
990,0901,0,1
990,0902,0,1
990,0903,0,1
990,0904,0,1
990,0905,0,1
990,0906,0,1
990,0907,0,1
990,0908,0,1
990,0909,0,1
990,0910,0,1
990,0911,0,1
990,0912,0,1
990,0913,0,1
990,0914,0,1
991,0901,0,1
991,0902,0,1
991,0903,0,1
991,0904,0,1
991,0905,0,1
991,0906,0,1
991,0907,0,1
991,0908,0,1
991,0909,0,1
991,0910,0,1
991,0911,0,1
991,0912,0,1
991,0913,0,1
991,0914,0,1
992,0901,0,1
992,0902,0,1
992,0903,0,1
992,0904,0,1
992,0905,0,1
992,0906,0,1
992,0907,0,1
992,0908,1,1
992,0909,0,1
992,0910,0,1
992,0911,0,1
992,0912,0,1
992,0913,0,1
992,0914,0,1
993,0901,0,1
993,0902,0,1
993,0903,0,1
993,0904,0,1
993,0905,0,1
993,0906,0,1
993,0907,0,1
993,0908,0,1
993,0909,0,1
993,0910,0,1
993,0911,0,1
993,0912,0,1
993,0913,0,1
993,0914,0,1
994,0901,0,1
994,0902,0,1
994,0903,0,1
994,0904,0,1
994,0905,0,1
994,0906,0,1
994,0907,0,1
994,0908,0,1
994,0909,0,1
994,0910,0,1
994,0911,0,1
994,0912,0,1
994,0913,0,1
994,0914,0,1
995,0901,0,1
995,0902,0,1
995,0903,0,1
995,0904,0,1
995,0905,0,1
995,0906,0,1
995,0907,0,1
995,0908,0,1
995,0909,0,1
995,0910,0,1
995,0911,0,1
995,0912,0,1
995,0913,0,1
995,0914,0,1
996,0901,0,1
996,0902,0,1
996,0903,0,1
996,0904,0,1
996,0905,0,1
996,0906,0,1
996,0907,0,1
996,0908,0,1
996,0909,0,1
996,0910,0,1
996,0911,0,1
996,0912,0,1
996,0913,0,1
996,0914,0,1
997,0901,0,1
997,0902,0,1
997,0903,0,1
997,0904,0,1
997,0905,0,1
997,0906,0,1
997,0907,0,1
997,0908,0,1
997,0909,0,1
997,0910,0,1
997,0911,0,1
997,0912,0,1
997,0913,0,1
997,0914,0,1
998,0901,0,1
998,0902,0,1
998,0903,0,1
998,0904,0,1
998,0905,0,1
998,0906,0,1
998,0907,0,1
998,0908,0,1
998,0909,0,1
998,0910,0,1
998,0911,0,1
998,0912,0,1
998,0913,0,1
998,0914,0,1
999,0901,0,1
999,0902,0,1
999,0903,0,1
999,0904,0,1
999,0905,0,1
999,0906,0,1
999,0907,0,1
999,0908,0,1
999,0909,0,1
999,0910,0,1
999,0911,0,1
999,0912,0,1
999,0913,0,1
999,0914,0,1
1000,0901,0,1
1000,0902,0,1
1000,0903,0,1
1000,0904,0,1
1000,0905,0,1
1000,0906,0,1
1000,0907,0,1
1000,0908,0,1
1000,0909,0,1
1000,0910,0,1
1000,0911,0,1
1000,0912,0,1
1000,0913,0,1
1000,0914,0,1
1001,0901,0,1
1001,0902,0,1
1001,0903,0,1
1001,0904,0,1
1001,0905,0,1
1001,0906,0,1
1001,0907,0,1
1001,0908,0,1
1001,0909,0,1
1001,0910,0,1
1001,0911,0,1
1001,0912,0,1
1001,0913,0,1
1001,0914,0,1
1002,0901,0,1
1002,0902,0,1
1002,0903,0,1
1002,0904,0,1
1002,0905,0,1
1002,0906,0,1
1002,0907,0,1
1002,0908,0,1
1002,0909,0,1
1002,0910,0,1
1002,0911,0,1
1002,0912,0,1
1002,0913,0,1
1002,0914,0,1
1003,0901,0,1
1003,0902,0,1
1003,0903,0,1
1003,0904,0,1
1003,0905,0,1
1003,0906,0,1
1003,0907,0,1
1003,0908,0,1
1003,0909,0,1
1003,0910,0,1
1003,0911,0,1
1003,0912,0,1
1003,0913,0,1
1003,0914,0,1
1004,0901,0,1
1004,0902,0,1
1004,0903,0,1
1004,0904,0,1
1004,0905,0,1
1004,0906,0,1
1004,0907,0,1
1004,0908,0,1
1004,0909,0,1
1004,0910,0,1
1004,0911,0,1
1004,0912,0,1
1004,0913,0,1
1004,0914,0,1
1005,0901,0,1
1005,0902,0,1
1005,0903,0,1
1005,0904,0,1
1005,0905,0,1
1005,0906,0,1
1005,0907,0,1
1005,0908,0,1
1005,0909,0,1
1005,0910,0,1
1005,0911,0,1
1005,0912,0,1
1005,0913,1,1
1005,0914,0,1
1006,0901,0,1
1006,0902,0,1
1006,0903,0,1
1006,0904,0,1
1006,0905,0,1
1006,0906,0,1
1006,0907,0,1
1006,0908,0,1
1006,0909,0,1
1006,0910,0,1
1006,0911,0,1
1006,0912,0,1
1006,0913,0,1
1006,0914,0,1
1007,0901,0,1
1007,0902,0,1
1007,0903,0,1
1007,0904,0,1
1007,0905,0,1
1007,0906,0,1
1007,0907,0,1
1007,0908,0,1
1007,0909,0,1
1007,0910,0,1
1007,0911,0,1
1007,0912,0,1
1007,0913,0,1
1007,0914,0,1
1008,0901,0,1
1008,0902,0,1
1008,0903,0,1
1008,0904,0,1
1008,0905,0,1
1008,0906,0,1
1008,0907,0,1
1008,0908,0,1
1008,0909,0,1
1008,0910,0,1
1008,0911,0,1
1008,0912,0,1
1008,0913,0,1
1008,0914,0,1
1009,0901,0,1
1009,0902,0,1
1009,0903,0,1
1009,0904,0,1
1009,0905,0,1
1009,0906,0,1
1009,0907,0,1
1009,0908,0,1
1009,0909,0,1
1009,0910,0,1
1009,0911,0,1
1009,0912,0,1
1009,0913,0,1
1009,0914,0,1
1010,0901,0,1
1010,0902,0,1
1010,0903,0,1
1010,0904,0,1
1010,0905,0,1
1010,0906,0,1
1010,0907,0,1
1010,0908,0,1
1010,0909,0,1
1010,0910,0,1
1010,0911,0,1
1010,0912,0,1
1010,0913,0,1
1010,0914,0,1
1011,0901,0,1
1011,0902,0,1
1011,0903,0,1
1011,0904,0,1
1011,0905,0,1
1011,0906,1,1
1011,0907,0,1
1011,0908,0,1
1011,0909,0,1
1011,0910,0,1
1011,0911,0,1
1011,0912,0,1
1011,0913,0,1
1011,0914,0,1
1012,0901,0,1
1012,0902,0,1
1012,0903,0,1
1012,0904,0,1
1012,0905,0,1
1012,0906,0,1
1012,0907,0,1
1012,0908,0,1
1012,0909,0,1
1012,0910,0,1
1012,0911,0,1
1012,0912,0,1
1012,0913,0,1
1012,0914,0,1
1013,0901,0,1
1013,0902,0,1
1013,0903,0,1
1013,0904,0,1
1013,0905,0,1
1013,0906,0,1
1013,0907,0,1
1013,0908,0,1
1013,0909,0,1
1013,0910,0,1
1013,0911,0,1
1013,0912,0,1
1013,0913,0,1
1013,0914,0,1
1014,0901,0,1
1014,0902,0,1
1014,0903,0,1
1014,0904,0,1
1014,0905,0,1
1014,0906,0,1
1014,0907,0,1
1014,0908,0,1
1014,0909,0,1
1014,0910,0,1
1014,0911,0,1
1014,0912,0,1
1014,0913,0,1
1014,0914,0,1
1015,0901,0,1
1015,0902,0,1
1015,0903,0,1
1015,0904,0,1
1015,0905,0,1
1015,0906,0,1
1015,0907,0,1
1015,0908,0,1
1015,0909,0,1
1015,0910,0,1
1015,0911,0,1
1015,0912,0,1
1015,0913,0,1
1015,0914,1,1
1016,0901,0,1
1016,0902,0,1
1016,0903,0,1
1016,0904,0,1
1016,0905,0,1
1016,0906,0,1
1016,0907,0,1
1016,0908,0,1
1016,0909,0,1
1016,0910,0,1
1016,0911,0,1
1016,0912,0,1
1016,0913,0,1
1016,0914,0,1
1017,0901,0,1
1017,0902,0,1
1017,0903,0,1
1017,0904,0,1
1017,0905,0,1
1017,0906,0,1
1017,0907,0,1
1017,0908,0,1
1017,0909,0,1
1017,0910,0,1
1017,0911,0,1
1017,0912,0,1
1017,0913,0,1
1017,0914,0,1
1018,0901,0,1
1018,0902,0,1
1018,0903,0,1
1018,0904,0,1
1018,0905,0,1
1018,0906,0,1
1018,0907,0,1
1018,0908,0,1
1018,0909,0,1
1018,0910,0,1
1018,0911,0,1
1018,0912,0,1
1018,0913,0,1
1018,0914,0,1
1019,0901,0,1
1019,0902,0,1
1019,0903,0,1
1019,0904,0,1
1019,0905,0,1
1019,0906,0,1
1019,0907,0,1
1019,0908,0,1
1019,0909,0,1
1019,0910,1,1
1019,0911,0,1
1019,0912,0,1
1019,0913,0,1
1019,0914,0,1
1020,0901,0,1
1020,0902,0,1
1020,0903,0,1
1020,0904,0,1
1020,0905,0,1
1020,0906,0,1
1020,0907,0,1
1020,0908,0,1
1020,0909,0,1
1020,0910,1,1
1020,0911,0,1
1020,0912,0,1
1020,0913,0,1
1020,0914,0,1
1021,0901,0,1
1021,0902,0,1
1021,0903,0,1
1021,0904,0,1
1021,0905,0,1
1021,0906,0,1
1021,0907,0,1
1021,0908,0,1
1021,0909,0,1
1021,0910,0,1
1021,0911,0,1
1021,0912,0,1
1021,0913,0,1
1021,0914,0,1
1022,0901,0,1
1022,0902,0,1
1022,0903,0,1
1022,0904,0,1
1022,0905,0,1
1022,0906,0,1
1022,0907,0,1
1022,0908,0,1
1022,0909,0,1
1022,0910,0,1
1022,0911,0,1
1022,0912,0,1
1022,0913,0,1
1022,0914,0,1
1023,0901,0,1
1023,0902,0,1
1023,0903,0,1
1023,0904,0,1
1023,0905,0,1
1023,0906,0,1
1023,0907,0,1
1023,0908,0,1
1023,0909,0,1
1023,0910,0,1
1023,0911,0,1
1023,0912,0,1
1023,0913,0,1
1023,0914,1,1
1024,0901,0,1
1024,0902,0,1
1024,0903,0,1
1024,0904,0,1
1024,0905,0,1
1024,0906,0,1
1024,0907,0,1
1024,0908,0,1
1024,0909,0,1
1024,0910,0,1
1024,0911,0,1
1024,0912,0,1
1024,0913,0,1
1024,0914,0,1
1025,0901,0,1
1025,0902,0,1
1025,0903,0,1
1025,0904,0,1
1025,0905,0,1
1025,0906,0,1
1025,0907,0,1
1025,0908,0,1
1025,0909,0,1
1025,0910,0,1
1025,0911,0,1
1025,0912,0,1
1025,0913,0,1
1025,0914,0,1
1026,0901,0,1
1026,0902,0,1
1026,0903,0,1
1026,0904,0,1
1026,0905,0,1
1026,0906,0,1
1026,0907,0,1
1026,0908,0,1
1026,0909,0,1
1026,0910,0,1
1026,0911,0,1
1026,0912,0,1
1026,0913,0,1
1026,0914,0,1
1027,0901,0,1
1027,0902,0,1
1027,0903,0,1
1027,0904,0,1
1027,0905,0,1
1027,0906,0,1
1027,0907,0,1
1027,0908,0,1
1027,0909,0,1
1027,0910,0,1
1027,0911,1,1
1027,0912,0,1
1027,0913,0,1
1027,0914,1,1
1028,0901,0,1
1028,0902,0,1
1028,0903,0,1
1028,0904,0,1
1028,0905,0,1
1028,0906,0,1
1028,0907,0,1
1028,0908,0,1
1028,0909,0,1
1028,0910,0,1
1028,0911,0,1
1028,0912,0,1
1028,0913,0,1
1028,0914,0,1
1029,0901,0,1
1029,0902,0,1
1029,0903,0,1
1029,0904,0,1
1029,0905,0,1
1029,0906,0,1
1029,0907,0,1
1029,0908,0,1
1029,0909,1,1
1029,0910,0,1
1029,0911,0,1
1029,0912,0,1
1029,0913,0,1
1029,0914,0,1
1030,0901,0,1
1030,0902,0,1
1030,0903,0,1
1030,0904,0,1
1030,0905,0,1
1030,0906,0,1
1030,0907,0,1
1030,0908,0,1
1030,0909,0,1
1030,0910,0,1
1030,0911,0,1
1030,0912,0,1
1030,0913,0,1
1030,0914,0,1
1031,0901,0,1
1031,0902,0,1
1031,0903,0,1
1031,0904,0,1
1031,0905,0,1
1031,0906,0,1
1031,0907,0,1
1031,0908,0,1
1031,0909,0,1
1031,0910,1,1
1031,0911,0,1
1031,0912,0,1
1031,0913,0,1
1031,0914,0,1
1032,0901,0,1
1032,0902,0,1
1032,0903,0,1
1032,0904,0,1
1032,0905,0,1
1032,0906,0,1
1032,0907,0,1
1032,0908,0,1
1032,0909,0,1
1032,0910,0,1
1032,0911,0,1
1032,0912,0,1
1032,0913,0,1
1032,0914,0,1
1033,0901,0,1
1033,0902,0,1
1033,0903,0,1
1033,0904,0,1
1033,0905,0,1
1033,0906,0,1
1033,0907,0,1
1033,0908,0,1
1033,0909,0,1
1033,0910,0,1
1033,0911,0,1
1033,0912,0,1
1033,0913,0,1
1033,0914,0,1
1034,0901,0,1
1034,0902,0,1
1034,0903,0,1
1034,0904,0,1
1034,0905,0,1
1034,0906,0,1
1034,0907,0,1
1034,0908,0,1
1034,0909,0,1
1034,0910,0,1
1034,0911,0,1
1034,0912,0,1
1034,0913,0,1
1034,0914,0,1
1035,0901,0,1
1035,0902,0,1
1035,0903,0,1
1035,0904,0,1
1035,0905,0,1
1035,0906,0,1
1035,0907,0,1
1035,0908,0,1
1035,0909,0,1
1035,0910,0,1
1035,0911,0,1
1035,0912,0,1
1035,0913,0,1
1035,0914,0,1
1036,0901,0,1
1036,0902,0,1
1036,0903,0,1
1036,0904,0,1
1036,0905,0,1
1036,0906,0,1
1036,0907,0,1
1036,0908,0,1
1036,0909,0,1
1036,0910,0,1
1036,0911,0,1
1036,0912,0,1
1036,0913,0,1
1036,0914,0,1
1037,0901,0,1
1037,0902,0,1
1037,0903,0,1
1037,0904,0,1
1037,0905,0,1
1037,0906,0,1
1037,0907,0,1
1037,0908,0,1
1037,0909,0,1
1037,0910,0,1
1037,0911,0,1
1037,0912,0,1
1037,0913,0,1
1037,0914,0,1
1038,0901,0,1
1038,0902,0,1
1038,0903,0,1
1038,0904,0,1
1038,0905,0,1
1038,0906,0,1
1038,0907,0,1
1038,0908,0,1
1038,0909,0,1
1038,0910,0,1
1038,0911,0,1
1038,0912,0,1
1038,0913,0,1
1038,0914,0,1
1039,0901,0,1
1039,0902,0,1
1039,0903,0,1
1039,0904,0,1
1039,0905,0,1
1039,0906,0,1
1039,0907,0,1
1039,0908,0,1
1039,0909,0,1
1039,0910,0,1
1039,0911,0,1
1039,0912,0,1
1039,0913,0,1
1039,0914,0,1
1040,0901,0,1
1040,0902,0,1
1040,0903,0,1
1040,0904,0,1
1040,0905,0,1
1040,0906,0,1
1040,0907,0,1
1040,0908,0,1
1040,0909,0,1
1040,0910,0,1
1040,0911,0,1
1040,0912,0,1
1040,0913,0,1
1040,0914,0,1
1041,0901,0,1
1041,0902,0,1
1041,0903,0,1
1041,0904,0,1
1041,0905,0,1
1041,0906,0,1
1041,0907,0,1
1041,0908,0,1
1041,0909,0,1
1041,0910,0,1
1041,0911,0,1
1041,0912,1,1
1041,0913,0,1
1041,0914,0,1
1042,0901,0,1
1042,0902,0,1
1042,0903,0,1
1042,0904,0,1
1042,0905,0,1
1042,0906,0,1
1042,0907,0,1
1042,0908,0,1
1042,0909,0,1
1042,0910,0,1
1042,0911,0,1
1042,0912,0,1
1042,0913,0,1
1042,0914,0,1
1043,0901,0,1
1043,0902,0,1
1043,0903,0,1
1043,0904,0,1
1043,0905,0,1
1043,0906,0,1
1043,0907,0,1
1043,0908,0,1
1043,0909,0,1
1043,0910,0,1
1043,0911,0,1
1043,0912,0,1
1043,0913,0,1
1043,0914,0,1
1044,0901,0,1
1044,0902,0,1
1044,0903,0,1
1044,0904,0,1
1044,0905,0,1
1044,0906,0,1
1044,0907,0,1
1044,0908,0,1
1044,0909,0,1
1044,0910,0,1
1044,0911,0,1
1044,0912,0,1
1044,0913,0,1
1044,0914,0,1
1045,0901,0,1
1045,0902,0,1
1045,0903,0,1
1045,0904,0,1
1045,0905,0,1
1045,0906,0,1
1045,0907,0,1
1045,0908,0,1
1045,0909,0,1
1045,0910,0,1
1045,0911,0,1
1045,0912,0,1
1045,0913,0,1
1045,0914,0,1
1046,0901,0,1
1046,0902,0,1
1046,0903,0,1
1046,0904,0,1
1046,0905,0,1
1046,0906,0,1
1046,0907,0,1
1046,0908,0,1
1046,0909,0,1
1046,0910,0,1
1046,0911,0,1
1046,0912,0,1
1046,0913,0,1
1046,0914,0,1
1047,0901,0,1
1047,0902,0,1
1047,0903,0,1
1047,0904,0,1
1047,0905,0,1
1047,0906,0,1
1047,0907,0,1
1047,0908,0,1
1047,0909,0,1
1047,0910,0,1
1047,0911,0,1
1047,0912,0,1
1047,0913,0,1
1047,0914,0,1
1048,0901,0,1
1048,0902,0,1
1048,0903,0,1
1048,0904,0,1
1048,0905,0,1
1048,0906,0,1
1048,0907,0,1
1048,0908,0,1
1048,0909,0,1
1048,0910,0,1
1048,0911,0,1
1048,0912,0,1
1048,0913,0,1
1048,0914,0,1
1049,0901,0,1
1049,0902,0,1
1049,0903,0,1
1049,0904,0,1
1049,0905,0,1
1049,0906,0,1
1049,0907,0,1
1049,0908,0,1
1049,0909,1,1
1049,0910,0,1
1049,0911,0,1
1049,0912,0,1
1049,0913,0,1
1049,0914,0,1
1050,0901,0,1
1050,0902,0,1
1050,0903,0,1
1050,0904,0,1
1050,0905,0,1
1050,0906,0,1
1050,0907,0,1
1050,0908,0,1
1050,0909,0,1
1050,0910,0,1
1050,0911,0,1
1050,0912,0,1
1050,0913,0,1
1050,0914,0,1
1051,0901,0,1
1051,0902,0,1
1051,0903,0,1
1051,0904,0,1
1051,0905,0,1
1051,0906,0,1
1051,0907,0,1
1051,0908,0,1
1051,0909,0,1
1051,0910,0,1
1051,0911,0,1
1051,0912,0,1
1051,0913,0,1
1051,0914,0,1
1052,0901,0,1
1052,0902,0,1
1052,0903,0,1
1052,0904,0,1
1052,0905,0,1
1052,0906,0,1
1052,0907,0,1
1052,0908,0,1
1052,0909,0,1
1052,0910,0,1
1052,0911,0,1
1052,0912,0,1
1052,0913,0,1
1052,0914,0,1
1053,0901,0,1
1053,0902,0,1
1053,0903,0,1
1053,0904,0,1
1053,0905,0,1
1053,0906,0,1
1053,0907,0,1
1053,0908,0,1
1053,0909,1,1
1053,0910,0,1
1053,0911,0,1
1053,0912,0,1
1053,0913,0,1
1053,0914,0,1
1054,0901,0,1
1054,0902,0,1
1054,0903,0,1
1054,0904,0,1
1054,0905,0,1
1054,0906,0,1
1054,0907,0,1
1054,0908,0,1
1054,0909,0,1
1054,0910,0,1
1054,0911,0,1
1054,0912,0,1
1054,0913,0,1
1054,0914,0,1
1055,0901,0,1
1055,0902,0,1
1055,0903,0,1
1055,0904,0,1
1055,0905,0,1
1055,0906,0,1
1055,0907,0,1
1055,0908,1,1
1055,0909,0,1
1055,0910,0,1
1055,0911,0,1
1055,0912,0,1
1055,0913,0,1
1055,0914,0,1
1056,0901,0,1
1056,0902,0,1
1056,0903,0,1
1056,0904,0,1
1056,0905,0,1
1056,0906,0,1
1056,0907,0,1
1056,0908,0,1
1056,0909,0,1
1056,0910,0,1
1056,0911,0,1
1056,0912,0,1
1056,0913,0,1
1056,0914,1,1
1057,0901,0,1
1057,0902,0,1
1057,0903,0,1
1057,0904,0,1
1057,0905,0,1
1057,0906,0,1
1057,0907,0,1
1057,0908,0,1
1057,0909,0,1
1057,0910,0,1
1057,0911,0,1
1057,0912,1,1
1057,0913,0,1
1057,0914,0,1
1058,0901,0,1
1058,0902,0,1
1058,0903,0,1
1058,0904,0,1
1058,0905,0,1
1058,0906,0,1
1058,0907,0,1
1058,0908,0,1
1058,0909,0,1
1058,0910,0,1
1058,0911,0,1
1058,0912,0,1
1058,0913,0,1
1058,0914,0,1
1059,0901,0,1
1059,0902,0,1
1059,0903,0,1
1059,0904,0,1
1059,0905,0,1
1059,0906,0,1
1059,0907,0,1
1059,0908,0,1
1059,0909,0,1
1059,0910,0,1
1059,0911,0,1
1059,0912,0,1
1059,0913,0,1
1059,0914,0,1
1060,0901,0,1
1060,0902,0,1
1060,0903,0,1
1060,0904,0,1
1060,0905,0,1
1060,0906,0,1
1060,0907,0,1
1060,0908,0,1
1060,0909,0,1
1060,0910,0,1
1060,0911,0,1
1060,0912,0,1
1060,0913,0,1
1060,0914,0,1
1061,0901,0,1
1061,0902,0,1
1061,0903,0,1
1061,0904,0,1
1061,0905,0,1
1061,0906,0,1
1061,0907,0,1
1061,0908,0,1
1061,0909,0,1
1061,0910,0,1
1061,0911,0,1
1061,0912,0,1
1061,0913,0,1
1061,0914,0,1
1062,0901,0,1
1062,0902,0,1
1062,0903,0,1
1062,0904,0,1
1062,0905,0,1
1062,0906,0,1
1062,0907,0,1
1062,0908,0,1
1062,0909,0,1
1062,0910,0,1
1062,0911,0,1
1062,0912,0,1
1062,0913,0,1
1062,0914,0,1
1063,0901,0,1
1063,0902,0,1
1063,0903,0,1
1063,0904,0,1
1063,0905,0,1
1063,0906,0,1
1063,0907,0,1
1063,0908,0,1
1063,0909,0,1
1063,0910,0,1
1063,0911,0,1
1063,0912,0,1
1063,0913,0,1
1063,0914,0,1
1064,0901,0,1
1064,0902,0,1
1064,0903,0,1
1064,0904,0,1
1064,0905,0,1
1064,0906,0,1
1064,0907,0,1
1064,0908,0,1
1064,0909,0,1
1064,0910,0,1
1064,0911,0,1
1064,0912,0,1
1064,0913,0,1
1064,0914,1,1
1065,0901,0,1
1065,0902,0,1
1065,0903,0,1
1065,0904,0,1
1065,0905,0,1
1065,0906,0,1
1065,0907,0,1
1065,0908,0,1
1065,0909,0,1
1065,0910,0,1
1065,0911,0,1
1065,0912,0,1
1065,0913,0,1
1065,0914,0,1
1066,0901,0,1
1066,0902,0,1
1066,0903,0,1
1066,0904,0,1
1066,0905,0,1
1066,0906,0,1
1066,0907,0,1
1066,0908,0,1
1066,0909,0,1
1066,0910,0,1
1066,0911,0,1
1066,0912,0,1
1066,0913,0,1
1066,0914,0,1
1067,0901,0,1
1067,0902,0,1
1067,0903,0,1
1067,0904,0,1
1067,0905,0,1
1067,0906,0,1
1067,0907,0,1
1067,0908,0,1
1067,0909,0,1
1067,0910,0,1
1067,0911,0,1
1067,0912,0,1
1067,0913,0,1
1067,0914,0,1
1068,0901,0,1
1068,0902,0,1
1068,0903,0,1
1068,0904,0,1
1068,0905,0,1
1068,0906,0,1
1068,0907,0,1
1068,0908,0,1
1068,0909,0,1
1068,0910,0,1
1068,0911,0,1
1068,0912,0,1
1068,0913,0,1
1068,0914,0,1
1069,0901,0,1
1069,0902,0,1
1069,0903,0,1
1069,0904,0,1
1069,0905,0,1
1069,0906,0,1
1069,0907,0,1
1069,0908,0,1
1069,0909,0,1
1069,0910,0,1
1069,0911,0,1
1069,0912,0,1
1069,0913,0,1
1069,0914,0,1
1070,0901,0,1
1070,0902,0,1
1070,0903,0,1
1070,0904,0,1
1070,0905,0,1
1070,0906,0,1
1070,0907,0,1
1070,0908,0,1
1070,0909,0,1
1070,0910,0,1
1070,0911,0,1
1070,0912,0,1
1070,0913,0,1
1070,0914,0,1
1071,0901,0,1
1071,0902,0,1
1071,0903,0,1
1071,0904,0,1
1071,0905,0,1
1071,0906,0,1
1071,0907,0,1
1071,0908,0,1
1071,0909,0,1
1071,0910,0,1
1071,0911,0,1
1071,0912,0,1
1071,0913,0,1
1071,0914,0,1
1072,0901,0,1
1072,0902,0,1
1072,0903,0,1
1072,0904,0,1
1072,0905,0,1
1072,0906,0,1
1072,0907,0,1
1072,0908,0,1
1072,0909,0,1
1072,0910,0,1
1072,0911,0,1
1072,0912,0,1
1072,0913,0,1
1072,0914,0,1
1073,0901,0,1
1073,0902,0,1
1073,0903,0,1
1073,0904,0,1
1073,0905,0,1
1073,0906,0,1
1073,0907,0,1
1073,0908,0,1
1073,0909,0,1
1073,0910,0,1
1073,0911,0,1
1073,0912,0,1
1073,0913,0,1
1073,0914,0,1
1074,0901,0,1
1074,0902,0,1
1074,0903,0,1
1074,0904,0,1
1074,0905,0,1
1074,0906,0,1
1074,0907,0,1
1074,0908,0,1
1074,0909,0,1
1074,0910,0,1
1074,0911,0,1
1074,0912,0,1
1074,0913,0,1
1074,0914,0,1
1075,0901,0,1
1075,0902,0,1
1075,0903,0,1
1075,0904,0,1
1075,0905,0,1
1075,0906,0,1
1075,0907,0,1
1075,0908,0,1
1075,0909,0,1
1075,0910,0,1
1075,0911,0,1
1075,0912,0,1
1075,0913,0,1
1075,0914,0,1
1076,0901,0,1
1076,0902,0,1
1076,0903,0,1
1076,0904,0,1
1076,0905,0,1
1076,0906,0,1
1076,0907,0,1
1076,0908,0,1
1076,0909,0,1
1076,0910,0,1
1076,0911,0,1
1076,0912,0,1
1076,0913,0,1
1076,0914,0,1
1077,0901,0,1
1077,0902,0,1
1077,0903,0,1
1077,0904,0,1
1077,0905,0,1
1077,0906,0,1
1077,0907,0,1
1077,0908,0,1
1077,0909,0,1
1077,0910,0,1
1077,0911,0,1
1077,0912,0,1
1077,0913,0,1
1077,0914,0,1
1078,0901,0,1
1078,0902,0,1
1078,0903,0,1
1078,0904,0,1
1078,0905,0,1
1078,0906,0,1
1078,0907,0,1
1078,0908,0,1
1078,0909,0,1
1078,0910,0,1
1078,0911,0,1
1078,0912,0,1
1078,0913,0,1
1078,0914,0,1
1079,0901,0,1
1079,0902,0,1
1079,0903,0,1
1079,0904,0,1
1079,0905,0,1
1079,0906,0,1
1079,0907,0,1
1079,0908,0,1
1079,0909,0,1
1079,0910,0,1
1079,0911,0,1
1079,0912,0,1
1079,0913,0,1
1079,0914,0,1
1080,0901,0,1
1080,0902,0,1
1080,0903,0,1
1080,0904,0,1
1080,0905,0,1
1080,0906,0,1
1080,0907,0,1
1080,0908,0,1
1080,0909,0,1
1080,0910,0,1
1080,0911,0,1
1080,0912,0,1
1080,0913,0,1
1080,0914,0,1
1081,0901,0,1
1081,0902,0,1
1081,0903,0,1
1081,0904,0,1
1081,0905,0,1
1081,0906,0,1
1081,0907,0,1
1081,0908,0,1
1081,0909,0,1
1081,0910,0,1
1081,0911,0,1
1081,0912,0,1
1081,0913,0,1
1081,0914,0,1
1082,0901,0,1
1082,0902,0,1
1082,0903,0,1
1082,0904,0,1
1082,0905,0,1
1082,0906,0,1
1082,0907,0,1
1082,0908,0,1
1082,0909,0,1
1082,0910,0,1
1082,0911,0,1
1082,0912,0,1
1082,0913,0,1
1082,0914,0,1
1083,0901,0,1
1083,0902,0,1
1083,0903,0,1
1083,0904,0,1
1083,0905,0,1
1083,0906,0,1
1083,0907,0,1
1083,0908,0,1
1083,0909,0,1
1083,0910,0,1
1083,0911,0,1
1083,0912,0,1
1083,0913,0,1
1083,0914,0,1
1084,0901,0,1
1084,0902,0,1
1084,0903,0,1
1084,0904,0,1
1084,0905,0,1
1084,0906,0,1
1084,0907,0,1
1084,0908,0,1
1084,0909,1,1
1084,0910,0,1
1084,0911,0,1
1084,0912,0,1
1084,0913,0,1
1084,0914,0,1
1085,0901,0,1
1085,0902,0,1
1085,0903,0,1
1085,0904,0,1
1085,0905,0,1
1085,0906,0,1
1085,0907,0,1
1085,0908,0,1
1085,0909,0,1
1085,0910,0,1
1085,0911,0,1
1085,0912,0,1
1085,0913,0,1
1085,0914,0,1
1086,0901,0,1
1086,0902,0,1
1086,0903,0,1
1086,0904,0,1
1086,0905,0,1
1086,0906,0,1
1086,0907,0,1
1086,0908,0,1
1086,0909,0,1
1086,0910,0,1
1086,0911,0,1
1086,0912,0,1
1086,0913,0,1
1086,0914,0,1
1087,0901,0,1
1087,0902,0,1
1087,0903,0,1
1087,0904,0,1
1087,0905,0,1
1087,0906,0,1
1087,0907,0,1
1087,0908,0,1
1087,0909,0,1
1087,0910,0,1
1087,0911,0,1
1087,0912,0,1
1087,0913,0,1
1087,0914,0,1
1088,0901,0,1
1088,0902,0,1
1088,0903,0,1
1088,0904,0,1
1088,0905,0,1
1088,0906,0,1
1088,0907,0,1
1088,0908,0,1
1088,0909,0,1
1088,0910,0,1
1088,0911,0,1
1088,0912,0,1
1088,0913,0,1
1088,0914,0,1
1089,0901,0,1
1089,0902,0,1
1089,0903,0,1
1089,0904,0,1
1089,0905,0,1
1089,0906,0,1
1089,0907,0,1
1089,0908,0,1
1089,0909,0,1
1089,0910,0,1
1089,0911,0,1
1089,0912,0,1
1089,0913,0,1
1089,0914,0,1
1090,0901,0,1
1090,0902,0,1
1090,0903,0,1
1090,0904,0,1
1090,0905,0,1
1090,0906,0,1
1090,0907,0,1
1090,0908,0,1
1090,0909,0,1
1090,0910,0,1
1090,0911,0,1
1090,0912,0,1
1090,0913,0,1
1090,0914,0,1
1091,0901,0,1
1091,0902,0,1
1091,0903,0,1
1091,0904,0,1
1091,0905,0,1
1091,0906,0,1
1091,0907,0,1
1091,0908,0,1
1091,0909,0,1
1091,0910,0,1
1091,0911,0,1
1091,0912,0,1
1091,0913,0,1
1091,0914,0,1
1092,0901,0,1
1092,0902,0,1
1092,0903,0,1
1092,0904,0,1
1092,0905,0,1
1092,0906,0,1
1092,0907,0,1
1092,0908,0,1
1092,0909,0,1
1092,0910,0,1
1092,0911,0,1
1092,0912,0,1
1092,0913,0,1
1092,0914,0,1
1093,0901,0,1
1093,0902,0,1
1093,0903,0,1
1093,0904,0,1
1093,0905,0,1
1093,0906,0,1
1093,0907,0,1
1093,0908,0,1
1093,0909,0,1
1093,0910,0,1
1093,0911,0,1
1093,0912,0,1
1093,0913,0,1
1093,0914,0,1
1094,0901,0,1
1094,0902,0,1
1094,0903,0,1
1094,0904,0,1
1094,0905,0,1
1094,0906,0,1
1094,0907,0,1
1094,0908,0,1
1094,0909,0,1
1094,0910,0,1
1094,0911,0,1
1094,0912,0,1
1094,0913,0,1
1094,0914,0,1
1095,0901,0,1
1095,0902,0,1
1095,0903,0,1
1095,0904,0,1
1095,0905,0,1
1095,0906,0,1
1095,0907,0,1
1095,0908,0,1
1095,0909,0,1
1095,0910,0,1
1095,0911,0,1
1095,0912,0,1
1095,0913,0,1
1095,0914,0,1
1096,0901,0,1
1096,0902,0,1
1096,0903,0,1
1096,0904,0,1
1096,0905,0,1
1096,0906,0,1
1096,0907,0,1
1096,0908,0,1
1096,0909,0,1
1096,0910,0,1
1096,0911,0,1
1096,0912,0,1
1096,0913,1,1
1096,0914,0,1
1097,0901,0,1
1097,0902,0,1
1097,0903,0,1
1097,0904,0,1
1097,0905,0,1
1097,0906,0,1
1097,0907,0,1
1097,0908,0,1
1097,0909,0,1
1097,0910,0,1
1097,0911,0,1
1097,0912,0,1
1097,0913,0,1
1097,0914,0,1
1098,0901,0,1
1098,0902,0,1
1098,0903,0,1
1098,0904,0,1
1098,0905,0,1
1098,0906,0,1
1098,0907,0,1
1098,0908,0,1
1098,0909,0,1
1098,0910,0,1
1098,0911,0,1
1098,0912,0,1
1098,0913,0,1
1098,0914,0,1
1099,0901,0,1
1099,0902,0,1
1099,0903,0,1
1099,0904,0,1
1099,0905,0,1
1099,0906,0,1
1099,0907,0,1
1099,0908,0,1
1099,0909,0,1
1099,0910,0,1
1099,0911,0,1
1099,0912,0,1
1099,0913,0,1
1099,0914,0,1
1100,0901,0,1
1100,0902,0,1
1100,0903,0,1
1100,0904,0,1
1100,0905,0,1
1100,0906,0,1
1100,0907,0,1
1100,0908,0,1
1100,0909,0,1
1100,0910,0,1
1100,0911,0,1
1100,0912,0,1
1100,0913,0,1
1100,0914,0,1
1101,0901,0,1
1101,0902,0,1
1101,0903,0,1
1101,0904,0,1
1101,0905,0,1
1101,0906,0,1
1101,0907,0,1
1101,0908,0,1
1101,0909,0,1
1101,0910,0,1
1101,0911,0,1
1101,0912,0,1
1101,0913,0,1
1101,0914,0,1
1102,0901,0,1
1102,0902,0,1
1102,0903,0,1
1102,0904,0,1
1102,0905,0,1
1102,0906,0,1
1102,0907,0,1
1102,0908,0,1
1102,0909,0,1
1102,0910,0,1
1102,0911,0,1
1102,0912,0,1
1102,0913,0,1
1102,0914,0,1
1103,0901,0,1
1103,0902,0,1
1103,0903,0,1
1103,0904,0,1
1103,0905,0,1
1103,0906,0,1
1103,0907,0,1
1103,0908,0,1
1103,0909,0,1
1103,0910,0,1
1103,0911,0,1
1103,0912,0,1
1103,0913,0,1
1103,0914,0,1
1104,0901,0,1
1104,0902,0,1
1104,0903,0,1
1104,0904,0,1
1104,0905,0,1
1104,0906,0,1
1104,0907,0,1
1104,0908,0,1
1104,0909,0,1
1104,0910,0,1
1104,0911,0,1
1104,0912,0,1
1104,0913,0,1
1104,0914,0,1
1105,0901,0,1
1105,0902,0,1
1105,0903,0,1
1105,0904,0,1
1105,0905,0,1
1105,0906,0,1
1105,0907,0,1
1105,0908,0,1
1105,0909,0,1
1105,0910,0,1
1105,0911,0,1
1105,0912,0,1
1105,0913,0,1
1105,0914,0,1
1106,0901,0,1
1106,0902,0,1
1106,0903,0,1
1106,0904,0,1
1106,0905,0,1
1106,0906,0,1
1106,0907,0,1
1106,0908,0,1
1106,0909,0,1
1106,0910,0,1
1106,0911,0,1
1106,0912,0,1
1106,0913,0,1
1106,0914,0,1
1107,0901,0,1
1107,0902,0,1
1107,0903,0,1
1107,0904,0,1
1107,0905,0,1
1107,0906,0,1
1107,0907,0,1
1107,0908,0,1
1107,0909,0,1
1107,0910,0,1
1107,0911,0,1
1107,0912,0,1
1107,0913,0,1
1107,0914,0,1
1108,0901,0,1
1108,0902,0,1
1108,0903,0,1
1108,0904,0,1
1108,0905,0,1
1108,0906,0,1
1108,0907,0,1
1108,0908,0,1
1108,0909,0,1
1108,0910,0,1
1108,0911,0,1
1108,0912,0,1
1108,0913,0,1
1108,0914,0,1
1109,0901,0,1
1109,0902,0,1
1109,0903,0,1
1109,0904,0,1
1109,0905,0,1
1109,0906,0,1
1109,0907,0,1
1109,0908,0,1
1109,0909,0,1
1109,0910,0,1
1109,0911,0,1
1109,0912,0,1
1109,0913,0,1
1109,0914,0,1
1110,0901,0,1
1110,0902,0,1
1110,0903,0,1
1110,0904,0,1
1110,0905,0,1
1110,0906,0,1
1110,0907,0,1
1110,0908,0,1
1110,0909,0,1
1110,0910,0,1
1110,0911,0,1
1110,0912,0,1
1110,0913,0,1
1110,0914,0,1
1111,0901,0,1
1111,0902,0,1
1111,0903,0,1
1111,0904,0,1
1111,0905,0,1
1111,0906,0,1
1111,0907,0,1
1111,0908,0,1
1111,0909,0,1
1111,0910,0,1
1111,0911,0,1
1111,0912,0,1
1111,0913,0,1
1111,0914,0,1
1112,0901,0,1
1112,0902,0,1
1112,0903,0,1
1112,0904,0,1
1112,0905,0,1
1112,0906,0,1
1112,0907,0,1
1112,0908,0,1
1112,0909,0,1
1112,0910,0,1
1112,0911,0,1
1112,0912,0,1
1112,0913,0,1
1112,0914,0,1
1113,0901,0,1
1113,0902,0,1
1113,0903,0,1
1113,0904,0,1
1113,0905,0,1
1113,0906,0,1
1113,0907,0,1
1113,0908,0,1
1113,0909,0,1
1113,0910,0,1
1113,0911,0,1
1113,0912,0,1
1113,0913,0,1
1113,0914,0,1
1114,0901,0,1
1114,0902,0,1
1114,0903,0,1
1114,0904,0,1
1114,0905,0,1
1114,0906,0,1
1114,0907,0,1
1114,0908,0,1
1114,0909,0,1
1114,0910,0,1
1114,0911,0,1
1114,0912,0,1
1114,0913,0,1
1114,0914,0,1
1115,0901,0,1
1115,0902,0,1
1115,0903,0,1
1115,0904,0,1
1115,0905,0,1
1115,0906,0,1
1115,0907,0,1
1115,0908,0,1
1115,0909,0,1
1115,0910,0,1
1115,0911,0,1
1115,0912,0,1
1115,0913,0,1
1115,0914,0,1
1116,0901,0,1
1116,0902,0,1
1116,0903,0,1
1116,0904,0,1
1116,0905,0,1
1116,0906,0,1
1116,0907,0,1
1116,0908,0,1
1116,0909,0,1
1116,0910,1,1
1116,0911,0,1
1116,0912,0,1
1116,0913,0,1
1116,0914,1,1
1117,0901,0,1
1117,0902,0,1
1117,0903,0,1
1117,0904,0,1
1117,0905,0,1
1117,0906,0,1
1117,0907,0,1
1117,0908,0,1
1117,0909,0,1
1117,0910,0,1
1117,0911,0,1
1117,0912,0,1
1117,0913,0,1
1117,0914,1,1
1118,0901,0,1
1118,0902,0,1
1118,0903,0,1
1118,0904,0,1
1118,0905,0,1
1118,0906,0,1
1118,0907,0,1
1118,0908,0,1
1118,0909,0,1
1118,0910,0,1
1118,0911,0,1
1118,0912,0,1
1118,0913,0,1
1118,0914,0,1
1119,0901,0,1
1119,0902,0,1
1119,0903,0,1
1119,0904,0,1
1119,0905,0,1
1119,0906,0,1
1119,0907,0,1
1119,0908,0,1
1119,0909,0,1
1119,0910,0,1
1119,0911,0,1
1119,0912,0,1
1119,0913,0,1
1119,0914,0,1
1120,0901,0,1
1120,0902,0,1
1120,0903,0,1
1120,0904,0,1
1120,0905,0,1
1120,0906,0,1
1120,0907,0,1
1120,0908,0,1
1120,0909,0,1
1120,0910,0,1
1120,0911,0,1
1120,0912,0,1
1120,0913,1,1
1120,0914,0,1
1121,0901,0,1
1121,0902,0,1
1121,0903,0,1
1121,0904,0,1
1121,0905,0,1
1121,0906,0,1
1121,0907,0,1
1121,0908,0,1
1121,0909,0,1
1121,0910,0,1
1121,0911,0,1
1121,0912,0,1
1121,0913,0,1
1121,0914,0,1
1122,0901,0,1
1122,0902,0,1
1122,0903,0,1
1122,0904,0,1
1122,0905,0,1
1122,0906,0,1
1122,0907,0,1
1122,0908,0,1
1122,0909,0,1
1122,0910,0,1
1122,0911,0,1
1122,0912,0,1
1122,0913,0,1
1122,0914,0,1
1123,0901,0,1
1123,0902,0,1
1123,0903,0,1
1123,0904,0,1
1123,0905,0,1
1123,0906,0,1
1123,0907,0,1
1123,0908,0,1
1123,0909,0,1
1123,0910,0,1
1123,0911,0,1
1123,0912,0,1
1123,0913,0,1
1123,0914,0,1
1124,0901,0,1
1124,0902,0,1
1124,0903,0,1
1124,0904,0,1
1124,0905,0,1
1124,0906,0,1
1124,0907,0,1
1124,0908,0,1
1124,0909,0,1
1124,0910,0,1
1124,0911,0,1
1124,0912,0,1
1124,0913,0,1
1124,0914,0,1
1125,0901,0,1
1125,0902,0,1
1125,0903,0,1
1125,0904,0,1
1125,0905,0,1
1125,0906,0,1
1125,0907,0,1
1125,0908,0,1
1125,0909,1,1
1125,0910,0,1
1125,0911,0,1
1125,0912,0,1
1125,0913,0,1
1125,0914,0,1
1126,0901,0,1
1126,0902,0,1
1126,0903,0,1
1126,0904,0,1
1126,0905,0,1
1126,0906,0,1
1126,0907,0,1
1126,0908,0,1
1126,0909,0,1
1126,0910,0,1
1126,0911,0,1
1126,0912,0,1
1126,0913,0,1
1126,0914,0,1
1127,0901,0,1
1127,0902,0,1
1127,0903,0,1
1127,0904,0,1
1127,0905,0,1
1127,0906,0,1
1127,0907,0,1
1127,0908,0,1
1127,0909,0,1
1127,0910,0,1
1127,0911,0,1
1127,0912,0,1
1127,0913,0,1
1127,0914,0,1
1128,0901,0,1
1128,0902,0,1
1128,0903,0,1
1128,0904,0,1
1128,0905,0,1
1128,0906,0,1
1128,0907,0,1
1128,0908,0,1
1128,0909,0,1
1128,0910,0,1
1128,0911,0,1
1128,0912,0,1
1128,0913,0,1
1128,0914,0,1
1129,0901,0,1
1129,0902,0,1
1129,0903,0,1
1129,0904,0,1
1129,0905,0,1
1129,0906,0,1
1129,0907,0,1
1129,0908,0,1
1129,0909,0,1
1129,0910,0,1
1129,0911,0,1
1129,0912,0,1
1129,0913,0,1
1129,0914,0,1
1130,0901,0,1
1130,0902,0,1
1130,0903,0,1
1130,0904,0,1
1130,0905,0,1
1130,0906,0,1
1130,0907,0,1
1130,0908,0,1
1130,0909,0,1
1130,0910,0,1
1130,0911,0,1
1130,0912,0,1
1130,0913,0,1
1130,0914,0,1
1131,0901,0,1
1131,0902,0,1
1131,0903,0,1
1131,0904,0,1
1131,0905,0,1
1131,0906,0,1
1131,0907,0,1
1131,0908,0,1
1131,0909,0,1
1131,0910,1,1
1131,0911,0,1
1131,0912,0,1
1131,0913,0,1
1131,0914,0,1
1132,0901,0,1
1132,0902,0,1
1132,0903,0,1
1132,0904,0,1
1132,0905,0,1
1132,0906,0,1
1132,0907,0,1
1132,0908,0,1
1132,0909,0,1
1132,0910,1,1
1132,0911,0,1
1132,0912,0,1
1132,0913,0,1
1132,0914,0,1
1133,0901,0,1
1133,0902,0,1
1133,0903,0,1
1133,0904,0,1
1133,0905,0,1
1133,0906,0,1
1133,0907,0,1
1133,0908,0,1
1133,0909,0,1
1133,0910,0,1
1133,0911,0,1
1133,0912,0,1
1133,0913,0,1
1133,0914,0,1
1134,0901,0,1
1134,0902,0,1
1134,0903,0,1
1134,0904,0,1
1134,0905,0,1
1134,0906,0,1
1134,0907,0,1
1134,0908,0,1
1134,0909,0,1
1134,0910,0,1
1134,0911,0,1
1134,0912,0,1
1134,0913,0,1
1134,0914,0,1
1135,0901,0,1
1135,0902,0,1
1135,0903,0,1
1135,0904,0,1
1135,0905,0,1
1135,0906,0,1
1135,0907,0,1
1135,0908,0,1
1135,0909,0,1
1135,0910,0,1
1135,0911,0,1
1135,0912,0,1
1135,0913,0,1
1135,0914,1,1
1136,0901,0,1
1136,0902,0,1
1136,0903,0,1
1136,0904,0,1
1136,0905,0,1
1136,0906,0,1
1136,0907,0,1
1136,0908,0,1
1136,0909,0,1
1136,0910,0,1
1136,0911,0,1
1136,0912,0,1
1136,0913,0,1
1136,0914,1,1
1137,0901,0,1
1137,0902,0,1
1137,0903,0,1
1137,0904,0,1
1137,0905,0,1
1137,0906,0,1
1137,0907,0,1
1137,0908,0,1
1137,0909,0,1
1137,0910,0,1
1137,0911,0,1
1137,0912,0,1
1137,0913,0,1
1137,0914,0,1
1138,0901,0,1
1138,0902,0,1
1138,0903,0,1
1138,0904,0,1
1138,0905,0,1
1138,0906,0,1
1138,0907,0,1
1138,0908,0,1
1138,0909,1,1
1138,0910,0,1
1138,0911,0,1
1138,0912,0,1
1138,0913,0,1
1138,0914,0,1
1139,0901,0,1
1139,0902,0,1
1139,0903,0,1
1139,0904,0,1
1139,0905,0,1
1139,0906,0,1
1139,0907,0,1
1139,0908,0,1
1139,0909,0,1
1139,0910,0,1
1139,0911,0,1
1139,0912,0,1
1139,0913,0,1
1139,0914,0,1
1140,0901,0,1
1140,0902,0,1
1140,0903,0,1
1140,0904,0,1
1140,0905,0,1
1140,0906,0,1
1140,0907,0,1
1140,0908,0,1
1140,0909,0,1
1140,0910,1,1
1140,0911,0,1
1140,0912,0,1
1140,0913,0,1
1140,0914,0,1
1141,0901,0,1
1141,0902,0,1
1141,0903,0,1
1141,0904,0,1
1141,0905,0,1
1141,0906,0,1
1141,0907,0,1
1141,0908,0,1
1141,0909,0,1
1141,0910,0,1
1141,0911,1,1
1141,0912,0,1
1141,0913,0,1
1141,0914,0,1
1142,0901,0,1
1142,0902,0,1
1142,0903,0,1
1142,0904,0,1
1142,0905,0,1
1142,0906,0,1
1142,0907,0,1
1142,0908,0,1
1142,0909,0,1
1142,0910,0,1
1142,0911,0,1
1142,0912,0,1
1142,0913,0,1
1142,0914,0,1
1143,0901,0,1
1143,0902,0,1
1143,0903,0,1
1143,0904,0,1
1143,0905,0,1
1143,0906,0,1
1143,0907,0,1
1143,0908,0,1
1143,0909,0,1
1143,0910,0,1
1143,0911,0,1
1143,0912,0,1
1143,0913,0,1
1143,0914,0,1
1144,0901,0,1
1144,0902,0,1
1144,0903,0,1
1144,0904,0,1
1144,0905,0,1
1144,0906,0,1
1144,0907,0,1
1144,0908,0,1
1144,0909,0,1
1144,0910,0,1
1144,0911,0,1
1144,0912,0,1
1144,0913,0,1
1144,0914,0,1
1145,0901,0,1
1145,0902,0,1
1145,0903,0,1
1145,0904,0,1
1145,0905,0,1
1145,0906,0,1
1145,0907,0,1
1145,0908,0,1
1145,0909,0,1
1145,0910,0,1
1145,0911,0,1
1145,0912,0,1
1145,0913,0,1
1145,0914,0,1
1146,0901,0,1
1146,0902,0,1
1146,0903,0,1
1146,0904,0,1
1146,0905,0,1
1146,0906,0,1
1146,0907,0,1
1146,0908,0,1
1146,0909,0,1
1146,0910,0,1
1146,0911,0,1
1146,0912,0,1
1146,0913,0,1
1146,0914,0,1
1147,0901,0,1
1147,0902,0,1
1147,0903,0,1
1147,0904,0,1
1147,0905,0,1
1147,0906,0,1
1147,0907,0,1
1147,0908,0,1
1147,0909,0,1
1147,0910,0,1
1147,0911,0,1
1147,0912,0,1
1147,0913,0,1
1147,0914,0,1
1148,0901,0,1
1148,0902,0,1
1148,0903,0,1
1148,0904,0,1
1148,0905,0,1
1148,0906,0,1
1148,0907,0,1
1148,0908,0,1
1148,0909,0,1
1148,0910,0,1
1148,0911,0,1
1148,0912,0,1
1148,0913,0,1
1148,0914,0,1
1149,0901,0,1
1149,0902,0,1
1149,0903,0,1
1149,0904,0,1
1149,0905,0,1
1149,0906,0,1
1149,0907,0,1
1149,0908,0,1
1149,0909,0,1
1149,0910,0,1
1149,0911,0,1
1149,0912,0,1
1149,0913,1,1
1149,0914,0,1
1150,0901,0,1
1150,0902,0,1
1150,0903,0,1
1150,0904,0,1
1150,0905,0,1
1150,0906,0,1
1150,0907,0,1
1150,0908,0,1
1150,0909,1,1
1150,0910,0,1
1150,0911,0,1
1150,0912,0,1
1150,0913,0,1
1150,0914,0,1
1151,0901,0,1
1151,0902,0,1
1151,0903,0,1
1151,0904,0,1
1151,0905,0,1
1151,0906,0,1
1151,0907,0,1
1151,0908,0,1
1151,0909,0,1
1151,0910,0,1
1151,0911,0,1
1151,0912,0,1
1151,0913,0,1
1151,0914,0,1
1152,0901,0,1
1152,0902,0,1
1152,0903,0,1
1152,0904,0,1
1152,0905,0,1
1152,0906,0,1
1152,0907,0,1
1152,0908,0,1
1152,0909,0,1
1152,0910,0,1
1152,0911,0,1
1152,0912,0,1
1152,0913,0,1
1152,0914,0,1
1153,0901,0,1
1153,0902,0,1
1153,0903,0,1
1153,0904,0,1
1153,0905,0,1
1153,0906,0,1
1153,0907,0,1
1153,0908,0,1
1153,0909,0,1
1153,0910,0,1
1153,0911,0,1
1153,0912,0,1
1153,0913,0,1
1153,0914,0,1
1154,0901,0,1
1154,0902,0,1
1154,0903,0,1
1154,0904,0,1
1154,0905,0,1
1154,0906,0,1
1154,0907,0,1
1154,0908,0,1
1154,0909,0,1
1154,0910,0,1
1154,0911,0,1
1154,0912,0,1
1154,0913,0,1
1154,0914,0,1
1155,0901,0,1
1155,0902,0,1
1155,0903,0,1
1155,0904,0,1
1155,0905,0,1
1155,0906,0,1
1155,0907,0,1
1155,0908,0,1
1155,0909,0,1
1155,0910,0,1
1155,0911,0,1
1155,0912,0,1
1155,0913,0,1
1155,0914,0,1
1156,0901,0,1
1156,0902,0,1
1156,0903,0,1
1156,0904,0,1
1156,0905,0,1
1156,0906,0,1
1156,0907,0,1
1156,0908,0,1
1156,0909,0,1
1156,0910,0,1
1156,0911,0,1
1156,0912,0,1
1156,0913,0,1
1156,0914,0,1
1157,0901,0,1
1157,0902,0,1
1157,0903,0,1
1157,0904,0,1
1157,0905,0,1
1157,0906,0,1
1157,0907,0,1
1157,0908,0,1
1157,0909,0,1
1157,0910,0,1
1157,0911,0,1
1157,0912,1,1
1157,0913,0,1
1157,0914,0,1
1158,0901,0,1
1158,0902,0,1
1158,0903,0,1
1158,0904,0,1
1158,0905,0,1
1158,0906,0,1
1158,0907,0,1
1158,0908,0,1
1158,0909,0,1
1158,0910,0,1
1158,0911,0,1
1158,0912,0,1
1158,0913,0,1
1158,0914,0,1
1159,0901,0,1
1159,0902,0,1
1159,0903,0,1
1159,0904,0,1
1159,0905,0,1
1159,0906,0,1
1159,0907,0,1
1159,0908,0,1
1159,0909,0,1
1159,0910,0,1
1159,0911,0,1
1159,0912,0,1
1159,0913,0,1
1159,0914,0,1
1160,0901,0,1
1160,0902,0,1
1160,0903,0,1
1160,0904,0,1
1160,0905,0,1
1160,0906,0,1
1160,0907,0,1
1160,0908,0,1
1160,0909,0,1
1160,0910,0,1
1160,0911,0,1
1160,0912,0,1
1160,0913,0,1
1160,0914,0,1
1161,0901,0,1
1161,0902,0,1
1161,0903,0,1
1161,0904,0,1
1161,0905,0,1
1161,0906,0,1
1161,0907,0,1
1161,0908,0,1
1161,0909,0,1
1161,0910,0,1
1161,0911,0,1
1161,0912,0,1
1161,0913,0,1
1161,0914,0,1
1162,0901,0,1
1162,0902,0,1
1162,0903,0,1
1162,0904,0,1
1162,0905,0,1
1162,0906,0,1
1162,0907,0,1
1162,0908,0,1
1162,0909,0,1
1162,0910,0,1
1162,0911,0,1
1162,0912,0,1
1162,0913,0,1
1162,0914,0,1
1163,0901,0,1
1163,0902,0,1
1163,0903,0,1
1163,0904,0,1
1163,0905,0,1
1163,0906,0,1
1163,0907,0,1
1163,0908,0,1
1163,0909,0,1
1163,0910,0,1
1163,0911,0,1
1163,0912,0,1
1163,0913,0,1
1163,0914,0,1
1164,0901,0,1
1164,0902,0,1
1164,0903,0,1
1164,0904,0,1
1164,0905,0,1
1164,0906,0,1
1164,0907,0,1
1164,0908,0,1
1164,0909,0,1
1164,0910,0,1
1164,0911,0,1
1164,0912,0,1
1164,0913,0,1
1164,0914,0,1
1165,0901,0,1
1165,0902,0,1
1165,0903,0,1
1165,0904,0,1
1165,0905,0,1
1165,0906,0,1
1165,0907,0,1
1165,0908,0,1
1165,0909,0,1
1165,0910,0,1
1165,0911,0,1
1165,0912,0,1
1165,0913,0,1
1165,0914,0,1
1166,0901,0,1
1166,0902,0,1
1166,0903,0,1
1166,0904,0,1
1166,0905,0,1
1166,0906,0,1
1166,0907,0,1
1166,0908,0,1
1166,0909,0,1
1166,0910,0,1
1166,0911,0,1
1166,0912,0,1
1166,0913,0,1
1166,0914,0,1
1167,0901,0,1
1167,0902,0,1
1167,0903,0,1
1167,0904,0,1
1167,0905,0,1
1167,0906,0,1
1167,0907,0,1
1167,0908,0,1
1167,0909,0,1
1167,0910,0,1
1167,0911,0,1
1167,0912,1,1
1167,0913,0,1
1167,0914,0,1
1168,0901,0,1
1168,0902,0,1
1168,0903,0,1
1168,0904,0,1
1168,0905,0,1
1168,0906,0,1
1168,0907,0,1
1168,0908,0,1
1168,0909,0,1
1168,0910,0,1
1168,0911,0,1
1168,0912,0,1
1168,0913,0,1
1168,0914,0,1
1169,0901,0,1
1169,0902,0,1
1169,0903,0,1
1169,0904,0,1
1169,0905,0,1
1169,0906,0,1
1169,0907,0,1
1169,0908,0,1
1169,0909,0,1
1169,0910,0,1
1169,0911,0,1
1169,0912,0,1
1169,0913,0,1
1169,0914,0,1
1170,0901,0,1
1170,0902,0,1
1170,0903,0,1
1170,0904,0,1
1170,0905,0,1
1170,0906,0,1
1170,0907,0,1
1170,0908,0,1
1170,0909,0,1
1170,0910,0,1
1170,0911,0,1
1170,0912,0,1
1170,0913,0,1
1170,0914,0,1
1171,0901,0,1
1171,0902,0,1
1171,0903,0,1
1171,0904,0,1
1171,0905,0,1
1171,0906,0,1
1171,0907,0,1
1171,0908,0,1
1171,0909,0,1
1171,0910,0,1
1171,0911,0,1
1171,0912,0,1
1171,0913,0,1
1171,0914,0,1
1172,0901,0,1
1172,0902,0,1
1172,0903,0,1
1172,0904,0,1
1172,0905,0,1
1172,0906,0,1
1172,0907,0,1
1172,0908,0,1
1172,0909,1,1
1172,0910,0,1
1172,0911,0,1
1172,0912,0,1
1172,0913,0,1
1172,0914,0,1
1173,0901,0,1
1173,0902,0,1
1173,0903,0,1
1173,0904,0,1
1173,0905,0,1
1173,0906,0,1
1173,0907,0,1
1173,0908,0,1
1173,0909,0,1
1173,0910,0,1
1173,0911,1,1
1173,0912,0,1
1173,0913,0,1
1173,0914,0,1
1174,0901,0,1
1174,0902,0,1
1174,0903,0,1
1174,0904,0,1
1174,0905,0,1
1174,0906,0,1
1174,0907,0,1
1174,0908,0,1
1174,0909,0,1
1174,0910,0,1
1174,0911,0,1
1174,0912,0,1
1174,0913,0,1
1174,0914,0,1
1175,0901,0,1
1175,0902,0,1
1175,0903,0,1
1175,0904,0,1
1175,0905,0,1
1175,0906,0,1
1175,0907,0,1
1175,0908,0,1
1175,0909,0,1
1175,0910,0,1
1175,0911,0,1
1175,0912,0,1
1175,0913,0,1
1175,0914,0,1
1176,0901,0,1
1176,0902,0,1
1176,0903,0,1
1176,0904,0,1
1176,0905,0,1
1176,0906,0,1
1176,0907,0,1
1176,0908,0,1
1176,0909,0,1
1176,0910,0,1
1176,0911,0,1
1176,0912,0,1
1176,0913,0,1
1176,0914,0,1
1177,0901,0,1
1177,0902,0,1
1177,0903,0,1
1177,0904,0,1
1177,0905,0,1
1177,0906,0,1
1177,0907,0,1
1177,0908,0,1
1177,0909,0,1
1177,0910,0,1
1177,0911,0,1
1177,0912,0,1
1177,0913,0,1
1177,0914,0,1
1178,0901,0,1
1178,0902,0,1
1178,0903,0,1
1178,0904,0,1
1178,0905,0,1
1178,0906,0,1
1178,0907,0,1
1178,0908,0,1
1178,0909,0,1
1178,0910,0,1
1178,0911,0,1
1178,0912,0,1
1178,0913,0,1
1178,0914,0,1
1179,0901,0,1
1179,0902,0,1
1179,0903,0,1
1179,0904,0,1
1179,0905,0,1
1179,0906,0,1
1179,0907,0,1
1179,0908,0,1
1179,0909,0,1
1179,0910,0,1
1179,0911,0,1
1179,0912,0,1
1179,0913,0,1
1179,0914,0,1
1180,0901,0,1
1180,0902,0,1
1180,0903,0,1
1180,0904,0,1
1180,0905,0,1
1180,0906,0,1
1180,0907,0,1
1180,0908,0,1
1180,0909,0,1
1180,0910,0,1
1180,0911,0,1
1180,0912,0,1
1180,0913,0,1
1180,0914,0,1
1181,0901,0,1
1181,0902,0,1
1181,0903,0,1
1181,0904,0,1
1181,0905,0,1
1181,0906,0,1
1181,0907,0,1
1181,0908,0,1
1181,0909,0,1
1181,0910,0,1
1181,0911,0,1
1181,0912,0,1
1181,0913,0,1
1181,0914,0,1
1182,0901,0,1
1182,0902,0,1
1182,0903,0,1
1182,0904,0,1
1182,0905,0,1
1182,0906,0,1
1182,0907,0,1
1182,0908,0,1
1182,0909,0,1
1182,0910,0,1
1182,0911,0,1
1182,0912,0,1
1182,0913,0,1
1182,0914,0,1
1183,0901,0,1
1183,0902,0,1
1183,0903,0,1
1183,0904,0,1
1183,0905,0,1
1183,0906,0,1
1183,0907,0,1
1183,0908,0,1
1183,0909,0,1
1183,0910,0,1
1183,0911,0,1
1183,0912,0,1
1183,0913,0,1
1183,0914,0,1
1184,0901,0,1
1184,0902,0,1
1184,0903,0,1
1184,0904,0,1
1184,0905,0,1
1184,0906,0,1
1184,0907,0,1
1184,0908,0,1
1184,0909,0,1
1184,0910,0,1
1184,0911,0,1
1184,0912,0,1
1184,0913,0,1
1184,0914,0,1
1185,0901,0,1
1185,0902,0,1
1185,0903,0,1
1185,0904,0,1
1185,0905,0,1
1185,0906,0,1
1185,0907,0,1
1185,0908,0,1
1185,0909,0,1
1185,0910,0,1
1185,0911,0,1
1185,0912,0,1
1185,0913,0,1
1185,0914,0,1
1186,0901,0,1
1186,0902,0,1
1186,0903,0,1
1186,0904,0,1
1186,0905,0,1
1186,0906,0,1
1186,0907,0,1
1186,0908,0,1
1186,0909,0,1
1186,0910,0,1
1186,0911,0,1
1186,0912,0,1
1186,0913,0,1
1186,0914,0,1
1187,0901,0,1
1187,0902,0,1
1187,0903,0,1
1187,0904,0,1
1187,0905,0,1
1187,0906,0,1
1187,0907,0,1
1187,0908,0,1
1187,0909,0,1
1187,0910,0,1
1187,0911,0,1
1187,0912,0,1
1187,0913,0,1
1187,0914,0,1
1188,0901,0,1
1188,0902,0,1
1188,0903,0,1
1188,0904,0,1
1188,0905,0,1
1188,0906,0,1
1188,0907,0,1
1188,0908,0,1
1188,0909,0,1
1188,0910,0,1
1188,0911,0,1
1188,0912,0,1
1188,0913,0,1
1188,0914,0,1
1189,0901,0,1
1189,0902,0,1
1189,0903,0,1
1189,0904,0,1
1189,0905,0,1
1189,0906,0,1
1189,0907,0,1
1189,0908,0,1
1189,0909,0,1
1189,0910,0,1
1189,0911,0,1
1189,0912,0,1
1189,0913,0,1
1189,0914,0,1
1190,0901,0,1
1190,0902,0,1
1190,0903,0,1
1190,0904,0,1
1190,0905,0,1
1190,0906,0,1
1190,0907,0,1
1190,0908,0,1
1190,0909,0,1
1190,0910,0,1
1190,0911,0,1
1190,0912,0,1
1190,0913,0,1
1190,0914,0,1
1191,0901,0,1
1191,0902,0,1
1191,0903,0,1
1191,0904,0,1
1191,0905,0,1
1191,0906,0,1
1191,0907,0,1
1191,0908,0,1
1191,0909,0,1
1191,0910,0,1
1191,0911,0,1
1191,0912,0,1
1191,0913,0,1
1191,0914,0,1
1192,0901,0,1
1192,0902,0,1
1192,0903,0,1
1192,0904,0,1
1192,0905,0,1
1192,0906,0,1
1192,0907,0,1
1192,0908,0,1
1192,0909,0,1
1192,0910,0,1
1192,0911,0,1
1192,0912,0,1
1192,0913,0,1
1192,0914,0,1
1193,0901,0,1
1193,0902,0,1
1193,0903,0,1
1193,0904,0,1
1193,0905,0,1
1193,0906,0,1
1193,0907,0,1
1193,0908,0,1
1193,0909,0,1
1193,0910,0,1
1193,0911,0,1
1193,0912,0,1
1193,0913,0,1
1193,0914,0,1
1194,0901,0,1
1194,0902,0,1
1194,0903,0,1
1194,0904,0,1
1194,0905,0,1
1194,0906,0,1
1194,0907,0,1
1194,0908,0,1
1194,0909,0,1
1194,0910,0,1
1194,0911,0,1
1194,0912,0,1
1194,0913,0,1
1194,0914,0,1
1195,0901,0,1
1195,0902,0,1
1195,0903,0,1
1195,0904,0,1
1195,0905,0,1
1195,0906,0,1
1195,0907,0,1
1195,0908,0,1
1195,0909,0,1
1195,0910,0,1
1195,0911,0,1
1195,0912,0,1
1195,0913,0,1
1195,0914,0,1
1196,0901,0,1
1196,0902,0,1
1196,0903,0,1
1196,0904,0,1
1196,0905,0,1
1196,0906,0,1
1196,0907,0,1
1196,0908,0,1
1196,0909,0,1
1196,0910,0,1
1196,0911,0,1
1196,0912,0,1
1196,0913,0,1
1196,0914,0,1
1197,0901,0,1
1197,0902,0,1
1197,0903,0,1
1197,0904,0,1
1197,0905,0,1
1197,0906,0,1
1197,0907,0,1
1197,0908,0,1
1197,0909,0,1
1197,0910,0,1
1197,0911,0,1
1197,0912,0,1
1197,0913,0,1
1197,0914,0,1
1198,0901,0,1
1198,0902,0,1
1198,0903,0,1
1198,0904,0,1
1198,0905,0,1
1198,0906,0,1
1198,0907,0,1
1198,0908,0,1
1198,0909,0,1
1198,0910,0,1
1198,0911,0,1
1198,0912,0,1
1198,0913,0,1
1198,0914,0,1
1199,0901,0,1
1199,0902,0,1
1199,0903,0,1
1199,0904,0,1
1199,0905,0,1
1199,0906,0,1
1199,0907,0,1
1199,0908,0,1
1199,0909,0,1
1199,0910,0,1
1199,0911,0,1
1199,0912,0,1
1199,0913,0,1
1199,0914,0,1
1200,0901,0,1
1200,0902,0,1
1200,0903,0,1
1200,0904,0,1
1200,0905,0,1
1200,0906,0,1
1200,0907,0,1
1200,0908,0,1
1200,0909,0,1
1200,0910,0,1
1200,0911,0,1
1200,0912,0,1
1200,0913,1,1
1200,0914,0,1
1201,0901,0,1
1201,0902,0,1
1201,0903,0,1
1201,0904,0,1
1201,0905,0,1
1201,0906,0,1
1201,0907,0,1
1201,0908,0,1
1201,0909,0,1
1201,0910,0,1
1201,0911,0,1
1201,0912,0,1
1201,0913,0,1
1201,0914,0,1
1202,0901,0,1
1202,0902,0,1
1202,0903,0,1
1202,0904,0,1
1202,0905,0,1
1202,0906,0,1
1202,0907,0,1
1202,0908,0,1
1202,0909,0,1
1202,0910,0,1
1202,0911,0,1
1202,0912,0,1
1202,0913,0,1
1202,0914,0,1
1203,0901,0,1
1203,0902,0,1
1203,0903,0,1
1203,0904,0,1
1203,0905,0,1
1203,0906,0,1
1203,0907,0,1
1203,0908,0,1
1203,0909,0,1
1203,0910,0,1
1203,0911,0,1
1203,0912,0,1
1203,0913,0,1
1203,0914,0,1
1204,0901,0,1
1204,0902,0,1
1204,0903,0,1
1204,0904,0,1
1204,0905,0,1
1204,0906,0,1
1204,0907,0,1
1204,0908,0,1
1204,0909,0,1
1204,0910,0,1
1204,0911,0,1
1204,0912,0,1
1204,0913,0,1
1204,0914,0,1
1205,0901,0,1
1205,0902,0,1
1205,0903,0,1
1205,0904,0,1
1205,0905,0,1
1205,0906,0,1
1205,0907,0,1
1205,0908,0,1
1205,0909,0,1
1205,0910,0,1
1205,0911,0,1
1205,0912,0,1
1205,0913,0,1
1205,0914,0,1
1206,0901,0,1
1206,0902,0,1
1206,0903,0,1
1206,0904,0,1
1206,0905,0,1
1206,0906,0,1
1206,0907,0,1
1206,0908,0,1
1206,0909,0,1
1206,0910,0,1
1206,0911,1,1
1206,0912,0,1
1206,0913,0,1
1206,0914,0,1
1207,0901,0,1
1207,0902,0,1
1207,0903,0,1
1207,0904,0,1
1207,0905,0,1
1207,0906,0,1
1207,0907,0,1
1207,0908,1,1
1207,0909,0,1
1207,0910,0,1
1207,0911,0,1
1207,0912,0,1
1207,0913,0,1
1207,0914,0,1
1208,0901,0,1
1208,0902,0,1
1208,0903,0,1
1208,0904,0,1
1208,0905,0,1
1208,0906,0,1
1208,0907,0,1
1208,0908,0,1
1208,0909,0,1
1208,0910,0,1
1208,0911,0,1
1208,0912,0,1
1208,0913,0,1
1208,0914,0,1
1209,0901,0,1
1209,0902,0,1
1209,0903,0,1
1209,0904,0,1
1209,0905,0,1
1209,0906,0,1
1209,0907,0,1
1209,0908,0,1
1209,0909,0,1
1209,0910,0,1
1209,0911,0,1
1209,0912,0,1
1209,0913,0,1
1209,0914,0,1
1210,0901,0,1
1210,0902,0,1
1210,0903,0,1
1210,0904,0,1
1210,0905,0,1
1210,0906,0,1
1210,0907,0,1
1210,0908,0,1
1210,0909,0,1
1210,0910,0,1
1210,0911,0,1
1210,0912,0,1
1210,0913,0,1
1210,0914,0,1
1211,0901,0,1
1211,0902,0,1
1211,0903,0,1
1211,0904,0,1
1211,0905,0,1
1211,0906,0,1
1211,0907,0,1
1211,0908,0,1
1211,0909,0,1
1211,0910,0,1
1211,0911,0,1
1211,0912,0,1
1211,0913,0,1
1211,0914,0,1
1212,0901,0,1
1212,0902,0,1
1212,0903,0,1
1212,0904,0,1
1212,0905,0,1
1212,0906,0,1
1212,0907,0,1
1212,0908,0,1
1212,0909,0,1
1212,0910,0,1
1212,0911,0,1
1212,0912,0,1
1212,0913,0,1
1212,0914,0,1
1213,0901,0,1
1213,0902,0,1
1213,0903,0,1
1213,0904,0,1
1213,0905,0,1
1213,0906,0,1
1213,0907,0,1
1213,0908,0,1
1213,0909,0,1
1213,0910,0,1
1213,0911,0,1
1213,0912,0,1
1213,0913,0,1
1213,0914,0,1
1214,0901,0,1
1214,0902,0,1
1214,0903,0,1
1214,0904,0,1
1214,0905,0,1
1214,0906,0,1
1214,0907,0,1
1214,0908,0,1
1214,0909,0,1
1214,0910,0,1
1214,0911,0,1
1214,0912,0,1
1214,0913,0,1
1214,0914,0,1
1215,0901,0,1
1215,0902,0,1
1215,0903,0,1
1215,0904,0,1
1215,0905,0,1
1215,0906,0,1
1215,0907,0,1
1215,0908,0,1
1215,0909,0,1
1215,0910,1,1
1215,0911,0,1
1215,0912,0,1
1215,0913,0,1
1215,0914,0,1
1216,0901,0,1
1216,0902,0,1
1216,0903,0,1
1216,0904,0,1
1216,0905,0,1
1216,0906,0,1
1216,0907,0,1
1216,0908,0,1
1216,0909,0,1
1216,0910,0,1
1216,0911,0,1
1216,0912,0,1
1216,0913,0,1
1216,0914,0,1
1217,0901,0,1
1217,0902,0,1
1217,0903,0,1
1217,0904,0,1
1217,0905,0,1
1217,0906,0,1
1217,0907,0,1
1217,0908,0,1
1217,0909,0,1
1217,0910,0,1
1217,0911,0,1
1217,0912,0,1
1217,0913,0,1
1217,0914,0,1
1218,0901,0,1
1218,0902,0,1
1218,0903,0,1
1218,0904,0,1
1218,0905,0,1
1218,0906,0,1
1218,0907,0,1
1218,0908,0,1
1218,0909,0,1
1218,0910,0,1
1218,0911,0,1
1218,0912,0,1
1218,0913,0,1
1218,0914,0,1
1219,0901,0,1
1219,0902,0,1
1219,0903,0,1
1219,0904,0,1
1219,0905,0,1
1219,0906,0,1
1219,0907,0,1
1219,0908,0,1
1219,0909,0,1
1219,0910,0,1
1219,0911,0,1
1219,0912,0,1
1219,0913,0,1
1219,0914,0,1
1220,0901,0,1
1220,0902,0,1
1220,0903,0,1
1220,0904,0,1
1220,0905,0,1
1220,0906,0,1
1220,0907,0,1
1220,0908,0,1
1220,0909,0,1
1220,0910,0,1
1220,0911,0,1
1220,0912,0,1
1220,0913,0,1
1220,0914,0,1
1221,0901,0,1
1221,0902,0,1
1221,0903,0,1
1221,0904,0,1
1221,0905,0,1
1221,0906,0,1
1221,0907,0,1
1221,0908,0,1
1221,0909,0,1
1221,0910,0,1
1221,0911,0,1
1221,0912,0,1
1221,0913,0,1
1221,0914,0,1
1222,0901,0,1
1222,0902,0,1
1222,0903,0,1
1222,0904,0,1
1222,0905,0,1
1222,0906,0,1
1222,0907,0,1
1222,0908,1,1
1222,0909,0,1
1222,0910,0,1
1222,0911,0,1
1222,0912,1,1
1222,0913,0,1
1222,0914,0,1
1223,0901,0,1
1223,0902,0,1
1223,0903,0,1
1223,0904,0,1
1223,0905,0,1
1223,0906,0,1
1223,0907,0,1
1223,0908,0,1
1223,0909,0,1
1223,0910,0,1
1223,0911,0,1
1223,0912,0,1
1223,0913,0,1
1223,0914,0,1
1224,0901,0,1
1224,0902,0,1
1224,0903,0,1
1224,0904,0,1
1224,0905,0,1
1224,0906,0,1
1224,0907,0,1
1224,0908,0,1
1224,0909,0,1
1224,0910,0,1
1224,0911,0,1
1224,0912,0,1
1224,0913,0,1
1224,0914,0,1
1225,0901,0,1
1225,0902,0,1
1225,0903,0,1
1225,0904,0,1
1225,0905,0,1
1225,0906,0,1
1225,0907,0,1
1225,0908,0,1
1225,0909,0,1
1225,0910,0,1
1225,0911,0,1
1225,0912,0,1
1225,0913,0,1
1225,0914,0,1
1226,0901,0,1
1226,0902,0,1
1226,0903,0,1
1226,0904,0,1
1226,0905,0,1
1226,0906,0,1
1226,0907,0,1
1226,0908,1,1
1226,0909,0,1
1226,0910,0,1
1226,0911,0,1
1226,0912,0,1
1226,0913,0,1
1226,0914,0,1
1227,0901,0,1
1227,0902,0,1
1227,0903,0,1
1227,0904,0,1
1227,0905,0,1
1227,0906,0,1
1227,0907,0,1
1227,0908,0,1
1227,0909,0,1
1227,0910,0,1
1227,0911,0,1
1227,0912,0,1
1227,0913,0,1
1227,0914,0,1
1228,0901,0,1
1228,0902,0,1
1228,0903,0,1
1228,0904,0,1
1228,0905,0,1
1228,0906,0,1
1228,0907,0,1
1228,0908,0,1
1228,0909,0,1
1228,0910,0,1
1228,0911,0,1
1228,0912,0,1
1228,0913,0,1
1228,0914,0,1
1229,0901,0,1
1229,0902,0,1
1229,0903,0,1
1229,0904,0,1
1229,0905,0,1
1229,0906,0,1
1229,0907,0,1
1229,0908,0,1
1229,0909,0,1
1229,0910,0,1
1229,0911,0,1
1229,0912,0,1
1229,0913,0,1
1229,0914,0,1
1230,0901,0,1
1230,0902,0,1
1230,0903,0,1
1230,0904,0,1
1230,0905,0,1
1230,0906,0,1
1230,0907,0,1
1230,0908,0,1
1230,0909,0,1
1230,0910,0,1
1230,0911,0,1
1230,0912,0,1
1230,0913,0,1
1230,0914,0,1
1231,0901,0,1
1231,0902,0,1
1231,0903,0,1
1231,0904,0,1
1231,0905,0,1
1231,0906,0,1
1231,0907,0,1
1231,0908,0,1
1231,0909,0,1
1231,0910,0,1
1231,0911,0,1
1231,0912,0,1
1231,0913,0,1
1231,0914,0,1
1232,0901,0,1
1232,0902,0,1
1232,0903,0,1
1232,0904,0,1
1232,0905,0,1
1232,0906,0,1
1232,0907,0,1
1232,0908,0,1
1232,0909,0,1
1232,0910,0,1
1232,0911,0,1
1232,0912,0,1
1232,0913,0,1
1232,0914,0,1
1233,0901,0,1
1233,0902,0,1
1233,0903,0,1
1233,0904,0,1
1233,0905,0,1
1233,0906,0,1
1233,0907,0,1
1233,0908,0,1
1233,0909,0,1
1233,0910,0,1
1233,0911,0,1
1233,0912,0,1
1233,0913,0,1
1233,0914,0,1
1234,0901,0,1
1234,0902,0,1
1234,0903,0,1
1234,0904,0,1
1234,0905,0,1
1234,0906,0,1
1234,0907,0,1
1234,0908,0,1
1234,0909,0,1
1234,0910,0,1
1234,0911,0,1
1234,0912,0,1
1234,0913,0,1
1234,0914,0,1
1235,0901,0,1
1235,0902,0,1
1235,0903,0,1
1235,0904,0,1
1235,0905,0,1
1235,0906,0,1
1235,0907,0,1
1235,0908,0,1
1235,0909,0,1
1235,0910,0,1
1235,0911,0,1
1235,0912,0,1
1235,0913,0,1
1235,0914,0,1
1236,0901,0,1
1236,0902,0,1
1236,0903,0,1
1236,0904,0,1
1236,0905,0,1
1236,0906,0,1
1236,0907,0,1
1236,0908,0,1
1236,0909,0,1
1236,0910,0,1
1236,0911,0,1
1236,0912,0,1
1236,0913,0,1
1236,0914,0,1
1237,0901,0,1
1237,0902,0,1
1237,0903,0,1
1237,0904,0,1
1237,0905,0,1
1237,0906,0,1
1237,0907,0,1
1237,0908,0,1
1237,0909,0,1
1237,0910,0,1
1237,0911,0,1
1237,0912,0,1
1237,0913,0,1
1237,0914,0,1
1238,0901,0,1
1238,0902,0,1
1238,0903,0,1
1238,0904,0,1
1238,0905,0,1
1238,0906,0,1
1238,0907,0,1
1238,0908,0,1
1238,0909,0,1
1238,0910,0,1
1238,0911,0,1
1238,0912,0,1
1238,0913,0,1
1238,0914,0,1
1239,0901,0,1
1239,0902,0,1
1239,0903,0,1
1239,0904,0,1
1239,0905,0,1
1239,0906,0,1
1239,0907,0,1
1239,0908,0,1
1239,0909,1,1
1239,0910,0,1
1239,0911,0,1
1239,0912,0,1
1239,0913,0,1
1239,0914,0,1
1240,0901,0,1
1240,0902,0,1
1240,0903,0,1
1240,0904,0,1
1240,0905,0,1
1240,0906,0,1
1240,0907,0,1
1240,0908,0,1
1240,0909,0,1
1240,0910,0,1
1240,0911,0,1
1240,0912,0,1
1240,0913,1,1
1240,0914,0,1
1241,0901,0,1
1241,0902,0,1
1241,0903,0,1
1241,0904,0,1
1241,0905,0,1
1241,0906,0,1
1241,0907,0,1
1241,0908,0,1
1241,0909,0,1
1241,0910,0,1
1241,0911,0,1
1241,0912,0,1
1241,0913,0,1
1241,0914,0,1
1242,0901,0,1
1242,0902,0,1
1242,0903,0,1
1242,0904,0,1
1242,0905,0,1
1242,0906,0,1
1242,0907,0,1
1242,0908,0,1
1242,0909,0,1
1242,0910,0,1
1242,0911,0,1
1242,0912,0,1
1242,0913,0,1
1242,0914,0,1
1243,0901,0,1
1243,0902,0,1
1243,0903,0,1
1243,0904,0,1
1243,0905,0,1
1243,0906,0,1
1243,0907,0,1
1243,0908,0,1
1243,0909,0,1
1243,0910,0,1
1243,0911,0,1
1243,0912,0,1
1243,0913,0,1
1243,0914,0,1
1244,0901,0,1
1244,0902,0,1
1244,0903,0,1
1244,0904,0,1
1244,0905,0,1
1244,0906,0,1
1244,0907,0,1
1244,0908,0,1
1244,0909,0,1
1244,0910,0,1
1244,0911,0,1
1244,0912,0,1
1244,0913,0,1
1244,0914,0,1
1245,0901,0,1
1245,0902,0,1
1245,0903,0,1
1245,0904,0,1
1245,0905,0,1
1245,0906,0,1
1245,0907,0,1
1245,0908,0,1
1245,0909,1,1
1245,0910,0,1
1245,0911,0,1
1245,0912,0,1
1245,0913,1,1
1245,0914,0,1
1246,0901,0,1
1246,0902,0,1
1246,0903,0,1
1246,0904,0,1
1246,0905,0,1
1246,0906,0,1
1246,0907,0,1
1246,0908,0,1
1246,0909,0,1
1246,0910,0,1
1246,0911,0,1
1246,0912,0,1
1246,0913,0,1
1246,0914,0,1
1247,0901,0,1
1247,0902,0,1
1247,0903,0,1
1247,0904,0,1
1247,0905,0,1
1247,0906,0,1
1247,0907,0,1
1247,0908,0,1
1247,0909,0,1
1247,0910,0,1
1247,0911,0,1
1247,0912,0,1
1247,0913,0,1
1247,0914,0,1
1248,0901,0,1
1248,0902,0,1
1248,0903,0,1
1248,0904,0,1
1248,0905,0,1
1248,0906,0,1
1248,0907,0,1
1248,0908,0,1
1248,0909,0,1
1248,0910,0,1
1248,0911,0,1
1248,0912,0,1
1248,0913,0,1
1248,0914,0,1
1249,0901,0,1
1249,0902,0,1
1249,0903,0,1
1249,0904,0,1
1249,0905,0,1
1249,0906,0,1
1249,0907,0,1
1249,0908,0,1
1249,0909,0,1
1249,0910,0,1
1249,0911,0,1
1249,0912,0,1
1249,0913,0,1
1249,0914,0,1
1250,0901,0,1
1250,0902,0,1
1250,0903,0,1
1250,0904,0,1
1250,0905,0,1
1250,0906,0,1
1250,0907,0,1
1250,0908,0,1
1250,0909,0,1
1250,0910,0,1
1250,0911,0,1
1250,0912,0,1
1250,0913,0,1
1250,0914,0,1
1251,0901,0,1
1251,0902,0,1
1251,0903,0,1
1251,0904,0,1
1251,0905,0,1
1251,0906,0,1
1251,0907,0,1
1251,0908,0,1
1251,0909,0,1
1251,0910,0,1
1251,0911,0,1
1251,0912,0,1
1251,0913,0,1
1251,0914,0,1
1252,0901,0,1
1252,0902,0,1
1252,0903,0,1
1252,0904,0,1
1252,0905,0,1
1252,0906,0,1
1252,0907,0,1
1252,0908,0,1
1252,0909,0,1
1252,0910,0,1
1252,0911,0,1
1252,0912,0,1
1252,0913,0,1
1252,0914,0,1
1253,0901,0,1
1253,0902,0,1
1253,0903,0,1
1253,0904,0,1
1253,0905,0,1
1253,0906,0,1
1253,0907,0,1
1253,0908,0,1
1253,0909,0,1
1253,0910,0,1
1253,0911,0,1
1253,0912,0,1
1253,0913,0,1
1253,0914,0,1
1254,0901,0,1
1254,0902,0,1
1254,0903,0,1
1254,0904,0,1
1254,0905,0,1
1254,0906,0,1
1254,0907,0,1
1254,0908,0,1
1254,0909,0,1
1254,0910,0,1
1254,0911,0,1
1254,0912,0,1
1254,0913,0,1
1254,0914,0,1
1255,0901,0,1
1255,0902,0,1
1255,0903,0,1
1255,0904,0,1
1255,0905,0,1
1255,0906,0,1
1255,0907,0,1
1255,0908,0,1
1255,0909,0,1
1255,0910,0,1
1255,0911,0,1
1255,0912,0,1
1255,0913,0,1
1255,0914,0,1
1256,0901,0,1
1256,0902,0,1
1256,0903,0,1
1256,0904,0,1
1256,0905,0,1
1256,0906,0,1
1256,0907,0,1
1256,0908,0,1
1256,0909,0,1
1256,0910,0,1
1256,0911,0,1
1256,0912,0,1
1256,0913,0,1
1256,0914,0,1
1257,0901,0,1
1257,0902,0,1
1257,0903,0,1
1257,0904,0,1
1257,0905,0,1
1257,0906,0,1
1257,0907,0,1
1257,0908,0,1
1257,0909,0,1
1257,0910,0,1
1257,0911,0,1
1257,0912,0,1
1257,0913,0,1
1257,0914,0,1
1258,0901,0,1
1258,0902,0,1
1258,0903,0,1
1258,0904,0,1
1258,0905,0,1
1258,0906,0,1
1258,0907,0,1
1258,0908,0,1
1258,0909,0,1
1258,0910,0,1
1258,0911,0,1
1258,0912,0,1
1258,0913,0,1
1258,0914,0,1
1259,0901,0,1
1259,0902,0,1
1259,0903,0,1
1259,0904,0,1
1259,0905,0,1
1259,0906,0,1
1259,0907,0,1
1259,0908,0,1
1259,0909,0,1
1259,0910,0,1
1259,0911,0,1
1259,0912,0,1
1259,0913,0,1
1259,0914,0,1
1260,0901,0,1
1260,0902,0,1
1260,0903,0,1
1260,0904,0,1
1260,0905,0,1
1260,0906,0,1
1260,0907,0,1
1260,0908,0,1
1260,0909,0,1
1260,0910,0,1
1260,0911,0,1
1260,0912,0,1
1260,0913,0,1
1260,0914,0,1
1261,0901,0,1
1261,0902,0,1
1261,0903,0,1
1261,0904,0,1
1261,0905,0,1
1261,0906,0,1
1261,0907,0,1
1261,0908,0,1
1261,0909,0,1
1261,0910,0,1
1261,0911,0,1
1261,0912,0,1
1261,0913,1,1
1261,0914,0,1
1262,0901,0,1
1262,0902,0,1
1262,0903,0,1
1262,0904,0,1
1262,0905,0,1
1262,0906,0,1
1262,0907,0,1
1262,0908,0,1
1262,0909,0,1
1262,0910,0,1
1262,0911,0,1
1262,0912,0,1
1262,0913,0,1
1262,0914,0,1
1263,0901,0,1
1263,0902,0,1
1263,0903,0,1
1263,0904,0,1
1263,0905,0,1
1263,0906,0,1
1263,0907,0,1
1263,0908,0,1
1263,0909,0,1
1263,0910,0,1
1263,0911,0,1
1263,0912,0,1
1263,0913,0,1
1263,0914,0,1
1264,0901,0,1
1264,0902,0,1
1264,0903,0,1
1264,0904,0,1
1264,0905,0,1
1264,0906,0,1
1264,0907,0,1
1264,0908,0,1
1264,0909,0,1
1264,0910,0,1
1264,0911,0,1
1264,0912,0,1
1264,0913,0,1
1264,0914,0,1
1265,0901,0,1
1265,0902,0,1
1265,0903,0,1
1265,0904,0,1
1265,0905,0,1
1265,0906,0,1
1265,0907,0,1
1265,0908,0,1
1265,0909,0,1
1265,0910,0,1
1265,0911,0,1
1265,0912,0,1
1265,0913,0,1
1265,0914,0,1
1266,0901,0,1
1266,0902,0,1
1266,0903,0,1
1266,0904,0,1
1266,0905,0,1
1266,0906,0,1
1266,0907,0,1
1266,0908,0,1
1266,0909,1,1
1266,0910,0,1
1266,0911,0,1
1266,0912,0,1
1266,0913,0,1
1266,0914,0,1
1267,0901,0,1
1267,0902,0,1
1267,0903,0,1
1267,0904,0,1
1267,0905,0,1
1267,0906,0,1
1267,0907,0,1
1267,0908,0,1
1267,0909,0,1
1267,0910,0,1
1267,0911,0,1
1267,0912,0,1
1267,0913,0,1
1267,0914,0,1
1268,0901,0,1
1268,0902,0,1
1268,0903,0,1
1268,0904,0,1
1268,0905,0,1
1268,0906,0,1
1268,0907,0,1
1268,0908,0,1
1268,0909,0,1
1268,0910,0,1
1268,0911,0,1
1268,0912,0,1
1268,0913,0,1
1268,0914,0,1
1269,0901,0,1
1269,0902,0,1
1269,0903,0,1
1269,0904,0,1
1269,0905,0,1
1269,0906,0,1
1269,0907,0,1
1269,0908,0,1
1269,0909,0,1
1269,0910,0,1
1269,0911,0,1
1269,0912,0,1
1269,0913,0,1
1269,0914,0,1
1270,0901,0,1
1270,0902,0,1
1270,0903,0,1
1270,0904,0,1
1270,0905,0,1
1270,0906,0,1
1270,0907,0,1
1270,0908,0,1
1270,0909,0,1
1270,0910,0,1
1270,0911,0,1
1270,0912,0,1
1270,0913,0,1
1270,0914,0,1
1271,0901,0,1
1271,0902,0,1
1271,0903,0,1
1271,0904,0,1
1271,0905,0,1
1271,0906,0,1
1271,0907,0,1
1271,0908,0,1
1271,0909,0,1
1271,0910,0,1
1271,0911,0,1
1271,0912,0,1
1271,0913,0,1
1271,0914,0,1
1272,0901,0,1
1272,0902,0,1
1272,0903,0,1
1272,0904,0,1
1272,0905,0,1
1272,0906,0,1
1272,0907,0,1
1272,0908,0,1
1272,0909,0,1
1272,0910,0,1
1272,0911,0,1
1272,0912,1,1
1272,0913,0,1
1272,0914,0,1
1273,0901,0,1
1273,0902,0,1
1273,0903,0,1
1273,0904,0,1
1273,0905,0,1
1273,0906,0,1
1273,0907,0,1
1273,0908,0,1
1273,0909,0,1
1273,0910,1,1
1273,0911,0,1
1273,0912,0,1
1273,0913,1,1
1273,0914,0,1
1274,0901,0,1
1274,0902,0,1
1274,0903,0,1
1274,0904,0,1
1274,0905,0,1
1274,0906,0,1
1274,0907,0,1
1274,0908,0,1
1274,0909,0,1
1274,0910,0,1
1274,0911,0,1
1274,0912,0,1
1274,0913,0,1
1274,0914,0,1
1275,0901,0,1
1275,0902,0,1
1275,0903,0,1
1275,0904,0,1
1275,0905,0,1
1275,0906,0,1
1275,0907,0,1
1275,0908,0,1
1275,0909,0,1
1275,0910,0,1
1275,0911,0,1
1275,0912,0,1
1275,0913,0,1
1275,0914,0,1
1276,0901,0,1
1276,0902,0,1
1276,0903,0,1
1276,0904,0,1
1276,0905,0,1
1276,0906,0,1
1276,0907,0,1
1276,0908,0,1
1276,0909,0,1
1276,0910,0,1
1276,0911,0,1
1276,0912,0,1
1276,0913,0,1
1276,0914,0,1
1277,0901,0,1
1277,0902,0,1
1277,0903,0,1
1277,0904,0,1
1277,0905,0,1
1277,0906,0,1
1277,0907,0,1
1277,0908,0,1
1277,0909,0,1
1277,0910,0,1
1277,0911,0,1
1277,0912,0,1
1277,0913,1,1
1277,0914,0,1
1278,0901,0,1
1278,0902,0,1
1278,0903,0,1
1278,0904,0,1
1278,0905,0,1
1278,0906,0,1
1278,0907,0,1
1278,0908,0,1
1278,0909,0,1
1278,0910,1,1
1278,0911,0,1
1278,0912,0,1
1278,0913,0,1
1278,0914,0,1
1279,0901,0,1
1279,0902,0,1
1279,0903,0,1
1279,0904,0,1
1279,0905,0,1
1279,0906,0,1
1279,0907,0,1
1279,0908,0,1
1279,0909,0,1
1279,0910,0,1
1279,0911,0,1
1279,0912,0,1
1279,0913,0,1
1279,0914,0,1
1280,0901,0,1
1280,0902,0,1
1280,0903,0,1
1280,0904,0,1
1280,0905,0,1
1280,0906,0,1
1280,0907,0,1
1280,0908,0,1
1280,0909,0,1
1280,0910,0,1
1280,0911,0,1
1280,0912,0,1
1280,0913,1,1
1280,0914,0,1
1281,0901,0,1
1281,0902,0,1
1281,0903,0,1
1281,0904,0,1
1281,0905,0,1
1281,0906,0,1
1281,0907,0,1
1281,0908,1,1
1281,0909,0,1
1281,0910,0,1
1281,0911,0,1
1281,0912,0,1
1281,0913,0,1
1281,0914,0,1
1282,0901,0,1
1282,0902,0,1
1282,0903,0,1
1282,0904,0,1
1282,0905,0,1
1282,0906,0,1
1282,0907,0,1
1282,0908,0,1
1282,0909,0,1
1282,0910,0,1
1282,0911,0,1
1282,0912,0,1
1282,0913,0,1
1282,0914,0,1
1283,0901,0,1
1283,0902,0,1
1283,0903,0,1
1283,0904,0,1
1283,0905,0,1
1283,0906,0,1
1283,0907,0,1
1283,0908,0,1
1283,0909,0,1
1283,0910,0,1
1283,0911,0,1
1283,0912,0,1
1283,0913,0,1
1283,0914,0,1
1284,0901,0,1
1284,0902,0,1
1284,0903,0,1
1284,0904,0,1
1284,0905,0,1
1284,0906,0,1
1284,0907,0,1
1284,0908,0,1
1284,0909,0,1
1284,0910,0,1
1284,0911,0,1
1284,0912,0,1
1284,0913,0,1
1284,0914,0,1
1285,0901,0,1
1285,0902,0,1
1285,0903,0,1
1285,0904,0,1
1285,0905,0,1
1285,0906,0,1
1285,0907,0,1
1285,0908,0,1
1285,0909,0,1
1285,0910,0,1
1285,0911,1,1
1285,0912,0,1
1285,0913,0,1
1285,0914,0,1
1286,0901,0,1
1286,0902,0,1
1286,0903,0,1
1286,0904,0,1
1286,0905,0,1
1286,0906,0,1
1286,0907,0,1
1286,0908,0,1
1286,0909,0,1
1286,0910,0,1
1286,0911,0,1
1286,0912,0,1
1286,0913,0,1
1286,0914,0,1
1287,0901,0,1
1287,0902,0,1
1287,0903,0,1
1287,0904,0,1
1287,0905,0,1
1287,0906,0,1
1287,0907,0,1
1287,0908,0,1
1287,0909,0,1
1287,0910,0,1
1287,0911,0,1
1287,0912,0,1
1287,0913,0,1
1287,0914,0,1
1288,0901,0,1
1288,0902,0,1
1288,0903,0,1
1288,0904,0,1
1288,0905,0,1
1288,0906,0,1
1288,0907,0,1
1288,0908,0,1
1288,0909,0,1
1288,0910,0,1
1288,0911,0,1
1288,0912,0,1
1288,0913,0,1
1288,0914,0,1
1289,0901,0,1
1289,0902,0,1
1289,0903,0,1
1289,0904,0,1
1289,0905,0,1
1289,0906,0,1
1289,0907,0,1
1289,0908,0,1
1289,0909,0,1
1289,0910,0,1
1289,0911,0,1
1289,0912,0,1
1289,0913,0,1
1289,0914,0,1
1290,0901,0,1
1290,0902,0,1
1290,0903,0,1
1290,0904,0,1
1290,0905,0,1
1290,0906,0,1
1290,0907,0,1
1290,0908,0,1
1290,0909,0,1
1290,0910,0,1
1290,0911,0,1
1290,0912,1,1
1290,0913,0,1
1290,0914,0,1
1291,0901,0,1
1291,0902,0,1
1291,0903,0,1
1291,0904,0,1
1291,0905,0,1
1291,0906,0,1
1291,0907,0,1
1291,0908,0,1
1291,0909,0,1
1291,0910,0,1
1291,0911,0,1
1291,0912,0,1
1291,0913,0,1
1291,0914,0,1
1292,0901,0,1
1292,0902,0,1
1292,0903,0,1
1292,0904,0,1
1292,0905,0,1
1292,0906,0,1
1292,0907,0,1
1292,0908,0,1
1292,0909,0,1
1292,0910,0,1
1292,0911,0,1
1292,0912,0,1
1292,0913,0,1
1292,0914,0,1
1293,0901,0,1
1293,0902,0,1
1293,0903,0,1
1293,0904,0,1
1293,0905,0,1
1293,0906,0,1
1293,0907,0,1
1293,0908,0,1
1293,0909,0,1
1293,0910,0,1
1293,0911,0,1
1293,0912,0,1
1293,0913,0,1
1293,0914,0,1
1294,0901,0,1
1294,0902,0,1
1294,0903,0,1
1294,0904,0,1
1294,0905,0,1
1294,0906,0,1
1294,0907,0,1
1294,0908,0,1
1294,0909,0,1
1294,0910,0,1
1294,0911,0,1
1294,0912,0,1
1294,0913,0,1
1294,0914,0,1
1295,0901,0,1
1295,0902,0,1
1295,0903,0,1
1295,0904,0,1
1295,0905,0,1
1295,0906,0,1
1295,0907,0,1
1295,0908,0,1
1295,0909,0,1
1295,0910,0,1
1295,0911,0,1
1295,0912,0,1
1295,0913,0,1
1295,0914,0,1
1296,0901,0,1
1296,0902,0,1
1296,0903,0,1
1296,0904,0,1
1296,0905,0,1
1296,0906,0,1
1296,0907,0,1
1296,0908,0,1
1296,0909,0,1
1296,0910,0,1
1296,0911,0,1
1296,0912,0,1
1296,0913,0,1
1296,0914,0,1
1297,0901,0,1
1297,0902,0,1
1297,0903,0,1
1297,0904,0,1
1297,0905,0,1
1297,0906,0,1
1297,0907,0,1
1297,0908,1,1
1297,0909,0,1
1297,0910,0,1
1297,0911,1,1
1297,0912,0,1
1297,0913,0,1
1297,0914,0,1
1298,0901,0,1
1298,0902,0,1
1298,0903,0,1
1298,0904,0,1
1298,0905,0,1
1298,0906,0,1
1298,0907,0,1
1298,0908,0,1
1298,0909,0,1
1298,0910,0,1
1298,0911,0,1
1298,0912,0,1
1298,0913,0,1
1298,0914,0,1
1299,0901,0,1
1299,0902,0,1
1299,0903,0,1
1299,0904,0,1
1299,0905,0,1
1299,0906,0,1
1299,0907,0,1
1299,0908,0,1
1299,0909,0,1
1299,0910,1,1
1299,0911,0,1
1299,0912,0,1
1299,0913,0,1
1299,0914,0,1
1300,0901,0,1
1300,0902,0,1
1300,0903,0,1
1300,0904,0,1
1300,0905,0,1
1300,0906,0,1
1300,0907,0,1
1300,0908,0,1
1300,0909,0,1
1300,0910,0,1
1300,0911,0,1
1300,0912,0,1
1300,0913,0,1
1300,0914,0,1
1301,0901,0,1
1301,0902,0,1
1301,0903,0,1
1301,0904,0,1
1301,0905,0,1
1301,0906,0,1
1301,0907,0,1
1301,0908,0,1
1301,0909,0,1
1301,0910,0,1
1301,0911,0,1
1301,0912,0,1
1301,0913,0,1
1301,0914,0,1
1302,0901,0,1
1302,0902,0,1
1302,0903,0,1
1302,0904,0,1
1302,0905,0,1
1302,0906,0,1
1302,0907,0,1
1302,0908,0,1
1302,0909,0,1
1302,0910,0,1
1302,0911,0,1
1302,0912,0,1
1302,0913,0,1
1302,0914,0,1
1303,0901,0,1
1303,0902,0,1
1303,0903,0,1
1303,0904,0,1
1303,0905,0,1
1303,0906,0,1
1303,0907,0,1
1303,0908,0,1
1303,0909,0,1
1303,0910,0,1
1303,0911,0,1
1303,0912,0,1
1303,0913,0,1
1303,0914,0,1
1304,0901,0,1
1304,0902,0,1
1304,0903,0,1
1304,0904,0,1
1304,0905,0,1
1304,0906,0,1
1304,0907,0,1
1304,0908,0,1
1304,0909,0,1
1304,0910,0,1
1304,0911,0,1
1304,0912,0,1
1304,0913,0,1
1304,0914,0,1
1305,0901,0,1
1305,0902,0,1
1305,0903,0,1
1305,0904,0,1
1305,0905,0,1
1305,0906,0,1
1305,0907,0,1
1305,0908,0,1
1305,0909,0,1
1305,0910,0,1
1305,0911,0,1
1305,0912,0,1
1305,0913,0,1
1305,0914,0,1
1306,0901,0,1
1306,0902,0,1
1306,0903,0,1
1306,0904,0,1
1306,0905,0,1
1306,0906,0,1
1306,0907,0,1
1306,0908,0,1
1306,0909,0,1
1306,0910,0,1
1306,0911,0,1
1306,0912,0,1
1306,0913,0,1
1306,0914,0,1
1307,0901,0,1
1307,0902,0,1
1307,0903,0,1
1307,0904,0,1
1307,0905,0,1
1307,0906,0,1
1307,0907,0,1
1307,0908,0,1
1307,0909,0,1
1307,0910,0,1
1307,0911,0,1
1307,0912,0,1
1307,0913,0,1
1307,0914,0,1
1308,0901,0,1
1308,0902,0,1
1308,0903,0,1
1308,0904,0,1
1308,0905,0,1
1308,0906,0,1
1308,0907,0,1
1308,0908,0,1
1308,0909,0,1
1308,0910,0,1
1308,0911,0,1
1308,0912,0,1
1308,0913,0,1
1308,0914,0,1
1309,0901,0,1
1309,0902,0,1
1309,0903,0,1
1309,0904,0,1
1309,0905,0,1
1309,0906,0,1
1309,0907,0,1
1309,0908,0,1
1309,0909,0,1
1309,0910,0,1
1309,0911,0,1
1309,0912,0,1
1309,0913,0,1
1309,0914,0,1
1310,0901,0,1
1310,0902,0,1
1310,0903,0,1
1310,0904,0,1
1310,0905,0,1
1310,0906,0,1
1310,0907,0,1
1310,0908,0,1
1310,0909,0,1
1310,0910,0,1
1310,0911,0,1
1310,0912,0,1
1310,0913,0,1
1310,0914,0,1
1311,0901,0,1
1311,0902,0,1
1311,0903,0,1
1311,0904,0,1
1311,0905,0,1
1311,0906,0,1
1311,0907,0,1
1311,0908,0,1
1311,0909,0,1
1311,0910,0,1
1311,0911,0,1
1311,0912,0,1
1311,0913,0,1
1311,0914,0,1
1312,0901,0,1
1312,0902,0,1
1312,0903,0,1
1312,0904,0,1
1312,0905,0,1
1312,0906,0,1
1312,0907,0,1
1312,0908,0,1
1312,0909,0,1
1312,0910,0,1
1312,0911,0,1
1312,0912,0,1
1312,0913,0,1
1312,0914,0,1
1313,0901,0,1
1313,0902,0,1
1313,0903,0,1
1313,0904,0,1
1313,0905,0,1
1313,0906,0,1
1313,0907,0,1
1313,0908,0,1
1313,0909,0,1
1313,0910,0,1
1313,0911,0,1
1313,0912,0,1
1313,0913,0,1
1313,0914,0,1
1314,0901,0,1
1314,0902,0,1
1314,0903,0,1
1314,0904,0,1
1314,0905,1,1
1314,0906,0,1
1314,0907,0,1
1314,0908,1,1
1314,0909,1,1
1314,0910,0,1
1314,0911,1,1
1314,0912,0,1
1314,0913,0,1
1314,0914,0,1
1315,0901,0,1
1315,0902,0,1
1315,0903,0,1
1315,0904,0,1
1315,0905,0,1
1315,0906,0,1
1315,0907,0,1
1315,0908,0,1
1315,0909,0,1
1315,0910,0,1
1315,0911,0,1
1315,0912,0,1
1315,0913,0,1
1315,0914,0,1
1316,0901,0,1
1316,0902,0,1
1316,0903,0,1
1316,0904,0,1
1316,0905,0,1
1316,0906,0,1
1316,0907,0,1
1316,0908,0,1
1316,0909,0,1
1316,0910,0,1
1316,0911,0,1
1316,0912,0,1
1316,0913,0,1
1316,0914,0,1
1317,0901,0,1
1317,0902,0,1
1317,0903,0,1
1317,0904,0,1
1317,0905,0,1
1317,0906,0,1
1317,0907,0,1
1317,0908,0,1
1317,0909,0,1
1317,0910,0,1
1317,0911,0,1
1317,0912,0,1
1317,0913,0,1
1317,0914,0,1
1318,0901,0,1
1318,0902,0,1
1318,0903,0,1
1318,0904,0,1
1318,0905,0,1
1318,0906,0,1
1318,0907,0,1
1318,0908,0,1
1318,0909,0,1
1318,0910,0,1
1318,0911,0,1
1318,0912,0,1
1318,0913,0,1
1318,0914,0,1
1319,0901,0,1
1319,0902,0,1
1319,0903,0,1
1319,0904,0,1
1319,0905,0,1
1319,0906,0,1
1319,0907,0,1
1319,0908,0,1
1319,0909,0,1
1319,0910,0,1
1319,0911,0,1
1319,0912,0,1
1319,0913,0,1
1319,0914,0,1
1320,0901,0,1
1320,0902,0,1
1320,0903,0,1
1320,0904,0,1
1320,0905,0,1
1320,0906,0,1
1320,0907,0,1
1320,0908,0,1
1320,0909,0,1
1320,0910,0,1
1320,0911,0,1
1320,0912,0,1
1320,0913,0,1
1320,0914,0,1
1321,0901,0,1
1321,0902,0,1
1321,0903,0,1
1321,0904,0,1
1321,0905,0,1
1321,0906,0,1
1321,0907,0,1
1321,0908,0,1
1321,0909,0,1
1321,0910,0,1
1321,0911,0,1
1321,0912,0,1
1321,0913,0,1
1321,0914,0,1
1322,0901,0,1
1322,0902,0,1
1322,0903,0,1
1322,0904,0,1
1322,0905,0,1
1322,0906,0,1
1322,0907,0,1
1322,0908,0,1
1322,0909,0,1
1322,0910,0,1
1322,0911,0,1
1322,0912,0,1
1322,0913,0,1
1322,0914,0,1
1323,0901,0,1
1323,0902,0,1
1323,0903,0,1
1323,0904,0,1
1323,0905,0,1
1323,0906,0,1
1323,0907,0,1
1323,0908,0,1
1323,0909,0,1
1323,0910,0,1
1323,0911,0,1
1323,0912,0,1
1323,0913,0,1
1323,0914,0,1
1324,0901,0,1
1324,0902,0,1
1324,0903,0,1
1324,0904,0,1
1324,0905,0,1
1324,0906,0,1
1324,0907,0,1
1324,0908,0,1
1324,0909,0,1
1324,0910,0,1
1324,0911,0,1
1324,0912,0,1
1324,0913,0,1
1324,0914,0,1
1325,0901,0,1
1325,0902,0,1
1325,0903,0,1
1325,0904,0,1
1325,0905,0,1
1325,0906,0,1
1325,0907,0,1
1325,0908,0,1
1325,0909,0,1
1325,0910,0,1
1325,0911,0,1
1325,0912,0,1
1325,0913,0,1
1325,0914,0,1
1326,0901,0,1
1326,0902,0,1
1326,0903,0,1
1326,0904,0,1
1326,0905,0,1
1326,0906,0,1
1326,0907,0,1
1326,0908,0,1
1326,0909,0,1
1326,0910,0,1
1326,0911,0,1
1326,0912,0,1
1326,0913,0,1
1326,0914,0,1
1327,0901,0,1
1327,0902,0,1
1327,0903,0,1
1327,0904,0,1
1327,0905,0,1
1327,0906,0,1
1327,0907,0,1
1327,0908,0,1
1327,0909,0,1
1327,0910,0,1
1327,0911,0,1
1327,0912,0,1
1327,0913,0,1
1327,0914,0,1
1328,0901,0,1
1328,0902,0,1
1328,0903,0,1
1328,0904,0,1
1328,0905,0,1
1328,0906,0,1
1328,0907,0,1
1328,0908,0,1
1328,0909,0,1
1328,0910,0,1
1328,0911,0,1
1328,0912,1,1
1328,0913,0,1
1328,0914,0,1
1329,0901,0,1
1329,0902,0,1
1329,0903,0,1
1329,0904,0,1
1329,0905,0,1
1329,0906,0,1
1329,0907,0,1
1329,0908,0,1
1329,0909,0,1
1329,0910,0,1
1329,0911,0,1
1329,0912,0,1
1329,0913,0,1
1329,0914,0,1
1330,0901,0,1
1330,0902,0,1
1330,0903,0,1
1330,0904,0,1
1330,0905,0,1
1330,0906,0,1
1330,0907,0,1
1330,0908,0,1
1330,0909,0,1
1330,0910,0,1
1330,0911,0,1
1330,0912,0,1
1330,0913,0,1
1330,0914,0,1
1331,0901,0,1
1331,0902,0,1
1331,0903,0,1
1331,0904,0,1
1331,0905,0,1
1331,0906,0,1
1331,0907,0,1
1331,0908,0,1
1331,0909,0,1
1331,0910,0,1
1331,0911,1,1
1331,0912,0,1
1331,0913,0,1
1331,0914,0,1
1332,0901,0,1
1332,0902,0,1
1332,0903,0,1
1332,0904,0,1
1332,0905,0,1
1332,0906,0,1
1332,0907,0,1
1332,0908,0,1
1332,0909,0,1
1332,0910,0,1
1332,0911,0,1
1332,0912,0,1
1332,0913,0,1
1332,0914,0,1
1333,0901,0,1
1333,0902,0,1
1333,0903,0,1
1333,0904,0,1
1333,0905,0,1
1333,0906,0,1
1333,0907,0,1
1333,0908,0,1
1333,0909,0,1
1333,0910,0,1
1333,0911,0,1
1333,0912,0,1
1333,0913,0,1
1333,0914,0,1
1334,0901,0,1
1334,0902,0,1
1334,0903,0,1
1334,0904,0,1
1334,0905,0,1
1334,0906,0,1
1334,0907,0,1
1334,0908,0,1
1334,0909,0,1
1334,0910,0,1
1334,0911,0,1
1334,0912,0,1
1334,0913,0,1
1334,0914,0,1
1335,0901,0,1
1335,0902,0,1
1335,0903,0,1
1335,0904,0,1
1335,0905,0,1
1335,0906,0,1
1335,0907,0,1
1335,0908,0,1
1335,0909,0,1
1335,0910,0,1
1335,0911,0,1
1335,0912,0,1
1335,0913,0,1
1335,0914,0,1
1336,0901,0,1
1336,0902,0,1
1336,0903,0,1
1336,0904,0,1
1336,0905,0,1
1336,0906,0,1
1336,0907,0,1
1336,0908,0,1
1336,0909,0,1
1336,0910,0,1
1336,0911,0,1
1336,0912,0,1
1336,0913,0,1
1336,0914,0,1
1337,0901,0,1
1337,0902,0,1
1337,0903,0,1
1337,0904,0,1
1337,0905,0,1
1337,0906,0,1
1337,0907,0,1
1337,0908,0,1
1337,0909,0,1
1337,0910,0,1
1337,0911,0,1
1337,0912,0,1
1337,0913,0,1
1337,0914,0,1
1338,0901,0,1
1338,0902,0,1
1338,0903,0,1
1338,0904,0,1
1338,0905,0,1
1338,0906,0,1
1338,0907,0,1
1338,0908,0,1
1338,0909,0,1
1338,0910,0,1
1338,0911,0,1
1338,0912,0,1
1338,0913,0,1
1338,0914,0,1
1339,0901,0,1
1339,0902,0,1
1339,0903,0,1
1339,0904,0,1
1339,0905,0,1
1339,0906,0,1
1339,0907,0,1
1339,0908,0,1
1339,0909,0,1
1339,0910,0,1
1339,0911,0,1
1339,0912,0,1
1339,0913,0,1
1339,0914,0,1
1340,0901,0,1
1340,0902,0,1
1340,0903,0,1
1340,0904,0,1
1340,0905,0,1
1340,0906,0,1
1340,0907,0,1
1340,0908,0,1
1340,0909,0,1
1340,0910,0,1
1340,0911,0,1
1340,0912,0,1
1340,0913,0,1
1340,0914,0,1
1341,0901,0,1
1341,0902,0,1
1341,0903,0,1
1341,0904,0,1
1341,0905,0,1
1341,0906,0,1
1341,0907,0,1
1341,0908,0,1
1341,0909,0,1
1341,0910,0,1
1341,0911,0,1
1341,0912,0,1
1341,0913,0,1
1341,0914,0,1
1342,0901,0,1
1342,0902,0,1
1342,0903,0,1
1342,0904,0,1
1342,0905,0,1
1342,0906,0,1
1342,0907,0,1
1342,0908,0,1
1342,0909,0,1
1342,0910,0,1
1342,0911,0,1
1342,0912,0,1
1342,0913,0,1
1342,0914,0,1
1343,0901,0,1
1343,0902,0,1
1343,0903,0,1
1343,0904,0,1
1343,0905,0,1
1343,0906,0,1
1343,0907,0,1
1343,0908,0,1
1343,0909,0,1
1343,0910,0,1
1343,0911,0,1
1343,0912,0,1
1343,0913,0,1
1343,0914,0,1
1344,0901,0,1
1344,0902,0,1
1344,0903,0,1
1344,0904,0,1
1344,0905,0,1
1344,0906,0,1
1344,0907,0,1
1344,0908,0,1
1344,0909,0,1
1344,0910,0,1
1344,0911,0,1
1344,0912,0,1
1344,0913,0,1
1344,0914,0,1
1345,0901,0,1
1345,0902,0,1
1345,0903,0,1
1345,0904,0,1
1345,0905,0,1
1345,0906,0,1
1345,0907,0,1
1345,0908,1,1
1345,0909,0,1
1345,0910,0,1
1345,0911,0,1
1345,0912,0,1
1345,0913,0,1
1345,0914,0,1
1346,0901,0,1
1346,0902,0,1
1346,0903,0,1
1346,0904,0,1
1346,0905,0,1
1346,0906,0,1
1346,0907,0,1
1346,0908,0,1
1346,0909,0,1
1346,0910,0,1
1346,0911,0,1
1346,0912,0,1
1346,0913,0,1
1346,0914,0,1
1347,0901,0,1
1347,0902,0,1
1347,0903,0,1
1347,0904,0,1
1347,0905,0,1
1347,0906,0,1
1347,0907,0,1
1347,0908,0,1
1347,0909,0,1
1347,0910,0,1
1347,0911,0,1
1347,0912,0,1
1347,0913,0,1
1347,0914,1,1
1348,0901,0,1
1348,0902,0,1
1348,0903,0,1
1348,0904,0,1
1348,0905,0,1
1348,0906,0,1
1348,0907,0,1
1348,0908,0,1
1348,0909,0,1
1348,0910,0,1
1348,0911,0,1
1348,0912,0,1
1348,0913,0,1
1348,0914,0,1
1349,0901,0,1
1349,0902,0,1
1349,0903,0,1
1349,0904,0,1
1349,0905,0,1
1349,0906,0,1
1349,0907,0,1
1349,0908,0,1
1349,0909,0,1
1349,0910,0,1
1349,0911,0,1
1349,0912,0,1
1349,0913,1,1
1349,0914,0,1
1350,0901,0,1
1350,0902,0,1
1350,0903,0,1
1350,0904,0,1
1350,0905,0,1
1350,0906,0,1
1350,0907,0,1
1350,0908,0,1
1350,0909,0,1
1350,0910,0,1
1350,0911,0,1
1350,0912,0,1
1350,0913,0,1
1350,0914,0,1
1351,0901,0,1
1351,0902,0,1
1351,0903,0,1
1351,0904,0,1
1351,0905,0,1
1351,0906,0,1
1351,0907,0,1
1351,0908,0,1
1351,0909,0,1
1351,0910,0,1
1351,0911,0,1
1351,0912,0,1
1351,0913,0,1
1351,0914,0,1
1352,0901,0,1
1352,0902,0,1
1352,0903,0,1
1352,0904,0,1
1352,0905,0,1
1352,0906,0,1
1352,0907,0,1
1352,0908,0,1
1352,0909,0,1
1352,0910,0,1
1352,0911,0,1
1352,0912,0,1
1352,0913,0,1
1352,0914,0,1
1353,0901,0,1
1353,0902,0,1
1353,0903,0,1
1353,0904,0,1
1353,0905,0,1
1353,0906,0,1
1353,0907,0,1
1353,0908,0,1
1353,0909,0,1
1353,0910,0,1
1353,0911,0,1
1353,0912,0,1
1353,0913,0,1
1353,0914,0,1
1354,0901,0,1
1354,0902,0,1
1354,0903,0,1
1354,0904,0,1
1354,0905,0,1
1354,0906,0,1
1354,0907,0,1
1354,0908,0,1
1354,0909,0,1
1354,0910,0,1
1354,0911,0,1
1354,0912,0,1
1354,0913,0,1
1354,0914,0,1
1355,0901,0,1
1355,0902,0,1
1355,0903,0,1
1355,0904,0,1
1355,0905,0,1
1355,0906,0,1
1355,0907,0,1
1355,0908,0,1
1355,0909,0,1
1355,0910,0,1
1355,0911,0,1
1355,0912,0,1
1355,0913,1,1
1355,0914,0,1
1356,0901,0,1
1356,0902,0,1
1356,0903,0,1
1356,0904,0,1
1356,0905,0,1
1356,0906,0,1
1356,0907,0,1
1356,0908,0,1
1356,0909,0,1
1356,0910,0,1
1356,0911,0,1
1356,0912,0,1
1356,0913,0,1
1356,0914,0,1
1357,0901,0,1
1357,0902,0,1
1357,0903,0,1
1357,0904,0,1
1357,0905,0,1
1357,0906,0,1
1357,0907,0,1
1357,0908,0,1
1357,0909,0,1
1357,0910,0,1
1357,0911,0,1
1357,0912,0,1
1357,0913,0,1
1357,0914,0,1
1358,0901,0,1
1358,0902,0,1
1358,0903,0,1
1358,0904,0,1
1358,0905,0,1
1358,0906,0,1
1358,0907,0,1
1358,0908,0,1
1358,0909,0,1
1358,0910,0,1
1358,0911,0,1
1358,0912,0,1
1358,0913,0,1
1358,0914,0,1
1359,0901,0,1
1359,0902,0,1
1359,0903,0,1
1359,0904,0,1
1359,0905,0,1
1359,0906,0,1
1359,0907,0,1
1359,0908,0,1
1359,0909,0,1
1359,0910,0,1
1359,0911,0,1
1359,0912,0,1
1359,0913,0,1
1359,0914,0,1
1360,0901,0,1
1360,0902,0,1
1360,0903,0,1
1360,0904,0,1
1360,0905,0,1
1360,0906,0,1
1360,0907,0,1
1360,0908,0,1
1360,0909,0,1
1360,0910,0,1
1360,0911,0,1
1360,0912,0,1
1360,0913,0,1
1360,0914,0,1
1361,0901,0,1
1361,0902,0,1
1361,0903,0,1
1361,0904,0,1
1361,0905,0,1
1361,0906,0,1
1361,0907,0,1
1361,0908,1,1
1361,0909,0,1
1361,0910,0,1
1361,0911,0,1
1361,0912,0,1
1361,0913,0,1
1361,0914,0,1
1362,0901,1,1
1362,0902,0,1
1362,0903,0,1
1362,0904,0,1
1362,0905,0,1
1362,0906,0,1
1362,0907,0,1
1362,0908,0,1
1362,0909,0,1
1362,0910,0,1
1362,0911,0,1
1362,0912,0,1
1362,0913,0,1
1362,0914,0,1
1363,0901,0,1
1363,0902,0,1
1363,0903,0,1
1363,0904,0,1
1363,0905,0,1
1363,0906,0,1
1363,0907,0,1
1363,0908,0,1
1363,0909,0,1
1363,0910,0,1
1363,0911,0,1
1363,0912,0,1
1363,0913,0,1
1363,0914,0,1
1364,0901,0,1
1364,0902,0,1
1364,0903,0,1
1364,0904,0,1
1364,0905,0,1
1364,0906,0,1
1364,0907,0,1
1364,0908,0,1
1364,0909,0,1
1364,0910,0,1
1364,0911,0,1
1364,0912,0,1
1364,0913,0,1
1364,0914,0,1
1365,0901,0,1
1365,0902,0,1
1365,0903,0,1
1365,0904,0,1
1365,0905,0,1
1365,0906,0,1
1365,0907,0,1
1365,0908,0,1
1365,0909,0,1
1365,0910,0,1
1365,0911,0,1
1365,0912,0,1
1365,0913,0,1
1365,0914,0,1
1366,0901,0,1
1366,0902,0,1
1366,0903,0,1
1366,0904,0,1
1366,0905,0,1
1366,0906,0,1
1366,0907,0,1
1366,0908,0,1
1366,0909,0,1
1366,0910,0,1
1366,0911,0,1
1366,0912,0,1
1366,0913,0,1
1366,0914,0,1
1367,0901,0,1
1367,0902,0,1
1367,0903,0,1
1367,0904,0,1
1367,0905,0,1
1367,0906,0,1
1367,0907,0,1
1367,0908,0,1
1367,0909,0,1
1367,0910,0,1
1367,0911,0,1
1367,0912,0,1
1367,0913,0,1
1367,0914,0,1
1368,0901,0,1
1368,0902,0,1
1368,0903,0,1
1368,0904,0,1
1368,0905,0,1
1368,0906,0,1
1368,0907,0,1
1368,0908,0,1
1368,0909,0,1
1368,0910,0,1
1368,0911,0,1
1368,0912,0,1
1368,0913,1,1
1368,0914,0,1
1369,0901,0,1
1369,0902,0,1
1369,0903,0,1
1369,0904,0,1
1369,0905,0,1
1369,0906,0,1
1369,0907,0,1
1369,0908,0,1
1369,0909,0,1
1369,0910,0,1
1369,0911,0,1
1369,0912,0,1
1369,0913,0,1
1369,0914,0,1
1370,0901,0,1
1370,0902,0,1
1370,0903,0,1
1370,0904,0,1
1370,0905,0,1
1370,0906,0,1
1370,0907,0,1
1370,0908,0,1
1370,0909,0,1
1370,0910,0,1
1370,0911,0,1
1370,0912,0,1
1370,0913,0,1
1370,0914,0,1
1371,0901,0,1
1371,0902,0,1
1371,0903,0,1
1371,0904,0,1
1371,0905,0,1
1371,0906,0,1
1371,0907,0,1
1371,0908,0,1
1371,0909,0,1
1371,0910,0,1
1371,0911,0,1
1371,0912,0,1
1371,0913,0,1
1371,0914,0,1
1372,0901,0,1
1372,0902,0,1
1372,0903,0,1
1372,0904,0,1
1372,0905,0,1
1372,0906,0,1
1372,0907,0,1
1372,0908,0,1
1372,0909,0,1
1372,0910,0,1
1372,0911,0,1
1372,0912,0,1
1372,0913,0,1
1372,0914,0,1
1373,0901,0,1
1373,0902,0,1
1373,0903,0,1
1373,0904,0,1
1373,0905,0,1
1373,0906,0,1
1373,0907,0,1
1373,0908,0,1
1373,0909,0,1
1373,0910,0,1
1373,0911,0,1
1373,0912,0,1
1373,0913,0,1
1373,0914,0,1
1374,0901,0,1
1374,0902,0,1
1374,0903,0,1
1374,0904,0,1
1374,0905,0,1
1374,0906,0,1
1374,0907,0,1
1374,0908,0,1
1374,0909,0,1
1374,0910,0,1
1374,0911,0,1
1374,0912,0,1
1374,0913,0,1
1374,0914,0,1
1375,0901,0,1
1375,0902,0,1
1375,0903,0,1
1375,0904,0,1
1375,0905,0,1
1375,0906,0,1
1375,0907,0,1
1375,0908,0,1
1375,0909,0,1
1375,0910,0,1
1375,0911,0,1
1375,0912,0,1
1375,0913,0,1
1375,0914,0,1
1376,0901,0,1
1376,0902,0,1
1376,0903,0,1
1376,0904,0,1
1376,0905,0,1
1376,0906,0,1
1376,0907,0,1
1376,0908,1,1
1376,0909,0,1
1376,0910,0,1
1376,0911,0,1
1376,0912,0,1
1376,0913,0,1
1376,0914,0,1
1377,0901,0,1
1377,0902,0,1
1377,0903,0,1
1377,0904,0,1
1377,0905,0,1
1377,0906,0,1
1377,0907,0,1
1377,0908,0,1
1377,0909,0,1
1377,0910,0,1
1377,0911,0,1
1377,0912,0,1
1377,0913,0,1
1377,0914,0,1
1378,0901,0,1
1378,0902,0,1
1378,0903,0,1
1378,0904,0,1
1378,0905,0,1
1378,0906,0,1
1378,0907,0,1
1378,0908,0,1
1378,0909,0,1
1378,0910,0,1
1378,0911,0,1
1378,0912,0,1
1378,0913,0,1
1378,0914,0,1
1379,0901,0,1
1379,0902,0,1
1379,0903,0,1
1379,0904,0,1
1379,0905,0,1
1379,0906,0,1
1379,0907,0,1
1379,0908,0,1
1379,0909,0,1
1379,0910,0,1
1379,0911,0,1
1379,0912,0,1
1379,0913,0,1
1379,0914,0,1
1380,0901,0,1
1380,0902,0,1
1380,0903,0,1
1380,0904,0,1
1380,0905,0,1
1380,0906,0,1
1380,0907,0,1
1380,0908,0,1
1380,0909,0,1
1380,0910,0,1
1380,0911,1,1
1380,0912,0,1
1380,0913,0,1
1380,0914,0,1
1381,0901,0,1
1381,0902,0,1
1381,0903,0,1
1381,0904,0,1
1381,0905,0,1
1381,0906,0,1
1381,0907,0,1
1381,0908,0,1
1381,0909,0,1
1381,0910,0,1
1381,0911,0,1
1381,0912,0,1
1381,0913,0,1
1381,0914,0,1
1382,0901,0,1
1382,0902,0,1
1382,0903,0,1
1382,0904,0,1
1382,0905,0,1
1382,0906,0,1
1382,0907,0,1
1382,0908,0,1
1382,0909,0,1
1382,0910,0,1
1382,0911,0,1
1382,0912,0,1
1382,0913,0,1
1382,0914,0,1
1383,0901,0,1
1383,0902,0,1
1383,0903,0,1
1383,0904,0,1
1383,0905,0,1
1383,0906,0,1
1383,0907,0,1
1383,0908,0,1
1383,0909,0,1
1383,0910,0,1
1383,0911,0,1
1383,0912,0,1
1383,0913,0,1
1383,0914,0,1
1384,0901,0,1
1384,0902,0,1
1384,0903,0,1
1384,0904,0,1
1384,0905,0,1
1384,0906,0,1
1384,0907,0,1
1384,0908,0,1
1384,0909,0,1
1384,0910,0,1
1384,0911,0,1
1384,0912,0,1
1384,0913,0,1
1384,0914,0,1
1385,0901,0,1
1385,0902,0,1
1385,0903,0,1
1385,0904,0,1
1385,0905,0,1
1385,0906,0,1
1385,0907,0,1
1385,0908,0,1
1385,0909,0,1
1385,0910,0,1
1385,0911,0,1
1385,0912,0,1
1385,0913,0,1
1385,0914,0,1
1386,0901,0,1
1386,0902,0,1
1386,0903,0,1
1386,0904,0,1
1386,0905,0,1
1386,0906,0,1
1386,0907,0,1
1386,0908,0,1
1386,0909,0,1
1386,0910,0,1
1386,0911,0,1
1386,0912,0,1
1386,0913,0,1
1386,0914,0,1
1387,0901,0,1
1387,0902,0,1
1387,0903,0,1
1387,0904,0,1
1387,0905,0,1
1387,0906,0,1
1387,0907,0,1
1387,0908,0,1
1387,0909,0,1
1387,0910,0,1
1387,0911,0,1
1387,0912,0,1
1387,0913,0,1
1387,0914,1,1
1388,0901,0,1
1388,0902,0,1
1388,0903,0,1
1388,0904,0,1
1388,0905,0,1
1388,0906,0,1
1388,0907,0,1
1388,0908,0,1
1388,0909,0,1
1388,0910,0,1
1388,0911,0,1
1388,0912,1,1
1388,0913,0,1
1388,0914,1,1
1389,0901,0,1
1389,0902,0,1
1389,0903,0,1
1389,0904,0,1
1389,0905,0,1
1389,0906,0,1
1389,0907,0,1
1389,0908,0,1
1389,0909,0,1
1389,0910,0,1
1389,0911,0,1
1389,0912,0,1
1389,0913,0,1
1389,0914,0,1
1390,0901,0,1
1390,0902,0,1
1390,0903,0,1
1390,0904,0,1
1390,0905,0,1
1390,0906,0,1
1390,0907,0,1
1390,0908,0,1
1390,0909,0,1
1390,0910,0,1
1390,0911,0,1
1390,0912,0,1
1390,0913,0,1
1390,0914,0,1
1391,0901,0,1
1391,0902,0,1
1391,0903,0,1
1391,0904,0,1
1391,0905,0,1
1391,0906,0,1
1391,0907,0,1
1391,0908,0,1
1391,0909,1,1
1391,0910,0,1
1391,0911,0,1
1391,0912,0,1
1391,0913,0,1
1391,0914,0,1
1392,0901,0,1
1392,0902,0,1
1392,0903,0,1
1392,0904,0,1
1392,0905,0,1
1392,0906,0,1
1392,0907,0,1
1392,0908,0,1
1392,0909,0,1
1392,0910,0,1
1392,0911,0,1
1392,0912,0,1
1392,0913,0,1
1392,0914,0,1
1393,0901,0,1
1393,0902,0,1
1393,0903,0,1
1393,0904,0,1
1393,0905,0,1
1393,0906,0,1
1393,0907,0,1
1393,0908,0,1
1393,0909,0,1
1393,0910,0,1
1393,0911,1,1
1393,0912,0,1
1393,0913,1,1
1393,0914,0,1
1394,0901,0,1
1394,0902,0,1
1394,0903,0,1
1394,0904,0,1
1394,0905,0,1
1394,0906,0,1
1394,0907,0,1
1394,0908,0,1
1394,0909,1,1
1394,0910,0,1
1394,0911,0,1
1394,0912,0,1
1394,0913,0,1
1394,0914,0,1
1395,0901,0,1
1395,0902,0,1
1395,0903,0,1
1395,0904,0,1
1395,0905,0,1
1395,0906,0,1
1395,0907,0,1
1395,0908,0,1
1395,0909,0,1
1395,0910,1,1
1395,0911,0,1
1395,0912,0,1
1395,0913,0,1
1395,0914,0,1
1396,0901,0,1
1396,0902,0,1
1396,0903,0,1
1396,0904,0,1
1396,0905,0,1
1396,0906,0,1
1396,0907,0,1
1396,0908,0,1
1396,0909,0,1
1396,0910,1,1
1396,0911,0,1
1396,0912,0,1
1396,0913,0,1
1396,0914,0,1
1397,0901,0,1
1397,0902,0,1
1397,0903,0,1
1397,0904,0,1
1397,0905,0,1
1397,0906,0,1
1397,0907,0,1
1397,0908,0,1
1397,0909,0,1
1397,0910,0,1
1397,0911,0,1
1397,0912,0,1
1397,0913,0,1
1397,0914,0,1
1398,0901,0,1
1398,0902,0,1
1398,0903,0,1
1398,0904,0,1
1398,0905,0,1
1398,0906,0,1
1398,0907,0,1
1398,0908,0,1
1398,0909,0,1
1398,0910,0,1
1398,0911,0,1
1398,0912,0,1
1398,0913,0,1
1398,0914,0,1
1399,0901,0,1
1399,0902,0,1
1399,0903,0,1
1399,0904,0,1
1399,0905,0,1
1399,0906,0,1
1399,0907,0,1
1399,0908,0,1
1399,0909,0,1
1399,0910,0,1
1399,0911,0,1
1399,0912,0,1
1399,0913,0,1
1399,0914,0,1
1400,0901,0,1
1400,0902,0,1
1400,0903,0,1
1400,0904,0,1
1400,0905,0,1
1400,0906,0,1
1400,0907,0,1
1400,0908,0,1
1400,0909,0,1
1400,0910,0,1
1400,0911,0,1
1400,0912,0,1
1400,0913,0,1
1400,0914,0,1
1401,0901,0,1
1401,0902,0,1
1401,0903,0,1
1401,0904,0,1
1401,0905,0,1
1401,0906,0,1
1401,0907,0,1
1401,0908,0,1
1401,0909,0,1
1401,0910,0,1
1401,0911,0,1
1401,0912,0,1
1401,0913,0,1
1401,0914,0,1
1402,0901,0,1
1402,0902,0,1
1402,0903,0,1
1402,0904,0,1
1402,0905,0,1
1402,0906,0,1
1402,0907,0,1
1402,0908,0,1
1402,0909,0,1
1402,0910,0,1
1402,0911,0,1
1402,0912,0,1
1402,0913,0,1
1402,0914,0,1
1403,0901,0,1
1403,0902,0,1
1403,0903,0,1
1403,0904,0,1
1403,0905,0,1
1403,0906,0,1
1403,0907,0,1
1403,0908,0,1
1403,0909,0,1
1403,0910,0,1
1403,0911,0,1
1403,0912,0,1
1403,0913,0,1
1403,0914,1,1
1404,0901,0,1
1404,0902,0,1
1404,0903,0,1
1404,0904,0,1
1404,0905,0,1
1404,0906,0,1
1404,0907,0,1
1404,0908,0,1
1404,0909,0,1
1404,0910,0,1
1404,0911,0,1
1404,0912,0,1
1404,0913,0,1
1404,0914,0,1
1405,0901,0,1
1405,0902,0,1
1405,0903,0,1
1405,0904,0,1
1405,0905,0,1
1405,0906,0,1
1405,0907,0,1
1405,0908,0,1
1405,0909,0,1
1405,0910,0,1
1405,0911,0,1
1405,0912,0,1
1405,0913,0,1
1405,0914,0,1
1406,0901,0,1
1406,0902,0,1
1406,0903,0,1
1406,0904,0,1
1406,0905,0,1
1406,0906,0,1
1406,0907,0,1
1406,0908,0,1
1406,0909,0,1
1406,0910,0,1
1406,0911,0,1
1406,0912,0,1
1406,0913,0,1
1406,0914,0,1
1407,0901,0,1
1407,0902,0,1
1407,0903,0,1
1407,0904,0,1
1407,0905,0,1
1407,0906,0,1
1407,0907,0,1
1407,0908,0,1
1407,0909,0,1
1407,0910,0,1
1407,0911,0,1
1407,0912,0,1
1407,0913,0,1
1407,0914,0,1
1408,0901,0,1
1408,0902,0,1
1408,0903,0,1
1408,0904,0,1
1408,0905,0,1
1408,0906,0,1
1408,0907,0,1
1408,0908,0,1
1408,0909,0,1
1408,0910,0,1
1408,0911,0,1
1408,0912,0,1
1408,0913,0,1
1408,0914,0,1
1409,0901,0,1
1409,0902,0,1
1409,0903,0,1
1409,0904,0,1
1409,0905,0,1
1409,0906,0,1
1409,0907,0,1
1409,0908,0,1
1409,0909,1,1
1409,0910,0,1
1409,0911,0,1
1409,0912,0,1
1409,0913,0,1
1409,0914,0,1
1410,0901,0,1
1410,0902,0,1
1410,0903,0,1
1410,0904,0,1
1410,0905,0,1
1410,0906,0,1
1410,0907,0,1
1410,0908,0,1
1410,0909,0,1
1410,0910,0,1
1410,0911,0,1
1410,0912,0,1
1410,0913,0,1
1410,0914,0,1
1411,0901,0,1
1411,0902,0,1
1411,0903,0,1
1411,0904,0,1
1411,0905,0,1
1411,0906,0,1
1411,0907,0,1
1411,0908,0,1
1411,0909,0,1
1411,0910,0,1
1411,0911,0,1
1411,0912,0,1
1411,0913,0,1
1411,0914,0,1
1412,0901,0,1
1412,0902,0,1
1412,0903,0,1
1412,0904,0,1
1412,0905,0,1
1412,0906,0,1
1412,0907,0,1
1412,0908,0,1
1412,0909,0,1
1412,0910,0,1
1412,0911,0,1
1412,0912,0,1
1412,0913,0,1
1412,0914,0,1
1413,0901,0,1
1413,0902,0,1
1413,0903,0,1
1413,0904,0,1
1413,0905,0,1
1413,0906,0,1
1413,0907,0,1
1413,0908,0,1
1413,0909,0,1
1413,0910,0,1
1413,0911,0,1
1413,0912,0,1
1413,0913,0,1
1413,0914,0,1
1414,0901,0,1
1414,0902,0,1
1414,0903,0,1
1414,0904,0,1
1414,0905,0,1
1414,0906,0,1
1414,0907,0,1
1414,0908,0,1
1414,0909,0,1
1414,0910,0,1
1414,0911,1,1
1414,0912,0,1
1414,0913,0,1
1414,0914,0,1
1415,0901,0,1
1415,0902,0,1
1415,0903,0,1
1415,0904,0,1
1415,0905,0,1
1415,0906,0,1
1415,0907,0,1
1415,0908,0,1
1415,0909,0,1
1415,0910,0,1
1415,0911,0,1
1415,0912,0,1
1415,0913,0,1
1415,0914,0,1
1416,0901,0,1
1416,0902,0,1
1416,0903,0,1
1416,0904,0,1
1416,0905,0,1
1416,0906,0,1
1416,0907,0,1
1416,0908,0,1
1416,0909,0,1
1416,0910,0,1
1416,0911,0,1
1416,0912,0,1
1416,0913,0,1
1416,0914,0,1
1417,0901,0,1
1417,0902,0,1
1417,0903,0,1
1417,0904,0,1
1417,0905,0,1
1417,0906,0,1
1417,0907,0,1
1417,0908,0,1
1417,0909,0,1
1417,0910,0,1
1417,0911,0,1
1417,0912,0,1
1417,0913,0,1
1417,0914,0,1
1418,0901,0,1
1418,0902,0,1
1418,0903,0,1
1418,0904,0,1
1418,0905,0,1
1418,0906,0,1
1418,0907,0,1
1418,0908,0,1
1418,0909,0,1
1418,0910,0,1
1418,0911,0,1
1418,0912,0,1
1418,0913,0,1
1418,0914,0,1
1419,0901,0,1
1419,0902,0,1
1419,0903,0,1
1419,0904,0,1
1419,0905,0,1
1419,0906,0,1
1419,0907,0,1
1419,0908,0,1
1419,0909,0,1
1419,0910,0,1
1419,0911,0,1
1419,0912,0,1
1419,0913,0,1
1419,0914,0,1
1420,0901,0,1
1420,0902,0,1
1420,0903,0,1
1420,0904,0,1
1420,0905,0,1
1420,0906,0,1
1420,0907,0,1
1420,0908,0,1
1420,0909,0,1
1420,0910,0,1
1420,0911,1,1
1420,0912,0,1
1420,0913,0,1
1420,0914,0,1
1421,0901,0,1
1421,0902,0,1
1421,0903,0,1
1421,0904,0,1
1421,0905,0,1
1421,0906,0,1
1421,0907,0,1
1421,0908,0,1
1421,0909,0,1
1421,0910,0,1
1421,0911,0,1
1421,0912,1,1
1421,0913,0,1
1421,0914,0,1
1422,0901,0,1
1422,0902,0,1
1422,0903,0,1
1422,0904,0,1
1422,0905,0,1
1422,0906,0,1
1422,0907,0,1
1422,0908,0,1
1422,0909,0,1
1422,0910,0,1
1422,0911,0,1
1422,0912,0,1
1422,0913,0,1
1422,0914,0,1
1423,0901,0,1
1423,0902,0,1
1423,0903,0,1
1423,0904,0,1
1423,0905,0,1
1423,0906,0,1
1423,0907,0,1
1423,0908,0,1
1423,0909,0,1
1423,0910,0,1
1423,0911,0,1
1423,0912,0,1
1423,0913,0,1
1423,0914,0,1
1424,0901,0,1
1424,0902,0,1
1424,0903,0,1
1424,0904,0,1
1424,0905,0,1
1424,0906,0,1
1424,0907,0,1
1424,0908,0,1
1424,0909,0,1
1424,0910,0,1
1424,0911,0,1
1424,0912,0,1
1424,0913,0,1
1424,0914,0,1
1425,0901,0,1
1425,0902,0,1
1425,0903,0,1
1425,0904,0,1
1425,0905,0,1
1425,0906,0,1
1425,0907,0,1
1425,0908,0,1
1425,0909,0,1
1425,0910,0,1
1425,0911,0,1
1425,0912,0,1
1425,0913,0,1
1425,0914,0,1
1426,0901,0,1
1426,0902,0,1
1426,0903,0,1
1426,0904,0,1
1426,0905,0,1
1426,0906,0,1
1426,0907,0,1
1426,0908,0,1
1426,0909,0,1
1426,0910,0,1
1426,0911,0,1
1426,0912,0,1
1426,0913,0,1
1426,0914,0,1
1427,0901,0,1
1427,0902,0,1
1427,0903,0,1
1427,0904,0,1
1427,0905,0,1
1427,0906,0,1
1427,0907,0,1
1427,0908,0,1
1427,0909,0,1
1427,0910,0,1
1427,0911,0,1
1427,0912,0,1
1427,0913,0,1
1427,0914,0,1
1428,0901,0,1
1428,0902,0,1
1428,0903,0,1
1428,0904,0,1
1428,0905,0,1
1428,0906,0,1
1428,0907,0,1
1428,0908,0,1
1428,0909,0,1
1428,0910,0,1
1428,0911,0,1
1428,0912,0,1
1428,0913,0,1
1428,0914,0,1
1429,0901,0,1
1429,0902,0,1
1429,0903,0,1
1429,0904,0,1
1429,0905,0,1
1429,0906,0,1
1429,0907,0,1
1429,0908,0,1
1429,0909,0,1
1429,0910,0,1
1429,0911,0,1
1429,0912,0,1
1429,0913,0,1
1429,0914,0,1
1430,0901,0,1
1430,0902,0,1
1430,0903,0,1
1430,0904,0,1
1430,0905,0,1
1430,0906,0,1
1430,0907,0,1
1430,0908,0,1
1430,0909,0,1
1430,0910,0,1
1430,0911,0,1
1430,0912,0,1
1430,0913,1,1
1430,0914,0,1
1431,0901,0,1
1431,0902,0,1
1431,0903,0,1
1431,0904,0,1
1431,0905,0,1
1431,0906,0,1
1431,0907,0,1
1431,0908,0,1
1431,0909,0,1
1431,0910,0,1
1431,0911,0,1
1431,0912,0,1
1431,0913,0,1
1431,0914,0,1
1432,0901,0,1
1432,0902,0,1
1432,0903,0,1
1432,0904,0,1
1432,0905,0,1
1432,0906,0,1
1432,0907,0,1
1432,0908,0,1
1432,0909,0,1
1432,0910,0,1
1432,0911,0,1
1432,0912,0,1
1432,0913,0,1
1432,0914,0,1
1433,0901,0,1
1433,0902,0,1
1433,0903,0,1
1433,0904,0,1
1433,0905,0,1
1433,0906,0,1
1433,0907,0,1
1433,0908,0,1
1433,0909,0,1
1433,0910,0,1
1433,0911,0,1
1433,0912,0,1
1433,0913,0,1
1433,0914,0,1
1434,0901,0,1
1434,0902,0,1
1434,0903,0,1
1434,0904,0,1
1434,0905,0,1
1434,0906,0,1
1434,0907,0,1
1434,0908,0,1
1434,0909,0,1
1434,0910,0,1
1434,0911,0,1
1434,0912,0,1
1434,0913,0,1
1434,0914,0,1
1435,0901,0,1
1435,0902,0,1
1435,0903,0,1
1435,0904,0,1
1435,0905,0,1
1435,0906,0,1
1435,0907,0,1
1435,0908,0,1
1435,0909,0,1
1435,0910,0,1
1435,0911,0,1
1435,0912,0,1
1435,0913,0,1
1435,0914,0,1
1436,0901,0,1
1436,0902,0,1
1436,0903,0,1
1436,0904,0,1
1436,0905,0,1
1436,0906,0,1
1436,0907,0,1
1436,0908,0,1
1436,0909,0,1
1436,0910,0,1
1436,0911,0,1
1436,0912,0,1
1436,0913,0,1
1436,0914,0,1
1437,0901,0,1
1437,0902,0,1
1437,0903,0,1
1437,0904,0,1
1437,0905,0,1
1437,0906,0,1
1437,0907,0,1
1437,0908,0,1
1437,0909,0,1
1437,0910,0,1
1437,0911,0,1
1437,0912,0,1
1437,0913,0,1
1437,0914,0,1
1438,0901,0,1
1438,0902,0,1
1438,0903,0,1
1438,0904,0,1
1438,0905,0,1
1438,0906,0,1
1438,0907,0,1
1438,0908,0,1
1438,0909,0,1
1438,0910,0,1
1438,0911,0,1
1438,0912,0,1
1438,0913,0,1
1438,0914,0,1
1439,0901,0,1
1439,0902,0,1
1439,0903,0,1
1439,0904,0,1
1439,0905,0,1
1439,0906,0,1
1439,0907,0,1
1439,0908,0,1
1439,0909,0,1
1439,0910,0,1
1439,0911,0,1
1439,0912,0,1
1439,0913,0,1
1439,0914,0,1
1440,0901,0,1
1440,0902,0,1
1440,0903,0,1
1440,0904,0,1
1440,0905,0,1
1440,0906,0,1
1440,0907,0,1
1440,0908,0,1
1440,0909,0,1
1440,0910,0,1
1440,0911,0,1
1440,0912,0,1
1440,0913,0,1
1440,0914,0,1
1441,0901,0,1
1441,0902,0,1
1441,0903,0,1
1441,0904,0,1
1441,0905,0,1
1441,0906,0,1
1441,0907,0,1
1441,0908,0,1
1441,0909,0,1
1441,0910,0,1
1441,0911,0,1
1441,0912,0,1
1441,0913,0,1
1441,0914,0,1
1442,0901,0,1
1442,0902,0,1
1442,0903,0,1
1442,0904,0,1
1442,0905,0,1
1442,0906,0,1
1442,0907,0,1
1442,0908,0,1
1442,0909,1,1
1442,0910,0,1
1442,0911,0,1
1442,0912,0,1
1442,0913,0,1
1442,0914,0,1
1443,0901,0,1
1443,0902,0,1
1443,0903,0,1
1443,0904,0,1
1443,0905,0,1
1443,0906,0,1
1443,0907,0,1
1443,0908,0,1
1443,0909,0,1
1443,0910,0,1
1443,0911,0,1
1443,0912,0,1
1443,0913,0,1
1443,0914,0,1
1444,0901,0,1
1444,0902,0,1
1444,0903,0,1
1444,0904,0,1
1444,0905,0,1
1444,0906,0,1
1444,0907,0,1
1444,0908,0,1
1444,0909,0,1
1444,0910,0,1
1444,0911,0,1
1444,0912,0,1
1444,0913,0,1
1444,0914,0,1
1445,0901,0,1
1445,0902,0,1
1445,0903,0,1
1445,0904,0,1
1445,0905,0,1
1445,0906,0,1
1445,0907,0,1
1445,0908,0,1
1445,0909,0,1
1445,0910,0,1
1445,0911,0,1
1445,0912,0,1
1445,0913,0,1
1445,0914,0,1
1446,0901,0,1
1446,0902,0,1
1446,0903,0,1
1446,0904,0,1
1446,0905,0,1
1446,0906,0,1
1446,0907,0,1
1446,0908,0,1
1446,0909,0,1
1446,0910,0,1
1446,0911,0,1
1446,0912,0,1
1446,0913,0,1
1446,0914,0,1
1447,0901,0,1
1447,0902,0,1
1447,0903,0,1
1447,0904,0,1
1447,0905,0,1
1447,0906,0,1
1447,0907,0,1
1447,0908,0,1
1447,0909,0,1
1447,0910,0,1
1447,0911,0,1
1447,0912,0,1
1447,0913,0,1
1447,0914,0,1
1448,0901,0,1
1448,0902,0,1
1448,0903,0,1
1448,0904,0,1
1448,0905,0,1
1448,0906,0,1
1448,0907,0,1
1448,0908,0,1
1448,0909,0,1
1448,0910,0,1
1448,0911,0,1
1448,0912,0,1
1448,0913,0,1
1448,0914,0,1
1449,0901,0,1
1449,0902,0,1
1449,0903,0,1
1449,0904,0,1
1449,0905,0,1
1449,0906,0,1
1449,0907,0,1
1449,0908,0,1
1449,0909,0,1
1449,0910,0,1
1449,0911,0,1
1449,0912,0,1
1449,0913,0,1
1449,0914,0,1
1450,0901,0,1
1450,0902,0,1
1450,0903,0,1
1450,0904,0,1
1450,0905,0,1
1450,0906,0,1
1450,0907,0,1
1450,0908,0,1
1450,0909,0,1
1450,0910,0,1
1450,0911,0,1
1450,0912,0,1
1450,0913,0,1
1450,0914,0,1
1451,0901,0,1
1451,0902,0,1
1451,0903,0,1
1451,0904,0,1
1451,0905,0,1
1451,0906,0,1
1451,0907,0,1
1451,0908,0,1
1451,0909,0,1
1451,0910,0,1
1451,0911,0,1
1451,0912,0,1
1451,0913,0,1
1451,0914,0,1
1452,0901,0,1
1452,0902,0,1
1452,0903,0,1
1452,0904,0,1
1452,0905,0,1
1452,0906,0,1
1452,0907,0,1
1452,0908,1,1
1452,0909,0,1
1452,0910,0,1
1452,0911,0,1
1452,0912,0,1
1452,0913,0,1
1452,0914,0,1
1453,0901,0,1
1453,0902,0,1
1453,0903,0,1
1453,0904,0,1
1453,0905,0,1
1453,0906,0,1
1453,0907,0,1
1453,0908,0,1
1453,0909,0,1
1453,0910,0,1
1453,0911,0,1
1453,0912,0,1
1453,0913,0,1
1453,0914,0,1
1454,0901,0,1
1454,0902,0,1
1454,0903,0,1
1454,0904,0,1
1454,0905,0,1
1454,0906,0,1
1454,0907,0,1
1454,0908,0,1
1454,0909,0,1
1454,0910,0,1
1454,0911,0,1
1454,0912,0,1
1454,0913,0,1
1454,0914,0,1
1455,0901,0,1
1455,0902,0,1
1455,0903,0,1
1455,0904,0,1
1455,0905,0,1
1455,0906,0,1
1455,0907,0,1
1455,0908,0,1
1455,0909,0,1
1455,0910,0,1
1455,0911,0,1
1455,0912,0,1
1455,0913,0,1
1455,0914,1,1
1456,0901,0,1
1456,0902,0,1
1456,0903,0,1
1456,0904,0,1
1456,0905,0,1
1456,0906,0,1
1456,0907,0,1
1456,0908,0,1
1456,0909,0,1
1456,0910,0,1
1456,0911,0,1
1456,0912,0,1
1456,0913,0,1
1456,0914,0,1
1457,0901,0,1
1457,0902,0,1
1457,0903,0,1
1457,0904,0,1
1457,0905,0,1
1457,0906,0,1
1457,0907,0,1
1457,0908,0,1
1457,0909,0,1
1457,0910,0,1
1457,0911,0,1
1457,0912,0,1
1457,0913,0,1
1457,0914,0,1
1458,0901,0,1
1458,0902,0,1
1458,0903,0,1
1458,0904,0,1
1458,0905,0,1
1458,0906,0,1
1458,0907,0,1
1458,0908,0,1
1458,0909,0,1
1458,0910,0,1
1458,0911,0,1
1458,0912,0,1
1458,0913,0,1
1458,0914,0,1
1459,0901,0,1
1459,0902,0,1
1459,0903,0,1
1459,0904,0,1
1459,0905,0,1
1459,0906,0,1
1459,0907,0,1
1459,0908,0,1
1459,0909,0,1
1459,0910,0,1
1459,0911,0,1
1459,0912,0,1
1459,0913,0,1
1459,0914,0,1
1460,0901,0,1
1460,0902,0,1
1460,0903,0,1
1460,0904,0,1
1460,0905,0,1
1460,0906,0,1
1460,0907,0,1
1460,0908,0,1
1460,0909,0,1
1460,0910,0,1
1460,0911,1,1
1460,0912,0,1
1460,0913,0,1
1460,0914,0,1
1461,0901,0,1
1461,0902,0,1
1461,0903,0,1
1461,0904,0,1
1461,0905,0,1
1461,0906,0,1
1461,0907,0,1
1461,0908,0,1
1461,0909,0,1
1461,0910,0,1
1461,0911,0,1
1461,0912,0,1
1461,0913,0,1
1461,0914,0,1
1462,0901,0,1
1462,0902,0,1
1462,0903,0,1
1462,0904,0,1
1462,0905,0,1
1462,0906,0,1
1462,0907,0,1
1462,0908,0,1
1462,0909,0,1
1462,0910,0,1
1462,0911,0,1
1462,0912,0,1
1462,0913,0,1
1462,0914,0,1
1463,0901,0,1
1463,0902,0,1
1463,0903,0,1
1463,0904,0,1
1463,0905,0,1
1463,0906,0,1
1463,0907,0,1
1463,0908,0,1
1463,0909,0,1
1463,0910,0,1
1463,0911,0,1
1463,0912,0,1
1463,0913,1,1
1463,0914,0,1
1464,0901,0,1
1464,0902,0,1
1464,0903,0,1
1464,0904,0,1
1464,0905,0,1
1464,0906,0,1
1464,0907,0,1
1464,0908,1,1
1464,0909,0,1
1464,0910,0,1
1464,0911,0,1
1464,0912,0,1
1464,0913,0,1
1464,0914,0,1
1465,0901,0,1
1465,0902,0,1
1465,0903,0,1
1465,0904,0,1
1465,0905,0,1
1465,0906,0,1
1465,0907,0,1
1465,0908,0,1
1465,0909,0,1
1465,0910,0,1
1465,0911,0,1
1465,0912,0,1
1465,0913,0,1
1465,0914,0,1
1466,0901,0,1
1466,0902,0,1
1466,0903,0,1
1466,0904,0,1
1466,0905,0,1
1466,0906,0,1
1466,0907,0,1
1466,0908,0,1
1466,0909,0,1
1466,0910,0,1
1466,0911,0,1
1466,0912,0,1
1466,0913,0,1
1466,0914,1,1
1467,0901,0,1
1467,0902,0,1
1467,0903,0,1
1467,0904,0,1
1467,0905,0,1
1467,0906,0,1
1467,0907,0,1
1467,0908,0,1
1467,0909,0,1
1467,0910,0,1
1467,0911,0,1
1467,0912,0,1
1467,0913,0,1
1467,0914,0,1
1468,0901,0,1
1468,0902,0,1
1468,0903,0,1
1468,0904,0,1
1468,0905,0,1
1468,0906,0,1
1468,0907,0,1
1468,0908,0,1
1468,0909,0,1
1468,0910,0,1
1468,0911,0,1
1468,0912,0,1
1468,0913,0,1
1468,0914,0,1
1469,0901,0,1
1469,0902,0,1
1469,0903,0,1
1469,0904,0,1
1469,0905,0,1
1469,0906,0,1
1469,0907,0,1
1469,0908,0,1
1469,0909,0,1
1469,0910,0,1
1469,0911,0,1
1469,0912,0,1
1469,0913,0,1
1469,0914,0,1
1470,0901,0,1
1470,0902,0,1
1470,0903,0,1
1470,0904,0,1
1470,0905,0,1
1470,0906,0,1
1470,0907,0,1
1470,0908,0,1
1470,0909,0,1
1470,0910,0,1
1470,0911,0,1
1470,0912,0,1
1470,0913,0,1
1470,0914,0,1
1471,0901,0,1
1471,0902,0,1
1471,0903,0,1
1471,0904,0,1
1471,0905,0,1
1471,0906,0,1
1471,0907,0,1
1471,0908,0,1
1471,0909,0,1
1471,0910,0,1
1471,0911,0,1
1471,0912,0,1
1471,0913,0,1
1471,0914,0,1
1472,0901,0,1
1472,0902,0,1
1472,0903,0,1
1472,0904,0,1
1472,0905,0,1
1472,0906,0,1
1472,0907,0,1
1472,0908,0,1
1472,0909,0,1
1472,0910,0,1
1472,0911,0,1
1472,0912,0,1
1472,0913,0,1
1472,0914,0,1
1473,0901,0,1
1473,0902,0,1
1473,0903,0,1
1473,0904,0,1
1473,0905,0,1
1473,0906,0,1
1473,0907,0,1
1473,0908,0,1
1473,0909,0,1
1473,0910,0,1
1473,0911,0,1
1473,0912,0,1
1473,0913,1,1
1473,0914,0,1
1474,0901,0,1
1474,0902,0,1
1474,0903,0,1
1474,0904,0,1
1474,0905,0,1
1474,0906,0,1
1474,0907,0,1
1474,0908,0,1
1474,0909,0,1
1474,0910,0,1
1474,0911,0,1
1474,0912,0,1
1474,0913,0,1
1474,0914,0,1
1475,0901,0,1
1475,0902,0,1
1475,0903,0,1
1475,0904,0,1
1475,0905,0,1
1475,0906,0,1
1475,0907,0,1
1475,0908,0,1
1475,0909,0,1
1475,0910,0,1
1475,0911,0,1
1475,0912,0,1
1475,0913,0,1
1475,0914,0,1
1476,0901,0,1
1476,0902,0,1
1476,0903,0,1
1476,0904,0,1
1476,0905,0,1
1476,0906,0,1
1476,0907,0,1
1476,0908,0,1
1476,0909,0,1
1476,0910,0,1
1476,0911,0,1
1476,0912,0,1
1476,0913,0,1
1476,0914,0,1
1477,0901,0,1
1477,0902,0,1
1477,0903,0,1
1477,0904,0,1
1477,0905,0,1
1477,0906,0,1
1477,0907,0,1
1477,0908,0,1
1477,0909,0,1
1477,0910,0,1
1477,0911,0,1
1477,0912,0,1
1477,0913,0,1
1477,0914,0,1
1478,0901,0,1
1478,0902,0,1
1478,0903,0,1
1478,0904,0,1
1478,0905,0,1
1478,0906,0,1
1478,0907,0,1
1478,0908,0,1
1478,0909,0,1
1478,0910,0,1
1478,0911,0,1
1478,0912,0,1
1478,0913,0,1
1478,0914,1,1
1479,0901,0,1
1479,0902,0,1
1479,0903,0,1
1479,0904,0,1
1479,0905,0,1
1479,0906,0,1
1479,0907,0,1
1479,0908,0,1
1479,0909,0,1
1479,0910,0,1
1479,0911,0,1
1479,0912,0,1
1479,0913,0,1
1479,0914,0,1
1480,0901,0,1
1480,0902,0,1
1480,0903,0,1
1480,0904,0,1
1480,0905,0,1
1480,0906,0,1
1480,0907,0,1
1480,0908,0,1
1480,0909,0,1
1480,0910,0,1
1480,0911,0,1
1480,0912,0,1
1480,0913,0,1
1480,0914,0,1
1481,0901,0,1
1481,0902,0,1
1481,0903,0,1
1481,0904,0,1
1481,0905,0,1
1481,0906,0,1
1481,0907,0,1
1481,0908,0,1
1481,0909,0,1
1481,0910,0,1
1481,0911,0,1
1481,0912,0,1
1481,0913,0,1
1481,0914,0,1
1482,0901,0,1
1482,0902,0,1
1482,0903,0,1
1482,0904,0,1
1482,0905,0,1
1482,0906,0,1
1482,0907,0,1
1482,0908,0,1
1482,0909,1,1
1482,0910,0,1
1482,0911,0,1
1482,0912,0,1
1482,0913,0,1
1482,0914,0,1
1483,0901,0,1
1483,0902,0,1
1483,0903,0,1
1483,0904,0,1
1483,0905,0,1
1483,0906,0,1
1483,0907,0,1
1483,0908,0,1
1483,0909,0,1
1483,0910,0,1
1483,0911,0,1
1483,0912,0,1
1483,0913,0,1
1483,0914,0,1
1484,0901,0,1
1484,0902,0,1
1484,0903,0,1
1484,0904,0,1
1484,0905,0,1
1484,0906,0,1
1484,0907,0,1
1484,0908,0,1
1484,0909,0,1
1484,0910,0,1
1484,0911,0,1
1484,0912,0,1
1484,0913,0,1
1484,0914,0,1
1485,0901,0,1
1485,0902,0,1
1485,0903,0,1
1485,0904,0,1
1485,0905,0,1
1485,0906,0,1
1485,0907,0,1
1485,0908,0,1
1485,0909,0,1
1485,0910,0,1
1485,0911,0,1
1485,0912,1,1
1485,0913,0,1
1485,0914,0,1
1486,0901,0,1
1486,0902,0,1
1486,0903,0,1
1486,0904,0,1
1486,0905,0,1
1486,0906,0,1
1486,0907,0,1
1486,0908,0,1
1486,0909,0,1
1486,0910,0,1
1486,0911,0,1
1486,0912,0,1
1486,0913,0,1
1486,0914,1,1
1487,0901,0,1
1487,0902,0,1
1487,0903,0,1
1487,0904,0,1
1487,0905,0,1
1487,0906,0,1
1487,0907,0,1
1487,0908,0,1
1487,0909,0,1
1487,0910,0,1
1487,0911,0,1
1487,0912,0,1
1487,0913,0,1
1487,0914,0,1
1488,0901,0,1
1488,0902,0,1
1488,0903,0,1
1488,0904,0,1
1488,0905,0,1
1488,0906,0,1
1488,0907,0,1
1488,0908,0,1
1488,0909,0,1
1488,0910,0,1
1488,0911,0,1
1488,0912,0,1
1488,0913,0,1
1488,0914,0,1
1489,0901,0,1
1489,0902,0,1
1489,0903,0,1
1489,0904,0,1
1489,0905,0,1
1489,0906,0,1
1489,0907,0,1
1489,0908,0,1
1489,0909,0,1
1489,0910,0,1
1489,0911,0,1
1489,0912,0,1
1489,0913,0,1
1489,0914,0,1
1490,0901,0,1
1490,0902,0,1
1490,0903,0,1
1490,0904,0,1
1490,0905,0,1
1490,0906,0,1
1490,0907,0,1
1490,0908,0,1
1490,0909,0,1
1490,0910,0,1
1490,0911,0,1
1490,0912,0,1
1490,0913,0,1
1490,0914,0,1
1491,0901,0,1
1491,0902,0,1
1491,0903,0,1
1491,0904,0,1
1491,0905,0,1
1491,0906,0,1
1491,0907,0,1
1491,0908,0,1
1491,0909,0,1
1491,0910,0,1
1491,0911,0,1
1491,0912,0,1
1491,0913,0,1
1491,0914,0,1
1492,0901,0,1
1492,0902,0,1
1492,0903,0,1
1492,0904,0,1
1492,0905,0,1
1492,0906,0,1
1492,0907,0,1
1492,0908,0,1
1492,0909,0,1
1492,0910,0,1
1492,0911,0,1
1492,0912,0,1
1492,0913,0,1
1492,0914,0,1
1493,0901,0,1
1493,0902,0,1
1493,0903,0,1
1493,0904,0,1
1493,0905,0,1
1493,0906,0,1
1493,0907,0,1
1493,0908,0,1
1493,0909,0,1
1493,0910,0,1
1493,0911,0,1
1493,0912,0,1
1493,0913,0,1
1493,0914,0,1
1494,0901,0,1
1494,0902,0,1
1494,0903,0,1
1494,0904,0,1
1494,0905,0,1
1494,0906,0,1
1494,0907,0,1
1494,0908,0,1
1494,0909,0,1
1494,0910,0,1
1494,0911,0,1
1494,0912,0,1
1494,0913,0,1
1494,0914,0,1
1495,0901,0,1
1495,0902,0,1
1495,0903,0,1
1495,0904,0,1
1495,0905,0,1
1495,0906,0,1
1495,0907,0,1
1495,0908,1,1
1495,0909,0,1
1495,0910,0,1
1495,0911,0,1
1495,0912,0,1
1495,0913,0,1
1495,0914,0,1
1496,0901,0,1
1496,0902,0,1
1496,0903,0,1
1496,0904,0,1
1496,0905,0,1
1496,0906,0,1
1496,0907,0,1
1496,0908,0,1
1496,0909,0,1
1496,0910,0,1
1496,0911,0,1
1496,0912,0,1
1496,0913,0,1
1496,0914,0,1
1497,0901,0,1
1497,0902,0,1
1497,0903,0,1
1497,0904,0,1
1497,0905,0,1
1497,0906,0,1
1497,0907,0,1
1497,0908,0,1
1497,0909,0,1
1497,0910,0,1
1497,0911,0,1
1497,0912,0,1
1497,0913,0,1
1497,0914,0,1
1498,0901,0,1
1498,0902,0,1
1498,0903,0,1
1498,0904,0,1
1498,0905,0,1
1498,0906,0,1
1498,0907,0,1
1498,0908,0,1
1498,0909,0,1
1498,0910,0,1
1498,0911,0,1
1498,0912,0,1
1498,0913,0,1
1498,0914,0,1
1499,0901,0,1
1499,0902,0,1
1499,0903,0,1
1499,0904,0,1
1499,0905,0,1
1499,0906,0,1
1499,0907,0,1
1499,0908,0,1
1499,0909,0,1
1499,0910,1,1
1499,0911,0,1
1499,0912,0,1
1499,0913,0,1
1499,0914,0,1
1500,0901,0,1
1500,0902,0,1
1500,0903,0,1
1500,0904,0,1
1500,0905,0,1
1500,0906,0,1
1500,0907,0,1
1500,0908,0,1
1500,0909,0,1
1500,0910,0,1
1500,0911,1,1
1500,0912,0,1
1500,0913,0,1
1500,0914,0,1
1501,0901,0,1
1501,0902,0,1
1501,0903,0,1
1501,0904,0,1
1501,0905,0,1
1501,0906,0,1
1501,0907,0,1
1501,0908,0,1
1501,0909,0,1
1501,0910,0,1
1501,0911,0,1
1501,0912,0,1
1501,0913,0,1
1501,0914,0,1
1502,0901,0,1
1502,0902,0,1
1502,0903,0,1
1502,0904,0,1
1502,0905,0,1
1502,0906,0,1
1502,0907,0,1
1502,0908,0,1
1502,0909,0,1
1502,0910,0,1
1502,0911,0,1
1502,0912,0,1
1502,0913,0,1
1502,0914,0,1
1503,0901,0,1
1503,0902,0,1
1503,0903,0,1
1503,0904,0,1
1503,0905,0,1
1503,0906,0,1
1503,0907,0,1
1503,0908,0,1
1503,0909,0,1
1503,0910,0,1
1503,0911,0,1
1503,0912,0,1
1503,0913,0,1
1503,0914,0,1
1504,0901,0,1
1504,0902,0,1
1504,0903,0,1
1504,0904,0,1
1504,0905,0,1
1504,0906,0,1
1504,0907,0,1
1504,0908,0,1
1504,0909,0,1
1504,0910,0,1
1504,0911,0,1
1504,0912,0,1
1504,0913,0,1
1504,0914,0,1
1505,0901,0,1
1505,0902,0,1
1505,0903,0,1
1505,0904,0,1
1505,0905,0,1
1505,0906,0,1
1505,0907,0,1
1505,0908,0,1
1505,0909,0,1
1505,0910,0,1
1505,0911,0,1
1505,0912,0,1
1505,0913,0,1
1505,0914,0,1
1506,0901,0,1
1506,0902,0,1
1506,0903,0,1
1506,0904,0,1
1506,0905,0,1
1506,0906,0,1
1506,0907,0,1
1506,0908,0,1
1506,0909,0,1
1506,0910,0,1
1506,0911,0,1
1506,0912,0,1
1506,0913,0,1
1506,0914,0,1
1507,0901,0,1
1507,0902,0,1
1507,0903,0,1
1507,0904,0,1
1507,0905,0,1
1507,0906,0,1
1507,0907,0,1
1507,0908,0,1
1507,0909,0,1
1507,0910,0,1
1507,0911,0,1
1507,0912,0,1
1507,0913,0,1
1507,0914,0,1
1508,0901,0,1
1508,0902,0,1
1508,0903,0,1
1508,0904,0,1
1508,0905,0,1
1508,0906,0,1
1508,0907,0,1
1508,0908,0,1
1508,0909,0,1
1508,0910,0,1
1508,0911,0,1
1508,0912,0,1
1508,0913,0,1
1508,0914,0,1
1509,0901,0,1
1509,0902,0,1
1509,0903,0,1
1509,0904,0,1
1509,0905,0,1
1509,0906,0,1
1509,0907,0,1
1509,0908,0,1
1509,0909,0,1
1509,0910,0,1
1509,0911,0,1
1509,0912,0,1
1509,0913,0,1
1509,0914,0,1
1510,0901,0,1
1510,0902,0,1
1510,0903,0,1
1510,0904,0,1
1510,0905,0,1
1510,0906,0,1
1510,0907,0,1
1510,0908,0,1
1510,0909,0,1
1510,0910,1,1
1510,0911,0,1
1510,0912,0,1
1510,0913,0,1
1510,0914,0,1
1511,0901,0,1
1511,0902,0,1
1511,0903,0,1
1511,0904,0,1
1511,0905,0,1
1511,0906,0,1
1511,0907,0,1
1511,0908,0,1
1511,0909,0,1
1511,0910,0,1
1511,0911,0,1
1511,0912,0,1
1511,0913,0,1
1511,0914,0,1
1512,0901,0,1
1512,0902,0,1
1512,0903,0,1
1512,0904,0,1
1512,0905,0,1
1512,0906,0,1
1512,0907,0,1
1512,0908,0,1
1512,0909,0,1
1512,0910,0,1
1512,0911,0,1
1512,0912,0,1
1512,0913,0,1
1512,0914,0,1
1513,0901,0,1
1513,0902,0,1
1513,0903,0,1
1513,0904,0,1
1513,0905,0,1
1513,0906,0,1
1513,0907,0,1
1513,0908,0,1
1513,0909,0,1
1513,0910,0,1
1513,0911,0,1
1513,0912,0,1
1513,0913,0,1
1513,0914,0,1
1514,0901,0,1
1514,0902,0,1
1514,0903,0,1
1514,0904,0,1
1514,0905,0,1
1514,0906,0,1
1514,0907,0,1
1514,0908,0,1
1514,0909,0,1
1514,0910,0,1
1514,0911,0,1
1514,0912,0,1
1514,0913,0,1
1514,0914,0,1
1515,0901,0,1
1515,0902,0,1
1515,0903,0,1
1515,0904,0,1
1515,0905,0,1
1515,0906,0,1
1515,0907,0,1
1515,0908,0,1
1515,0909,0,1
1515,0910,0,1
1515,0911,0,1
1515,0912,0,1
1515,0913,0,1
1515,0914,0,1
1516,0901,0,1
1516,0902,0,1
1516,0903,0,1
1516,0904,0,1
1516,0905,0,1
1516,0906,0,1
1516,0907,0,1
1516,0908,0,1
1516,0909,0,1
1516,0910,0,1
1516,0911,0,1
1516,0912,1,1
1516,0913,0,1
1516,0914,0,1
1517,0901,0,1
1517,0902,0,1
1517,0903,0,1
1517,0904,0,1
1517,0905,0,1
1517,0906,0,1
1517,0907,0,1
1517,0908,0,1
1517,0909,0,1
1517,0910,0,1
1517,0911,0,1
1517,0912,0,1
1517,0913,0,1
1517,0914,0,1
1518,0901,0,1
1518,0902,0,1
1518,0903,0,1
1518,0904,0,1
1518,0905,0,1
1518,0906,0,1
1518,0907,0,1
1518,0908,0,1
1518,0909,0,1
1518,0910,0,1
1518,0911,0,1
1518,0912,0,1
1518,0913,0,1
1518,0914,0,1
1519,0901,0,1
1519,0902,0,1
1519,0903,0,1
1519,0904,0,1
1519,0905,0,1
1519,0906,0,1
1519,0907,0,1
1519,0908,0,1
1519,0909,0,1
1519,0910,0,1
1519,0911,0,1
1519,0912,0,1
1519,0913,0,1
1519,0914,0,1
1520,0901,0,1
1520,0902,0,1
1520,0903,0,1
1520,0904,0,1
1520,0905,0,1
1520,0906,0,1
1520,0907,0,1
1520,0908,0,1
1520,0909,0,1
1520,0910,0,1
1520,0911,0,1
1520,0912,0,1
1520,0913,0,1
1520,0914,0,1
1521,0901,0,1
1521,0902,0,1
1521,0903,0,1
1521,0904,0,1
1521,0905,0,1
1521,0906,0,1
1521,0907,0,1
1521,0908,0,1
1521,0909,0,1
1521,0910,0,1
1521,0911,0,1
1521,0912,0,1
1521,0913,0,1
1521,0914,0,1
1522,0901,0,1
1522,0902,0,1
1522,0903,0,1
1522,0904,0,1
1522,0905,0,1
1522,0906,0,1
1522,0907,0,1
1522,0908,0,1
1522,0909,0,1
1522,0910,0,1
1522,0911,0,1
1522,0912,0,1
1522,0913,0,1
1522,0914,0,1
1523,0901,0,1
1523,0902,0,1
1523,0903,0,1
1523,0904,0,1
1523,0905,0,1
1523,0906,0,1
1523,0907,0,1
1523,0908,0,1
1523,0909,0,1
1523,0910,0,1
1523,0911,0,1
1523,0912,0,1
1523,0913,0,1
1523,0914,0,1
1524,0901,0,1
1524,0902,0,1
1524,0903,0,1
1524,0904,0,1
1524,0905,0,1
1524,0906,0,1
1524,0907,0,1
1524,0908,0,1
1524,0909,0,1
1524,0910,0,1
1524,0911,0,1
1524,0912,0,1
1524,0913,0,1
1524,0914,0,1
1525,0901,0,1
1525,0902,0,1
1525,0903,0,1
1525,0904,0,1
1525,0905,0,1
1525,0906,0,1
1525,0907,0,1
1525,0908,0,1
1525,0909,0,1
1525,0910,0,1
1525,0911,0,1
1525,0912,0,1
1525,0913,0,1
1525,0914,0,1
1526,0901,0,1
1526,0902,0,1
1526,0903,0,1
1526,0904,0,1
1526,0905,0,1
1526,0906,0,1
1526,0907,0,1
1526,0908,0,1
1526,0909,0,1
1526,0910,0,1
1526,0911,0,1
1526,0912,0,1
1526,0913,0,1
1526,0914,0,1
1527,0901,0,1
1527,0902,0,1
1527,0903,0,1
1527,0904,0,1
1527,0905,0,1
1527,0906,0,1
1527,0907,0,1
1527,0908,0,1
1527,0909,0,1
1527,0910,0,1
1527,0911,0,1
1527,0912,0,1
1527,0913,0,1
1527,0914,0,1
1528,0901,0,1
1528,0902,0,1
1528,0903,0,1
1528,0904,0,1
1528,0905,0,1
1528,0906,0,1
1528,0907,0,1
1528,0908,0,1
1528,0909,1,1
1528,0910,0,1
1528,0911,0,1
1528,0912,0,1
1528,0913,0,1
1528,0914,0,1
1529,0901,0,1
1529,0902,0,1
1529,0903,0,1
1529,0904,0,1
1529,0905,0,1
1529,0906,0,1
1529,0907,0,1
1529,0908,0,1
1529,0909,0,1
1529,0910,0,1
1529,0911,0,1
1529,0912,0,1
1529,0913,0,1
1529,0914,0,1
1530,0901,0,1
1530,0902,0,1
1530,0903,0,1
1530,0904,0,1
1530,0905,0,1
1530,0906,0,1
1530,0907,0,1
1530,0908,0,1
1530,0909,0,1
1530,0910,0,1
1530,0911,0,1
1530,0912,1,1
1530,0913,1,1
1530,0914,0,1
1531,0901,0,1
1531,0902,0,1
1531,0903,0,1
1531,0904,0,1
1531,0905,0,1
1531,0906,0,1
1531,0907,0,1
1531,0908,0,1
1531,0909,0,1
1531,0910,0,1
1531,0911,0,1
1531,0912,0,1
1531,0913,0,1
1531,0914,0,1
1532,0901,0,1
1532,0902,0,1
1532,0903,0,1
1532,0904,0,1
1532,0905,0,1
1532,0906,0,1
1532,0907,0,1
1532,0908,0,1
1532,0909,0,1
1532,0910,0,1
1532,0911,0,1
1532,0912,0,1
1532,0913,0,1
1532,0914,0,1
1533,0901,0,1
1533,0902,0,1
1533,0903,0,1
1533,0904,0,1
1533,0905,0,1
1533,0906,0,1
1533,0907,0,1
1533,0908,0,1
1533,0909,0,1
1533,0910,0,1
1533,0911,0,1
1533,0912,0,1
1533,0913,0,1
1533,0914,0,1
1534,0901,0,1
1534,0902,0,1
1534,0903,0,1
1534,0904,0,1
1534,0905,0,1
1534,0906,0,1
1534,0907,0,1
1534,0908,0,1
1534,0909,0,1
1534,0910,0,1
1534,0911,0,1
1534,0912,0,1
1534,0913,0,1
1534,0914,0,1
1535,0901,0,1
1535,0902,0,1
1535,0903,0,1
1535,0904,0,1
1535,0905,0,1
1535,0906,0,1
1535,0907,0,1
1535,0908,0,1
1535,0909,0,1
1535,0910,0,1
1535,0911,0,1
1535,0912,0,1
1535,0913,0,1
1535,0914,0,1
1536,0901,0,1
1536,0902,0,1
1536,0903,0,1
1536,0904,0,1
1536,0905,0,1
1536,0906,0,1
1536,0907,0,1
1536,0908,0,1
1536,0909,0,1
1536,0910,0,1
1536,0911,0,1
1536,0912,1,1
1536,0913,0,1
1536,0914,0,1
1537,0901,0,1
1537,0902,0,1
1537,0903,0,1
1537,0904,0,1
1537,0905,0,1
1537,0906,0,1
1537,0907,0,1
1537,0908,1,1
1537,0909,0,1
1537,0910,0,1
1537,0911,0,1
1537,0912,0,1
1537,0913,0,1
1537,0914,0,1
1538,0901,0,1
1538,0902,0,1
1538,0903,0,1
1538,0904,0,1
1538,0905,0,1
1538,0906,0,1
1538,0907,0,1
1538,0908,0,1
1538,0909,0,1
1538,0910,0,1
1538,0911,0,1
1538,0912,0,1
1538,0913,0,1
1538,0914,0,1
1539,0901,0,1
1539,0902,0,1
1539,0903,0,1
1539,0904,0,1
1539,0905,0,1
1539,0906,0,1
1539,0907,0,1
1539,0908,0,1
1539,0909,0,1
1539,0910,0,1
1539,0911,0,1
1539,0912,0,1
1539,0913,0,1
1539,0914,0,1
1540,0901,0,1
1540,0902,0,1
1540,0903,0,1
1540,0904,0,1
1540,0905,0,1
1540,0906,0,1
1540,0907,0,1
1540,0908,0,1
1540,0909,0,1
1540,0910,0,1
1540,0911,0,1
1540,0912,0,1
1540,0913,0,1
1540,0914,0,1
1541,0901,0,1
1541,0902,0,1
1541,0903,0,1
1541,0904,0,1
1541,0905,0,1
1541,0906,0,1
1541,0907,0,1
1541,0908,0,1
1541,0909,0,1
1541,0910,0,1
1541,0911,0,1
1541,0912,0,1
1541,0913,0,1
1541,0914,0,1
1542,0901,0,1
1542,0902,0,1
1542,0903,0,1
1542,0904,0,1
1542,0905,0,1
1542,0906,0,1
1542,0907,0,1
1542,0908,0,1
1542,0909,0,1
1542,0910,0,1
1542,0911,0,1
1542,0912,0,1
1542,0913,0,1
1542,0914,0,1
1543,0901,0,1
1543,0902,0,1
1543,0903,0,1
1543,0904,0,1
1543,0905,0,1
1543,0906,0,1
1543,0907,0,1
1543,0908,0,1
1543,0909,0,1
1543,0910,0,1
1543,0911,0,1
1543,0912,0,1
1543,0913,0,1
1543,0914,0,1
1544,0901,0,1
1544,0902,0,1
1544,0903,0,1
1544,0904,0,1
1544,0905,0,1
1544,0906,0,1
1544,0907,0,1
1544,0908,0,1
1544,0909,0,1
1544,0910,0,1
1544,0911,0,1
1544,0912,0,1
1544,0913,0,1
1544,0914,0,1
1545,0901,0,1
1545,0902,0,1
1545,0903,0,1
1545,0904,0,1
1545,0905,0,1
1545,0906,0,1
1545,0907,0,1
1545,0908,0,1
1545,0909,0,1
1545,0910,0,1
1545,0911,0,1
1545,0912,0,1
1545,0913,0,1
1545,0914,0,1
1546,0901,0,1
1546,0902,0,1
1546,0903,0,1
1546,0904,0,1
1546,0905,0,1
1546,0906,0,1
1546,0907,0,1
1546,0908,0,1
1546,0909,0,1
1546,0910,0,1
1546,0911,0,1
1546,0912,0,1
1546,0913,0,1
1546,0914,0,1
1547,0901,0,1
1547,0902,0,1
1547,0903,0,1
1547,0904,0,1
1547,0905,0,1
1547,0906,0,1
1547,0907,0,1
1547,0908,0,1
1547,0909,0,1
1547,0910,0,1
1547,0911,0,1
1547,0912,0,1
1547,0913,0,1
1547,0914,0,1
1548,0901,0,1
1548,0902,0,1
1548,0903,0,1
1548,0904,0,1
1548,0905,0,1
1548,0906,0,1
1548,0907,0,1
1548,0908,0,1
1548,0909,0,1
1548,0910,0,1
1548,0911,0,1
1548,0912,0,1
1548,0913,0,1
1548,0914,0,1
1549,0901,0,1
1549,0902,0,1
1549,0903,0,1
1549,0904,0,1
1549,0905,0,1
1549,0906,0,1
1549,0907,0,1
1549,0908,0,1
1549,0909,0,1
1549,0910,0,1
1549,0911,0,1
1549,0912,0,1
1549,0913,0,1
1549,0914,0,1
1550,0901,0,1
1550,0902,0,1
1550,0903,0,1
1550,0904,0,1
1550,0905,0,1
1550,0906,0,1
1550,0907,0,1
1550,0908,0,1
1550,0909,0,1
1550,0910,0,1
1550,0911,0,1
1550,0912,0,1
1550,0913,0,1
1550,0914,0,1
1551,0901,0,1
1551,0902,0,1
1551,0903,0,1
1551,0904,0,1
1551,0905,0,1
1551,0906,0,1
1551,0907,0,1
1551,0908,0,1
1551,0909,0,1
1551,0910,0,1
1551,0911,0,1
1551,0912,0,1
1551,0913,0,1
1551,0914,0,1
1552,0901,0,1
1552,0902,0,1
1552,0903,0,1
1552,0904,0,1
1552,0905,0,1
1552,0906,0,1
1552,0907,0,1
1552,0908,0,1
1552,0909,0,1
1552,0910,0,1
1552,0911,0,1
1552,0912,0,1
1552,0913,0,1
1552,0914,0,1
1553,0901,0,1
1553,0902,0,1
1553,0903,0,1
1553,0904,0,1
1553,0905,0,1
1553,0906,0,1
1553,0907,0,1
1553,0908,0,1
1553,0909,0,1
1553,0910,0,1
1553,0911,0,1
1553,0912,0,1
1553,0913,0,1
1553,0914,0,1
1554,0901,0,1
1554,0902,0,1
1554,0903,0,1
1554,0904,0,1
1554,0905,0,1
1554,0906,0,1
1554,0907,0,1
1554,0908,0,1
1554,0909,1,1
1554,0910,0,1
1554,0911,0,1
1554,0912,0,1
1554,0913,0,1
1554,0914,0,1
1555,0901,0,1
1555,0902,0,1
1555,0903,0,1
1555,0904,0,1
1555,0905,0,1
1555,0906,0,1
1555,0907,0,1
1555,0908,0,1
1555,0909,0,1
1555,0910,0,1
1555,0911,0,1
1555,0912,1,1
1555,0913,0,1
1555,0914,1,1
1556,0901,0,1
1556,0902,0,1
1556,0903,0,1
1556,0904,0,1
1556,0905,0,1
1556,0906,0,1
1556,0907,0,1
1556,0908,0,1
1556,0909,0,1
1556,0910,0,1
1556,0911,0,1
1556,0912,0,1
1556,0913,0,1
1556,0914,0,1
1557,0901,0,1
1557,0902,0,1
1557,0903,0,1
1557,0904,0,1
1557,0905,0,1
1557,0906,0,1
1557,0907,0,1
1557,0908,0,1
1557,0909,0,1
1557,0910,0,1
1557,0911,0,1
1557,0912,0,1
1557,0913,0,1
1557,0914,0,1
1558,0901,0,1
1558,0902,0,1
1558,0903,0,1
1558,0904,0,1
1558,0905,0,1
1558,0906,0,1
1558,0907,0,1
1558,0908,0,1
1558,0909,0,1
1558,0910,0,1
1558,0911,0,1
1558,0912,0,1
1558,0913,0,1
1558,0914,0,1
1559,0901,0,1
1559,0902,0,1
1559,0903,0,1
1559,0904,0,1
1559,0905,0,1
1559,0906,0,1
1559,0907,0,1
1559,0908,0,1
1559,0909,0,1
1559,0910,0,1
1559,0911,0,1
1559,0912,0,1
1559,0913,0,1
1559,0914,0,1
1560,0901,0,1
1560,0902,0,1
1560,0903,0,1
1560,0904,0,1
1560,0905,0,1
1560,0906,0,1
1560,0907,0,1
1560,0908,0,1
1560,0909,0,1
1560,0910,0,1
1560,0911,0,1
1560,0912,0,1
1560,0913,0,1
1560,0914,0,1
1561,0901,0,1
1561,0902,0,1
1561,0903,0,1
1561,0904,0,1
1561,0905,0,1
1561,0906,0,1
1561,0907,0,1
1561,0908,0,1
1561,0909,0,1
1561,0910,0,1
1561,0911,0,1
1561,0912,0,1
1561,0913,0,1
1561,0914,0,1
1562,0901,0,1
1562,0902,0,1
1562,0903,0,1
1562,0904,0,1
1562,0905,0,1
1562,0906,0,1
1562,0907,0,1
1562,0908,0,1
1562,0909,0,1
1562,0910,0,1
1562,0911,0,1
1562,0912,0,1
1562,0913,0,1
1562,0914,0,1
1563,0901,0,1
1563,0902,0,1
1563,0903,0,1
1563,0904,0,1
1563,0905,0,1
1563,0906,0,1
1563,0907,0,1
1563,0908,0,1
1563,0909,0,1
1563,0910,0,1
1563,0911,0,1
1563,0912,0,1
1563,0913,0,1
1563,0914,0,1
1564,0901,0,1
1564,0902,0,1
1564,0903,0,1
1564,0904,0,1
1564,0905,0,1
1564,0906,0,1
1564,0907,0,1
1564,0908,0,1
1564,0909,0,1
1564,0910,0,1
1564,0911,0,1
1564,0912,0,1
1564,0913,0,1
1564,0914,0,1
1565,0901,0,1
1565,0902,0,1
1565,0903,0,1
1565,0904,0,1
1565,0905,0,1
1565,0906,0,1
1565,0907,0,1
1565,0908,0,1
1565,0909,0,1
1565,0910,0,1
1565,0911,0,1
1565,0912,0,1
1565,0913,0,1
1565,0914,0,1
1566,0901,0,1
1566,0902,0,1
1566,0903,0,1
1566,0904,0,1
1566,0905,0,1
1566,0906,0,1
1566,0907,0,1
1566,0908,0,1
1566,0909,0,1
1566,0910,0,1
1566,0911,0,1
1566,0912,0,1
1566,0913,0,1
1566,0914,0,1
1567,0901,0,1
1567,0902,0,1
1567,0903,0,1
1567,0904,0,1
1567,0905,0,1
1567,0906,0,1
1567,0907,0,1
1567,0908,0,1
1567,0909,0,1
1567,0910,0,1
1567,0911,0,1
1567,0912,0,1
1567,0913,0,1
1567,0914,0,1
1568,0901,0,1
1568,0902,0,1
1568,0903,0,1
1568,0904,0,1
1568,0905,0,1
1568,0906,0,1
1568,0907,0,1
1568,0908,0,1
1568,0909,0,1
1568,0910,0,1
1568,0911,0,1
1568,0912,0,1
1568,0913,0,1
1568,0914,0,1
1569,0901,0,1
1569,0902,0,1
1569,0903,0,1
1569,0904,0,1
1569,0905,0,1
1569,0906,0,1
1569,0907,0,1
1569,0908,0,1
1569,0909,0,1
1569,0910,0,1
1569,0911,0,1
1569,0912,0,1
1569,0913,0,1
1569,0914,0,1
1570,0901,0,1
1570,0902,0,1
1570,0903,0,1
1570,0904,0,1
1570,0905,0,1
1570,0906,0,1
1570,0907,0,1
1570,0908,0,1
1570,0909,0,1
1570,0910,0,1
1570,0911,0,1
1570,0912,0,1
1570,0913,0,1
1570,0914,0,1
1571,0901,0,1
1571,0902,0,1
1571,0903,0,1
1571,0904,0,1
1571,0905,0,1
1571,0906,0,1
1571,0907,0,1
1571,0908,0,1
1571,0909,0,1
1571,0910,0,1
1571,0911,0,1
1571,0912,0,1
1571,0913,0,1
1571,0914,0,1
1572,0901,0,1
1572,0902,0,1
1572,0903,0,1
1572,0904,0,1
1572,0905,0,1
1572,0906,0,1
1572,0907,0,1
1572,0908,0,1
1572,0909,0,1
1572,0910,0,1
1572,0911,0,1
1572,0912,0,1
1572,0913,0,1
1572,0914,0,1
1573,0901,0,1
1573,0902,0,1
1573,0903,0,1
1573,0904,0,1
1573,0905,0,1
1573,0906,0,1
1573,0907,0,1
1573,0908,0,1
1573,0909,0,1
1573,0910,0,1
1573,0911,0,1
1573,0912,0,1
1573,0913,0,1
1573,0914,0,1
1574,0901,0,1
1574,0902,0,1
1574,0903,0,1
1574,0904,0,1
1574,0905,0,1
1574,0906,0,1
1574,0907,0,1
1574,0908,0,1
1574,0909,0,1
1574,0910,0,1
1574,0911,0,1
1574,0912,0,1
1574,0913,0,1
1574,0914,0,1
1575,0901,0,1
1575,0902,0,1
1575,0903,0,1
1575,0904,0,1
1575,0905,0,1
1575,0906,0,1
1575,0907,0,1
1575,0908,0,1
1575,0909,0,1
1575,0910,0,1
1575,0911,0,1
1575,0912,0,1
1575,0913,0,1
1575,0914,0,1
1576,0901,0,1
1576,0902,0,1
1576,0903,0,1
1576,0904,0,1
1576,0905,0,1
1576,0906,0,1
1576,0907,0,1
1576,0908,0,1
1576,0909,0,1
1576,0910,0,1
1576,0911,0,1
1576,0912,0,1
1576,0913,0,1
1576,0914,0,1
1577,0901,0,1
1577,0902,0,1
1577,0903,0,1
1577,0904,0,1
1577,0905,0,1
1577,0906,0,1
1577,0907,0,1
1577,0908,0,1
1577,0909,0,1
1577,0910,0,1
1577,0911,0,1
1577,0912,0,1
1577,0913,0,1
1577,0914,0,1
1578,0901,0,1
1578,0902,0,1
1578,0903,0,1
1578,0904,0,1
1578,0905,0,1
1578,0906,0,1
1578,0907,0,1
1578,0908,0,1
1578,0909,0,1
1578,0910,0,1
1578,0911,0,1
1578,0912,0,1
1578,0913,0,1
1578,0914,0,1
1579,0901,0,1
1579,0902,0,1
1579,0903,0,1
1579,0904,0,1
1579,0905,0,1
1579,0906,0,1
1579,0907,0,1
1579,0908,0,1
1579,0909,0,1
1579,0910,0,1
1579,0911,0,1
1579,0912,0,1
1579,0913,1,1
1579,0914,0,1
1580,0901,0,1
1580,0902,0,1
1580,0903,0,1
1580,0904,0,1
1580,0905,0,1
1580,0906,0,1
1580,0907,0,1
1580,0908,0,1
1580,0909,0,1
1580,0910,0,1
1580,0911,0,1
1580,0912,0,1
1580,0913,0,1
1580,0914,0,1
1581,0901,0,1
1581,0902,0,1
1581,0903,0,1
1581,0904,0,1
1581,0905,0,1
1581,0906,0,1
1581,0907,0,1
1581,0908,0,1
1581,0909,0,1
1581,0910,0,1
1581,0911,0,1
1581,0912,0,1
1581,0913,0,1
1581,0914,0,1
1582,0901,0,1
1582,0902,0,1
1582,0903,0,1
1582,0904,0,1
1582,0905,0,1
1582,0906,0,1
1582,0907,0,1
1582,0908,0,1
1582,0909,0,1
1582,0910,0,1
1582,0911,0,1
1582,0912,0,1
1582,0913,0,1
1582,0914,0,1
1583,0901,0,1
1583,0902,0,1
1583,0903,0,1
1583,0904,0,1
1583,0905,0,1
1583,0906,0,1
1583,0907,0,1
1583,0908,0,1
1583,0909,0,1
1583,0910,0,1
1583,0911,0,1
1583,0912,0,1
1583,0913,0,1
1583,0914,0,1
1584,0901,0,1
1584,0902,0,1
1584,0903,0,1
1584,0904,0,1
1584,0905,0,1
1584,0906,0,1
1584,0907,0,1
1584,0908,0,1
1584,0909,1,1
1584,0910,0,1
1584,0911,0,1
1584,0912,0,1
1584,0913,0,1
1584,0914,0,1
1585,0901,0,1
1585,0902,0,1
1585,0903,0,1
1585,0904,0,1
1585,0905,0,1
1585,0906,0,1
1585,0907,0,1
1585,0908,0,1
1585,0909,0,1
1585,0910,0,1
1585,0911,0,1
1585,0912,1,1
1585,0913,0,1
1585,0914,0,1
1586,0901,0,1
1586,0902,0,1
1586,0903,0,1
1586,0904,0,1
1586,0905,0,1
1586,0906,0,1
1586,0907,0,1
1586,0908,1,1
1586,0909,0,1
1586,0910,0,1
1586,0911,0,1
1586,0912,0,1
1586,0913,0,1
1586,0914,0,1
1587,0901,0,1
1587,0902,0,1
1587,0903,0,1
1587,0904,0,1
1587,0905,0,1
1587,0906,0,1
1587,0907,0,1
1587,0908,0,1
1587,0909,0,1
1587,0910,0,1
1587,0911,0,1
1587,0912,0,1
1587,0913,0,1
1587,0914,0,1
1588,0901,0,1
1588,0902,0,1
1588,0903,0,1
1588,0904,0,1
1588,0905,0,1
1588,0906,0,1
1588,0907,0,1
1588,0908,0,1
1588,0909,0,1
1588,0910,0,1
1588,0911,0,1
1588,0912,0,1
1588,0913,0,1
1588,0914,0,1
1589,0901,0,1
1589,0902,0,1
1589,0903,0,1
1589,0904,0,1
1589,0905,0,1
1589,0906,0,1
1589,0907,0,1
1589,0908,0,1
1589,0909,0,1
1589,0910,0,1
1589,0911,0,1
1589,0912,0,1
1589,0913,0,1
1589,0914,0,1
1590,0901,0,1
1590,0902,0,1
1590,0903,0,1
1590,0904,0,1
1590,0905,0,1
1590,0906,0,1
1590,0907,0,1
1590,0908,0,1
1590,0909,0,1
1590,0910,0,1
1590,0911,0,1
1590,0912,0,1
1590,0913,0,1
1590,0914,0,1
1591,0901,0,1
1591,0902,0,1
1591,0903,0,1
1591,0904,0,1
1591,0905,0,1
1591,0906,0,1
1591,0907,0,1
1591,0908,0,1
1591,0909,0,1
1591,0910,0,1
1591,0911,0,1
1591,0912,0,1
1591,0913,0,1
1591,0914,0,1
1592,0901,0,1
1592,0902,0,1
1592,0903,0,1
1592,0904,0,1
1592,0905,0,1
1592,0906,0,1
1592,0907,0,1
1592,0908,0,1
1592,0909,0,1
1592,0910,1,1
1592,0911,0,1
1592,0912,0,1
1592,0913,0,1
1592,0914,0,1
1593,0901,0,1
1593,0902,0,1
1593,0903,0,1
1593,0904,0,1
1593,0905,0,1
1593,0906,0,1
1593,0907,0,1
1593,0908,0,1
1593,0909,0,1
1593,0910,0,1
1593,0911,0,1
1593,0912,0,1
1593,0913,0,1
1593,0914,0,1
1594,0901,0,1
1594,0902,0,1
1594,0903,0,1
1594,0904,0,1
1594,0905,0,1
1594,0906,0,1
1594,0907,0,1
1594,0908,0,1
1594,0909,0,1
1594,0910,0,1
1594,0911,0,1
1594,0912,0,1
1594,0913,0,1
1594,0914,0,1
1595,0901,0,1
1595,0902,0,1
1595,0903,0,1
1595,0904,0,1
1595,0905,0,1
1595,0906,0,1
1595,0907,0,1
1595,0908,0,1
1595,0909,0,1
1595,0910,0,1
1595,0911,0,1
1595,0912,0,1
1595,0913,0,1
1595,0914,0,1
1596,0901,0,1
1596,0902,0,1
1596,0903,0,1
1596,0904,0,1
1596,0905,0,1
1596,0906,0,1
1596,0907,0,1
1596,0908,0,1
1596,0909,0,1
1596,0910,0,1
1596,0911,0,1
1596,0912,0,1
1596,0913,0,1
1596,0914,0,1
1597,0901,0,1
1597,0902,0,1
1597,0903,0,1
1597,0904,0,1
1597,0905,0,1
1597,0906,0,1
1597,0907,0,1
1597,0908,0,1
1597,0909,0,1
1597,0910,0,1
1597,0911,0,1
1597,0912,0,1
1597,0913,0,1
1597,0914,0,1
1598,0901,0,1
1598,0902,0,1
1598,0903,0,1
1598,0904,0,1
1598,0905,0,1
1598,0906,0,1
1598,0907,0,1
1598,0908,0,1
1598,0909,0,1
1598,0910,0,1
1598,0911,0,1
1598,0912,0,1
1598,0913,0,1
1598,0914,0,1
1599,0901,0,1
1599,0902,0,1
1599,0903,0,1
1599,0904,0,1
1599,0905,0,1
1599,0906,0,1
1599,0907,0,1
1599,0908,0,1
1599,0909,0,1
1599,0910,0,1
1599,0911,0,1
1599,0912,0,1
1599,0913,0,1
1599,0914,0,1
1600,0901,0,1
1600,0902,0,1
1600,0903,0,1
1600,0904,0,1
1600,0905,0,1
1600,0906,0,1
1600,0907,0,1
1600,0908,0,1
1600,0909,0,1
1600,0910,0,1
1600,0911,0,1
1600,0912,0,1
1600,0913,0,1
1600,0914,0,1
1601,0901,0,1
1601,0902,0,1
1601,0903,0,1
1601,0904,0,1
1601,0905,0,1
1601,0906,0,1
1601,0907,0,1
1601,0908,0,1
1601,0909,0,1
1601,0910,0,1
1601,0911,0,1
1601,0912,0,1
1601,0913,0,1
1601,0914,0,1
1602,0901,0,1
1602,0902,0,1
1602,0903,0,1
1602,0904,0,1
1602,0905,0,1
1602,0906,0,1
1602,0907,0,1
1602,0908,0,1
1602,0909,0,1
1602,0910,0,1
1602,0911,0,1
1602,0912,0,1
1602,0913,0,1
1602,0914,0,1
1603,0901,0,1
1603,0902,0,1
1603,0903,0,1
1603,0904,0,1
1603,0905,0,1
1603,0906,0,1
1603,0907,0,1
1603,0908,0,1
1603,0909,0,1
1603,0910,0,1
1603,0911,0,1
1603,0912,0,1
1603,0913,0,1
1603,0914,0,1
1604,0901,0,1
1604,0902,0,1
1604,0903,0,1
1604,0904,0,1
1604,0905,0,1
1604,0906,0,1
1604,0907,0,1
1604,0908,0,1
1604,0909,0,1
1604,0910,0,1
1604,0911,0,1
1604,0912,0,1
1604,0913,0,1
1604,0914,0,1
1605,0901,0,1
1605,0902,0,1
1605,0903,0,1
1605,0904,0,1
1605,0905,0,1
1605,0906,0,1
1605,0907,0,1
1605,0908,0,1
1605,0909,0,1
1605,0910,0,1
1605,0911,0,1
1605,0912,0,1
1605,0913,0,1
1605,0914,0,1
1606,0901,0,1
1606,0902,0,1
1606,0903,0,1
1606,0904,0,1
1606,0905,0,1
1606,0906,0,1
1606,0907,0,1
1606,0908,0,1
1606,0909,0,1
1606,0910,0,1
1606,0911,0,1
1606,0912,0,1
1606,0913,0,1
1606,0914,0,1
1607,0901,0,1
1607,0902,0,1
1607,0903,0,1
1607,0904,0,1
1607,0905,0,1
1607,0906,0,1
1607,0907,0,1
1607,0908,0,1
1607,0909,0,1
1607,0910,0,1
1607,0911,0,1
1607,0912,0,1
1607,0913,0,1
1607,0914,1,1
1608,0901,0,1
1608,0902,0,1
1608,0903,0,1
1608,0904,0,1
1608,0905,0,1
1608,0906,0,1
1608,0907,0,1
1608,0908,0,1
1608,0909,0,1
1608,0910,0,1
1608,0911,0,1
1608,0912,0,1
1608,0913,0,1
1608,0914,0,1
1609,0901,0,1
1609,0902,0,1
1609,0903,0,1
1609,0904,0,1
1609,0905,0,1
1609,0906,0,1
1609,0907,0,1
1609,0908,0,1
1609,0909,0,1
1609,0910,0,1
1609,0911,0,1
1609,0912,0,1
1609,0913,0,1
1609,0914,0,1
1610,0901,0,1
1610,0902,0,1
1610,0903,0,1
1610,0904,0,1
1610,0905,0,1
1610,0906,0,1
1610,0907,0,1
1610,0908,0,1
1610,0909,0,1
1610,0910,0,1
1610,0911,0,1
1610,0912,0,1
1610,0913,0,1
1610,0914,0,1
1611,0901,0,1
1611,0902,0,1
1611,0903,0,1
1611,0904,0,1
1611,0905,0,1
1611,0906,0,1
1611,0907,0,1
1611,0908,0,1
1611,0909,0,1
1611,0910,0,1
1611,0911,0,1
1611,0912,0,1
1611,0913,0,1
1611,0914,0,1
1612,0901,0,1
1612,0902,0,1
1612,0903,0,1
1612,0904,0,1
1612,0905,0,1
1612,0906,0,1
1612,0907,0,1
1612,0908,0,1
1612,0909,0,1
1612,0910,0,1
1612,0911,0,1
1612,0912,0,1
1612,0913,0,1
1612,0914,0,1
1613,0901,0,1
1613,0902,0,1
1613,0903,0,1
1613,0904,0,1
1613,0905,0,1
1613,0906,0,1
1613,0907,0,1
1613,0908,0,1
1613,0909,0,1
1613,0910,0,1
1613,0911,0,1
1613,0912,0,1
1613,0913,0,1
1613,0914,0,1
1614,0901,0,1
1614,0902,0,1
1614,0903,0,1
1614,0904,0,1
1614,0905,0,1
1614,0906,0,1
1614,0907,0,1
1614,0908,0,1
1614,0909,0,1
1614,0910,0,1
1614,0911,0,1
1614,0912,0,1
1614,0913,0,1
1614,0914,0,1
1615,0901,0,1
1615,0902,0,1
1615,0903,0,1
1615,0904,0,1
1615,0905,0,1
1615,0906,0,1
1615,0907,0,1
1615,0908,0,1
1615,0909,0,1
1615,0910,0,1
1615,0911,0,1
1615,0912,0,1
1615,0913,0,1
1615,0914,0,1
1616,0901,0,1
1616,0902,0,1
1616,0903,0,1
1616,0904,0,1
1616,0905,0,1
1616,0906,0,1
1616,0907,0,1
1616,0908,0,1
1616,0909,0,1
1616,0910,0,1
1616,0911,0,1
1616,0912,0,1
1616,0913,0,1
1616,0914,0,1
1617,0901,0,1
1617,0902,0,1
1617,0903,0,1
1617,0904,0,1
1617,0905,0,1
1617,0906,0,1
1617,0907,0,1
1617,0908,1,1
1617,0909,0,1
1617,0910,0,1
1617,0911,0,1
1617,0912,0,1
1617,0913,0,1
1617,0914,0,1
1618,0901,0,1
1618,0902,0,1
1618,0903,0,1
1618,0904,0,1
1618,0905,0,1
1618,0906,0,1
1618,0907,0,1
1618,0908,0,1
1618,0909,0,1
1618,0910,0,1
1618,0911,0,1
1618,0912,0,1
1618,0913,0,1
1618,0914,0,1
1619,0901,0,1
1619,0902,0,1
1619,0903,0,1
1619,0904,0,1
1619,0905,0,1
1619,0906,0,1
1619,0907,0,1
1619,0908,0,1
1619,0909,0,1
1619,0910,0,1
1619,0911,0,1
1619,0912,0,1
1619,0913,0,1
1619,0914,0,1
1620,0901,0,1
1620,0902,0,1
1620,0903,0,1
1620,0904,0,1
1620,0905,0,1
1620,0906,0,1
1620,0907,0,1
1620,0908,0,1
1620,0909,0,1
1620,0910,0,1
1620,0911,0,1
1620,0912,0,1
1620,0913,0,1
1620,0914,0,1
1621,0901,0,1
1621,0902,0,1
1621,0903,0,1
1621,0904,0,1
1621,0905,0,1
1621,0906,0,1
1621,0907,0,1
1621,0908,0,1
1621,0909,0,1
1621,0910,0,1
1621,0911,0,1
1621,0912,0,1
1621,0913,0,1
1621,0914,0,1
1622,0901,0,1
1622,0902,0,1
1622,0903,0,1
1622,0904,0,1
1622,0905,0,1
1622,0906,0,1
1622,0907,0,1
1622,0908,0,1
1622,0909,0,1
1622,0910,0,1
1622,0911,0,1
1622,0912,0,1
1622,0913,0,1
1622,0914,0,1
1623,0901,0,1
1623,0902,0,1
1623,0903,0,1
1623,0904,0,1
1623,0905,0,1
1623,0906,0,1
1623,0907,0,1
1623,0908,0,1
1623,0909,0,1
1623,0910,0,1
1623,0911,0,1
1623,0912,0,1
1623,0913,0,1
1623,0914,0,1
1624,0901,0,1
1624,0902,0,1
1624,0903,0,1
1624,0904,0,1
1624,0905,0,1
1624,0906,0,1
1624,0907,0,1
1624,0908,0,1
1624,0909,0,1
1624,0910,0,1
1624,0911,0,1
1624,0912,0,1
1624,0913,0,1
1624,0914,0,1
1625,0901,0,1
1625,0902,0,1
1625,0903,0,1
1625,0904,0,1
1625,0905,0,1
1625,0906,0,1
1625,0907,0,1
1625,0908,0,1
1625,0909,0,1
1625,0910,0,1
1625,0911,0,1
1625,0912,0,1
1625,0913,0,1
1625,0914,0,1
1626,0901,0,1
1626,0902,0,1
1626,0903,0,1
1626,0904,0,1
1626,0905,0,1
1626,0906,0,1
1626,0907,0,1
1626,0908,0,1
1626,0909,0,1
1626,0910,0,1
1626,0911,0,1
1626,0912,0,1
1626,0913,0,1
1626,0914,0,1
1627,0901,0,1
1627,0902,0,1
1627,0903,0,1
1627,0904,0,1
1627,0905,0,1
1627,0906,0,1
1627,0907,0,1
1627,0908,0,1
1627,0909,0,1
1627,0910,0,1
1627,0911,0,1
1627,0912,0,1
1627,0913,0,1
1627,0914,0,1
1628,0901,0,1
1628,0902,0,1
1628,0903,0,1
1628,0904,0,1
1628,0905,0,1
1628,0906,0,1
1628,0907,0,1
1628,0908,0,1
1628,0909,0,1
1628,0910,0,1
1628,0911,0,1
1628,0912,0,1
1628,0913,0,1
1628,0914,0,1
1629,0901,0,1
1629,0902,0,1
1629,0903,0,1
1629,0904,0,1
1629,0905,0,1
1629,0906,0,1
1629,0907,0,1
1629,0908,0,1
1629,0909,0,1
1629,0910,0,1
1629,0911,0,1
1629,0912,0,1
1629,0913,0,1
1629,0914,0,1
1630,0901,0,1
1630,0902,0,1
1630,0903,0,1
1630,0904,0,1
1630,0905,0,1
1630,0906,0,1
1630,0907,0,1
1630,0908,0,1
1630,0909,0,1
1630,0910,0,1
1630,0911,0,1
1630,0912,0,1
1630,0913,0,1
1630,0914,0,1
1631,0901,0,1
1631,0902,0,1
1631,0903,0,1
1631,0904,0,1
1631,0905,0,1
1631,0906,0,1
1631,0907,0,1
1631,0908,0,1
1631,0909,0,1
1631,0910,0,1
1631,0911,0,1
1631,0912,0,1
1631,0913,0,1
1631,0914,0,1
1632,0901,0,1
1632,0902,0,1
1632,0903,0,1
1632,0904,0,1
1632,0905,0,1
1632,0906,0,1
1632,0907,0,1
1632,0908,0,1
1632,0909,0,1
1632,0910,0,1
1632,0911,0,1
1632,0912,0,1
1632,0913,0,1
1632,0914,0,1
1633,0901,0,1
1633,0902,0,1
1633,0903,0,1
1633,0904,0,1
1633,0905,0,1
1633,0906,0,1
1633,0907,0,1
1633,0908,0,1
1633,0909,0,1
1633,0910,0,1
1633,0911,0,1
1633,0912,0,1
1633,0913,0,1
1633,0914,0,1
1634,0901,0,1
1634,0902,0,1
1634,0903,0,1
1634,0904,0,1
1634,0905,0,1
1634,0906,0,1
1634,0907,0,1
1634,0908,0,1
1634,0909,0,1
1634,0910,0,1
1634,0911,0,1
1634,0912,0,1
1634,0913,0,1
1634,0914,0,1
1635,0901,0,1
1635,0902,0,1
1635,0903,0,1
1635,0904,0,1
1635,0905,0,1
1635,0906,0,1
1635,0907,0,1
1635,0908,0,1
1635,0909,0,1
1635,0910,0,1
1635,0911,0,1
1635,0912,0,1
1635,0913,0,1
1635,0914,0,1
1636,0901,0,1
1636,0902,0,1
1636,0903,0,1
1636,0904,0,1
1636,0905,0,1
1636,0906,0,1
1636,0907,0,1
1636,0908,0,1
1636,0909,0,1
1636,0910,0,1
1636,0911,0,1
1636,0912,0,1
1636,0913,0,1
1636,0914,0,1
1637,0901,0,1
1637,0902,0,1
1637,0903,0,1
1637,0904,0,1
1637,0905,0,1
1637,0906,0,1
1637,0907,0,1
1637,0908,0,1
1637,0909,0,1
1637,0910,0,1
1637,0911,0,1
1637,0912,0,1
1637,0913,0,1
1637,0914,0,1
1638,0901,0,1
1638,0902,0,1
1638,0903,0,1
1638,0904,0,1
1638,0905,0,1
1638,0906,0,1
1638,0907,0,1
1638,0908,0,1
1638,0909,0,1
1638,0910,0,1
1638,0911,0,1
1638,0912,0,1
1638,0913,0,1
1638,0914,0,1
1639,0901,0,1
1639,0902,0,1
1639,0903,0,1
1639,0904,0,1
1639,0905,0,1
1639,0906,0,1
1639,0907,0,1
1639,0908,0,1
1639,0909,0,1
1639,0910,0,1
1639,0911,0,1
1639,0912,0,1
1639,0913,0,1
1639,0914,0,1
1640,0901,0,1
1640,0902,0,1
1640,0903,0,1
1640,0904,0,1
1640,0905,0,1
1640,0906,0,1
1640,0907,0,1
1640,0908,0,1
1640,0909,0,1
1640,0910,0,1
1640,0911,0,1
1640,0912,0,1
1640,0913,0,1
1640,0914,0,1
1641,0901,0,1
1641,0902,0,1
1641,0903,0,1
1641,0904,0,1
1641,0905,0,1
1641,0906,0,1
1641,0907,0,1
1641,0908,0,1
1641,0909,0,1
1641,0910,0,1
1641,0911,0,1
1641,0912,0,1
1641,0913,0,1
1641,0914,0,1
1642,0901,0,1
1642,0902,0,1
1642,0903,0,1
1642,0904,0,1
1642,0905,0,1
1642,0906,0,1
1642,0907,0,1
1642,0908,0,1
1642,0909,0,1
1642,0910,0,1
1642,0911,0,1
1642,0912,1,1
1642,0913,0,1
1642,0914,0,1
1643,0901,0,1
1643,0902,0,1
1643,0903,0,1
1643,0904,0,1
1643,0905,0,1
1643,0906,0,1
1643,0907,0,1
1643,0908,0,1
1643,0909,0,1
1643,0910,0,1
1643,0911,0,1
1643,0912,0,1
1643,0913,0,1
1643,0914,0,1
1644,0901,0,1
1644,0902,0,1
1644,0903,0,1
1644,0904,0,1
1644,0905,0,1
1644,0906,0,1
1644,0907,0,1
1644,0908,0,1
1644,0909,0,1
1644,0910,0,1
1644,0911,0,1
1644,0912,0,1
1644,0913,0,1
1644,0914,0,1
1645,0901,0,1
1645,0902,0,1
1645,0903,0,1
1645,0904,0,1
1645,0905,0,1
1645,0906,0,1
1645,0907,0,1
1645,0908,0,1
1645,0909,0,1
1645,0910,0,1
1645,0911,0,1
1645,0912,0,1
1645,0913,0,1
1645,0914,0,1
1646,0901,0,1
1646,0902,0,1
1646,0903,0,1
1646,0904,0,1
1646,0905,0,1
1646,0906,0,1
1646,0907,0,1
1646,0908,0,1
1646,0909,0,1
1646,0910,0,1
1646,0911,0,1
1646,0912,0,1
1646,0913,0,1
1646,0914,0,1
1647,0901,0,1
1647,0902,0,1
1647,0903,0,1
1647,0904,0,1
1647,0905,0,1
1647,0906,0,1
1647,0907,0,1
1647,0908,0,1
1647,0909,0,1
1647,0910,1,1
1647,0911,0,1
1647,0912,0,1
1647,0913,0,1
1647,0914,0,1
1648,0901,0,1
1648,0902,0,1
1648,0903,0,1
1648,0904,0,1
1648,0905,0,1
1648,0906,0,1
1648,0907,0,1
1648,0908,1,1
1648,0909,0,1
1648,0910,0,1
1648,0911,0,1
1648,0912,0,1
1648,0913,0,1
1648,0914,0,1
1649,0901,0,1
1649,0902,0,1
1649,0903,0,1
1649,0904,0,1
1649,0905,0,1
1649,0906,0,1
1649,0907,0,1
1649,0908,0,1
1649,0909,0,1
1649,0910,0,1
1649,0911,0,1
1649,0912,0,1
1649,0913,0,1
1649,0914,0,1
1650,0901,0,1
1650,0902,0,1
1650,0903,0,1
1650,0904,0,1
1650,0905,0,1
1650,0906,0,1
1650,0907,0,1
1650,0908,0,1
1650,0909,0,1
1650,0910,0,1
1650,0911,0,1
1650,0912,0,1
1650,0913,0,1
1650,0914,0,1
1651,0901,0,1
1651,0902,0,1
1651,0903,0,1
1651,0904,0,1
1651,0905,0,1
1651,0906,0,1
1651,0907,0,1
1651,0908,1,1
1651,0909,0,1
1651,0910,0,1
1651,0911,0,1
1651,0912,0,1
1651,0913,0,1
1651,0914,0,1
1652,0901,0,1
1652,0902,0,1
1652,0903,0,1
1652,0904,0,1
1652,0905,0,1
1652,0906,0,1
1652,0907,0,1
1652,0908,0,1
1652,0909,0,1
1652,0910,0,1
1652,0911,0,1
1652,0912,0,1
1652,0913,0,1
1652,0914,0,1
1653,0901,0,1
1653,0902,0,1
1653,0903,0,1
1653,0904,0,1
1653,0905,0,1
1653,0906,0,1
1653,0907,0,1
1653,0908,0,1
1653,0909,0,1
1653,0910,0,1
1653,0911,0,1
1653,0912,0,1
1653,0913,0,1
1653,0914,0,1
1654,0901,0,1
1654,0902,0,1
1654,0903,0,1
1654,0904,0,1
1654,0905,0,1
1654,0906,0,1
1654,0907,0,1
1654,0908,0,1
1654,0909,0,1
1654,0910,0,1
1654,0911,0,1
1654,0912,0,1
1654,0913,0,1
1654,0914,0,1
1655,0901,0,1
1655,0902,0,1
1655,0903,0,1
1655,0904,0,1
1655,0905,0,1
1655,0906,0,1
1655,0907,0,1
1655,0908,0,1
1655,0909,0,1
1655,0910,0,1
1655,0911,0,1
1655,0912,0,1
1655,0913,0,1
1655,0914,0,1
1656,0901,0,1
1656,0902,0,1
1656,0903,0,1
1656,0904,0,1
1656,0905,0,1
1656,0906,0,1
1656,0907,0,1
1656,0908,0,1
1656,0909,0,1
1656,0910,0,1
1656,0911,0,1
1656,0912,0,1
1656,0913,0,1
1656,0914,0,1
1657,0901,0,1
1657,0902,0,1
1657,0903,0,1
1657,0904,0,1
1657,0905,0,1
1657,0906,0,1
1657,0907,0,1
1657,0908,0,1
1657,0909,0,1
1657,0910,0,1
1657,0911,0,1
1657,0912,0,1
1657,0913,0,1
1657,0914,0,1
1658,0901,0,1
1658,0902,0,1
1658,0903,0,1
1658,0904,0,1
1658,0905,0,1
1658,0906,0,1
1658,0907,0,1
1658,0908,0,1
1658,0909,0,1
1658,0910,0,1
1658,0911,0,1
1658,0912,0,1
1658,0913,0,1
1658,0914,0,1
1659,0901,0,1
1659,0902,0,1
1659,0903,0,1
1659,0904,0,1
1659,0905,0,1
1659,0906,0,1
1659,0907,0,1
1659,0908,0,1
1659,0909,0,1
1659,0910,0,1
1659,0911,0,1
1659,0912,0,1
1659,0913,0,1
1659,0914,0,1
1660,0901,0,1
1660,0902,0,1
1660,0903,0,1
1660,0904,0,1
1660,0905,0,1
1660,0906,0,1
1660,0907,0,1
1660,0908,0,1
1660,0909,0,1
1660,0910,0,1
1660,0911,0,1
1660,0912,0,1
1660,0913,0,1
1660,0914,0,1
1661,0901,0,1
1661,0902,0,1
1661,0903,0,1
1661,0904,0,1
1661,0905,0,1
1661,0906,0,1
1661,0907,0,1
1661,0908,0,1
1661,0909,0,1
1661,0910,0,1
1661,0911,0,1
1661,0912,0,1
1661,0913,0,1
1661,0914,0,1
1662,0901,0,1
1662,0902,0,1
1662,0903,0,1
1662,0904,0,1
1662,0905,0,1
1662,0906,0,1
1662,0907,0,1
1662,0908,0,1
1662,0909,0,1
1662,0910,0,1
1662,0911,1,1
1662,0912,0,1
1662,0913,0,1
1662,0914,0,1
1663,0901,0,1
1663,0902,0,1
1663,0903,0,1
1663,0904,0,1
1663,0905,0,1
1663,0906,0,1
1663,0907,0,1
1663,0908,0,1
1663,0909,0,1
1663,0910,0,1
1663,0911,0,1
1663,0912,0,1
1663,0913,0,1
1663,0914,0,1
1664,0901,0,1
1664,0902,0,1
1664,0903,0,1
1664,0904,0,1
1664,0905,0,1
1664,0906,0,1
1664,0907,0,1
1664,0908,0,1
1664,0909,0,1
1664,0910,0,1
1664,0911,0,1
1664,0912,0,1
1664,0913,0,1
1664,0914,0,1
1665,0901,0,1
1665,0902,0,1
1665,0903,0,1
1665,0904,0,1
1665,0905,0,1
1665,0906,0,1
1665,0907,0,1
1665,0908,0,1
1665,0909,0,1
1665,0910,0,1
1665,0911,0,1
1665,0912,0,1
1665,0913,0,1
1665,0914,0,1
1666,0901,0,1
1666,0902,0,1
1666,0903,0,1
1666,0904,0,1
1666,0905,0,1
1666,0906,0,1
1666,0907,0,1
1666,0908,0,1
1666,0909,0,1
1666,0910,0,1
1666,0911,0,1
1666,0912,0,1
1666,0913,0,1
1666,0914,0,1
1667,0901,0,1
1667,0902,0,1
1667,0903,0,1
1667,0904,0,1
1667,0905,0,1
1667,0906,0,1
1667,0907,0,1
1667,0908,0,1
1667,0909,0,1
1667,0910,0,1
1667,0911,0,1
1667,0912,0,1
1667,0913,0,1
1667,0914,0,1
1668,0901,0,1
1668,0902,0,1
1668,0903,0,1
1668,0904,0,1
1668,0905,0,1
1668,0906,0,1
1668,0907,0,1
1668,0908,0,1
1668,0909,0,1
1668,0910,0,1
1668,0911,0,1
1668,0912,0,1
1668,0913,0,1
1668,0914,0,1
1669,0901,0,1
1669,0902,0,1
1669,0903,0,1
1669,0904,0,1
1669,0905,0,1
1669,0906,0,1
1669,0907,0,1
1669,0908,0,1
1669,0909,0,1
1669,0910,0,1
1669,0911,0,1
1669,0912,0,1
1669,0913,0,1
1669,0914,0,1
1670,0901,0,1
1670,0902,0,1
1670,0903,0,1
1670,0904,0,1
1670,0905,0,1
1670,0906,0,1
1670,0907,0,1
1670,0908,0,1
1670,0909,0,1
1670,0910,0,1
1670,0911,0,1
1670,0912,0,1
1670,0913,0,1
1670,0914,0,1
1671,0901,0,1
1671,0902,0,1
1671,0903,0,1
1671,0904,0,1
1671,0905,0,1
1671,0906,0,1
1671,0907,0,1
1671,0908,0,1
1671,0909,0,1
1671,0910,0,1
1671,0911,0,1
1671,0912,1,1
1671,0913,0,1
1671,0914,0,1
1672,0901,0,1
1672,0902,0,1
1672,0903,0,1
1672,0904,0,1
1672,0905,0,1
1672,0906,0,1
1672,0907,0,1
1672,0908,0,1
1672,0909,0,1
1672,0910,0,1
1672,0911,0,1
1672,0912,0,1
1672,0913,0,1
1672,0914,0,1
1673,0901,0,1
1673,0902,0,1
1673,0903,0,1
1673,0904,0,1
1673,0905,0,1
1673,0906,0,1
1673,0907,0,1
1673,0908,0,1
1673,0909,0,1
1673,0910,0,1
1673,0911,0,1
1673,0912,0,1
1673,0913,0,1
1673,0914,0,1
1674,0901,0,1
1674,0902,0,1
1674,0903,0,1
1674,0904,0,1
1674,0905,0,1
1674,0906,0,1
1674,0907,0,1
1674,0908,0,1
1674,0909,0,1
1674,0910,0,1
1674,0911,0,1
1674,0912,0,1
1674,0913,0,1
1674,0914,0,1
1675,0901,0,1
1675,0902,0,1
1675,0903,0,1
1675,0904,0,1
1675,0905,0,1
1675,0906,0,1
1675,0907,0,1
1675,0908,0,1
1675,0909,0,1
1675,0910,0,1
1675,0911,0,1
1675,0912,0,1
1675,0913,0,1
1675,0914,0,1
1676,0901,0,1
1676,0902,0,1
1676,0903,0,1
1676,0904,0,1
1676,0905,0,1
1676,0906,0,1
1676,0907,0,1
1676,0908,0,1
1676,0909,0,1
1676,0910,0,1
1676,0911,0,1
1676,0912,0,1
1676,0913,0,1
1676,0914,0,1
1677,0901,0,1
1677,0902,0,1
1677,0903,0,1
1677,0904,0,1
1677,0905,0,1
1677,0906,0,1
1677,0907,0,1
1677,0908,0,1
1677,0909,0,1
1677,0910,0,1
1677,0911,0,1
1677,0912,0,1
1677,0913,0,1
1677,0914,0,1
1678,0901,0,1
1678,0902,0,1
1678,0903,0,1
1678,0904,0,1
1678,0905,0,1
1678,0906,0,1
1678,0907,0,1
1678,0908,0,1
1678,0909,0,1
1678,0910,0,1
1678,0911,0,1
1678,0912,0,1
1678,0913,0,1
1678,0914,0,1
1679,0901,0,1
1679,0902,0,1
1679,0903,0,1
1679,0904,0,1
1679,0905,0,1
1679,0906,0,1
1679,0907,0,1
1679,0908,0,1
1679,0909,0,1
1679,0910,0,1
1679,0911,0,1
1679,0912,0,1
1679,0913,0,1
1679,0914,0,1
1680,0901,0,1
1680,0902,0,1
1680,0903,0,1
1680,0904,0,1
1680,0905,0,1
1680,0906,0,1
1680,0907,0,1
1680,0908,0,1
1680,0909,1,1
1680,0910,0,1
1680,0911,0,1
1680,0912,0,1
1680,0913,0,1
1680,0914,0,1
1681,0901,0,1
1681,0902,0,1
1681,0903,0,1
1681,0904,0,1
1681,0905,0,1
1681,0906,0,1
1681,0907,0,1
1681,0908,0,1
1681,0909,0,1
1681,0910,0,1
1681,0911,0,1
1681,0912,0,1
1681,0913,0,1
1681,0914,0,1
1682,0901,0,1
1682,0902,0,1
1682,0903,0,1
1682,0904,0,1
1682,0905,0,1
1682,0906,0,1
1682,0907,0,1
1682,0908,0,1
1682,0909,0,1
1682,0910,0,1
1682,0911,0,1
1682,0912,0,1
1682,0913,0,1
1682,0914,0,1
1683,0901,0,1
1683,0902,0,1
1683,0903,0,1
1683,0904,0,1
1683,0905,0,1
1683,0906,0,1
1683,0907,0,1
1683,0908,0,1
1683,0909,0,1
1683,0910,0,1
1683,0911,0,1
1683,0912,0,1
1683,0913,0,1
1683,0914,0,1
1684,0901,0,1
1684,0902,0,1
1684,0903,0,1
1684,0904,0,1
1684,0905,0,1
1684,0906,0,1
1684,0907,0,1
1684,0908,0,1
1684,0909,0,1
1684,0910,0,1
1684,0911,0,1
1684,0912,0,1
1684,0913,0,1
1684,0914,0,1
1685,0901,0,1
1685,0902,0,1
1685,0903,0,1
1685,0904,0,1
1685,0905,0,1
1685,0906,0,1
1685,0907,0,1
1685,0908,0,1
1685,0909,0,1
1685,0910,0,1
1685,0911,0,1
1685,0912,1,1
1685,0913,0,1
1685,0914,0,1
1686,0901,0,1
1686,0902,0,1
1686,0903,0,1
1686,0904,0,1
1686,0905,0,1
1686,0906,0,1
1686,0907,0,1
1686,0908,0,1
1686,0909,0,1
1686,0910,0,1
1686,0911,0,1
1686,0912,0,1
1686,0913,0,1
1686,0914,0,1
1687,0901,0,1
1687,0902,0,1
1687,0903,0,1
1687,0904,0,1
1687,0905,0,1
1687,0906,0,1
1687,0907,0,1
1687,0908,0,1
1687,0909,0,1
1687,0910,1,1
1687,0911,0,1
1687,0912,0,1
1687,0913,0,1
1687,0914,0,1
1688,0901,0,1
1688,0902,0,1
1688,0903,0,1
1688,0904,0,1
1688,0905,0,1
1688,0906,0,1
1688,0907,0,1
1688,0908,0,1
1688,0909,0,1
1688,0910,0,1
1688,0911,0,1
1688,0912,0,1
1688,0913,0,1
1688,0914,0,1
1689,0901,0,1
1689,0902,0,1
1689,0903,0,1
1689,0904,0,1
1689,0905,0,1
1689,0906,0,1
1689,0907,0,1
1689,0908,0,1
1689,0909,0,1
1689,0910,0,1
1689,0911,0,1
1689,0912,0,1
1689,0913,0,1
1689,0914,0,1
1690,0901,0,1
1690,0902,0,1
1690,0903,0,1
1690,0904,0,1
1690,0905,0,1
1690,0906,0,1
1690,0907,0,1
1690,0908,0,1
1690,0909,0,1
1690,0910,0,1
1690,0911,0,1
1690,0912,1,1
1690,0913,0,1
1690,0914,0,1
1691,0901,0,1
1691,0902,0,1
1691,0903,0,1
1691,0904,0,1
1691,0905,0,1
1691,0906,0,1
1691,0907,0,1
1691,0908,1,1
1691,0909,0,1
1691,0910,0,1
1691,0911,0,1
1691,0912,0,1
1691,0913,0,1
1691,0914,0,1
1692,0901,0,1
1692,0902,0,1
1692,0903,0,1
1692,0904,0,1
1692,0905,0,1
1692,0906,0,1
1692,0907,0,1
1692,0908,0,1
1692,0909,0,1
1692,0910,0,1
1692,0911,0,1
1692,0912,0,1
1692,0913,0,1
1692,0914,0,1
1693,0901,0,1
1693,0902,0,1
1693,0903,0,1
1693,0904,0,1
1693,0905,0,1
1693,0906,0,1
1693,0907,0,1
1693,0908,0,1
1693,0909,0,1
1693,0910,0,1
1693,0911,0,1
1693,0912,0,1
1693,0913,0,1
1693,0914,0,1
1694,0901,0,1
1694,0902,0,1
1694,0903,0,1
1694,0904,0,1
1694,0905,0,1
1694,0906,0,1
1694,0907,0,1
1694,0908,0,1
1694,0909,0,1
1694,0910,0,1
1694,0911,0,1
1694,0912,0,1
1694,0913,0,1
1694,0914,0,1
1695,0901,0,1
1695,0902,0,1
1695,0903,0,1
1695,0904,0,1
1695,0905,0,1
1695,0906,0,1
1695,0907,0,1
1695,0908,0,1
1695,0909,0,1
1695,0910,0,1
1695,0911,0,1
1695,0912,0,1
1695,0913,0,1
1695,0914,0,1
1696,0901,0,1
1696,0902,0,1
1696,0903,0,1
1696,0904,0,1
1696,0905,0,1
1696,0906,0,1
1696,0907,0,1
1696,0908,1,1
1696,0909,0,1
1696,0910,1,1
1696,0911,0,1
1696,0912,0,1
1696,0913,0,1
1696,0914,0,1
1697,0901,0,1
1697,0902,0,1
1697,0903,0,1
1697,0904,0,1
1697,0905,0,1
1697,0906,0,1
1697,0907,0,1
1697,0908,0,1
1697,0909,0,1
1697,0910,0,1
1697,0911,0,1
1697,0912,0,1
1697,0913,0,1
1697,0914,0,1
1698,0901,0,1
1698,0902,0,1
1698,0903,0,1
1698,0904,0,1
1698,0905,0,1
1698,0906,0,1
1698,0907,0,1
1698,0908,0,1
1698,0909,0,1
1698,0910,0,1
1698,0911,0,1
1698,0912,0,1
1698,0913,0,1
1698,0914,0,1
1699,0901,0,1
1699,0902,0,1
1699,0903,0,1
1699,0904,0,1
1699,0905,0,1
1699,0906,0,1
1699,0907,0,1
1699,0908,0,1
1699,0909,0,1
1699,0910,0,1
1699,0911,0,1
1699,0912,0,1
1699,0913,0,1
1699,0914,0,1
1700,0901,0,1
1700,0902,0,1
1700,0903,0,1
1700,0904,0,1
1700,0905,0,1
1700,0906,0,1
1700,0907,0,1
1700,0908,0,1
1700,0909,0,1
1700,0910,0,1
1700,0911,0,1
1700,0912,0,1
1700,0913,0,1
1700,0914,0,1
1701,0901,0,1
1701,0902,0,1
1701,0903,0,1
1701,0904,0,1
1701,0905,0,1
1701,0906,0,1
1701,0907,0,1
1701,0908,0,1
1701,0909,0,1
1701,0910,0,1
1701,0911,0,1
1701,0912,0,1
1701,0913,0,1
1701,0914,0,1
1702,0901,0,1
1702,0902,0,1
1702,0903,0,1
1702,0904,0,1
1702,0905,0,1
1702,0906,0,1
1702,0907,0,1
1702,0908,0,1
1702,0909,0,1
1702,0910,0,1
1702,0911,0,1
1702,0912,0,1
1702,0913,0,1
1702,0914,0,1
1703,0901,0,1
1703,0902,0,1
1703,0903,0,1
1703,0904,0,1
1703,0905,0,1
1703,0906,0,1
1703,0907,0,1
1703,0908,0,1
1703,0909,0,1
1703,0910,0,1
1703,0911,0,1
1703,0912,0,1
1703,0913,0,1
1703,0914,0,1
1704,0901,0,1
1704,0902,0,1
1704,0903,0,1
1704,0904,0,1
1704,0905,0,1
1704,0906,0,1
1704,0907,0,1
1704,0908,0,1
1704,0909,0,1
1704,0910,1,1
1704,0911,0,1
1704,0912,0,1
1704,0913,0,1
1704,0914,0,1
1705,0901,0,1
1705,0902,0,1
1705,0903,0,1
1705,0904,0,1
1705,0905,0,1
1705,0906,0,1
1705,0907,0,1
1705,0908,0,1
1705,0909,0,1
1705,0910,0,1
1705,0911,0,1
1705,0912,0,1
1705,0913,0,1
1705,0914,0,1
1706,0901,0,1
1706,0902,0,1
1706,0903,0,1
1706,0904,0,1
1706,0905,0,1
1706,0906,0,1
1706,0907,0,1
1706,0908,0,1
1706,0909,0,1
1706,0910,0,1
1706,0911,0,1
1706,0912,0,1
1706,0913,0,1
1706,0914,0,1
1707,0901,0,1
1707,0902,0,1
1707,0903,0,1
1707,0904,0,1
1707,0905,0,1
1707,0906,0,1
1707,0907,0,1
1707,0908,0,1
1707,0909,1,1
1707,0910,0,1
1707,0911,0,1
1707,0912,0,1
1707,0913,0,1
1707,0914,0,1
1708,0901,0,1
1708,0902,0,1
1708,0903,0,1
1708,0904,0,1
1708,0905,0,1
1708,0906,0,1
1708,0907,0,1
1708,0908,0,1
1708,0909,0,1
1708,0910,0,1
1708,0911,0,1
1708,0912,0,1
1708,0913,0,1
1708,0914,0,1
1709,0901,0,1
1709,0902,0,1
1709,0903,0,1
1709,0904,0,1
1709,0905,0,1
1709,0906,0,1
1709,0907,0,1
1709,0908,0,1
1709,0909,0,1
1709,0910,0,1
1709,0911,0,1
1709,0912,0,1
1709,0913,0,1
1709,0914,0,1
1710,0901,0,1
1710,0902,0,1
1710,0903,0,1
1710,0904,0,1
1710,0905,0,1
1710,0906,0,1
1710,0907,0,1
1710,0908,0,1
1710,0909,0,1
1710,0910,0,1
1710,0911,0,1
1710,0912,0,1
1710,0913,0,1
1710,0914,0,1
1711,0901,0,1
1711,0902,0,1
1711,0903,0,1
1711,0904,0,1
1711,0905,0,1
1711,0906,0,1
1711,0907,0,1
1711,0908,0,1
1711,0909,0,1
1711,0910,0,1
1711,0911,0,1
1711,0912,0,1
1711,0913,0,1
1711,0914,0,1
1712,0901,0,1
1712,0902,0,1
1712,0903,0,1
1712,0904,0,1
1712,0905,0,1
1712,0906,0,1
1712,0907,0,1
1712,0908,0,1
1712,0909,0,1
1712,0910,0,1
1712,0911,0,1
1712,0912,0,1
1712,0913,0,1
1712,0914,0,1
1713,0901,0,1
1713,0902,0,1
1713,0903,0,1
1713,0904,0,1
1713,0905,0,1
1713,0906,0,1
1713,0907,0,1
1713,0908,0,1
1713,0909,0,1
1713,0910,1,1
1713,0911,0,1
1713,0912,0,1
1713,0913,0,1
1713,0914,0,1
1714,0901,0,1
1714,0902,0,1
1714,0903,0,1
1714,0904,0,1
1714,0905,0,1
1714,0906,0,1
1714,0907,0,1
1714,0908,0,1
1714,0909,0,1
1714,0910,0,1
1714,0911,0,1
1714,0912,0,1
1714,0913,0,1
1714,0914,0,1
1715,0901,0,1
1715,0902,0,1
1715,0903,0,1
1715,0904,0,1
1715,0905,0,1
1715,0906,0,1
1715,0907,0,1
1715,0908,0,1
1715,0909,0,1
1715,0910,0,1
1715,0911,0,1
1715,0912,0,1
1715,0913,0,1
1715,0914,0,1
1716,0901,0,1
1716,0902,0,1
1716,0903,0,1
1716,0904,0,1
1716,0905,0,1
1716,0906,0,1
1716,0907,0,1
1716,0908,0,1
1716,0909,0,1
1716,0910,1,1
1716,0911,0,1
1716,0912,0,1
1716,0913,0,1
1716,0914,0,1
1717,0901,0,1
1717,0902,0,1
1717,0903,0,1
1717,0904,0,1
1717,0905,0,1
1717,0906,0,1
1717,0907,0,1
1717,0908,0,1
1717,0909,0,1
1717,0910,0,1
1717,0911,0,1
1717,0912,0,1
1717,0913,0,1
1717,0914,0,1
1718,0901,0,1
1718,0902,0,1
1718,0903,0,1
1718,0904,0,1
1718,0905,0,1
1718,0906,0,1
1718,0907,0,1
1718,0908,0,1
1718,0909,0,1
1718,0910,0,1
1718,0911,0,1
1718,0912,0,1
1718,0913,0,1
1718,0914,0,1
1719,0901,0,1
1719,0902,0,1
1719,0903,0,1
1719,0904,0,1
1719,0905,0,1
1719,0906,0,1
1719,0907,0,1
1719,0908,0,1
1719,0909,0,1
1719,0910,0,1
1719,0911,0,1
1719,0912,0,1
1719,0913,0,1
1719,0914,0,1
1720,0901,1,1
1720,0902,0,1
1720,0903,0,1
1720,0904,0,1
1720,0905,0,1
1720,0906,0,1
1720,0907,0,1
1720,0908,0,1
1720,0909,0,1
1720,0910,0,1
1720,0911,0,1
1720,0912,0,1
1720,0913,0,1
1720,0914,1,1
1721,0901,0,1
1721,0902,0,1
1721,0903,0,1
1721,0904,0,1
1721,0905,0,1
1721,0906,0,1
1721,0907,0,1
1721,0908,0,1
1721,0909,0,1
1721,0910,0,1
1721,0911,0,1
1721,0912,0,1
1721,0913,0,1
1721,0914,0,1
1722,0901,0,1
1722,0902,0,1
1722,0903,0,1
1722,0904,0,1
1722,0905,0,1
1722,0906,0,1
1722,0907,0,1
1722,0908,0,1
1722,0909,0,1
1722,0910,0,1
1722,0911,0,1
1722,0912,0,1
1722,0913,0,1
1722,0914,0,1
1723,0901,0,1
1723,0902,0,1
1723,0903,0,1
1723,0904,0,1
1723,0905,0,1
1723,0906,0,1
1723,0907,0,1
1723,0908,0,1
1723,0909,0,1
1723,0910,0,1
1723,0911,0,1
1723,0912,0,1
1723,0913,0,1
1723,0914,0,1
1724,0901,0,1
1724,0902,0,1
1724,0903,0,1
1724,0904,0,1
1724,0905,0,1
1724,0906,0,1
1724,0907,0,1
1724,0908,0,1
1724,0909,0,1
1724,0910,0,1
1724,0911,0,1
1724,0912,0,1
1724,0913,0,1
1724,0914,0,1
1725,0901,0,1
1725,0902,0,1
1725,0903,0,1
1725,0904,0,1
1725,0905,0,1
1725,0906,0,1
1725,0907,0,1
1725,0908,0,1
1725,0909,0,1
1725,0910,0,1
1725,0911,0,1
1725,0912,0,1
1725,0913,0,1
1725,0914,0,1
1726,0901,0,1
1726,0902,0,1
1726,0903,0,1
1726,0904,0,1
1726,0905,0,1
1726,0906,0,1
1726,0907,0,1
1726,0908,0,1
1726,0909,0,1
1726,0910,0,1
1726,0911,0,1
1726,0912,0,1
1726,0913,0,1
1726,0914,0,1
1727,0901,0,1
1727,0902,0,1
1727,0903,0,1
1727,0904,0,1
1727,0905,0,1
1727,0906,0,1
1727,0907,0,1
1727,0908,0,1
1727,0909,0,1
1727,0910,1,1
1727,0911,0,1
1727,0912,0,1
1727,0913,0,1
1727,0914,0,1
1728,0901,0,1
1728,0902,0,1
1728,0903,0,1
1728,0904,0,1
1728,0905,0,1
1728,0906,0,1
1728,0907,0,1
1728,0908,1,1
1728,0909,0,1
1728,0910,0,1
1728,0911,0,1
1728,0912,0,1
1728,0913,0,1
1728,0914,0,1
1729,0901,0,1
1729,0902,0,1
1729,0903,0,1
1729,0904,0,1
1729,0905,0,1
1729,0906,0,1
1729,0907,0,1
1729,0908,0,1
1729,0909,0,1
1729,0910,0,1
1729,0911,1,1
1729,0912,0,1
1729,0913,0,1
1729,0914,0,1
1730,0901,0,1
1730,0902,0,1
1730,0903,0,1
1730,0904,0,1
1730,0905,0,1
1730,0906,0,1
1730,0907,0,1
1730,0908,0,1
1730,0909,0,1
1730,0910,0,1
1730,0911,0,1
1730,0912,0,1
1730,0913,0,1
1730,0914,0,1
1731,0901,0,1
1731,0902,0,1
1731,0903,0,1
1731,0904,0,1
1731,0905,0,1
1731,0906,0,1
1731,0907,0,1
1731,0908,0,1
1731,0909,0,1
1731,0910,0,1
1731,0911,0,1
1731,0912,0,1
1731,0913,0,1
1731,0914,0,1
1732,0901,0,1
1732,0902,0,1
1732,0903,0,1
1732,0904,0,1
1732,0905,0,1
1732,0906,0,1
1732,0907,0,1
1732,0908,0,1
1732,0909,0,1
1732,0910,0,1
1732,0911,0,1
1732,0912,0,1
1732,0913,0,1
1732,0914,0,1
1733,0901,0,1
1733,0902,0,1
1733,0903,0,1
1733,0904,0,1
1733,0905,0,1
1733,0906,0,1
1733,0907,0,1
1733,0908,0,1
1733,0909,0,1
1733,0910,0,1
1733,0911,0,1
1733,0912,0,1
1733,0913,0,1
1733,0914,0,1
1734,0901,0,1
1734,0902,0,1
1734,0903,0,1
1734,0904,0,1
1734,0905,0,1
1734,0906,0,1
1734,0907,0,1
1734,0908,0,1
1734,0909,0,1
1734,0910,0,1
1734,0911,0,1
1734,0912,0,1
1734,0913,0,1
1734,0914,0,1
1735,0901,0,1
1735,0902,0,1
1735,0903,0,1
1735,0904,0,1
1735,0905,0,1
1735,0906,0,1
1735,0907,0,1
1735,0908,0,1
1735,0909,0,1
1735,0910,0,1
1735,0911,0,1
1735,0912,0,1
1735,0913,0,1
1735,0914,1,1
1736,0901,0,1
1736,0902,0,1
1736,0903,0,1
1736,0904,0,1
1736,0905,0,1
1736,0906,0,1
1736,0907,0,1
1736,0908,0,1
1736,0909,0,1
1736,0910,0,1
1736,0911,0,1
1736,0912,0,1
1736,0913,0,1
1736,0914,0,1
1737,0901,0,1
1737,0902,0,1
1737,0903,0,1
1737,0904,0,1
1737,0905,0,1
1737,0906,0,1
1737,0907,0,1
1737,0908,0,1
1737,0909,0,1
1737,0910,0,1
1737,0911,0,1
1737,0912,0,1
1737,0913,0,1
1737,0914,0,1
1738,0901,0,1
1738,0902,0,1
1738,0903,0,1
1738,0904,0,1
1738,0905,0,1
1738,0906,0,1
1738,0907,0,1
1738,0908,0,1
1738,0909,0,1
1738,0910,0,1
1738,0911,0,1
1738,0912,0,1
1738,0913,0,1
1738,0914,0,1
1739,0901,0,1
1739,0902,0,1
1739,0903,0,1
1739,0904,0,1
1739,0905,0,1
1739,0906,0,1
1739,0907,0,1
1739,0908,0,1
1739,0909,0,1
1739,0910,0,1
1739,0911,0,1
1739,0912,0,1
1739,0913,0,1
1739,0914,0,1
1740,0901,0,1
1740,0902,0,1
1740,0903,0,1
1740,0904,0,1
1740,0905,0,1
1740,0906,0,1
1740,0907,0,1
1740,0908,0,1
1740,0909,0,1
1740,0910,0,1
1740,0911,0,1
1740,0912,0,1
1740,0913,0,1
1740,0914,0,1
1741,0901,0,1
1741,0902,0,1
1741,0903,0,1
1741,0904,0,1
1741,0905,0,1
1741,0906,0,1
1741,0907,0,1
1741,0908,0,1
1741,0909,0,1
1741,0910,0,1
1741,0911,0,1
1741,0912,0,1
1741,0913,0,1
1741,0914,0,1
1742,0901,0,1
1742,0902,0,1
1742,0903,0,1
1742,0904,0,1
1742,0905,0,1
1742,0906,0,1
1742,0907,0,1
1742,0908,0,1
1742,0909,0,1
1742,0910,0,1
1742,0911,0,1
1742,0912,0,1
1742,0913,0,1
1742,0914,0,1
1743,0901,0,1
1743,0902,0,1
1743,0903,0,1
1743,0904,0,1
1743,0905,0,1
1743,0906,0,1
1743,0907,0,1
1743,0908,0,1
1743,0909,0,1
1743,0910,0,1
1743,0911,0,1
1743,0912,0,1
1743,0913,0,1
1743,0914,0,1
1744,0901,0,1
1744,0902,0,1
1744,0903,0,1
1744,0904,0,1
1744,0905,0,1
1744,0906,0,1
1744,0907,0,1
1744,0908,0,1
1744,0909,0,1
1744,0910,0,1
1744,0911,0,1
1744,0912,0,1
1744,0913,0,1
1744,0914,0,1
1745,0901,0,1
1745,0902,0,1
1745,0903,0,1
1745,0904,0,1
1745,0905,0,1
1745,0906,0,1
1745,0907,0,1
1745,0908,0,1
1745,0909,0,1
1745,0910,0,1
1745,0911,0,1
1745,0912,0,1
1745,0913,0,1
1745,0914,0,1
1746,0901,0,1
1746,0902,0,1
1746,0903,0,1
1746,0904,0,1
1746,0905,0,1
1746,0906,0,1
1746,0907,0,1
1746,0908,0,1
1746,0909,0,1
1746,0910,0,1
1746,0911,0,1
1746,0912,0,1
1746,0913,0,1
1746,0914,0,1
1747,0901,0,1
1747,0902,0,1
1747,0903,0,1
1747,0904,0,1
1747,0905,0,1
1747,0906,0,1
1747,0907,0,1
1747,0908,0,1
1747,0909,0,1
1747,0910,0,1
1747,0911,0,1
1747,0912,0,1
1747,0913,0,1
1747,0914,0,1
1748,0901,0,1
1748,0902,0,1
1748,0903,0,1
1748,0904,0,1
1748,0905,0,1
1748,0906,0,1
1748,0907,0,1
1748,0908,0,1
1748,0909,0,1
1748,0910,0,1
1748,0911,0,1
1748,0912,0,1
1748,0913,0,1
1748,0914,0,1
1749,0901,0,1
1749,0902,0,1
1749,0903,0,1
1749,0904,0,1
1749,0905,0,1
1749,0906,0,1
1749,0907,0,1
1749,0908,0,1
1749,0909,0,1
1749,0910,0,1
1749,0911,0,1
1749,0912,0,1
1749,0913,1,1
1749,0914,0,1
1750,0901,0,1
1750,0902,0,1
1750,0903,0,1
1750,0904,0,1
1750,0905,0,1
1750,0906,0,1
1750,0907,0,1
1750,0908,0,1
1750,0909,0,1
1750,0910,0,1
1750,0911,0,1
1750,0912,0,1
1750,0913,0,1
1750,0914,0,1
1751,0901,0,1
1751,0902,0,1
1751,0903,0,1
1751,0904,0,1
1751,0905,0,1
1751,0906,0,1
1751,0907,0,1
1751,0908,0,1
1751,0909,0,1
1751,0910,0,1
1751,0911,0,1
1751,0912,0,1
1751,0913,0,1
1751,0914,1,1
1752,0901,0,1
1752,0902,0,1
1752,0903,0,1
1752,0904,0,1
1752,0905,0,1
1752,0906,0,1
1752,0907,0,1
1752,0908,0,1
1752,0909,0,1
1752,0910,0,1
1752,0911,0,1
1752,0912,0,1
1752,0913,0,1
1752,0914,0,1
1753,0901,0,1
1753,0902,0,1
1753,0903,0,1
1753,0904,0,1
1753,0905,0,1
1753,0906,0,1
1753,0907,0,1
1753,0908,0,1
1753,0909,0,1
1753,0910,0,1
1753,0911,0,1
1753,0912,0,1
1753,0913,0,1
1753,0914,0,1
1754,0901,0,1
1754,0902,0,1
1754,0903,0,1
1754,0904,0,1
1754,0905,0,1
1754,0906,0,1
1754,0907,0,1
1754,0908,0,1
1754,0909,0,1
1754,0910,0,1
1754,0911,0,1
1754,0912,0,1
1754,0913,0,1
1754,0914,0,1
1755,0901,0,1
1755,0902,0,1
1755,0903,0,1
1755,0904,0,1
1755,0905,0,1
1755,0906,0,1
1755,0907,0,1
1755,0908,0,1
1755,0909,0,1
1755,0910,0,1
1755,0911,0,1
1755,0912,0,1
1755,0913,0,1
1755,0914,0,1
1756,0901,0,1
1756,0902,0,1
1756,0903,0,1
1756,0904,0,1
1756,0905,0,1
1756,0906,0,1
1756,0907,0,1
1756,0908,0,1
1756,0909,0,1
1756,0910,0,1
1756,0911,0,1
1756,0912,0,1
1756,0913,0,1
1756,0914,0,1
1757,0901,0,1
1757,0902,0,1
1757,0903,0,1
1757,0904,0,1
1757,0905,0,1
1757,0906,0,1
1757,0907,0,1
1757,0908,0,1
1757,0909,0,1
1757,0910,0,1
1757,0911,0,1
1757,0912,0,1
1757,0913,0,1
1757,0914,0,1
1758,0901,0,1
1758,0902,0,1
1758,0903,0,1
1758,0904,0,1
1758,0905,0,1
1758,0906,0,1
1758,0907,0,1
1758,0908,0,1
1758,0909,0,1
1758,0910,0,1
1758,0911,0,1
1758,0912,0,1
1758,0913,0,1
1758,0914,0,1
1759,0901,0,1
1759,0902,0,1
1759,0903,0,1
1759,0904,0,1
1759,0905,0,1
1759,0906,0,1
1759,0907,0,1
1759,0908,0,1
1759,0909,0,1
1759,0910,0,1
1759,0911,0,1
1759,0912,0,1
1759,0913,0,1
1759,0914,1,1
1760,0901,0,1
1760,0902,0,1
1760,0903,0,1
1760,0904,0,1
1760,0905,0,1
1760,0906,0,1
1760,0907,0,1
1760,0908,0,1
1760,0909,0,1
1760,0910,0,1
1760,0911,0,1
1760,0912,0,1
1760,0913,0,1
1760,0914,0,1
1761,0901,0,1
1761,0902,0,1
1761,0903,0,1
1761,0904,0,1
1761,0905,0,1
1761,0906,0,1
1761,0907,0,1
1761,0908,0,1
1761,0909,0,1
1761,0910,0,1
1761,0911,0,1
1761,0912,0,1
1761,0913,0,1
1761,0914,0,1
1762,0901,0,1
1762,0902,0,1
1762,0903,0,1
1762,0904,0,1
1762,0905,0,1
1762,0906,0,1
1762,0907,0,1
1762,0908,0,1
1762,0909,0,1
1762,0910,0,1
1762,0911,0,1
1762,0912,0,1
1762,0913,0,1
1762,0914,0,1
1763,0901,0,1
1763,0902,0,1
1763,0903,0,1
1763,0904,0,1
1763,0905,0,1
1763,0906,0,1
1763,0907,0,1
1763,0908,0,1
1763,0909,0,1
1763,0910,0,1
1763,0911,0,1
1763,0912,0,1
1763,0913,0,1
1763,0914,0,1
1764,0901,0,1
1764,0902,0,1
1764,0903,0,1
1764,0904,0,1
1764,0905,0,1
1764,0906,0,1
1764,0907,0,1
1764,0908,0,1
1764,0909,0,1
1764,0910,0,1
1764,0911,0,1
1764,0912,0,1
1764,0913,0,1
1764,0914,0,1
1765,0901,0,1
1765,0902,0,1
1765,0903,0,1
1765,0904,0,1
1765,0905,0,1
1765,0906,0,1
1765,0907,0,1
1765,0908,0,1
1765,0909,0,1
1765,0910,0,1
1765,0911,0,1
1765,0912,0,1
1765,0913,0,1
1765,0914,0,1
1766,0901,0,1
1766,0902,0,1
1766,0903,0,1
1766,0904,0,1
1766,0905,0,1
1766,0906,0,1
1766,0907,0,1
1766,0908,0,1
1766,0909,0,1
1766,0910,0,1
1766,0911,0,1
1766,0912,0,1
1766,0913,0,1
1766,0914,0,1
1767,0901,0,1
1767,0902,0,1
1767,0903,0,1
1767,0904,0,1
1767,0905,0,1
1767,0906,0,1
1767,0907,0,1
1767,0908,0,1
1767,0909,0,1
1767,0910,0,1
1767,0911,0,1
1767,0912,0,1
1767,0913,0,1
1767,0914,0,1
1768,0901,0,1
1768,0902,0,1
1768,0903,0,1
1768,0904,0,1
1768,0905,0,1
1768,0906,0,1
1768,0907,0,1
1768,0908,0,1
1768,0909,0,1
1768,0910,0,1
1768,0911,0,1
1768,0912,0,1
1768,0913,0,1
1768,0914,0,1
1769,0901,0,1
1769,0902,0,1
1769,0903,0,1
1769,0904,0,1
1769,0905,0,1
1769,0906,0,1
1769,0907,0,1
1769,0908,0,1
1769,0909,0,1
1769,0910,0,1
1769,0911,0,1
1769,0912,0,1
1769,0913,0,1
1769,0914,0,1
1770,0901,0,1
1770,0902,0,1
1770,0903,0,1
1770,0904,0,1
1770,0905,0,1
1770,0906,0,1
1770,0907,0,1
1770,0908,0,1
1770,0909,0,1
1770,0910,0,1
1770,0911,0,1
1770,0912,0,1
1770,0913,0,1
1770,0914,0,1
1771,0901,0,1
1771,0902,0,1
1771,0903,0,1
1771,0904,0,1
1771,0905,0,1
1771,0906,0,1
1771,0907,0,1
1771,0908,0,1
1771,0909,0,1
1771,0910,0,1
1771,0911,0,1
1771,0912,0,1
1771,0913,0,1
1771,0914,0,1
1772,0901,0,1
1772,0902,0,1
1772,0903,0,1
1772,0904,0,1
1772,0905,0,1
1772,0906,0,1
1772,0907,0,1
1772,0908,0,1
1772,0909,0,1
1772,0910,0,1
1772,0911,0,1
1772,0912,0,1
1772,0913,0,1
1772,0914,0,1
1773,0901,0,1
1773,0902,0,1
1773,0903,0,1
1773,0904,0,1
1773,0905,0,1
1773,0906,0,1
1773,0907,0,1
1773,0908,0,1
1773,0909,0,1
1773,0910,0,1
1773,0911,0,1
1773,0912,0,1
1773,0913,0,1
1773,0914,0,1
1774,0901,0,1
1774,0902,0,1
1774,0903,0,1
1774,0904,0,1
1774,0905,0,1
1774,0906,0,1
1774,0907,0,1
1774,0908,0,1
1774,0909,0,1
1774,0910,0,1
1774,0911,0,1
1774,0912,0,1
1774,0913,0,1
1774,0914,0,1
1775,0901,0,1
1775,0902,0,1
1775,0903,0,1
1775,0904,0,1
1775,0905,0,1
1775,0906,0,1
1775,0907,0,1
1775,0908,0,1
1775,0909,0,1
1775,0910,0,1
1775,0911,0,1
1775,0912,0,1
1775,0913,0,1
1775,0914,0,1
1776,0901,0,1
1776,0902,0,1
1776,0903,0,1
1776,0904,0,1
1776,0905,0,1
1776,0906,0,1
1776,0907,0,1
1776,0908,0,1
1776,0909,0,1
1776,0910,0,1
1776,0911,0,1
1776,0912,0,1
1776,0913,0,1
1776,0914,0,1
1777,0901,0,1
1777,0902,0,1
1777,0903,0,1
1777,0904,0,1
1777,0905,0,1
1777,0906,0,1
1777,0907,0,1
1777,0908,0,1
1777,0909,0,1
1777,0910,0,1
1777,0911,0,1
1777,0912,0,1
1777,0913,0,1
1777,0914,0,1
1778,0901,0,1
1778,0902,0,1
1778,0903,0,1
1778,0904,0,1
1778,0905,0,1
1778,0906,0,1
1778,0907,0,1
1778,0908,0,1
1778,0909,0,1
1778,0910,0,1
1778,0911,0,1
1778,0912,0,1
1778,0913,0,1
1778,0914,0,1
1779,0901,0,1
1779,0902,0,1
1779,0903,0,1
1779,0904,0,1
1779,0905,0,1
1779,0906,0,1
1779,0907,0,1
1779,0908,0,1
1779,0909,0,1
1779,0910,0,1
1779,0911,0,1
1779,0912,0,1
1779,0913,0,1
1779,0914,0,1
1780,0901,0,1
1780,0902,0,1
1780,0903,0,1
1780,0904,0,1
1780,0905,0,1
1780,0906,0,1
1780,0907,0,1
1780,0908,0,1
1780,0909,0,1
1780,0910,0,1
1780,0911,0,1
1780,0912,0,1
1780,0913,0,1
1780,0914,0,1
1781,0901,0,1
1781,0902,0,1
1781,0903,0,1
1781,0904,0,1
1781,0905,0,1
1781,0906,0,1
1781,0907,0,1
1781,0908,0,1
1781,0909,0,1
1781,0910,0,1
1781,0911,0,1
1781,0912,0,1
1781,0913,0,1
1781,0914,0,1
1782,0901,0,1
1782,0902,0,1
1782,0903,0,1
1782,0904,0,1
1782,0905,0,1
1782,0906,0,1
1782,0907,0,1
1782,0908,0,1
1782,0909,0,1
1782,0910,0,1
1782,0911,0,1
1782,0912,0,1
1782,0913,0,1
1782,0914,0,1
1783,0901,0,1
1783,0902,0,1
1783,0903,0,1
1783,0904,0,1
1783,0905,0,1
1783,0906,0,1
1783,0907,0,1
1783,0908,1,1
1783,0909,0,1
1783,0910,0,1
1783,0911,0,1
1783,0912,0,1
1783,0913,0,1
1783,0914,0,1
1784,0901,0,1
1784,0902,0,1
1784,0903,0,1
1784,0904,0,1
1784,0905,0,1
1784,0906,0,1
1784,0907,0,1
1784,0908,0,1
1784,0909,0,1
1784,0910,0,1
1784,0911,0,1
1784,0912,0,1
1784,0913,0,1
1784,0914,0,1
1785,0901,0,1
1785,0902,0,1
1785,0903,0,1
1785,0904,0,1
1785,0905,0,1
1785,0906,0,1
1785,0907,0,1
1785,0908,0,1
1785,0909,0,1
1785,0910,0,1
1785,0911,0,1
1785,0912,0,1
1785,0913,0,1
1785,0914,0,1
1786,0901,0,1
1786,0902,0,1
1786,0903,0,1
1786,0904,0,1
1786,0905,0,1
1786,0906,0,1
1786,0907,0,1
1786,0908,0,1
1786,0909,0,1
1786,0910,0,1
1786,0911,0,1
1786,0912,0,1
1786,0913,0,1
1786,0914,0,1
1787,0901,0,1
1787,0902,0,1
1787,0903,0,1
1787,0904,0,1
1787,0905,0,1
1787,0906,0,1
1787,0907,0,1
1787,0908,0,1
1787,0909,0,1
1787,0910,0,1
1787,0911,0,1
1787,0912,0,1
1787,0913,0,1
1787,0914,0,1
1788,0901,0,1
1788,0902,0,1
1788,0903,0,1
1788,0904,0,1
1788,0905,0,1
1788,0906,0,1
1788,0907,0,1
1788,0908,0,1
1788,0909,0,1
1788,0910,0,1
1788,0911,0,1
1788,0912,0,1
1788,0913,0,1
1788,0914,0,1
1789,0901,0,1
1789,0902,0,1
1789,0903,0,1
1789,0904,0,1
1789,0905,0,1
1789,0906,0,1
1789,0907,0,1
1789,0908,0,1
1789,0909,0,1
1789,0910,0,1
1789,0911,0,1
1789,0912,0,1
1789,0913,0,1
1789,0914,0,1
1790,0901,0,1
1790,0902,0,1
1790,0903,0,1
1790,0904,0,1
1790,0905,0,1
1790,0906,0,1
1790,0907,0,1
1790,0908,0,1
1790,0909,0,1
1790,0910,0,1
1790,0911,0,1
1790,0912,0,1
1790,0913,0,1
1790,0914,0,1
1791,0901,0,1
1791,0902,0,1
1791,0903,0,1
1791,0904,0,1
1791,0905,0,1
1791,0906,0,1
1791,0907,0,1
1791,0908,0,1
1791,0909,0,1
1791,0910,0,1
1791,0911,0,1
1791,0912,0,1
1791,0913,0,1
1791,0914,0,1
1792,0901,0,1
1792,0902,0,1
1792,0903,0,1
1792,0904,0,1
1792,0905,0,1
1792,0906,0,1
1792,0907,0,1
1792,0908,0,1
1792,0909,1,1
1792,0910,0,1
1792,0911,0,1
1792,0912,0,1
1792,0913,0,1
1792,0914,0,1
1793,0901,0,1
1793,0902,0,1
1793,0903,0,1
1793,0904,0,1
1793,0905,0,1
1793,0906,0,1
1793,0907,0,1
1793,0908,0,1
1793,0909,0,1
1793,0910,0,1
1793,0911,0,1
1793,0912,0,1
1793,0913,0,1
1793,0914,0,1
1794,0901,0,1
1794,0902,0,1
1794,0903,0,1
1794,0904,0,1
1794,0905,0,1
1794,0906,0,1
1794,0907,0,1
1794,0908,0,1
1794,0909,0,1
1794,0910,0,1
1794,0911,0,1
1794,0912,0,1
1794,0913,0,1
1794,0914,0,1
1795,0901,0,1
1795,0902,0,1
1795,0903,0,1
1795,0904,0,1
1795,0905,0,1
1795,0906,0,1
1795,0907,0,1
1795,0908,0,1
1795,0909,0,1
1795,0910,0,1
1795,0911,1,1
1795,0912,0,1
1795,0913,0,1
1795,0914,0,1
1796,0901,0,1
1796,0902,0,1
1796,0903,0,1
1796,0904,0,1
1796,0905,0,1
1796,0906,0,1
1796,0907,0,1
1796,0908,0,1
1796,0909,0,1
1796,0910,0,1
1796,0911,0,1
1796,0912,0,1
1796,0913,0,1
1796,0914,0,1
1797,0901,0,1
1797,0902,0,1
1797,0903,0,1
1797,0904,0,1
1797,0905,0,1
1797,0906,0,1
1797,0907,0,1
1797,0908,0,1
1797,0909,0,1
1797,0910,0,1
1797,0911,0,1
1797,0912,0,1
1797,0913,0,1
1797,0914,0,1
1798,0901,0,1
1798,0902,0,1
1798,0903,0,1
1798,0904,0,1
1798,0905,0,1
1798,0906,0,1
1798,0907,0,1
1798,0908,0,1
1798,0909,0,1
1798,0910,0,1
1798,0911,0,1
1798,0912,0,1
1798,0913,0,1
1798,0914,0,1
1799,0901,0,1
1799,0902,0,1
1799,0903,0,1
1799,0904,0,1
1799,0905,0,1
1799,0906,0,1
1799,0907,0,1
1799,0908,0,1
1799,0909,0,1
1799,0910,0,1
1799,0911,0,1
1799,0912,0,1
1799,0913,0,1
1799,0914,0,1
1800,0901,0,1
1800,0902,0,1
1800,0903,0,1
1800,0904,0,1
1800,0905,0,1
1800,0906,0,1
1800,0907,0,1
1800,0908,0,1
1800,0909,0,1
1800,0910,0,1
1800,0911,0,1
1800,0912,0,1
1800,0913,0,1
1800,0914,0,1
1801,0901,0,1
1801,0902,0,1
1801,0903,0,1
1801,0904,0,1
1801,0905,0,1
1801,0906,0,1
1801,0907,0,1
1801,0908,0,1
1801,0909,0,1
1801,0910,0,1
1801,0911,0,1
1801,0912,0,1
1801,0913,0,1
1801,0914,0,1
1802,0901,0,1
1802,0902,0,1
1802,0903,0,1
1802,0904,0,1
1802,0905,0,1
1802,0906,0,1
1802,0907,0,1
1802,0908,0,1
1802,0909,0,1
1802,0910,0,1
1802,0911,0,1
1802,0912,0,1
1802,0913,0,1
1802,0914,0,1
1803,0901,0,1
1803,0902,0,1
1803,0903,0,1
1803,0904,0,1
1803,0905,0,1
1803,0906,0,1
1803,0907,0,1
1803,0908,0,1
1803,0909,0,1
1803,0910,0,1
1803,0911,0,1
1803,0912,0,1
1803,0913,0,1
1803,0914,0,1
1804,0901,0,1
1804,0902,0,1
1804,0903,0,1
1804,0904,0,1
1804,0905,0,1
1804,0906,0,1
1804,0907,0,1
1804,0908,0,1
1804,0909,0,1
1804,0910,0,1
1804,0911,0,1
1804,0912,0,1
1804,0913,0,1
1804,0914,0,1
1805,0901,0,1
1805,0902,0,1
1805,0903,0,1
1805,0904,0,1
1805,0905,0,1
1805,0906,0,1
1805,0907,0,1
1805,0908,0,1
1805,0909,0,1
1805,0910,0,1
1805,0911,0,1
1805,0912,0,1
1805,0913,0,1
1805,0914,0,1
1806,0901,0,1
1806,0902,0,1
1806,0903,0,1
1806,0904,0,1
1806,0905,0,1
1806,0906,0,1
1806,0907,0,1
1806,0908,0,1
1806,0909,0,1
1806,0910,0,1
1806,0911,0,1
1806,0912,0,1
1806,0913,0,1
1806,0914,0,1
1807,0901,0,1
1807,0902,0,1
1807,0903,0,1
1807,0904,0,1
1807,0905,0,1
1807,0906,0,1
1807,0907,0,1
1807,0908,0,1
1807,0909,1,1
1807,0910,0,1
1807,0911,0,1
1807,0912,0,1
1807,0913,0,1
1807,0914,0,1
1808,0901,0,1
1808,0902,0,1
1808,0903,0,1
1808,0904,0,1
1808,0905,0,1
1808,0906,0,1
1808,0907,0,1
1808,0908,0,1
1808,0909,0,1
1808,0910,0,1
1808,0911,0,1
1808,0912,0,1
1808,0913,0,1
1808,0914,0,1
1809,0901,0,1
1809,0902,0,1
1809,0903,0,1
1809,0904,0,1
1809,0905,0,1
1809,0906,0,1
1809,0907,0,1
1809,0908,0,1
1809,0909,0,1
1809,0910,0,1
1809,0911,0,1
1809,0912,0,1
1809,0913,0,1
1809,0914,0,1
1810,0901,0,1
1810,0902,0,1
1810,0903,0,1
1810,0904,0,1
1810,0905,0,1
1810,0906,0,1
1810,0907,0,1
1810,0908,0,1
1810,0909,0,1
1810,0910,0,1
1810,0911,1,1
1810,0912,0,1
1810,0913,0,1
1810,0914,0,1
1811,0901,0,1
1811,0902,0,1
1811,0903,0,1
1811,0904,0,1
1811,0905,0,1
1811,0906,0,1
1811,0907,0,1
1811,0908,0,1
1811,0909,0,1
1811,0910,0,1
1811,0911,0,1
1811,0912,0,1
1811,0913,0,1
1811,0914,0,1
1812,0901,0,1
1812,0902,0,1
1812,0903,0,1
1812,0904,0,1
1812,0905,0,1
1812,0906,0,1
1812,0907,0,1
1812,0908,0,1
1812,0909,0,1
1812,0910,0,1
1812,0911,0,1
1812,0912,0,1
1812,0913,0,1
1812,0914,0,1
1813,0901,0,1
1813,0902,0,1
1813,0903,0,1
1813,0904,0,1
1813,0905,0,1
1813,0906,0,1
1813,0907,0,1
1813,0908,0,1
1813,0909,0,1
1813,0910,0,1
1813,0911,0,1
1813,0912,0,1
1813,0913,0,1
1813,0914,0,1
1814,0901,0,1
1814,0902,0,1
1814,0903,0,1
1814,0904,0,1
1814,0905,0,1
1814,0906,0,1
1814,0907,0,1
1814,0908,0,1
1814,0909,0,1
1814,0910,0,1
1814,0911,0,1
1814,0912,0,1
1814,0913,1,1
1814,0914,0,1
1815,0901,0,1
1815,0902,0,1
1815,0903,0,1
1815,0904,0,1
1815,0905,0,1
1815,0906,0,1
1815,0907,0,1
1815,0908,0,1
1815,0909,0,1
1815,0910,0,1
1815,0911,0,1
1815,0912,0,1
1815,0913,0,1
1815,0914,0,1
1816,0901,0,1
1816,0902,0,1
1816,0903,0,1
1816,0904,0,1
1816,0905,0,1
1816,0906,0,1
1816,0907,0,1
1816,0908,0,1
1816,0909,0,1
1816,0910,0,1
1816,0911,0,1
1816,0912,0,1
1816,0913,0,1
1816,0914,0,1
1817,0901,0,1
1817,0902,0,1
1817,0903,0,1
1817,0904,0,1
1817,0905,0,1
1817,0906,0,1
1817,0907,0,1
1817,0908,0,1
1817,0909,0,1
1817,0910,0,1
1817,0911,0,1
1817,0912,0,1
1817,0913,0,1
1817,0914,0,1
1818,0901,0,1
1818,0902,0,1
1818,0903,0,1
1818,0904,0,1
1818,0905,0,1
1818,0906,0,1
1818,0907,0,1
1818,0908,0,1
1818,0909,0,1
1818,0910,0,1
1818,0911,0,1
1818,0912,1,1
1818,0913,1,1
1818,0914,0,1
1819,0901,0,1
1819,0902,0,1
1819,0903,0,1
1819,0904,0,1
1819,0905,0,1
1819,0906,0,1
1819,0907,0,1
1819,0908,0,1
1819,0909,0,1
1819,0910,0,1
1819,0911,0,1
1819,0912,0,1
1819,0913,0,1
1819,0914,0,1
1820,0901,0,1
1820,0902,0,1
1820,0903,0,1
1820,0904,0,1
1820,0905,0,1
1820,0906,0,1
1820,0907,0,1
1820,0908,0,1
1820,0909,0,1
1820,0910,0,1
1820,0911,0,1
1820,0912,0,1
1820,0913,0,1
1820,0914,0,1
1821,0901,0,1
1821,0902,0,1
1821,0903,0,1
1821,0904,0,1
1821,0905,0,1
1821,0906,0,1
1821,0907,0,1
1821,0908,0,1
1821,0909,0,1
1821,0910,0,1
1821,0911,0,1
1821,0912,0,1
1821,0913,0,1
1821,0914,0,1
1822,0901,0,1
1822,0902,0,1
1822,0903,0,1
1822,0904,0,1
1822,0905,0,1
1822,0906,0,1
1822,0907,0,1
1822,0908,0,1
1822,0909,0,1
1822,0910,0,1
1822,0911,0,1
1822,0912,0,1
1822,0913,0,1
1822,0914,0,1
1823,0901,0,1
1823,0902,0,1
1823,0903,0,1
1823,0904,0,1
1823,0905,0,1
1823,0906,0,1
1823,0907,0,1
1823,0908,0,1
1823,0909,0,1
1823,0910,0,1
1823,0911,1,1
1823,0912,0,1
1823,0913,0,1
1823,0914,0,1
1824,0901,0,1
1824,0902,0,1
1824,0903,0,1
1824,0904,0,1
1824,0905,0,1
1824,0906,0,1
1824,0907,0,1
1824,0908,0,1
1824,0909,0,1
1824,0910,0,1
1824,0911,0,1
1824,0912,0,1
1824,0913,0,1
1824,0914,0,1
1825,0901,0,1
1825,0902,0,1
1825,0903,0,1
1825,0904,0,1
1825,0905,0,1
1825,0906,0,1
1825,0907,0,1
1825,0908,0,1
1825,0909,0,1
1825,0910,0,1
1825,0911,0,1
1825,0912,0,1
1825,0913,0,1
1825,0914,0,1
1826,0901,0,1
1826,0902,0,1
1826,0903,0,1
1826,0904,0,1
1826,0905,0,1
1826,0906,0,1
1826,0907,0,1
1826,0908,0,1
1826,0909,0,1
1826,0910,0,1
1826,0911,0,1
1826,0912,0,1
1826,0913,0,1
1826,0914,0,1
1827,0901,0,1
1827,0902,0,1
1827,0903,0,1
1827,0904,0,1
1827,0905,0,1
1827,0906,0,1
1827,0907,0,1
1827,0908,0,1
1827,0909,0,1
1827,0910,0,1
1827,0911,0,1
1827,0912,0,1
1827,0913,0,1
1827,0914,0,1
1828,0901,0,1
1828,0902,0,1
1828,0903,0,1
1828,0904,0,1
1828,0905,0,1
1828,0906,0,1
1828,0907,0,1
1828,0908,0,1
1828,0909,0,1
1828,0910,0,1
1828,0911,0,1
1828,0912,0,1
1828,0913,0,1
1828,0914,0,1
1829,0901,0,1
1829,0902,0,1
1829,0903,0,1
1829,0904,0,1
1829,0905,0,1
1829,0906,0,1
1829,0907,0,1
1829,0908,0,1
1829,0909,0,1
1829,0910,0,1
1829,0911,0,1
1829,0912,0,1
1829,0913,0,1
1829,0914,0,1
1830,0901,0,1
1830,0902,0,1
1830,0903,0,1
1830,0904,0,1
1830,0905,0,1
1830,0906,0,1
1830,0907,0,1
1830,0908,0,1
1830,0909,0,1
1830,0910,0,1
1830,0911,0,1
1830,0912,0,1
1830,0913,0,1
1830,0914,0,1
1831,0901,0,1
1831,0902,0,1
1831,0903,0,1
1831,0904,0,1
1831,0905,0,1
1831,0906,0,1
1831,0907,0,1
1831,0908,0,1
1831,0909,0,1
1831,0910,0,1
1831,0911,0,1
1831,0912,0,1
1831,0913,0,1
1831,0914,0,1
1832,0901,0,1
1832,0902,0,1
1832,0903,0,1
1832,0904,0,1
1832,0905,0,1
1832,0906,0,1
1832,0907,0,1
1832,0908,0,1
1832,0909,0,1
1832,0910,0,1
1832,0911,0,1
1832,0912,0,1
1832,0913,0,1
1832,0914,1,1
1833,0901,0,1
1833,0902,0,1
1833,0903,0,1
1833,0904,0,1
1833,0905,0,1
1833,0906,0,1
1833,0907,0,1
1833,0908,0,1
1833,0909,0,1
1833,0910,0,1
1833,0911,0,1
1833,0912,0,1
1833,0913,0,1
1833,0914,0,1
1834,0901,0,1
1834,0902,0,1
1834,0903,0,1
1834,0904,0,1
1834,0905,0,1
1834,0906,0,1
1834,0907,0,1
1834,0908,0,1
1834,0909,0,1
1834,0910,0,1
1834,0911,0,1
1834,0912,0,1
1834,0913,0,1
1834,0914,0,1
1835,0901,0,1
1835,0902,0,1
1835,0903,0,1
1835,0904,0,1
1835,0905,0,1
1835,0906,0,1
1835,0907,0,1
1835,0908,0,1
1835,0909,0,1
1835,0910,0,1
1835,0911,0,1
1835,0912,0,1
1835,0913,0,1
1835,0914,0,1
1836,0901,0,1
1836,0902,0,1
1836,0903,0,1
1836,0904,0,1
1836,0905,0,1
1836,0906,0,1
1836,0907,0,1
1836,0908,0,1
1836,0909,0,1
1836,0910,0,1
1836,0911,0,1
1836,0912,0,1
1836,0913,0,1
1836,0914,0,1
1837,0901,0,1
1837,0902,0,1
1837,0903,0,1
1837,0904,0,1
1837,0905,0,1
1837,0906,0,1
1837,0907,0,1
1837,0908,0,1
1837,0909,0,1
1837,0910,0,1
1837,0911,0,1
1837,0912,0,1
1837,0913,0,1
1837,0914,0,1
1838,0901,0,1
1838,0902,0,1
1838,0903,0,1
1838,0904,0,1
1838,0905,0,1
1838,0906,0,1
1838,0907,0,1
1838,0908,0,1
1838,0909,0,1
1838,0910,0,1
1838,0911,0,1
1838,0912,0,1
1838,0913,0,1
1838,0914,0,1
1839,0901,0,1
1839,0902,0,1
1839,0903,0,1
1839,0904,0,1
1839,0905,0,1
1839,0906,0,1
1839,0907,0,1
1839,0908,0,1
1839,0909,0,1
1839,0910,0,1
1839,0911,0,1
1839,0912,0,1
1839,0913,0,1
1839,0914,0,1
1840,0901,0,1
1840,0902,0,1
1840,0903,0,1
1840,0904,0,1
1840,0905,0,1
1840,0906,0,1
1840,0907,0,1
1840,0908,0,1
1840,0909,0,1
1840,0910,0,1
1840,0911,0,1
1840,0912,0,1
1840,0913,0,1
1840,0914,0,1
1841,0901,0,1
1841,0902,0,1
1841,0903,0,1
1841,0904,0,1
1841,0905,0,1
1841,0906,0,1
1841,0907,0,1
1841,0908,0,1
1841,0909,0,1
1841,0910,0,1
1841,0911,0,1
1841,0912,0,1
1841,0913,0,1
1841,0914,0,1
1842,0901,0,1
1842,0902,0,1
1842,0903,0,1
1842,0904,0,1
1842,0905,0,1
1842,0906,0,1
1842,0907,0,1
1842,0908,0,1
1842,0909,0,1
1842,0910,0,1
1842,0911,0,1
1842,0912,0,1
1842,0913,0,1
1842,0914,0,1
1843,0901,0,1
1843,0902,0,1
1843,0903,0,1
1843,0904,0,1
1843,0905,0,1
1843,0906,0,1
1843,0907,0,1
1843,0908,0,1
1843,0909,0,1
1843,0910,0,1
1843,0911,0,1
1843,0912,0,1
1843,0913,0,1
1843,0914,0,1
1844,0901,0,1
1844,0902,0,1
1844,0903,0,1
1844,0904,0,1
1844,0905,0,1
1844,0906,0,1
1844,0907,0,1
1844,0908,0,1
1844,0909,0,1
1844,0910,0,1
1844,0911,0,1
1844,0912,0,1
1844,0913,0,1
1844,0914,0,1
1845,0901,0,1
1845,0902,0,1
1845,0903,0,1
1845,0904,0,1
1845,0905,0,1
1845,0906,0,1
1845,0907,0,1
1845,0908,0,1
1845,0909,0,1
1845,0910,0,1
1845,0911,0,1
1845,0912,0,1
1845,0913,0,1
1845,0914,0,1
1846,0901,0,1
1846,0902,0,1
1846,0903,0,1
1846,0904,0,1
1846,0905,0,1
1846,0906,0,1
1846,0907,0,1
1846,0908,0,1
1846,0909,0,1
1846,0910,0,1
1846,0911,0,1
1846,0912,0,1
1846,0913,0,1
1846,0914,0,1
1847,0901,0,1
1847,0902,0,1
1847,0903,0,1
1847,0904,0,1
1847,0905,0,1
1847,0906,0,1
1847,0907,0,1
1847,0908,0,1
1847,0909,0,1
1847,0910,0,1
1847,0911,0,1
1847,0912,0,1
1847,0913,0,1
1847,0914,0,1
1848,0901,0,1
1848,0902,0,1
1848,0903,0,1
1848,0904,0,1
1848,0905,0,1
1848,0906,0,1
1848,0907,0,1
1848,0908,0,1
1848,0909,0,1
1848,0910,1,1
1848,0911,0,1
1848,0912,0,1
1848,0913,0,1
1848,0914,0,1
1849,0901,0,1
1849,0902,0,1
1849,0903,0,1
1849,0904,0,1
1849,0905,0,1
1849,0906,0,1
1849,0907,0,1
1849,0908,0,1
1849,0909,1,1
1849,0910,0,1
1849,0911,0,1
1849,0912,0,1
1849,0913,1,1
1849,0914,0,1
1850,0901,0,1
1850,0902,0,1
1850,0903,0,1
1850,0904,0,1
1850,0905,0,1
1850,0906,0,1
1850,0907,0,1
1850,0908,0,1
1850,0909,0,1
1850,0910,0,1
1850,0911,0,1
1850,0912,0,1
1850,0913,0,1
1850,0914,0,1
1851,0901,0,1
1851,0902,0,1
1851,0903,0,1
1851,0904,0,1
1851,0905,0,1
1851,0906,0,1
1851,0907,0,1
1851,0908,0,1
1851,0909,0,1
1851,0910,0,1
1851,0911,0,1
1851,0912,1,1
1851,0913,0,1
1851,0914,0,1
1852,0901,0,1
1852,0902,0,1
1852,0903,0,1
1852,0904,0,1
1852,0905,0,1
1852,0906,0,1
1852,0907,0,1
1852,0908,0,1
1852,0909,0,1
1852,0910,0,1
1852,0911,0,1
1852,0912,0,1
1852,0913,0,1
1852,0914,1,1
1853,0901,0,1
1853,0902,0,1
1853,0903,0,1
1853,0904,0,1
1853,0905,0,1
1853,0906,0,1
1853,0907,0,1
1853,0908,0,1
1853,0909,0,1
1853,0910,0,1
1853,0911,0,1
1853,0912,0,1
1853,0913,0,1
1853,0914,0,1
1854,0901,0,1
1854,0902,0,1
1854,0903,0,1
1854,0904,0,1
1854,0905,0,1
1854,0906,0,1
1854,0907,0,1
1854,0908,0,1
1854,0909,0,1
1854,0910,0,1
1854,0911,0,1
1854,0912,0,1
1854,0913,0,1
1854,0914,0,1
1855,0901,0,1
1855,0902,0,1
1855,0903,0,1
1855,0904,0,1
1855,0905,0,1
1855,0906,0,1
1855,0907,0,1
1855,0908,0,1
1855,0909,0,1
1855,0910,0,1
1855,0911,0,1
1855,0912,0,1
1855,0913,0,1
1855,0914,0,1
1856,0901,0,1
1856,0902,0,1
1856,0903,0,1
1856,0904,0,1
1856,0905,0,1
1856,0906,0,1
1856,0907,0,1
1856,0908,0,1
1856,0909,0,1
1856,0910,0,1
1856,0911,0,1
1856,0912,0,1
1856,0913,0,1
1856,0914,0,1
1857,0901,0,1
1857,0902,0,1
1857,0903,0,1
1857,0904,0,1
1857,0905,0,1
1857,0906,0,1
1857,0907,0,1
1857,0908,0,1
1857,0909,0,1
1857,0910,0,1
1857,0911,0,1
1857,0912,0,1
1857,0913,0,1
1857,0914,0,1
1858,0901,0,1
1858,0902,0,1
1858,0903,0,1
1858,0904,0,1
1858,0905,0,1
1858,0906,0,1
1858,0907,0,1
1858,0908,0,1
1858,0909,0,1
1858,0910,0,1
1858,0911,0,1
1858,0912,0,1
1858,0913,0,1
1858,0914,0,1
1859,0901,0,1
1859,0902,0,1
1859,0903,0,1
1859,0904,0,1
1859,0905,0,1
1859,0906,0,1
1859,0907,0,1
1859,0908,0,1
1859,0909,0,1
1859,0910,0,1
1859,0911,0,1
1859,0912,0,1
1859,0913,1,1
1859,0914,0,1
1860,0901,0,1
1860,0902,0,1
1860,0903,0,1
1860,0904,0,1
1860,0905,0,1
1860,0906,0,1
1860,0907,0,1
1860,0908,0,1
1860,0909,0,1
1860,0910,0,1
1860,0911,0,1
1860,0912,0,1
1860,0913,0,1
1860,0914,0,1
1861,0901,0,1
1861,0902,0,1
1861,0903,0,1
1861,0904,0,1
1861,0905,0,1
1861,0906,0,1
1861,0907,0,1
1861,0908,0,1
1861,0909,0,1
1861,0910,0,1
1861,0911,0,1
1861,0912,0,1
1861,0913,0,1
1861,0914,0,1
1862,0901,0,1
1862,0902,0,1
1862,0903,0,1
1862,0904,0,1
1862,0905,0,1
1862,0906,0,1
1862,0907,0,1
1862,0908,0,1
1862,0909,0,1
1862,0910,0,1
1862,0911,0,1
1862,0912,0,1
1862,0913,0,1
1862,0914,0,1
1863,0901,0,1
1863,0902,0,1
1863,0903,0,1
1863,0904,0,1
1863,0905,0,1
1863,0906,0,1
1863,0907,0,1
1863,0908,0,1
1863,0909,0,1
1863,0910,0,1
1863,0911,0,1
1863,0912,1,1
1863,0913,0,1
1863,0914,0,1
1864,0901,0,1
1864,0902,0,1
1864,0903,0,1
1864,0904,0,1
1864,0905,0,1
1864,0906,0,1
1864,0907,0,1
1864,0908,0,1
1864,0909,0,1
1864,0910,0,1
1864,0911,0,1
1864,0912,0,1
1864,0913,0,1
1864,0914,0,1
1865,0901,0,1
1865,0902,0,1
1865,0903,0,1
1865,0904,0,1
1865,0905,0,1
1865,0906,0,1
1865,0907,0,1
1865,0908,0,1
1865,0909,0,1
1865,0910,0,1
1865,0911,0,1
1865,0912,0,1
1865,0913,0,1
1865,0914,0,1
1866,0901,0,1
1866,0902,0,1
1866,0903,0,1
1866,0904,0,1
1866,0905,0,1
1866,0906,0,1
1866,0907,0,1
1866,0908,0,1
1866,0909,0,1
1866,0910,0,1
1866,0911,0,1
1866,0912,1,1
1866,0913,0,1
1866,0914,0,1
1867,0901,0,1
1867,0902,0,1
1867,0903,0,1
1867,0904,0,1
1867,0905,0,1
1867,0906,0,1
1867,0907,0,1
1867,0908,0,1
1867,0909,0,1
1867,0910,0,1
1867,0911,0,1
1867,0912,0,1
1867,0913,0,1
1867,0914,0,1
1868,0901,0,1
1868,0902,0,1
1868,0903,0,1
1868,0904,0,1
1868,0905,0,1
1868,0906,0,1
1868,0907,0,1
1868,0908,0,1
1868,0909,0,1
1868,0910,0,1
1868,0911,0,1
1868,0912,0,1
1868,0913,0,1
1868,0914,0,1
1869,0901,0,1
1869,0902,0,1
1869,0903,0,1
1869,0904,0,1
1869,0905,0,1
1869,0906,0,1
1869,0907,0,1
1869,0908,0,1
1869,0909,0,1
1869,0910,0,1
1869,0911,0,1
1869,0912,0,1
1869,0913,0,1
1869,0914,0,1
1870,0901,0,1
1870,0902,0,1
1870,0903,0,1
1870,0904,0,1
1870,0905,0,1
1870,0906,0,1
1870,0907,0,1
1870,0908,0,1
1870,0909,0,1
1870,0910,0,1
1870,0911,0,1
1870,0912,0,1
1870,0913,0,1
1870,0914,0,1
1871,0901,0,1
1871,0902,0,1
1871,0903,0,1
1871,0904,0,1
1871,0905,0,1
1871,0906,0,1
1871,0907,0,1
1871,0908,0,1
1871,0909,0,1
1871,0910,0,1
1871,0911,0,1
1871,0912,0,1
1871,0913,0,1
1871,0914,1,1
1872,0901,0,1
1872,0902,0,1
1872,0903,0,1
1872,0904,0,1
1872,0905,0,1
1872,0906,0,1
1872,0907,0,1
1872,0908,0,1
1872,0909,0,1
1872,0910,0,1
1872,0911,0,1
1872,0912,0,1
1872,0913,0,1
1872,0914,0,1
1873,0901,0,1
1873,0902,0,1
1873,0903,0,1
1873,0904,0,1
1873,0905,0,1
1873,0906,0,1
1873,0907,0,1
1873,0908,0,1
1873,0909,0,1
1873,0910,0,1
1873,0911,0,1
1873,0912,0,1
1873,0913,0,1
1873,0914,0,1
1874,0901,0,1
1874,0902,0,1
1874,0903,0,1
1874,0904,0,1
1874,0905,0,1
1874,0906,0,1
1874,0907,0,1
1874,0908,0,1
1874,0909,0,1
1874,0910,0,1
1874,0911,0,1
1874,0912,0,1
1874,0913,0,1
1874,0914,0,1
1875,0901,0,1
1875,0902,0,1
1875,0903,0,1
1875,0904,0,1
1875,0905,0,1
1875,0906,0,1
1875,0907,0,1
1875,0908,0,1
1875,0909,0,1
1875,0910,0,1
1875,0911,0,1
1875,0912,0,1
1875,0913,0,1
1875,0914,0,1
1876,0901,0,1
1876,0902,0,1
1876,0903,0,1
1876,0904,0,1
1876,0905,0,1
1876,0906,0,1
1876,0907,0,1
1876,0908,0,1
1876,0909,0,1
1876,0910,0,1
1876,0911,0,1
1876,0912,0,1
1876,0913,0,1
1876,0914,1,1
1877,0901,0,1
1877,0902,0,1
1877,0903,0,1
1877,0904,0,1
1877,0905,0,1
1877,0906,0,1
1877,0907,0,1
1877,0908,0,1
1877,0909,0,1
1877,0910,0,1
1877,0911,0,1
1877,0912,0,1
1877,0913,0,1
1877,0914,0,1
1878,0901,0,1
1878,0902,0,1
1878,0903,0,1
1878,0904,0,1
1878,0905,0,1
1878,0906,0,1
1878,0907,0,1
1878,0908,0,1
1878,0909,0,1
1878,0910,0,1
1878,0911,0,1
1878,0912,0,1
1878,0913,0,1
1878,0914,0,1
1879,0901,0,1
1879,0902,0,1
1879,0903,0,1
1879,0904,0,1
1879,0905,0,1
1879,0906,0,1
1879,0907,0,1
1879,0908,0,1
1879,0909,0,1
1879,0910,0,1
1879,0911,1,1
1879,0912,0,1
1879,0913,0,1
1879,0914,0,1
1880,0901,0,1
1880,0902,0,1
1880,0903,0,1
1880,0904,0,1
1880,0905,0,1
1880,0906,0,1
1880,0907,0,1
1880,0908,0,1
1880,0909,0,1
1880,0910,0,1
1880,0911,0,1
1880,0912,0,1
1880,0913,1,1
1880,0914,0,1
1881,0901,0,1
1881,0902,0,1
1881,0903,0,1
1881,0904,0,1
1881,0905,0,1
1881,0906,0,1
1881,0907,0,1
1881,0908,0,1
1881,0909,0,1
1881,0910,0,1
1881,0911,0,1
1881,0912,0,1
1881,0913,0,1
1881,0914,0,1
1882,0901,0,1
1882,0902,0,1
1882,0903,0,1
1882,0904,0,1
1882,0905,0,1
1882,0906,0,1
1882,0907,0,1
1882,0908,0,1
1882,0909,0,1
1882,0910,0,1
1882,0911,0,1
1882,0912,0,1
1882,0913,0,1
1882,0914,0,1
1883,0901,0,1
1883,0902,0,1
1883,0903,0,1
1883,0904,0,1
1883,0905,0,1
1883,0906,0,1
1883,0907,0,1
1883,0908,0,1
1883,0909,0,1
1883,0910,0,1
1883,0911,0,1
1883,0912,0,1
1883,0913,0,1
1883,0914,0,1
1884,0901,0,1
1884,0902,0,1
1884,0903,0,1
1884,0904,0,1
1884,0905,0,1
1884,0906,0,1
1884,0907,0,1
1884,0908,0,1
1884,0909,0,1
1884,0910,0,1
1884,0911,0,1
1884,0912,0,1
1884,0913,0,1
1884,0914,0,1
1885,0901,0,1
1885,0902,0,1
1885,0903,0,1
1885,0904,0,1
1885,0905,0,1
1885,0906,0,1
1885,0907,0,1
1885,0908,0,1
1885,0909,0,1
1885,0910,0,1
1885,0911,0,1
1885,0912,0,1
1885,0913,0,1
1885,0914,0,1
1886,0901,0,1
1886,0902,0,1
1886,0903,0,1
1886,0904,0,1
1886,0905,0,1
1886,0906,0,1
1886,0907,0,1
1886,0908,0,1
1886,0909,0,1
1886,0910,0,1
1886,0911,0,1
1886,0912,0,1
1886,0913,0,1
1886,0914,0,1
1887,0901,0,1
1887,0902,0,1
1887,0903,0,1
1887,0904,0,1
1887,0905,0,1
1887,0906,0,1
1887,0907,0,1
1887,0908,0,1
1887,0909,0,1
1887,0910,0,1
1887,0911,0,1
1887,0912,0,1
1887,0913,0,1
1887,0914,0,1
1888,0901,0,1
1888,0902,0,1
1888,0903,0,1
1888,0904,0,1
1888,0905,0,1
1888,0906,0,1
1888,0907,0,1
1888,0908,0,1
1888,0909,0,1
1888,0910,0,1
1888,0911,0,1
1888,0912,0,1
1888,0913,0,1
1888,0914,1,1
1889,0901,0,1
1889,0902,0,1
1889,0903,0,1
1889,0904,0,1
1889,0905,0,1
1889,0906,0,1
1889,0907,0,1
1889,0908,0,1
1889,0909,0,1
1889,0910,0,1
1889,0911,0,1
1889,0912,0,1
1889,0913,0,1
1889,0914,0,1
1890,0901,0,1
1890,0902,0,1
1890,0903,0,1
1890,0904,0,1
1890,0905,0,1
1890,0906,0,1
1890,0907,0,1
1890,0908,0,1
1890,0909,0,1
1890,0910,0,1
1890,0911,0,1
1890,0912,1,1
1890,0913,0,1
1890,0914,0,1
1891,0901,0,1
1891,0902,0,1
1891,0903,0,1
1891,0904,0,1
1891,0905,0,1
1891,0906,0,1
1891,0907,0,1
1891,0908,0,1
1891,0909,0,1
1891,0910,0,1
1891,0911,0,1
1891,0912,0,1
1891,0913,0,1
1891,0914,0,1
1892,0901,0,1
1892,0902,0,1
1892,0903,0,1
1892,0904,0,1
1892,0905,0,1
1892,0906,0,1
1892,0907,0,1
1892,0908,0,1
1892,0909,0,1
1892,0910,0,1
1892,0911,0,1
1892,0912,0,1
1892,0913,0,1
1892,0914,0,1
1893,0901,0,1
1893,0902,0,1
1893,0903,0,1
1893,0904,0,1
1893,0905,0,1
1893,0906,0,1
1893,0907,0,1
1893,0908,0,1
1893,0909,0,1
1893,0910,0,1
1893,0911,0,1
1893,0912,0,1
1893,0913,0,1
1893,0914,0,1
1894,0901,0,1
1894,0902,0,1
1894,0903,0,1
1894,0904,0,1
1894,0905,0,1
1894,0906,0,1
1894,0907,0,1
1894,0908,0,1
1894,0909,0,1
1894,0910,0,1
1894,0911,0,1
1894,0912,0,1
1894,0913,0,1
1894,0914,0,1
1895,0901,0,1
1895,0902,0,1
1895,0903,0,1
1895,0904,0,1
1895,0905,0,1
1895,0906,0,1
1895,0907,0,1
1895,0908,0,1
1895,0909,0,1
1895,0910,0,1
1895,0911,1,1
1895,0912,0,1
1895,0913,0,1
1895,0914,0,1
1896,0901,0,1
1896,0902,0,1
1896,0903,0,1
1896,0904,0,1
1896,0905,0,1
1896,0906,0,1
1896,0907,0,1
1896,0908,0,1
1896,0909,0,1
1896,0910,0,1
1896,0911,0,1
1896,0912,0,1
1896,0913,0,1
1896,0914,0,1
1897,0901,0,1
1897,0902,0,1
1897,0903,0,1
1897,0904,0,1
1897,0905,0,1
1897,0906,0,1
1897,0907,0,1
1897,0908,0,1
1897,0909,1,1
1897,0910,0,1
1897,0911,0,1
1897,0912,0,1
1897,0913,0,1
1897,0914,0,1
1898,0901,0,1
1898,0902,0,1
1898,0903,0,1
1898,0904,0,1
1898,0905,0,1
1898,0906,0,1
1898,0907,0,1
1898,0908,0,1
1898,0909,0,1
1898,0910,0,1
1898,0911,1,1
1898,0912,0,1
1898,0913,0,1
1898,0914,0,1
1899,0901,0,1
1899,0902,0,1
1899,0903,0,1
1899,0904,0,1
1899,0905,0,1
1899,0906,0,1
1899,0907,0,1
1899,0908,0,1
1899,0909,0,1
1899,0910,0,1
1899,0911,0,1
1899,0912,0,1
1899,0913,0,1
1899,0914,0,1
1900,0901,0,1
1900,0902,0,1
1900,0903,0,1
1900,0904,0,1
1900,0905,0,1
1900,0906,0,1
1900,0907,0,1
1900,0908,0,1
1900,0909,0,1
1900,0910,0,1
1900,0911,0,1
1900,0912,0,1
1900,0913,0,1
1900,0914,0,1
1901,0901,0,1
1901,0902,0,1
1901,0903,0,1
1901,0904,0,1
1901,0905,0,1
1901,0906,0,1
1901,0907,0,1
1901,0908,0,1
1901,0909,0,1
1901,0910,0,1
1901,0911,0,1
1901,0912,0,1
1901,0913,0,1
1901,0914,0,1
1902,0901,0,1
1902,0902,0,1
1902,0903,0,1
1902,0904,0,1
1902,0905,0,1
1902,0906,0,1
1902,0907,0,1
1902,0908,0,1
1902,0909,0,1
1902,0910,0,1
1902,0911,0,1
1902,0912,0,1
1902,0913,0,1
1902,0914,0,1
1903,0901,0,1
1903,0902,0,1
1903,0903,0,1
1903,0904,0,1
1903,0905,0,1
1903,0906,0,1
1903,0907,0,1
1903,0908,0,1
1903,0909,0,1
1903,0910,0,1
1903,0911,0,1
1903,0912,0,1
1903,0913,0,1
1903,0914,0,1
1904,0901,0,1
1904,0902,0,1
1904,0903,0,1
1904,0904,0,1
1904,0905,0,1
1904,0906,0,1
1904,0907,0,1
1904,0908,0,1
1904,0909,0,1
1904,0910,0,1
1904,0911,0,1
1904,0912,0,1
1904,0913,0,1
1904,0914,0,1
1905,0901,0,1
1905,0902,0,1
1905,0903,0,1
1905,0904,0,1
1905,0905,0,1
1905,0906,0,1
1905,0907,0,1
1905,0908,0,1
1905,0909,0,1
1905,0910,0,1
1905,0911,0,1
1905,0912,1,1
1905,0913,0,1
1905,0914,0,1
1906,0901,0,1
1906,0902,0,1
1906,0903,0,1
1906,0904,0,1
1906,0905,0,1
1906,0906,0,1
1906,0907,0,1
1906,0908,0,1
1906,0909,0,1
1906,0910,0,1
1906,0911,0,1
1906,0912,0,1
1906,0913,0,1
1906,0914,0,1
1907,0901,0,1
1907,0902,0,1
1907,0903,0,1
1907,0904,0,1
1907,0905,0,1
1907,0906,0,1
1907,0907,0,1
1907,0908,0,1
1907,0909,0,1
1907,0910,0,1
1907,0911,0,1
1907,0912,0,1
1907,0913,0,1
1907,0914,0,1
1908,0901,0,1
1908,0902,0,1
1908,0903,0,1
1908,0904,0,1
1908,0905,0,1
1908,0906,0,1
1908,0907,0,1
1908,0908,0,1
1908,0909,0,1
1908,0910,1,1
1908,0911,1,1
1908,0912,0,1
1908,0913,0,1
1908,0914,0,1
1909,0901,0,1
1909,0902,0,1
1909,0903,0,1
1909,0904,0,1
1909,0905,0,1
1909,0906,0,1
1909,0907,0,1
1909,0908,0,1
1909,0909,0,1
1909,0910,0,1
1909,0911,0,1
1909,0912,0,1
1909,0913,0,1
1909,0914,0,1
1910,0901,0,1
1910,0902,0,1
1910,0903,0,1
1910,0904,0,1
1910,0905,0,1
1910,0906,0,1
1910,0907,0,1
1910,0908,0,1
1910,0909,0,1
1910,0910,0,1
1910,0911,0,1
1910,0912,0,1
1910,0913,0,1
1910,0914,0,1
1911,0901,0,1
1911,0902,0,1
1911,0903,0,1
1911,0904,0,1
1911,0905,0,1
1911,0906,0,1
1911,0907,0,1
1911,0908,0,1
1911,0909,0,1
1911,0910,0,1
1911,0911,0,1
1911,0912,0,1
1911,0913,0,1
1911,0914,0,1
1912,0901,0,1
1912,0902,0,1
1912,0903,0,1
1912,0904,0,1
1912,0905,0,1
1912,0906,0,1
1912,0907,0,1
1912,0908,0,1
1912,0909,0,1
1912,0910,0,1
1912,0911,0,1
1912,0912,0,1
1912,0913,0,1
1912,0914,0,1
1913,0901,0,1
1913,0902,0,1
1913,0903,0,1
1913,0904,0,1
1913,0905,0,1
1913,0906,0,1
1913,0907,0,1
1913,0908,0,1
1913,0909,0,1
1913,0910,1,1
1913,0911,0,1
1913,0912,0,1
1913,0913,0,1
1913,0914,0,1
1914,0901,0,1
1914,0902,0,1
1914,0903,0,1
1914,0904,0,1
1914,0905,0,1
1914,0906,0,1
1914,0907,0,1
1914,0908,0,1
1914,0909,0,1
1914,0910,0,1
1914,0911,0,1
1914,0912,0,1
1914,0913,0,1
1914,0914,0,1
1915,0901,0,1
1915,0902,0,1
1915,0903,0,1
1915,0904,0,1
1915,0905,0,1
1915,0906,0,1
1915,0907,0,1
1915,0908,1,1
1915,0909,0,1
1915,0910,0,1
1915,0911,0,1
1915,0912,0,1
1915,0913,0,1
1915,0914,0,1
1916,0901,0,1
1916,0902,0,1
1916,0903,0,1
1916,0904,0,1
1916,0905,0,1
1916,0906,0,1
1916,0907,0,1
1916,0908,0,1
1916,0909,0,1
1916,0910,0,1
1916,0911,0,1
1916,0912,0,1
1916,0913,0,1
1916,0914,0,1
1917,0901,0,1
1917,0902,0,1
1917,0903,0,1
1917,0904,0,1
1917,0905,0,1
1917,0906,0,1
1917,0907,0,1
1917,0908,0,1
1917,0909,0,1
1917,0910,0,1
1917,0911,0,1
1917,0912,0,1
1917,0913,0,1
1917,0914,0,1
1918,0901,0,1
1918,0902,0,1
1918,0903,0,1
1918,0904,0,1
1918,0905,0,1
1918,0906,0,1
1918,0907,0,1
1918,0908,0,1
1918,0909,0,1
1918,0910,0,1
1918,0911,0,1
1918,0912,0,1
1918,0913,0,1
1918,0914,0,1
1919,0901,0,1
1919,0902,0,1
1919,0903,0,1
1919,0904,0,1
1919,0905,0,1
1919,0906,0,1
1919,0907,0,1
1919,0908,0,1
1919,0909,0,1
1919,0910,0,1
1919,0911,0,1
1919,0912,0,1
1919,0913,0,1
1919,0914,0,1
1920,0901,0,1
1920,0902,0,1
1920,0903,0,1
1920,0904,0,1
1920,0905,0,1
1920,0906,0,1
1920,0907,0,1
1920,0908,0,1
1920,0909,0,1
1920,0910,0,1
1920,0911,0,1
1920,0912,0,1
1920,0913,0,1
1920,0914,0,1
1921,0901,0,1
1921,0902,0,1
1921,0903,0,1
1921,0904,0,1
1921,0905,0,1
1921,0906,0,1
1921,0907,0,1
1921,0908,1,1
1921,0909,0,1
1921,0910,0,1
1921,0911,1,1
1921,0912,0,1
1921,0913,0,1
1921,0914,0,1
1922,0901,0,1
1922,0902,0,1
1922,0903,0,1
1922,0904,0,1
1922,0905,0,1
1922,0906,0,1
1922,0907,0,1
1922,0908,0,1
1922,0909,0,1
1922,0910,0,1
1922,0911,0,1
1922,0912,0,1
1922,0913,0,1
1922,0914,0,1
1923,0901,0,1
1923,0902,0,1
1923,0903,0,1
1923,0904,0,1
1923,0905,0,1
1923,0906,0,1
1923,0907,0,1
1923,0908,0,1
1923,0909,0,1
1923,0910,0,1
1923,0911,0,1
1923,0912,0,1
1923,0913,0,1
1923,0914,0,1
1924,0901,0,1
1924,0902,0,1
1924,0903,0,1
1924,0904,0,1
1924,0905,0,1
1924,0906,0,1
1924,0907,0,1
1924,0908,0,1
1924,0909,0,1
1924,0910,0,1
1924,0911,0,1
1924,0912,0,1
1924,0913,0,1
1924,0914,0,1
1925,0901,0,1
1925,0902,0,1
1925,0903,0,1
1925,0904,0,1
1925,0905,0,1
1925,0906,0,1
1925,0907,0,1
1925,0908,0,1
1925,0909,0,1
1925,0910,0,1
1925,0911,0,1
1925,0912,0,1
1925,0913,0,1
1925,0914,0,1
1926,0901,0,1
1926,0902,0,1
1926,0903,0,1
1926,0904,0,1
1926,0905,0,1
1926,0906,0,1
1926,0907,0,1
1926,0908,0,1
1926,0909,0,1
1926,0910,0,1
1926,0911,0,1
1926,0912,0,1
1926,0913,0,1
1926,0914,0,1
1927,0901,0,1
1927,0902,0,1
1927,0903,0,1
1927,0904,0,1
1927,0905,0,1
1927,0906,0,1
1927,0907,0,1
1927,0908,0,1
1927,0909,0,1
1927,0910,0,1
1927,0911,1,1
1927,0912,0,1
1927,0913,0,1
1927,0914,0,1
1928,0901,0,1
1928,0902,0,1
1928,0903,0,1
1928,0904,0,1
1928,0905,0,1
1928,0906,0,1
1928,0907,0,1
1928,0908,0,1
1928,0909,0,1
1928,0910,0,1
1928,0911,0,1
1928,0912,0,1
1928,0913,0,1
1928,0914,0,1
1929,0901,0,1
1929,0902,0,1
1929,0903,0,1
1929,0904,0,1
1929,0905,0,1
1929,0906,0,1
1929,0907,0,1
1929,0908,0,1
1929,0909,0,1
1929,0910,0,1
1929,0911,0,1
1929,0912,0,1
1929,0913,0,1
1929,0914,0,1
1930,0901,0,1
1930,0902,0,1
1930,0903,0,1
1930,0904,0,1
1930,0905,0,1
1930,0906,0,1
1930,0907,0,1
1930,0908,0,1
1930,0909,0,1
1930,0910,0,1
1930,0911,0,1
1930,0912,0,1
1930,0913,0,1
1930,0914,0,1
1931,0901,0,1
1931,0902,0,1
1931,0903,0,1
1931,0904,0,1
1931,0905,0,1
1931,0906,0,1
1931,0907,0,1
1931,0908,0,1
1931,0909,0,1
1931,0910,0,1
1931,0911,0,1
1931,0912,0,1
1931,0913,0,1
1931,0914,0,1
1932,0901,0,1
1932,0902,0,1
1932,0903,0,1
1932,0904,0,1
1932,0905,0,1
1932,0906,0,1
1932,0907,0,1
1932,0908,0,1
1932,0909,0,1
1932,0910,0,1
1932,0911,0,1
1932,0912,0,1
1932,0913,0,1
1932,0914,0,1
1933,0901,0,1
1933,0902,0,1
1933,0903,0,1
1933,0904,0,1
1933,0905,0,1
1933,0906,0,1
1933,0907,0,1
1933,0908,0,1
1933,0909,0,1
1933,0910,0,1
1933,0911,0,1
1933,0912,0,1
1933,0913,0,1
1933,0914,0,1
1934,0901,0,1
1934,0902,0,1
1934,0903,0,1
1934,0904,0,1
1934,0905,0,1
1934,0906,0,1
1934,0907,0,1
1934,0908,0,1
1934,0909,1,1
1934,0910,0,1
1934,0911,0,1
1934,0912,0,1
1934,0913,0,1
1934,0914,0,1
1935,0901,0,1
1935,0902,0,1
1935,0903,0,1
1935,0904,0,1
1935,0905,0,1
1935,0906,0,1
1935,0907,0,1
1935,0908,0,1
1935,0909,0,1
1935,0910,0,1
1935,0911,0,1
1935,0912,0,1
1935,0913,0,1
1935,0914,0,1
1936,0901,0,1
1936,0902,0,1
1936,0903,0,1
1936,0904,0,1
1936,0905,0,1
1936,0906,0,1
1936,0907,0,1
1936,0908,0,1
1936,0909,0,1
1936,0910,0,1
1936,0911,0,1
1936,0912,0,1
1936,0913,0,1
1936,0914,0,1
1937,0901,0,1
1937,0902,0,1
1937,0903,0,1
1937,0904,0,1
1937,0905,0,1
1937,0906,0,1
1937,0907,0,1
1937,0908,0,1
1937,0909,0,1
1937,0910,0,1
1937,0911,0,1
1937,0912,0,1
1937,0913,0,1
1937,0914,0,1
1938,0901,0,1
1938,0902,0,1
1938,0903,0,1
1938,0904,0,1
1938,0905,0,1
1938,0906,0,1
1938,0907,0,1
1938,0908,0,1
1938,0909,0,1
1938,0910,0,1
1938,0911,0,1
1938,0912,0,1
1938,0913,0,1
1938,0914,0,1
1939,0901,0,1
1939,0902,0,1
1939,0903,0,1
1939,0904,0,1
1939,0905,0,1
1939,0906,0,1
1939,0907,0,1
1939,0908,0,1
1939,0909,0,1
1939,0910,0,1
1939,0911,0,1
1939,0912,0,1
1939,0913,0,1
1939,0914,0,1
1940,0901,0,1
1940,0902,0,1
1940,0903,0,1
1940,0904,0,1
1940,0905,0,1
1940,0906,0,1
1940,0907,0,1
1940,0908,0,1
1940,0909,0,1
1940,0910,1,1
1940,0911,0,1
1940,0912,0,1
1940,0913,0,1
1940,0914,0,1
1941,0901,0,1
1941,0902,0,1
1941,0903,0,1
1941,0904,0,1
1941,0905,0,1
1941,0906,0,1
1941,0907,0,1
1941,0908,0,1
1941,0909,0,1
1941,0910,0,1
1941,0911,0,1
1941,0912,0,1
1941,0913,0,1
1941,0914,0,1
1942,0901,0,1
1942,0902,0,1
1942,0903,0,1
1942,0904,0,1
1942,0905,0,1
1942,0906,0,1
1942,0907,0,1
1942,0908,0,1
1942,0909,0,1
1942,0910,0,1
1942,0911,0,1
1942,0912,0,1
1942,0913,0,1
1942,0914,0,1
1943,0901,0,1
1943,0902,0,1
1943,0903,0,1
1943,0904,0,1
1943,0905,0,1
1943,0906,0,1
1943,0907,0,1
1943,0908,0,1
1943,0909,0,1
1943,0910,0,1
1943,0911,0,1
1943,0912,0,1
1943,0913,0,1
1943,0914,0,1
1944,0901,0,1
1944,0902,0,1
1944,0903,0,1
1944,0904,0,1
1944,0905,0,1
1944,0906,0,1
1944,0907,0,1
1944,0908,0,1
1944,0909,0,1
1944,0910,0,1
1944,0911,0,1
1944,0912,0,1
1944,0913,0,1
1944,0914,0,1
1945,0901,0,1
1945,0902,0,1
1945,0903,0,1
1945,0904,0,1
1945,0905,0,1
1945,0906,0,1
1945,0907,0,1
1945,0908,0,1
1945,0909,0,1
1945,0910,0,1
1945,0911,0,1
1945,0912,1,1
1945,0913,0,1
1945,0914,0,1
1946,0901,0,1
1946,0902,0,1
1946,0903,0,1
1946,0904,0,1
1946,0905,0,1
1946,0906,0,1
1946,0907,0,1
1946,0908,0,1
1946,0909,0,1
1946,0910,0,1
1946,0911,1,1
1946,0912,0,1
1946,0913,0,1
1946,0914,0,1
1947,0901,0,1
1947,0902,0,1
1947,0903,0,1
1947,0904,0,1
1947,0905,0,1
1947,0906,0,1
1947,0907,0,1
1947,0908,0,1
1947,0909,0,1
1947,0910,0,1
1947,0911,0,1
1947,0912,0,1
1947,0913,0,1
1947,0914,0,1
1948,0901,0,1
1948,0902,0,1
1948,0903,0,1
1948,0904,0,1
1948,0905,0,1
1948,0906,0,1
1948,0907,0,1
1948,0908,0,1
1948,0909,1,1
1948,0910,0,1
1948,0911,0,1
1948,0912,0,1
1948,0913,0,1
1948,0914,0,1
1949,0901,0,1
1949,0902,0,1
1949,0903,0,1
1949,0904,0,1
1949,0905,0,1
1949,0906,0,1
1949,0907,0,1
1949,0908,0,1
1949,0909,0,1
1949,0910,0,1
1949,0911,0,1
1949,0912,0,1
1949,0913,0,1
1949,0914,0,1
1950,0901,0,1
1950,0902,0,1
1950,0903,0,1
1950,0904,0,1
1950,0905,0,1
1950,0906,0,1
1950,0907,0,1
1950,0908,0,1
1950,0909,0,1
1950,0910,0,1
1950,0911,0,1
1950,0912,0,1
1950,0913,0,1
1950,0914,0,1
1951,0901,0,1
1951,0902,0,1
1951,0903,0,1
1951,0904,0,1
1951,0905,0,1
1951,0906,0,1
1951,0907,0,1
1951,0908,0,1
1951,0909,0,1
1951,0910,0,1
1951,0911,1,1
1951,0912,0,1
1951,0913,0,1
1951,0914,1,1
1952,0901,0,1
1952,0902,0,1
1952,0903,0,1
1952,0904,0,1
1952,0905,0,1
1952,0906,0,1
1952,0907,0,1
1952,0908,0,1
1952,0909,0,1
1952,0910,0,1
1952,0911,0,1
1952,0912,0,1
1952,0913,0,1
1952,0914,0,1
1953,0901,0,1
1953,0902,0,1
1953,0903,0,1
1953,0904,0,1
1953,0905,0,1
1953,0906,0,1
1953,0907,0,1
1953,0908,0,1
1953,0909,0,1
1953,0910,0,1
1953,0911,0,1
1953,0912,1,1
1953,0913,0,1
1953,0914,0,1
1954,0901,0,1
1954,0902,0,1
1954,0903,0,1
1954,0904,0,1
1954,0905,0,1
1954,0906,0,1
1954,0907,0,1
1954,0908,0,1
1954,0909,0,1
1954,0910,0,1
1954,0911,0,1
1954,0912,0,1
1954,0913,0,1
1954,0914,0,1
1955,0901,0,1
1955,0902,0,1
1955,0903,0,1
1955,0904,0,1
1955,0905,0,1
1955,0906,0,1
1955,0907,0,1
1955,0908,0,1
1955,0909,0,1
1955,0910,0,1
1955,0911,0,1
1955,0912,0,1
1955,0913,0,1
1955,0914,0,1
1956,0901,0,1
1956,0902,0,1
1956,0903,0,1
1956,0904,0,1
1956,0905,0,1
1956,0906,0,1
1956,0907,0,1
1956,0908,0,1
1956,0909,0,1
1956,0910,0,1
1956,0911,0,1
1956,0912,0,1
1956,0913,0,1
1956,0914,0,1
1957,0901,0,1
1957,0902,0,1
1957,0903,0,1
1957,0904,0,1
1957,0905,0,1
1957,0906,0,1
1957,0907,0,1
1957,0908,0,1
1957,0909,0,1
1957,0910,0,1
1957,0911,0,1
1957,0912,0,1
1957,0913,0,1
1957,0914,0,1
1958,0901,0,1
1958,0902,0,1
1958,0903,0,1
1958,0904,0,1
1958,0905,0,1
1958,0906,0,1
1958,0907,0,1
1958,0908,0,1
1958,0909,0,1
1958,0910,1,1
1958,0911,0,1
1958,0912,0,1
1958,0913,0,1
1958,0914,0,1
1959,0901,0,1
1959,0902,0,1
1959,0903,0,1
1959,0904,0,1
1959,0905,0,1
1959,0906,0,1
1959,0907,0,1
1959,0908,0,1
1959,0909,0,1
1959,0910,0,1
1959,0911,0,1
1959,0912,0,1
1959,0913,0,1
1959,0914,0,1
1960,0901,0,1
1960,0902,0,1
1960,0903,0,1
1960,0904,0,1
1960,0905,0,1
1960,0906,0,1
1960,0907,0,1
1960,0908,0,1
1960,0909,0,1
1960,0910,0,1
1960,0911,0,1
1960,0912,0,1
1960,0913,0,1
1960,0914,0,1
1961,0901,0,1
1961,0902,0,1
1961,0903,0,1
1961,0904,0,1
1961,0905,0,1
1961,0906,0,1
1961,0907,0,1
1961,0908,0,1
1961,0909,0,1
1961,0910,0,1
1961,0911,0,1
1961,0912,0,1
1961,0913,0,1
1961,0914,0,1
1962,0901,0,1
1962,0902,0,1
1962,0903,0,1
1962,0904,0,1
1962,0905,0,1
1962,0906,0,1
1962,0907,0,1
1962,0908,0,1
1962,0909,0,1
1962,0910,0,1
1962,0911,1,1
1962,0912,0,1
1962,0913,0,1
1962,0914,0,1
1963,0901,0,1
1963,0902,0,1
1963,0903,0,1
1963,0904,0,1
1963,0905,0,1
1963,0906,0,1
1963,0907,0,1
1963,0908,0,1
1963,0909,0,1
1963,0910,0,1
1963,0911,0,1
1963,0912,0,1
1963,0913,0,1
1963,0914,0,1
1964,0901,0,1
1964,0902,0,1
1964,0903,0,1
1964,0904,0,1
1964,0905,0,1
1964,0906,0,1
1964,0907,0,1
1964,0908,0,1
1964,0909,1,1
1964,0910,0,1
1964,0911,0,1
1964,0912,0,1
1964,0913,0,1
1964,0914,0,1
1965,0901,0,1
1965,0902,0,1
1965,0903,0,1
1965,0904,0,1
1965,0905,0,1
1965,0906,0,1
1965,0907,0,1
1965,0908,0,1
1965,0909,0,1
1965,0910,0,1
1965,0911,0,1
1965,0912,0,1
1965,0913,0,1
1965,0914,0,1
1966,0901,0,1
1966,0902,0,1
1966,0903,0,1
1966,0904,0,1
1966,0905,0,1
1966,0906,0,1
1966,0907,0,1
1966,0908,0,1
1966,0909,0,1
1966,0910,0,1
1966,0911,0,1
1966,0912,0,1
1966,0913,0,1
1966,0914,0,1
1967,0901,0,1
1967,0902,0,1
1967,0903,0,1
1967,0904,0,1
1967,0905,0,1
1967,0906,0,1
1967,0907,0,1
1967,0908,0,1
1967,0909,0,1
1967,0910,0,1
1967,0911,0,1
1967,0912,0,1
1967,0913,0,1
1967,0914,0,1
1968,0901,0,1
1968,0902,0,1
1968,0903,0,1
1968,0904,0,1
1968,0905,0,1
1968,0906,0,1
1968,0907,0,1
1968,0908,0,1
1968,0909,0,1
1968,0910,0,1
1968,0911,0,1
1968,0912,0,1
1968,0913,0,1
1968,0914,0,1
1969,0901,0,1
1969,0902,0,1
1969,0903,0,1
1969,0904,0,1
1969,0905,0,1
1969,0906,0,1
1969,0907,0,1
1969,0908,0,1
1969,0909,0,1
1969,0910,0,1
1969,0911,0,1
1969,0912,0,1
1969,0913,0,1
1969,0914,0,1
1970,0901,0,1
1970,0902,0,1
1970,0903,0,1
1970,0904,0,1
1970,0905,0,1
1970,0906,0,1
1970,0907,0,1
1970,0908,0,1
1970,0909,0,1
1970,0910,0,1
1970,0911,0,1
1970,0912,0,1
1970,0913,0,1
1970,0914,0,1
1971,0901,0,1
1971,0902,0,1
1971,0903,0,1
1971,0904,0,1
1971,0905,0,1
1971,0906,0,1
1971,0907,0,1
1971,0908,0,1
1971,0909,1,1
1971,0910,0,1
1971,0911,0,1
1971,0912,0,1
1971,0913,0,1
1971,0914,0,1
1972,0901,0,1
1972,0902,0,1
1972,0903,0,1
1972,0904,0,1
1972,0905,0,1
1972,0906,0,1
1972,0907,0,1
1972,0908,0,1
1972,0909,0,1
1972,0910,0,1
1972,0911,0,1
1972,0912,0,1
1972,0913,0,1
1972,0914,0,1
1973,0901,0,1
1973,0902,0,1
1973,0903,0,1
1973,0904,0,1
1973,0905,0,1
1973,0906,0,1
1973,0907,0,1
1973,0908,0,1
1973,0909,0,1
1973,0910,0,1
1973,0911,0,1
1973,0912,0,1
1973,0913,0,1
1973,0914,0,1
1974,0901,0,1
1974,0902,0,1
1974,0903,0,1
1974,0904,0,1
1974,0905,0,1
1974,0906,0,1
1974,0907,0,1
1974,0908,0,1
1974,0909,0,1
1974,0910,0,1
1974,0911,0,1
1974,0912,0,1
1974,0913,0,1
1974,0914,0,1
1975,0901,0,1
1975,0902,0,1
1975,0903,0,1
1975,0904,0,1
1975,0905,0,1
1975,0906,0,1
1975,0907,0,1
1975,0908,0,1
1975,0909,0,1
1975,0910,0,1
1975,0911,0,1
1975,0912,0,1
1975,0913,0,1
1975,0914,0,1
1976,0901,0,1
1976,0902,0,1
1976,0903,0,1
1976,0904,0,1
1976,0905,0,1
1976,0906,0,1
1976,0907,0,1
1976,0908,0,1
1976,0909,0,1
1976,0910,0,1
1976,0911,0,1
1976,0912,0,1
1976,0913,0,1
1976,0914,0,1
1977,0901,0,1
1977,0902,0,1
1977,0903,1,1
1977,0904,0,1
1977,0905,0,1
1977,0906,0,1
1977,0907,0,1
1977,0908,0,1
1977,0909,0,1
1977,0910,0,1
1977,0911,0,1
1977,0912,0,1
1977,0913,0,1
1977,0914,0,1
1978,0901,0,1
1978,0902,0,1
1978,0903,0,1
1978,0904,0,1
1978,0905,0,1
1978,0906,0,1
1978,0907,0,1
1978,0908,0,1
1978,0909,0,1
1978,0910,0,1
1978,0911,0,1
1978,0912,0,1
1978,0913,0,1
1978,0914,0,1
1979,0901,0,1
1979,0902,0,1
1979,0903,0,1
1979,0904,0,1
1979,0905,0,1
1979,0906,0,1
1979,0907,0,1
1979,0908,0,1
1979,0909,0,1
1979,0910,0,1
1979,0911,0,1
1979,0912,0,1
1979,0913,0,1
1979,0914,0,1
1980,0901,0,1
1980,0902,0,1
1980,0903,0,1
1980,0904,0,1
1980,0905,0,1
1980,0906,0,1
1980,0907,0,1
1980,0908,0,1
1980,0909,0,1
1980,0910,0,1
1980,0911,0,1
1980,0912,0,1
1980,0913,0,1
1980,0914,0,1
1981,0901,0,1
1981,0902,0,1
1981,0903,0,1
1981,0904,0,1
1981,0905,0,1
1981,0906,0,1
1981,0907,0,1
1981,0908,0,1
1981,0909,0,1
1981,0910,0,1
1981,0911,0,1
1981,0912,0,1
1981,0913,0,1
1981,0914,1,1
1982,0901,0,1
1982,0902,0,1
1982,0903,0,1
1982,0904,0,1
1982,0905,0,1
1982,0906,0,1
1982,0907,0,1
1982,0908,0,1
1982,0909,0,1
1982,0910,0,1
1982,0911,0,1
1982,0912,0,1
1982,0913,0,1
1982,0914,0,1
1983,0901,0,1
1983,0902,0,1
1983,0903,0,1
1983,0904,0,1
1983,0905,0,1
1983,0906,0,1
1983,0907,0,1
1983,0908,0,1
1983,0909,0,1
1983,0910,0,1
1983,0911,0,1
1983,0912,0,1
1983,0913,0,1
1983,0914,0,1
1984,0901,0,1
1984,0902,0,1
1984,0903,0,1
1984,0904,0,1
1984,0905,0,1
1984,0906,0,1
1984,0907,0,1
1984,0908,0,1
1984,0909,0,1
1984,0910,0,1
1984,0911,0,1
1984,0912,0,1
1984,0913,0,1
1984,0914,0,1
1985,0901,0,1
1985,0902,0,1
1985,0903,0,1
1985,0904,0,1
1985,0905,0,1
1985,0906,0,1
1985,0907,0,1
1985,0908,0,1
1985,0909,0,1
1985,0910,0,1
1985,0911,0,1
1985,0912,0,1
1985,0913,0,1
1985,0914,0,1
1986,0901,0,1
1986,0902,0,1
1986,0903,0,1
1986,0904,0,1
1986,0905,0,1
1986,0906,0,1
1986,0907,0,1
1986,0908,0,1
1986,0909,0,1
1986,0910,0,1
1986,0911,0,1
1986,0912,0,1
1986,0913,0,1
1986,0914,0,1
1987,0901,0,1
1987,0902,0,1
1987,0903,0,1
1987,0904,0,1
1987,0905,0,1
1987,0906,0,1
1987,0907,0,1
1987,0908,0,1
1987,0909,0,1
1987,0910,0,1
1987,0911,0,1
1987,0912,0,1
1987,0913,0,1
1987,0914,0,1
1988,0901,0,1
1988,0902,0,1
1988,0903,0,1
1988,0904,0,1
1988,0905,0,1
1988,0906,0,1
1988,0907,0,1
1988,0908,0,1
1988,0909,0,1
1988,0910,0,1
1988,0911,0,1
1988,0912,0,1
1988,0913,0,1
1988,0914,0,1
1989,0901,0,1
1989,0902,0,1
1989,0903,0,1
1989,0904,0,1
1989,0905,0,1
1989,0906,0,1
1989,0907,0,1
1989,0908,0,1
1989,0909,0,1
1989,0910,0,1
1989,0911,0,1
1989,0912,0,1
1989,0913,0,1
1989,0914,0,1
1990,0901,0,1
1990,0902,0,1
1990,0903,0,1
1990,0904,0,1
1990,0905,0,1
1990,0906,0,1
1990,0907,0,1
1990,0908,0,1
1990,0909,0,1
1990,0910,0,1
1990,0911,0,1
1990,0912,0,1
1990,0913,0,1
1990,0914,0,1
1991,0901,0,1
1991,0902,0,1
1991,0903,0,1
1991,0904,0,1
1991,0905,0,1
1991,0906,0,1
1991,0907,0,1
1991,0908,0,1
1991,0909,0,1
1991,0910,0,1
1991,0911,0,1
1991,0912,0,1
1991,0913,0,1
1991,0914,0,1
1992,0901,0,1
1992,0902,0,1
1992,0903,0,1
1992,0904,0,1
1992,0905,0,1
1992,0906,0,1
1992,0907,0,1
1992,0908,0,1
1992,0909,0,1
1992,0910,0,1
1992,0911,0,1
1992,0912,0,1
1992,0913,1,1
1992,0914,0,1
1993,0901,0,1
1993,0902,0,1
1993,0903,0,1
1993,0904,0,1
1993,0905,0,1
1993,0906,0,1
1993,0907,0,1
1993,0908,0,1
1993,0909,0,1
1993,0910,0,1
1993,0911,0,1
1993,0912,0,1
1993,0913,0,1
1993,0914,0,1
1994,0901,0,1
1994,0902,0,1
1994,0903,0,1
1994,0904,0,1
1994,0905,0,1
1994,0906,0,1
1994,0907,0,1
1994,0908,0,1
1994,0909,0,1
1994,0910,0,1
1994,0911,0,1
1994,0912,0,1
1994,0913,0,1
1994,0914,0,1
1995,0901,0,1
1995,0902,0,1
1995,0903,0,1
1995,0904,0,1
1995,0905,0,1
1995,0906,0,1
1995,0907,0,1
1995,0908,0,1
1995,0909,0,1
1995,0910,0,1
1995,0911,0,1
1995,0912,0,1
1995,0913,0,1
1995,0914,0,1
1996,0901,0,1
1996,0902,0,1
1996,0903,0,1
1996,0904,0,1
1996,0905,0,1
1996,0906,0,1
1996,0907,0,1
1996,0908,0,1
1996,0909,0,1
1996,0910,0,1
1996,0911,0,1
1996,0912,0,1
1996,0913,0,1
1996,0914,0,1
1997,0901,0,1
1997,0902,0,1
1997,0903,0,1
1997,0904,0,1
1997,0905,0,1
1997,0906,0,1
1997,0907,0,1
1997,0908,0,1
1997,0909,0,1
1997,0910,0,1
1997,0911,0,1
1997,0912,0,1
1997,0913,0,1
1997,0914,0,1
1998,0901,0,1
1998,0902,0,1
1998,0903,0,1
1998,0904,0,1
1998,0905,0,1
1998,0906,0,1
1998,0907,0,1
1998,0908,0,1
1998,0909,0,1
1998,0910,1,1
1998,0911,1,1
1998,0912,0,1
1998,0913,0,1
1998,0914,0,1
1999,0901,0,1
1999,0902,0,1
1999,0903,0,1
1999,0904,0,1
1999,0905,0,1
1999,0906,0,1
1999,0907,0,1
1999,0908,0,1
1999,0909,0,1
1999,0910,0,1
1999,0911,0,1
1999,0912,0,1
1999,0913,0,1
1999,0914,0,1
2000,0901,0,1
2000,0902,0,1
2000,0903,0,1
2000,0904,0,1
2000,0905,0,1
2000,0906,0,1
2000,0907,0,1
2000,0908,0,1
2000,0909,0,1
2000,0910,0,1
2000,0911,0,1
2000,0912,0,1
2000,0913,0,1
2000,0914,0,1
2001,0901,0,1
2001,0902,0,1
2001,0903,0,1
2001,0904,0,1
2001,0905,0,1
2001,0906,0,1
2001,0907,0,1
2001,0908,0,1
2001,0909,0,1
2001,0910,0,1
2001,0911,0,1
2001,0912,0,1
2001,0913,0,1
2001,0914,0,1
2002,0901,0,1
2002,0902,0,1
2002,0903,0,1
2002,0904,0,1
2002,0905,0,1
2002,0906,0,1
2002,0907,0,1
2002,0908,0,1
2002,0909,0,1
2002,0910,0,1
2002,0911,0,1
2002,0912,0,1
2002,0913,0,1
2002,0914,0,1
2003,0901,0,1
2003,0902,0,1
2003,0903,0,1
2003,0904,0,1
2003,0905,0,1
2003,0906,0,1
2003,0907,0,1
2003,0908,0,1
2003,0909,0,1
2003,0910,0,1
2003,0911,0,1
2003,0912,0,1
2003,0913,0,1
2003,0914,0,1
2004,0901,0,1
2004,0902,0,1
2004,0903,0,1
2004,0904,0,1
2004,0905,0,1
2004,0906,0,1
2004,0907,0,1
2004,0908,0,1
2004,0909,0,1
2004,0910,0,1
2004,0911,0,1
2004,0912,0,1
2004,0913,0,1
2004,0914,0,1
2005,0901,0,1
2005,0902,0,1
2005,0903,0,1
2005,0904,0,1
2005,0905,0,1
2005,0906,0,1
2005,0907,0,1
2005,0908,0,1
2005,0909,0,1
2005,0910,0,1
2005,0911,0,1
2005,0912,0,1
2005,0913,0,1
2005,0914,0,1
2006,0901,0,1
2006,0902,0,1
2006,0903,0,1
2006,0904,0,1
2006,0905,0,1
2006,0906,0,1
2006,0907,0,1
2006,0908,0,1
2006,0909,0,1
2006,0910,0,1
2006,0911,0,1
2006,0912,0,1
2006,0913,0,1
2006,0914,0,1
2007,0901,0,1
2007,0902,0,1
2007,0903,0,1
2007,0904,0,1
2007,0905,0,1
2007,0906,0,1
2007,0907,0,1
2007,0908,0,1
2007,0909,0,1
2007,0910,0,1
2007,0911,0,1
2007,0912,0,1
2007,0913,0,1
2007,0914,0,1
2008,0901,0,1
2008,0902,0,1
2008,0903,0,1
2008,0904,0,1
2008,0905,0,1
2008,0906,0,1
2008,0907,0,1
2008,0908,0,1
2008,0909,0,1
2008,0910,0,1
2008,0911,0,1
2008,0912,0,1
2008,0913,0,1
2008,0914,1,1
2009,0901,0,1
2009,0902,0,1
2009,0903,0,1
2009,0904,0,1
2009,0905,0,1
2009,0906,0,1
2009,0907,0,1
2009,0908,0,1
2009,0909,0,1
2009,0910,0,1
2009,0911,0,1
2009,0912,0,1
2009,0913,0,1
2009,0914,0,1
2010,0901,0,1
2010,0902,0,1
2010,0903,0,1
2010,0904,0,1
2010,0905,0,1
2010,0906,0,1
2010,0907,0,1
2010,0908,0,1
2010,0909,0,1
2010,0910,1,1
2010,0911,0,1
2010,0912,0,1
2010,0913,0,1
2010,0914,0,1
2011,0901,0,1
2011,0902,0,1
2011,0903,0,1
2011,0904,0,1
2011,0905,0,1
2011,0906,0,1
2011,0907,0,1
2011,0908,0,1
2011,0909,0,1
2011,0910,0,1
2011,0911,0,1
2011,0912,0,1
2011,0913,0,1
2011,0914,0,1
2012,0901,0,1
2012,0902,0,1
2012,0903,0,1
2012,0904,0,1
2012,0905,0,1
2012,0906,1,1
2012,0907,0,1
2012,0908,0,1
2012,0909,0,1
2012,0910,0,1
2012,0911,1,1
2012,0912,0,1
2012,0913,0,1
2012,0914,0,1
2013,0901,0,1
2013,0902,0,1
2013,0903,0,1
2013,0904,0,1
2013,0905,0,1
2013,0906,0,1
2013,0907,0,1
2013,0908,0,1
2013,0909,0,1
2013,0910,0,1
2013,0911,0,1
2013,0912,0,1
2013,0913,0,1
2013,0914,0,1
2014,0901,0,1
2014,0902,0,1
2014,0903,0,1
2014,0904,0,1
2014,0905,0,1
2014,0906,0,1
2014,0907,0,1
2014,0908,0,1
2014,0909,0,1
2014,0910,0,1
2014,0911,0,1
2014,0912,0,1
2014,0913,0,1
2014,0914,1,1
2015,0901,0,1
2015,0902,0,1
2015,0903,0,1
2015,0904,0,1
2015,0905,0,1
2015,0906,0,1
2015,0907,0,1
2015,0908,1,1
2015,0909,0,1
2015,0910,0,1
2015,0911,0,1
2015,0912,0,1
2015,0913,0,1
2015,0914,0,1
2016,0901,0,1
2016,0902,0,1
2016,0903,0,1
2016,0904,0,1
2016,0905,0,1
2016,0906,0,1
2016,0907,0,1
2016,0908,0,1
2016,0909,0,1
2016,0910,0,1
2016,0911,0,1
2016,0912,0,1
2016,0913,0,1
2016,0914,0,1
2017,0901,0,1
2017,0902,0,1
2017,0903,0,1
2017,0904,0,1
2017,0905,0,1
2017,0906,0,1
2017,0907,0,1
2017,0908,0,1
2017,0909,0,1
2017,0910,0,1
2017,0911,0,1
2017,0912,0,1
2017,0913,0,1
2017,0914,0,1
2018,0901,0,1
2018,0902,0,1
2018,0903,0,1
2018,0904,0,1
2018,0905,0,1
2018,0906,0,1
2018,0907,0,1
2018,0908,0,1
2018,0909,0,1
2018,0910,0,1
2018,0911,0,1
2018,0912,0,1
2018,0913,0,1
2018,0914,0,1
2019,0901,0,1
2019,0902,0,1
2019,0903,0,1
2019,0904,0,1
2019,0905,0,1
2019,0906,0,1
2019,0907,0,1
2019,0908,0,1
2019,0909,1,1
2019,0910,0,1
2019,0911,0,1
2019,0912,0,1
2019,0913,0,1
2019,0914,0,1
2020,0901,0,1
2020,0902,0,1
2020,0903,0,1
2020,0904,0,1
2020,0905,0,1
2020,0906,0,1
2020,0907,0,1
2020,0908,0,1
2020,0909,0,1
2020,0910,0,1
2020,0911,0,1
2020,0912,0,1
2020,0913,0,1
2020,0914,0,1
2021,0901,0,1
2021,0902,0,1
2021,0903,0,1
2021,0904,0,1
2021,0905,0,1
2021,0906,0,1
2021,0907,0,1
2021,0908,0,1
2021,0909,0,1
2021,0910,0,1
2021,0911,0,1
2021,0912,0,1
2021,0913,0,1
2021,0914,0,1
2022,0901,0,1
2022,0902,0,1
2022,0903,0,1
2022,0904,0,1
2022,0905,0,1
2022,0906,0,1
2022,0907,0,1
2022,0908,0,1
2022,0909,0,1
2022,0910,0,1
2022,0911,0,1
2022,0912,0,1
2022,0913,0,1
2022,0914,0,1
2023,0901,0,1
2023,0902,0,1
2023,0903,0,1
2023,0904,0,1
2023,0905,0,1
2023,0906,0,1
2023,0907,0,1
2023,0908,0,1
2023,0909,0,1
2023,0910,0,1
2023,0911,0,1
2023,0912,0,1
2023,0913,0,1
2023,0914,0,1
2024,0901,0,1
2024,0902,0,1
2024,0903,0,1
2024,0904,0,1
2024,0905,0,1
2024,0906,0,1
2024,0907,0,1
2024,0908,0,1
2024,0909,0,1
2024,0910,0,1
2024,0911,1,1
2024,0912,0,1
2024,0913,0,1
2024,0914,0,1
2025,0901,0,1
2025,0902,0,1
2025,0903,0,1
2025,0904,0,1
2025,0905,0,1
2025,0906,0,1
2025,0907,0,1
2025,0908,0,1
2025,0909,0,1
2025,0910,0,1
2025,0911,0,1
2025,0912,0,1
2025,0913,0,1
2025,0914,0,1
2026,0901,0,1
2026,0902,0,1
2026,0903,0,1
2026,0904,0,1
2026,0905,0,1
2026,0906,0,1
2026,0907,0,1
2026,0908,0,1
2026,0909,0,1
2026,0910,0,1
2026,0911,1,1
2026,0912,0,1
2026,0913,0,1
2026,0914,0,1
2027,0901,0,1
2027,0902,0,1
2027,0903,0,1
2027,0904,0,1
2027,0905,0,1
2027,0906,0,1
2027,0907,0,1
2027,0908,1,1
2027,0909,0,1
2027,0910,0,1
2027,0911,0,1
2027,0912,0,1
2027,0913,0,1
2027,0914,0,1
2028,0901,0,1
2028,0902,0,1
2028,0903,0,1
2028,0904,0,1
2028,0905,0,1
2028,0906,0,1
2028,0907,0,1
2028,0908,0,1
2028,0909,0,1
2028,0910,0,1
2028,0911,0,1
2028,0912,0,1
2028,0913,0,1
2028,0914,0,1
2029,0901,0,1
2029,0902,0,1
2029,0903,0,1
2029,0904,0,1
2029,0905,0,1
2029,0906,0,1
2029,0907,0,1
2029,0908,1,1
2029,0909,0,1
2029,0910,0,1
2029,0911,0,1
2029,0912,0,1
2029,0913,0,1
2029,0914,0,1
2030,0901,0,1
2030,0902,0,1
2030,0903,0,1
2030,0904,0,1
2030,0905,0,1
2030,0906,0,1
2030,0907,0,1
2030,0908,0,1
2030,0909,0,1
2030,0910,0,1
2030,0911,1,1
2030,0912,0,1
2030,0913,0,1
2030,0914,0,1
2031,0901,0,1
2031,0902,0,1
2031,0903,0,1
2031,0904,0,1
2031,0905,0,1
2031,0906,0,1
2031,0907,0,1
2031,0908,0,1
2031,0909,0,1
2031,0910,0,1
2031,0911,0,1
2031,0912,0,1
2031,0913,0,1
2031,0914,0,1
2032,0901,0,1
2032,0902,0,1
2032,0903,0,1
2032,0904,0,1
2032,0905,0,1
2032,0906,0,1
2032,0907,0,1
2032,0908,0,1
2032,0909,0,1
2032,0910,0,1
2032,0911,0,1
2032,0912,0,1
2032,0913,0,1
2032,0914,0,1
2033,0901,0,1
2033,0902,0,1
2033,0903,0,1
2033,0904,0,1
2033,0905,0,1
2033,0906,0,1
2033,0907,0,1
2033,0908,0,1
2033,0909,0,1
2033,0910,0,1
2033,0911,0,1
2033,0912,0,1
2033,0913,0,1
2033,0914,0,1
2034,0901,0,1
2034,0902,0,1
2034,0903,0,1
2034,0904,0,1
2034,0905,0,1
2034,0906,0,1
2034,0907,0,1
2034,0908,0,1
2034,0909,0,1
2034,0910,0,1
2034,0911,0,1
2034,0912,0,1
2034,0913,0,1
2034,0914,0,1
2035,0901,0,1
2035,0902,0,1
2035,0903,0,1
2035,0904,0,1
2035,0905,0,1
2035,0906,0,1
2035,0907,0,1
2035,0908,0,1
2035,0909,0,1
2035,0910,0,1
2035,0911,0,1
2035,0912,0,1
2035,0913,0,1
2035,0914,1,1
2036,0901,0,1
2036,0902,0,1
2036,0903,0,1
2036,0904,0,1
2036,0905,0,1
2036,0906,0,1
2036,0907,0,1
2036,0908,0,1
2036,0909,0,1
2036,0910,0,1
2036,0911,0,1
2036,0912,0,1
2036,0913,0,1
2036,0914,0,1
2037,0901,0,1
2037,0902,0,1
2037,0903,0,1
2037,0904,0,1
2037,0905,0,1
2037,0906,0,1
2037,0907,0,1
2037,0908,0,1
2037,0909,0,1
2037,0910,0,1
2037,0911,0,1
2037,0912,0,1
2037,0913,0,1
2037,0914,0,1
2038,0901,0,1
2038,0902,0,1
2038,0903,0,1
2038,0904,0,1
2038,0905,0,1
2038,0906,0,1
2038,0907,0,1
2038,0908,0,1
2038,0909,0,1
2038,0910,0,1
2038,0911,0,1
2038,0912,0,1
2038,0913,0,1
2038,0914,0,1
2039,0901,0,1
2039,0902,0,1
2039,0903,0,1
2039,0904,0,1
2039,0905,0,1
2039,0906,0,1
2039,0907,0,1
2039,0908,0,1
2039,0909,0,1
2039,0910,0,1
2039,0911,0,1
2039,0912,0,1
2039,0913,0,1
2039,0914,0,1
2040,0901,0,1
2040,0902,0,1
2040,0903,0,1
2040,0904,0,1
2040,0905,0,1
2040,0906,0,1
2040,0907,0,1
2040,0908,0,1
2040,0909,0,1
2040,0910,1,1
2040,0911,0,1
2040,0912,0,1
2040,0913,0,1
2040,0914,0,1
2041,0901,0,1
2041,0902,0,1
2041,0903,0,1
2041,0904,0,1
2041,0905,0,1
2041,0906,0,1
2041,0907,0,1
2041,0908,0,1
2041,0909,0,1
2041,0910,0,1
2041,0911,0,1
2041,0912,0,1
2041,0913,0,1
2041,0914,0,1
2042,0901,0,1
2042,0902,0,1
2042,0903,0,1
2042,0904,0,1
2042,0905,0,1
2042,0906,0,1
2042,0907,0,1
2042,0908,0,1
2042,0909,0,1
2042,0910,0,1
2042,0911,0,1
2042,0912,0,1
2042,0913,0,1
2042,0914,0,1
2043,0901,0,1
2043,0902,0,1
2043,0903,0,1
2043,0904,0,1
2043,0905,0,1
2043,0906,0,1
2043,0907,0,1
2043,0908,0,1
2043,0909,0,1
2043,0910,0,1
2043,0911,0,1
2043,0912,0,1
2043,0913,0,1
2043,0914,0,1
2044,0901,0,1
2044,0902,0,1
2044,0903,0,1
2044,0904,0,1
2044,0905,0,1
2044,0906,0,1
2044,0907,0,1
2044,0908,0,1
2044,0909,0,1
2044,0910,0,1
2044,0911,0,1
2044,0912,0,1
2044,0913,0,1
2044,0914,0,1
2045,0901,0,1
2045,0902,0,1
2045,0903,0,1
2045,0904,0,1
2045,0905,0,1
2045,0906,0,1
2045,0907,0,1
2045,0908,0,1
2045,0909,0,1
2045,0910,0,1
2045,0911,0,1
2045,0912,0,1
2045,0913,0,1
2045,0914,0,1
2046,0901,0,1
2046,0902,0,1
2046,0903,0,1
2046,0904,0,1
2046,0905,0,1
2046,0906,0,1
2046,0907,0,1
2046,0908,0,1
2046,0909,0,1
2046,0910,0,1
2046,0911,0,1
2046,0912,0,1
2046,0913,0,1
2046,0914,0,1
2047,0901,0,1
2047,0902,0,1
2047,0903,0,1
2047,0904,0,1
2047,0905,0,1
2047,0906,0,1
2047,0907,0,1
2047,0908,0,1
2047,0909,0,1
2047,0910,0,1
2047,0911,0,1
2047,0912,0,1
2047,0913,0,1
2047,0914,0,1
2048,0901,0,1
2048,0902,0,1
2048,0903,0,1
2048,0904,0,1
2048,0905,0,1
2048,0906,0,1
2048,0907,0,1
2048,0908,0,1
2048,0909,0,1
2048,0910,0,1
2048,0911,0,1
2048,0912,0,1
2048,0913,0,1
2048,0914,0,1
2049,0901,0,1
2049,0902,0,1
2049,0903,0,1
2049,0904,0,1
2049,0905,0,1
2049,0906,0,1
2049,0907,0,1
2049,0908,0,1
2049,0909,0,1
2049,0910,0,1
2049,0911,0,1
2049,0912,0,1
2049,0913,0,1
2049,0914,0,1
2050,0901,0,1
2050,0902,0,1
2050,0903,0,1
2050,0904,0,1
2050,0905,0,1
2050,0906,0,1
2050,0907,0,1
2050,0908,0,1
2050,0909,0,1
2050,0910,0,1
2050,0911,0,1
2050,0912,0,1
2050,0913,0,1
2050,0914,0,1
2051,0901,0,1
2051,0902,0,1
2051,0903,0,1
2051,0904,0,1
2051,0905,0,1
2051,0906,0,1
2051,0907,0,1
2051,0908,0,1
2051,0909,0,1
2051,0910,0,1
2051,0911,0,1
2051,0912,0,1
2051,0913,0,1
2051,0914,0,1
2052,0901,0,1
2052,0902,0,1
2052,0903,0,1
2052,0904,0,1
2052,0905,0,1
2052,0906,0,1
2052,0907,0,1
2052,0908,0,1
2052,0909,0,1
2052,0910,0,1
2052,0911,0,1
2052,0912,0,1
2052,0913,0,1
2052,0914,1,1
2053,0901,0,1
2053,0902,0,1
2053,0903,0,1
2053,0904,0,1
2053,0905,0,1
2053,0906,0,1
2053,0907,0,1
2053,0908,0,1
2053,0909,0,1
2053,0910,0,1
2053,0911,0,1
2053,0912,0,1
2053,0913,0,1
2053,0914,0,1
2054,0901,0,1
2054,0902,0,1
2054,0903,0,1
2054,0904,0,1
2054,0905,0,1
2054,0906,0,1
2054,0907,0,1
2054,0908,0,1
2054,0909,0,1
2054,0910,0,1
2054,0911,0,1
2054,0912,0,1
2054,0913,0,1
2054,0914,0,1
2055,0901,0,1
2055,0902,0,1
2055,0903,0,1
2055,0904,0,1
2055,0905,0,1
2055,0906,0,1
2055,0907,0,1
2055,0908,0,1
2055,0909,0,1
2055,0910,0,1
2055,0911,0,1
2055,0912,0,1
2055,0913,0,1
2055,0914,0,1
2056,0901,0,1
2056,0902,0,1
2056,0903,0,1
2056,0904,0,1
2056,0905,0,1
2056,0906,0,1
2056,0907,0,1
2056,0908,0,1
2056,0909,0,1
2056,0910,0,1
2056,0911,0,1
2056,0912,0,1
2056,0913,1,1
2056,0914,0,1
2057,0901,0,1
2057,0902,0,1
2057,0903,0,1
2057,0904,0,1
2057,0905,0,1
2057,0906,0,1
2057,0907,0,1
2057,0908,0,1
2057,0909,0,1
2057,0910,0,1
2057,0911,0,1
2057,0912,0,1
2057,0913,0,1
2057,0914,0,1
2058,0901,0,1
2058,0902,0,1
2058,0903,0,1
2058,0904,0,1
2058,0905,0,1
2058,0906,0,1
2058,0907,0,1
2058,0908,0,1
2058,0909,0,1
2058,0910,1,1
2058,0911,0,1
2058,0912,0,1
2058,0913,0,1
2058,0914,0,1
2059,0901,0,1
2059,0902,0,1
2059,0903,0,1
2059,0904,0,1
2059,0905,0,1
2059,0906,0,1
2059,0907,0,1
2059,0908,0,1
2059,0909,0,1
2059,0910,0,1
2059,0911,0,1
2059,0912,0,1
2059,0913,0,1
2059,0914,0,1
2060,0901,0,1
2060,0902,0,1
2060,0903,0,1
2060,0904,0,1
2060,0905,0,1
2060,0906,0,1
2060,0907,0,1
2060,0908,0,1
2060,0909,0,1
2060,0910,0,1
2060,0911,0,1
2060,0912,0,1
2060,0913,0,1
2060,0914,0,1
2061,0901,0,1
2061,0902,0,1
2061,0903,0,1
2061,0904,0,1
2061,0905,0,1
2061,0906,0,1
2061,0907,0,1
2061,0908,0,1
2061,0909,0,1
2061,0910,0,1
2061,0911,0,1
2061,0912,0,1
2061,0913,0,1
2061,0914,0,1
2062,0901,0,1
2062,0902,0,1
2062,0903,0,1
2062,0904,0,1
2062,0905,0,1
2062,0906,0,1
2062,0907,0,1
2062,0908,0,1
2062,0909,0,1
2062,0910,0,1
2062,0911,0,1
2062,0912,0,1
2062,0913,0,1
2062,0914,0,1
2063,0901,0,1
2063,0902,0,1
2063,0903,0,1
2063,0904,0,1
2063,0905,0,1
2063,0906,0,1
2063,0907,0,1
2063,0908,0,1
2063,0909,0,1
2063,0910,0,1
2063,0911,0,1
2063,0912,0,1
2063,0913,0,1
2063,0914,0,1
2064,0901,0,1
2064,0902,0,1
2064,0903,0,1
2064,0904,0,1
2064,0905,0,1
2064,0906,0,1
2064,0907,0,1
2064,0908,0,1
2064,0909,0,1
2064,0910,0,1
2064,0911,0,1
2064,0912,0,1
2064,0913,1,1
2064,0914,0,1
2065,0901,0,1
2065,0902,0,1
2065,0903,0,1
2065,0904,0,1
2065,0905,0,1
2065,0906,0,1
2065,0907,0,1
2065,0908,0,1
2065,0909,0,1
2065,0910,1,1
2065,0911,0,1
2065,0912,0,1
2065,0913,0,1
2065,0914,0,1
2066,0901,0,1
2066,0902,0,1
2066,0903,0,1
2066,0904,0,1
2066,0905,0,1
2066,0906,0,1
2066,0907,0,1
2066,0908,0,1
2066,0909,0,1
2066,0910,0,1
2066,0911,0,1
2066,0912,0,1
2066,0913,0,1
2066,0914,0,1
2067,0901,0,1
2067,0902,0,1
2067,0903,0,1
2067,0904,0,1
2067,0905,0,1
2067,0906,0,1
2067,0907,0,1
2067,0908,0,1
2067,0909,1,1
2067,0910,0,1
2067,0911,0,1
2067,0912,0,1
2067,0913,1,1
2067,0914,0,1
2068,0901,0,1
2068,0902,0,1
2068,0903,0,1
2068,0904,0,1
2068,0905,0,1
2068,0906,0,1
2068,0907,0,1
2068,0908,0,1
2068,0909,0,1
2068,0910,0,1
2068,0911,0,1
2068,0912,0,1
2068,0913,0,1
2068,0914,0,1
2069,0901,0,1
2069,0902,0,1
2069,0903,0,1
2069,0904,0,1
2069,0905,0,1
2069,0906,0,1
2069,0907,0,1
2069,0908,0,1
2069,0909,0,1
2069,0910,0,1
2069,0911,0,1
2069,0912,0,1
2069,0913,0,1
2069,0914,0,1
2070,0901,0,1
2070,0902,0,1
2070,0903,0,1
2070,0904,0,1
2070,0905,0,1
2070,0906,0,1
2070,0907,0,1
2070,0908,0,1
2070,0909,0,1
2070,0910,0,1
2070,0911,0,1
2070,0912,0,1
2070,0913,0,1
2070,0914,0,1
2071,0901,0,1
2071,0902,0,1
2071,0903,0,1
2071,0904,0,1
2071,0905,0,1
2071,0906,0,1
2071,0907,0,1
2071,0908,0,1
2071,0909,0,1
2071,0910,0,1
2071,0911,0,1
2071,0912,0,1
2071,0913,0,1
2071,0914,0,1
2072,0901,0,1
2072,0902,0,1
2072,0903,0,1
2072,0904,0,1
2072,0905,0,1
2072,0906,0,1
2072,0907,0,1
2072,0908,0,1
2072,0909,0,1
2072,0910,0,1
2072,0911,0,1
2072,0912,0,1
2072,0913,0,1
2072,0914,0,1
2073,0901,0,1
2073,0902,0,1
2073,0903,0,1
2073,0904,0,1
2073,0905,0,1
2073,0906,0,1
2073,0907,0,1
2073,0908,0,1
2073,0909,0,1
2073,0910,0,1
2073,0911,0,1
2073,0912,0,1
2073,0913,0,1
2073,0914,0,1
2074,0901,0,1
2074,0902,0,1
2074,0903,0,1
2074,0904,0,1
2074,0905,0,1
2074,0906,0,1
2074,0907,0,1
2074,0908,0,1
2074,0909,0,1
2074,0910,0,1
2074,0911,0,1
2074,0912,0,1
2074,0913,0,1
2074,0914,0,1
2075,0901,0,1
2075,0902,0,1
2075,0903,0,1
2075,0904,0,1
2075,0905,0,1
2075,0906,0,1
2075,0907,0,1
2075,0908,0,1
2075,0909,0,1
2075,0910,0,1
2075,0911,0,1
2075,0912,0,1
2075,0913,1,1
2075,0914,0,1
2076,0901,0,1
2076,0902,0,1
2076,0903,0,1
2076,0904,0,1
2076,0905,0,1
2076,0906,0,1
2076,0907,0,1
2076,0908,0,1
2076,0909,0,1
2076,0910,0,1
2076,0911,0,1
2076,0912,0,1
2076,0913,0,1
2076,0914,0,1
2077,0901,0,1
2077,0902,0,1
2077,0903,0,1
2077,0904,0,1
2077,0905,0,1
2077,0906,0,1
2077,0907,0,1
2077,0908,0,1
2077,0909,0,1
2077,0910,0,1
2077,0911,0,1
2077,0912,0,1
2077,0913,0,1
2077,0914,0,1
2078,0901,0,1
2078,0902,0,1
2078,0903,0,1
2078,0904,0,1
2078,0905,0,1
2078,0906,0,1
2078,0907,0,1
2078,0908,0,1
2078,0909,0,1
2078,0910,0,1
2078,0911,0,1
2078,0912,0,1
2078,0913,0,1
2078,0914,0,1
2079,0901,0,1
2079,0902,0,1
2079,0903,0,1
2079,0904,0,1
2079,0905,0,1
2079,0906,0,1
2079,0907,0,1
2079,0908,0,1
2079,0909,0,1
2079,0910,0,1
2079,0911,0,1
2079,0912,0,1
2079,0913,0,1
2079,0914,0,1
2080,0901,0,1
2080,0902,0,1
2080,0903,0,1
2080,0904,0,1
2080,0905,0,1
2080,0906,0,1
2080,0907,0,1
2080,0908,0,1
2080,0909,0,1
2080,0910,0,1
2080,0911,0,1
2080,0912,0,1
2080,0913,0,1
2080,0914,0,1
2081,0901,0,1
2081,0902,0,1
2081,0903,0,1
2081,0904,0,1
2081,0905,0,1
2081,0906,0,1
2081,0907,0,1
2081,0908,0,1
2081,0909,0,1
2081,0910,0,1
2081,0911,0,1
2081,0912,1,1
2081,0913,0,1
2081,0914,0,1
2082,0901,0,1
2082,0902,0,1
2082,0903,0,1
2082,0904,0,1
2082,0905,0,1
2082,0906,0,1
2082,0907,0,1
2082,0908,0,1
2082,0909,0,1
2082,0910,0,1
2082,0911,0,1
2082,0912,0,1
2082,0913,0,1
2082,0914,0,1
2083,0901,0,1
2083,0902,0,1
2083,0903,0,1
2083,0904,0,1
2083,0905,0,1
2083,0906,0,1
2083,0907,0,1
2083,0908,0,1
2083,0909,0,1
2083,0910,0,1
2083,0911,0,1
2083,0912,0,1
2083,0913,1,1
2083,0914,0,1
2084,0901,0,1
2084,0902,0,1
2084,0903,0,1
2084,0904,0,1
2084,0905,0,1
2084,0906,0,1
2084,0907,0,1
2084,0908,0,1
2084,0909,0,1
2084,0910,0,1
2084,0911,0,1
2084,0912,0,1
2084,0913,0,1
2084,0914,0,1
2085,0901,0,1
2085,0902,0,1
2085,0903,0,1
2085,0904,0,1
2085,0905,0,1
2085,0906,0,1
2085,0907,0,1
2085,0908,0,1
2085,0909,0,1
2085,0910,0,1
2085,0911,0,1
2085,0912,0,1
2085,0913,0,1
2085,0914,0,1
2086,0901,0,1
2086,0902,0,1
2086,0903,0,1
2086,0904,0,1
2086,0905,0,1
2086,0906,0,1
2086,0907,0,1
2086,0908,0,1
2086,0909,0,1
2086,0910,0,1
2086,0911,0,1
2086,0912,0,1
2086,0913,0,1
2086,0914,0,1
2087,0901,0,1
2087,0902,0,1
2087,0903,0,1
2087,0904,0,1
2087,0905,0,1
2087,0906,0,1
2087,0907,0,1
2087,0908,0,1
2087,0909,0,1
2087,0910,0,1
2087,0911,0,1
2087,0912,0,1
2087,0913,0,1
2087,0914,0,1
2088,0901,0,1
2088,0902,0,1
2088,0903,0,1
2088,0904,0,1
2088,0905,0,1
2088,0906,0,1
2088,0907,0,1
2088,0908,0,1
2088,0909,0,1
2088,0910,0,1
2088,0911,0,1
2088,0912,0,1
2088,0913,0,1
2088,0914,0,1
2089,0901,0,1
2089,0902,0,1
2089,0903,0,1
2089,0904,0,1
2089,0905,0,1
2089,0906,0,1
2089,0907,0,1
2089,0908,0,1
2089,0909,0,1
2089,0910,0,1
2089,0911,0,1
2089,0912,0,1
2089,0913,0,1
2089,0914,0,1
2090,0901,0,1
2090,0902,0,1
2090,0903,0,1
2090,0904,0,1
2090,0905,0,1
2090,0906,0,1
2090,0907,0,1
2090,0908,0,1
2090,0909,0,1
2090,0910,0,1
2090,0911,0,1
2090,0912,0,1
2090,0913,0,1
2090,0914,0,1
2091,0901,0,1
2091,0902,0,1
2091,0903,0,1
2091,0904,0,1
2091,0905,0,1
2091,0906,0,1
2091,0907,0,1
2091,0908,0,1
2091,0909,0,1
2091,0910,0,1
2091,0911,0,1
2091,0912,0,1
2091,0913,0,1
2091,0914,0,1
2092,0901,0,1
2092,0902,0,1
2092,0903,0,1
2092,0904,0,1
2092,0905,0,1
2092,0906,0,1
2092,0907,0,1
2092,0908,0,1
2092,0909,1,1
2092,0910,0,1
2092,0911,0,1
2092,0912,0,1
2092,0913,0,1
2092,0914,0,1
2093,0901,0,1
2093,0902,0,1
2093,0903,0,1
2093,0904,0,1
2093,0905,0,1
2093,0906,0,1
2093,0907,0,1
2093,0908,0,1
2093,0909,0,1
2093,0910,0,1
2093,0911,0,1
2093,0912,0,1
2093,0913,0,1
2093,0914,0,1
2094,0901,0,1
2094,0902,0,1
2094,0903,0,1
2094,0904,0,1
2094,0905,0,1
2094,0906,0,1
2094,0907,0,1
2094,0908,0,1
2094,0909,0,1
2094,0910,0,1
2094,0911,0,1
2094,0912,0,1
2094,0913,0,1
2094,0914,0,1
2095,0901,0,1
2095,0902,0,1
2095,0903,0,1
2095,0904,0,1
2095,0905,0,1
2095,0906,0,1
2095,0907,0,1
2095,0908,0,1
2095,0909,0,1
2095,0910,0,1
2095,0911,0,1
2095,0912,0,1
2095,0913,0,1
2095,0914,0,1
2096,0901,0,1
2096,0902,0,1
2096,0903,0,1
2096,0904,0,1
2096,0905,0,1
2096,0906,0,1
2096,0907,0,1
2096,0908,0,1
2096,0909,0,1
2096,0910,0,1
2096,0911,0,1
2096,0912,0,1
2096,0913,0,1
2096,0914,0,1
2097,0901,0,1
2097,0902,0,1
2097,0903,0,1
2097,0904,0,1
2097,0905,0,1
2097,0906,0,1
2097,0907,0,1
2097,0908,0,1
2097,0909,0,1
2097,0910,0,1
2097,0911,0,1
2097,0912,0,1
2097,0913,0,1
2097,0914,0,1
2098,0901,0,1
2098,0902,0,1
2098,0903,0,1
2098,0904,0,1
2098,0905,0,1
2098,0906,0,1
2098,0907,0,1
2098,0908,0,1
2098,0909,0,1
2098,0910,0,1
2098,0911,0,1
2098,0912,0,1
2098,0913,0,1
2098,0914,0,1
2099,0901,0,1
2099,0902,0,1
2099,0903,0,1
2099,0904,0,1
2099,0905,0,1
2099,0906,0,1
2099,0907,0,1
2099,0908,0,1
2099,0909,0,1
2099,0910,0,1
2099,0911,0,1
2099,0912,0,1
2099,0913,0,1
2099,0914,0,1
2100,0901,0,1
2100,0902,0,1
2100,0903,0,1
2100,0904,0,1
2100,0905,0,1
2100,0906,0,1
2100,0907,0,1
2100,0908,0,1
2100,0909,0,1
2100,0910,0,1
2100,0911,0,1
2100,0912,0,1
2100,0913,1,1
2100,0914,0,1
2101,0901,0,1
2101,0902,0,1
2101,0903,0,1
2101,0904,0,1
2101,0905,0,1
2101,0906,0,1
2101,0907,0,1
2101,0908,0,1
2101,0909,0,1
2101,0910,0,1
2101,0911,0,1
2101,0912,0,1
2101,0913,0,1
2101,0914,0,1
2102,0901,0,1
2102,0902,0,1
2102,0903,0,1
2102,0904,0,1
2102,0905,0,1
2102,0906,0,1
2102,0907,0,1
2102,0908,0,1
2102,0909,0,1
2102,0910,0,1
2102,0911,0,1
2102,0912,0,1
2102,0913,0,1
2102,0914,0,1
2103,0901,0,1
2103,0902,0,1
2103,0903,0,1
2103,0904,0,1
2103,0905,0,1
2103,0906,0,1
2103,0907,0,1
2103,0908,0,1
2103,0909,0,1
2103,0910,0,1
2103,0911,0,1
2103,0912,0,1
2103,0913,0,1
2103,0914,0,1
2104,0901,0,1
2104,0902,0,1
2104,0903,0,1
2104,0904,0,1
2104,0905,0,1
2104,0906,0,1
2104,0907,0,1
2104,0908,0,1
2104,0909,0,1
2104,0910,0,1
2104,0911,0,1
2104,0912,0,1
2104,0913,0,1
2104,0914,0,1
2105,0901,0,1
2105,0902,0,1
2105,0903,0,1
2105,0904,0,1
2105,0905,0,1
2105,0906,0,1
2105,0907,0,1
2105,0908,0,1
2105,0909,0,1
2105,0910,0,1
2105,0911,0,1
2105,0912,0,1
2105,0913,0,1
2105,0914,0,1
2106,0901,0,1
2106,0902,0,1
2106,0903,0,1
2106,0904,0,1
2106,0905,0,1
2106,0906,0,1
2106,0907,0,1
2106,0908,0,1
2106,0909,0,1
2106,0910,0,1
2106,0911,0,1
2106,0912,0,1
2106,0913,0,1
2106,0914,0,1
2107,0901,0,1
2107,0902,0,1
2107,0903,0,1
2107,0904,0,1
2107,0905,0,1
2107,0906,0,1
2107,0907,0,1
2107,0908,0,1
2107,0909,0,1
2107,0910,0,1
2107,0911,0,1
2107,0912,0,1
2107,0913,0,1
2107,0914,0,1
2108,0901,0,1
2108,0902,0,1
2108,0903,0,1
2108,0904,0,1
2108,0905,0,1
2108,0906,0,1
2108,0907,0,1
2108,0908,0,1
2108,0909,0,1
2108,0910,0,1
2108,0911,0,1
2108,0912,0,1
2108,0913,0,1
2108,0914,0,1
2109,0901,0,1
2109,0902,0,1
2109,0903,0,1
2109,0904,0,1
2109,0905,0,1
2109,0906,0,1
2109,0907,0,1
2109,0908,0,1
2109,0909,0,1
2109,0910,0,1
2109,0911,0,1
2109,0912,0,1
2109,0913,0,1
2109,0914,0,1
2110,0901,0,1
2110,0902,0,1
2110,0903,0,1
2110,0904,0,1
2110,0905,0,1
2110,0906,0,1
2110,0907,1,1
2110,0908,0,1
2110,0909,1,1
2110,0910,0,1
2110,0911,0,1
2110,0912,0,1
2110,0913,0,1
2110,0914,0,1
2111,0901,0,1
2111,0902,0,1
2111,0903,0,1
2111,0904,0,1
2111,0905,0,1
2111,0906,0,1
2111,0907,0,1
2111,0908,0,1
2111,0909,0,1
2111,0910,0,1
2111,0911,0,1
2111,0912,0,1
2111,0913,0,1
2111,0914,0,1
2112,0901,0,1
2112,0902,0,1
2112,0903,0,1
2112,0904,0,1
2112,0905,0,1
2112,0906,0,1
2112,0907,0,1
2112,0908,0,1
2112,0909,0,1
2112,0910,0,1
2112,0911,0,1
2112,0912,0,1
2112,0913,0,1
2112,0914,0,1
2113,0901,0,1
2113,0902,0,1
2113,0903,0,1
2113,0904,0,1
2113,0905,0,1
2113,0906,0,1
2113,0907,0,1
2113,0908,0,1
2113,0909,0,1
2113,0910,0,1
2113,0911,0,1
2113,0912,0,1
2113,0913,0,1
2113,0914,0,1
2114,0901,0,1
2114,0902,0,1
2114,0903,0,1
2114,0904,0,1
2114,0905,0,1
2114,0906,0,1
2114,0907,0,1
2114,0908,0,1
2114,0909,0,1
2114,0910,0,1
2114,0911,0,1
2114,0912,0,1
2114,0913,0,1
2114,0914,0,1
2115,0901,0,1
2115,0902,0,1
2115,0903,0,1
2115,0904,0,1
2115,0905,0,1
2115,0906,0,1
2115,0907,0,1
2115,0908,0,1
2115,0909,1,1
2115,0910,0,1
2115,0911,0,1
2115,0912,0,1
2115,0913,0,1
2115,0914,0,1
2116,0901,0,1
2116,0902,0,1
2116,0903,0,1
2116,0904,0,1
2116,0905,0,1
2116,0906,0,1
2116,0907,0,1
2116,0908,0,1
2116,0909,0,1
2116,0910,0,1
2116,0911,0,1
2116,0912,0,1
2116,0913,0,1
2116,0914,0,1
2117,0901,0,1
2117,0902,0,1
2117,0903,0,1
2117,0904,0,1
2117,0905,0,1
2117,0906,0,1
2117,0907,0,1
2117,0908,0,1
2117,0909,0,1
2117,0910,0,1
2117,0911,0,1
2117,0912,0,1
2117,0913,0,1
2117,0914,0,1
2118,0901,0,1
2118,0902,0,1
2118,0903,0,1
2118,0904,0,1
2118,0905,0,1
2118,0906,0,1
2118,0907,0,1
2118,0908,1,1
2118,0909,0,1
2118,0910,0,1
2118,0911,0,1
2118,0912,0,1
2118,0913,0,1
2118,0914,0,1
2119,0901,0,1
2119,0902,0,1
2119,0903,0,1
2119,0904,0,1
2119,0905,0,1
2119,0906,0,1
2119,0907,0,1
2119,0908,0,1
2119,0909,0,1
2119,0910,0,1
2119,0911,0,1
2119,0912,0,1
2119,0913,0,1
2119,0914,0,1
2120,0901,0,1
2120,0902,0,1
2120,0903,0,1
2120,0904,0,1
2120,0905,0,1
2120,0906,0,1
2120,0907,0,1
2120,0908,0,1
2120,0909,0,1
2120,0910,0,1
2120,0911,0,1
2120,0912,0,1
2120,0913,0,1
2120,0914,0,1
2121,0901,0,1
2121,0902,0,1
2121,0903,0,1
2121,0904,0,1
2121,0905,0,1
2121,0906,0,1
2121,0907,0,1
2121,0908,0,1
2121,0909,0,1
2121,0910,0,1
2121,0911,0,1
2121,0912,0,1
2121,0913,1,1
2121,0914,0,1
2122,0901,0,1
2122,0902,0,1
2122,0903,0,1
2122,0904,0,1
2122,0905,0,1
2122,0906,0,1
2122,0907,0,1
2122,0908,0,1
2122,0909,0,1
2122,0910,0,1
2122,0911,0,1
2122,0912,0,1
2122,0913,0,1
2122,0914,0,1
2123,0901,0,1
2123,0902,0,1
2123,0903,0,1
2123,0904,0,1
2123,0905,0,1
2123,0906,0,1
2123,0907,0,1
2123,0908,0,1
2123,0909,0,1
2123,0910,0,1
2123,0911,0,1
2123,0912,0,1
2123,0913,0,1
2123,0914,0,1
2124,0901,0,1
2124,0902,0,1
2124,0903,0,1
2124,0904,0,1
2124,0905,0,1
2124,0906,0,1
2124,0907,0,1
2124,0908,0,1
2124,0909,0,1
2124,0910,0,1
2124,0911,0,1
2124,0912,0,1
2124,0913,0,1
2124,0914,1,1
2125,0901,0,1
2125,0902,0,1
2125,0903,0,1
2125,0904,0,1
2125,0905,0,1
2125,0906,0,1
2125,0907,0,1
2125,0908,0,1
2125,0909,0,1
2125,0910,0,1
2125,0911,0,1
2125,0912,0,1
2125,0913,0,1
2125,0914,0,1
2126,0901,0,1
2126,0902,0,1
2126,0903,0,1
2126,0904,0,1
2126,0905,0,1
2126,0906,0,1
2126,0907,0,1
2126,0908,0,1
2126,0909,0,1
2126,0910,0,1
2126,0911,0,1
2126,0912,0,1
2126,0913,0,1
2126,0914,0,1
2127,0901,0,1
2127,0902,0,1
2127,0903,0,1
2127,0904,0,1
2127,0905,0,1
2127,0906,0,1
2127,0907,0,1
2127,0908,1,1
2127,0909,0,1
2127,0910,0,1
2127,0911,0,1
2127,0912,0,1
2127,0913,0,1
2127,0914,0,1
2128,0901,0,1
2128,0902,0,1
2128,0903,0,1
2128,0904,0,1
2128,0905,0,1
2128,0906,0,1
2128,0907,0,1
2128,0908,0,1
2128,0909,0,1
2128,0910,0,1
2128,0911,0,1
2128,0912,0,1
2128,0913,0,1
2128,0914,0,1
2129,0901,0,1
2129,0902,0,1
2129,0903,0,1
2129,0904,0,1
2129,0905,0,1
2129,0906,0,1
2129,0907,0,1
2129,0908,0,1
2129,0909,0,1
2129,0910,0,1
2129,0911,1,1
2129,0912,0,1
2129,0913,0,1
2129,0914,0,1
2130,0901,0,1
2130,0902,0,1
2130,0903,0,1
2130,0904,0,1
2130,0905,0,1
2130,0906,0,1
2130,0907,0,1
2130,0908,0,1
2130,0909,0,1
2130,0910,0,1
2130,0911,0,1
2130,0912,0,1
2130,0913,0,1
2130,0914,0,1
2131,0901,0,1
2131,0902,0,1
2131,0903,0,1
2131,0904,0,1
2131,0905,0,1
2131,0906,0,1
2131,0907,0,1
2131,0908,0,1
2131,0909,0,1
2131,0910,0,1
2131,0911,0,1
2131,0912,0,1
2131,0913,0,1
2131,0914,0,1
2132,0901,0,1
2132,0902,0,1
2132,0903,0,1
2132,0904,0,1
2132,0905,0,1
2132,0906,0,1
2132,0907,0,1
2132,0908,0,1
2132,0909,0,1
2132,0910,0,1
2132,0911,0,1
2132,0912,0,1
2132,0913,0,1
2132,0914,0,1
2133,0901,0,1
2133,0902,0,1
2133,0903,0,1
2133,0904,0,1
2133,0905,0,1
2133,0906,0,1
2133,0907,0,1
2133,0908,0,1
2133,0909,0,1
2133,0910,0,1
2133,0911,0,1
2133,0912,0,1
2133,0913,0,1
2133,0914,0,1
2134,0901,0,1
2134,0902,0,1
2134,0903,0,1
2134,0904,0,1
2134,0905,0,1
2134,0906,0,1
2134,0907,0,1
2134,0908,0,1
2134,0909,0,1
2134,0910,0,1
2134,0911,0,1
2134,0912,0,1
2134,0913,0,1
2134,0914,0,1
2135,0901,0,1
2135,0902,0,1
2135,0903,0,1
2135,0904,0,1
2135,0905,0,1
2135,0906,0,1
2135,0907,0,1
2135,0908,0,1
2135,0909,0,1
2135,0910,0,1
2135,0911,0,1
2135,0912,0,1
2135,0913,0,1
2135,0914,0,1
2136,0901,0,1
2136,0902,0,1
2136,0903,0,1
2136,0904,0,1
2136,0905,0,1
2136,0906,0,1
2136,0907,0,1
2136,0908,0,1
2136,0909,0,1
2136,0910,0,1
2136,0911,0,1
2136,0912,0,1
2136,0913,0,1
2136,0914,0,1
2137,0901,0,1
2137,0902,0,1
2137,0903,0,1
2137,0904,0,1
2137,0905,0,1
2137,0906,0,1
2137,0907,0,1
2137,0908,0,1
2137,0909,0,1
2137,0910,0,1
2137,0911,0,1
2137,0912,0,1
2137,0913,0,1
2137,0914,0,1
2138,0901,0,1
2138,0902,0,1
2138,0903,0,1
2138,0904,0,1
2138,0905,0,1
2138,0906,0,1
2138,0907,0,1
2138,0908,0,1
2138,0909,0,1
2138,0910,0,1
2138,0911,0,1
2138,0912,0,1
2138,0913,0,1
2138,0914,0,1
2139,0901,0,1
2139,0902,0,1
2139,0903,0,1
2139,0904,0,1
2139,0905,0,1
2139,0906,0,1
2139,0907,0,1
2139,0908,0,1
2139,0909,0,1
2139,0910,0,1
2139,0911,0,1
2139,0912,0,1
2139,0913,0,1
2139,0914,0,1
2140,0901,0,1
2140,0902,0,1
2140,0903,0,1
2140,0904,0,1
2140,0905,0,1
2140,0906,0,1
2140,0907,0,1
2140,0908,0,1
2140,0909,0,1
2140,0910,0,1
2140,0911,0,1
2140,0912,0,1
2140,0913,0,1
2140,0914,0,1
2141,0901,0,1
2141,0902,0,1
2141,0903,0,1
2141,0904,0,1
2141,0905,0,1
2141,0906,0,1
2141,0907,0,1
2141,0908,0,1
2141,0909,0,1
2141,0910,0,1
2141,0911,0,1
2141,0912,0,1
2141,0913,0,1
2141,0914,0,1
2142,0901,0,1
2142,0902,0,1
2142,0903,0,1
2142,0904,0,1
2142,0905,0,1
2142,0906,0,1
2142,0907,0,1
2142,0908,0,1
2142,0909,0,1
2142,0910,0,1
2142,0911,0,1
2142,0912,0,1
2142,0913,0,1
2142,0914,0,1
2143,0901,0,1
2143,0902,0,1
2143,0903,0,1
2143,0904,0,1
2143,0905,0,1
2143,0906,0,1
2143,0907,0,1
2143,0908,0,1
2143,0909,0,1
2143,0910,0,1
2143,0911,0,1
2143,0912,0,1
2143,0913,0,1
2143,0914,0,1
2144,0901,0,1
2144,0902,0,1
2144,0903,0,1
2144,0904,0,1
2144,0905,0,1
2144,0906,0,1
2144,0907,0,1
2144,0908,0,1
2144,0909,0,1
2144,0910,0,1
2144,0911,0,1
2144,0912,0,1
2144,0913,0,1
2144,0914,0,1
2145,0901,0,1
2145,0902,0,1
2145,0903,0,1
2145,0904,0,1
2145,0905,0,1
2145,0906,0,1
2145,0907,0,1
2145,0908,0,1
2145,0909,0,1
2145,0910,0,1
2145,0911,0,1
2145,0912,0,1
2145,0913,0,1
2145,0914,0,1
2146,0901,0,1
2146,0902,0,1
2146,0903,0,1
2146,0904,0,1
2146,0905,0,1
2146,0906,0,1
2146,0907,0,1
2146,0908,0,1
2146,0909,0,1
2146,0910,0,1
2146,0911,0,1
2146,0912,0,1
2146,0913,1,1
2146,0914,0,1
2147,0901,0,1
2147,0902,0,1
2147,0903,0,1
2147,0904,0,1
2147,0905,0,1
2147,0906,0,1
2147,0907,0,1
2147,0908,0,1
2147,0909,0,1
2147,0910,0,1
2147,0911,0,1
2147,0912,0,1
2147,0913,0,1
2147,0914,0,1
2148,0901,0,1
2148,0902,0,1
2148,0903,0,1
2148,0904,0,1
2148,0905,0,1
2148,0906,0,1
2148,0907,0,1
2148,0908,0,1
2148,0909,0,1
2148,0910,0,1
2148,0911,0,1
2148,0912,0,1
2148,0913,0,1
2148,0914,0,1
2149,0901,0,1
2149,0902,0,1
2149,0903,0,1
2149,0904,0,1
2149,0905,0,1
2149,0906,0,1
2149,0907,0,1
2149,0908,0,1
2149,0909,0,1
2149,0910,0,1
2149,0911,0,1
2149,0912,0,1
2149,0913,0,1
2149,0914,0,1
2150,0901,0,1
2150,0902,0,1
2150,0903,0,1
2150,0904,0,1
2150,0905,0,1
2150,0906,0,1
2150,0907,0,1
2150,0908,0,1
2150,0909,0,1
2150,0910,0,1
2150,0911,0,1
2150,0912,0,1
2150,0913,0,1
2150,0914,0,1
2151,0901,0,1
2151,0902,0,1
2151,0903,0,1
2151,0904,0,1
2151,0905,0,1
2151,0906,0,1
2151,0907,0,1
2151,0908,0,1
2151,0909,0,1
2151,0910,0,1
2151,0911,0,1
2151,0912,0,1
2151,0913,0,1
2151,0914,0,1
2152,0901,0,1
2152,0902,0,1
2152,0903,0,1
2152,0904,0,1
2152,0905,0,1
2152,0906,0,1
2152,0907,0,1
2152,0908,0,1
2152,0909,0,1
2152,0910,0,1
2152,0911,0,1
2152,0912,0,1
2152,0913,0,1
2152,0914,0,1
2153,0901,0,1
2153,0902,0,1
2153,0903,0,1
2153,0904,0,1
2153,0905,0,1
2153,0906,0,1
2153,0907,0,1
2153,0908,0,1
2153,0909,0,1
2153,0910,0,1
2153,0911,0,1
2153,0912,0,1
2153,0913,0,1
2153,0914,0,1
2154,0901,0,1
2154,0902,0,1
2154,0903,0,1
2154,0904,0,1
2154,0905,0,1
2154,0906,0,1
2154,0907,0,1
2154,0908,1,1
2154,0909,1,1
2154,0910,0,1
2154,0911,0,1
2154,0912,0,1
2154,0913,1,1
2154,0914,0,1
2155,0901,0,1
2155,0902,0,1
2155,0903,0,1
2155,0904,0,1
2155,0905,0,1
2155,0906,0,1
2155,0907,0,1
2155,0908,0,1
2155,0909,0,1
2155,0910,0,1
2155,0911,0,1
2155,0912,0,1
2155,0913,0,1
2155,0914,0,1
2156,0901,0,1
2156,0902,0,1
2156,0903,0,1
2156,0904,0,1
2156,0905,0,1
2156,0906,0,1
2156,0907,0,1
2156,0908,0,1
2156,0909,0,1
2156,0910,0,1
2156,0911,0,1
2156,0912,0,1
2156,0913,0,1
2156,0914,0,1
2157,0901,0,1
2157,0902,0,1
2157,0903,0,1
2157,0904,0,1
2157,0905,0,1
2157,0906,0,1
2157,0907,0,1
2157,0908,0,1
2157,0909,0,1
2157,0910,0,1
2157,0911,0,1
2157,0912,1,1
2157,0913,0,1
2157,0914,0,1
2158,0901,0,1
2158,0902,0,1
2158,0903,0,1
2158,0904,0,1
2158,0905,0,1
2158,0906,0,1
2158,0907,0,1
2158,0908,0,1
2158,0909,0,1
2158,0910,0,1
2158,0911,0,1
2158,0912,0,1
2158,0913,0,1
2158,0914,0,1
2159,0901,0,1
2159,0902,0,1
2159,0903,0,1
2159,0904,0,1
2159,0905,0,1
2159,0906,0,1
2159,0907,0,1
2159,0908,0,1
2159,0909,0,1
2159,0910,0,1
2159,0911,0,1
2159,0912,0,1
2159,0913,0,1
2159,0914,0,1
2160,0901,0,1
2160,0902,0,1
2160,0903,0,1
2160,0904,0,1
2160,0905,0,1
2160,0906,0,1
2160,0907,0,1
2160,0908,0,1
2160,0909,0,1
2160,0910,0,1
2160,0911,0,1
2160,0912,0,1
2160,0913,0,1
2160,0914,0,1
2161,0901,0,1
2161,0902,0,1
2161,0903,0,1
2161,0904,0,1
2161,0905,0,1
2161,0906,0,1
2161,0907,0,1
2161,0908,0,1
2161,0909,0,1
2161,0910,0,1
2161,0911,0,1
2161,0912,0,1
2161,0913,0,1
2161,0914,0,1
2162,0901,0,1
2162,0902,0,1
2162,0903,0,1
2162,0904,0,1
2162,0905,0,1
2162,0906,0,1
2162,0907,0,1
2162,0908,0,1
2162,0909,0,1
2162,0910,0,1
2162,0911,0,1
2162,0912,0,1
2162,0913,0,1
2162,0914,0,1
2163,0901,0,1
2163,0902,0,1
2163,0903,0,1
2163,0904,0,1
2163,0905,0,1
2163,0906,0,1
2163,0907,0,1
2163,0908,0,1
2163,0909,0,1
2163,0910,0,1
2163,0911,0,1
2163,0912,0,1
2163,0913,0,1
2163,0914,0,1
2164,0901,0,1
2164,0902,0,1
2164,0903,0,1
2164,0904,0,1
2164,0905,0,1
2164,0906,0,1
2164,0907,0,1
2164,0908,0,1
2164,0909,0,1
2164,0910,0,1
2164,0911,0,1
2164,0912,0,1
2164,0913,0,1
2164,0914,0,1
2165,0901,0,1
2165,0902,0,1
2165,0903,0,1
2165,0904,0,1
2165,0905,0,1
2165,0906,0,1
2165,0907,0,1
2165,0908,0,1
2165,0909,0,1
2165,0910,0,1
2165,0911,0,1
2165,0912,0,1
2165,0913,0,1
2165,0914,0,1
2166,0901,0,1
2166,0902,0,1
2166,0903,0,1
2166,0904,0,1
2166,0905,0,1
2166,0906,0,1
2166,0907,0,1
2166,0908,0,1
2166,0909,0,1
2166,0910,0,1
2166,0911,0,1
2166,0912,0,1
2166,0913,0,1
2166,0914,0,1
2167,0901,0,1
2167,0902,0,1
2167,0903,0,1
2167,0904,0,1
2167,0905,0,1
2167,0906,0,1
2167,0907,0,1
2167,0908,0,1
2167,0909,0,1
2167,0910,0,1
2167,0911,0,1
2167,0912,0,1
2167,0913,0,1
2167,0914,0,1
2168,0901,0,1
2168,0902,0,1
2168,0903,0,1
2168,0904,0,1
2168,0905,0,1
2168,0906,0,1
2168,0907,0,1
2168,0908,0,1
2168,0909,0,1
2168,0910,0,1
2168,0911,0,1
2168,0912,0,1
2168,0913,0,1
2168,0914,0,1
2169,0901,0,1
2169,0902,0,1
2169,0903,0,1
2169,0904,0,1
2169,0905,0,1
2169,0906,0,1
2169,0907,0,1
2169,0908,0,1
2169,0909,0,1
2169,0910,0,1
2169,0911,0,1
2169,0912,0,1
2169,0913,0,1
2169,0914,0,1
2170,0901,0,1
2170,0902,0,1
2170,0903,0,1
2170,0904,0,1
2170,0905,0,1
2170,0906,0,1
2170,0907,0,1
2170,0908,0,1
2170,0909,0,1
2170,0910,0,1
2170,0911,1,1
2170,0912,0,1
2170,0913,0,1
2170,0914,0,1
2171,0901,0,1
2171,0902,0,1
2171,0903,0,1
2171,0904,0,1
2171,0905,0,1
2171,0906,0,1
2171,0907,0,1
2171,0908,0,1
2171,0909,0,1
2171,0910,0,1
2171,0911,0,1
2171,0912,0,1
2171,0913,0,1
2171,0914,0,1
2172,0901,0,1
2172,0902,0,1
2172,0903,0,1
2172,0904,0,1
2172,0905,0,1
2172,0906,0,1
2172,0907,0,1
2172,0908,0,1
2172,0909,0,1
2172,0910,0,1
2172,0911,0,1
2172,0912,0,1
2172,0913,0,1
2172,0914,0,1
2173,0901,0,1
2173,0902,0,1
2173,0903,0,1
2173,0904,0,1
2173,0905,0,1
2173,0906,0,1
2173,0907,0,1
2173,0908,0,1
2173,0909,0,1
2173,0910,0,1
2173,0911,0,1
2173,0912,0,1
2173,0913,0,1
2173,0914,0,1
2174,0901,0,1
2174,0902,0,1
2174,0903,0,1
2174,0904,0,1
2174,0905,0,1
2174,0906,0,1
2174,0907,0,1
2174,0908,0,1
2174,0909,0,1
2174,0910,0,1
2174,0911,0,1
2174,0912,0,1
2174,0913,0,1
2174,0914,0,1
2175,0901,0,1
2175,0902,0,1
2175,0903,0,1
2175,0904,0,1
2175,0905,0,1
2175,0906,0,1
2175,0907,0,1
2175,0908,0,1
2175,0909,0,1
2175,0910,0,1
2175,0911,0,1
2175,0912,0,1
2175,0913,0,1
2175,0914,0,1
2176,0901,0,1
2176,0902,0,1
2176,0903,0,1
2176,0904,0,1
2176,0905,0,1
2176,0906,0,1
2176,0907,0,1
2176,0908,0,1
2176,0909,0,1
2176,0910,0,1
2176,0911,0,1
2176,0912,0,1
2176,0913,1,1
2176,0914,0,1
2177,0901,0,1
2177,0902,0,1
2177,0903,0,1
2177,0904,0,1
2177,0905,0,1
2177,0906,0,1
2177,0907,0,1
2177,0908,0,1
2177,0909,0,1
2177,0910,0,1
2177,0911,0,1
2177,0912,0,1
2177,0913,0,1
2177,0914,0,1
2178,0901,0,1
2178,0902,0,1
2178,0903,0,1
2178,0904,0,1
2178,0905,0,1
2178,0906,0,1
2178,0907,0,1
2178,0908,0,1
2178,0909,0,1
2178,0910,0,1
2178,0911,1,1
2178,0912,0,1
2178,0913,0,1
2178,0914,0,1
2179,0901,0,1
2179,0902,0,1
2179,0903,0,1
2179,0904,0,1
2179,0905,0,1
2179,0906,0,1
2179,0907,0,1
2179,0908,0,1
2179,0909,0,1
2179,0910,0,1
2179,0911,0,1
2179,0912,0,1
2179,0913,0,1
2179,0914,0,1
2180,0901,0,1
2180,0902,0,1
2180,0903,0,1
2180,0904,0,1
2180,0905,0,1
2180,0906,0,1
2180,0907,0,1
2180,0908,0,1
2180,0909,0,1
2180,0910,0,1
2180,0911,0,1
2180,0912,0,1
2180,0913,0,1
2180,0914,0,1
2181,0901,0,1
2181,0902,0,1
2181,0903,0,1
2181,0904,0,1
2181,0905,0,1
2181,0906,0,1
2181,0907,0,1
2181,0908,0,1
2181,0909,0,1
2181,0910,0,1
2181,0911,0,1
2181,0912,0,1
2181,0913,0,1
2181,0914,0,1
2182,0901,0,1
2182,0902,0,1
2182,0903,0,1
2182,0904,0,1
2182,0905,0,1
2182,0906,0,1
2182,0907,0,1
2182,0908,0,1
2182,0909,0,1
2182,0910,0,1
2182,0911,0,1
2182,0912,0,1
2182,0913,0,1
2182,0914,0,1
2183,0901,0,1
2183,0902,0,1
2183,0903,0,1
2183,0904,0,1
2183,0905,0,1
2183,0906,0,1
2183,0907,0,1
2183,0908,0,1
2183,0909,0,1
2183,0910,0,1
2183,0911,0,1
2183,0912,0,1
2183,0913,0,1
2183,0914,0,1
2184,0901,0,1
2184,0902,0,1
2184,0903,0,1
2184,0904,0,1
2184,0905,0,1
2184,0906,0,1
2184,0907,0,1
2184,0908,0,1
2184,0909,1,1
2184,0910,0,1
2184,0911,0,1
2184,0912,0,1
2184,0913,0,1
2184,0914,0,1
2185,0901,0,1
2185,0902,0,1
2185,0903,0,1
2185,0904,0,1
2185,0905,0,1
2185,0906,0,1
2185,0907,0,1
2185,0908,0,1
2185,0909,0,1
2185,0910,0,1
2185,0911,0,1
2185,0912,0,1
2185,0913,0,1
2185,0914,0,1
2186,0901,0,1
2186,0902,0,1
2186,0903,0,1
2186,0904,0,1
2186,0905,0,1
2186,0906,0,1
2186,0907,0,1
2186,0908,0,1
2186,0909,0,1
2186,0910,0,1
2186,0911,0,1
2186,0912,0,1
2186,0913,0,1
2186,0914,1,1
2187,0901,0,1
2187,0902,0,1
2187,0903,0,1
2187,0904,0,1
2187,0905,0,1
2187,0906,0,1
2187,0907,0,1
2187,0908,0,1
2187,0909,0,1
2187,0910,0,1
2187,0911,0,1
2187,0912,0,1
2187,0913,0,1
2187,0914,0,1
2188,0901,0,1
2188,0902,0,1
2188,0903,0,1
2188,0904,0,1
2188,0905,0,1
2188,0906,0,1
2188,0907,0,1
2188,0908,0,1
2188,0909,0,1
2188,0910,0,1
2188,0911,0,1
2188,0912,0,1
2188,0913,0,1
2188,0914,0,1
2189,0901,0,1
2189,0902,0,1
2189,0903,0,1
2189,0904,0,1
2189,0905,0,1
2189,0906,0,1
2189,0907,0,1
2189,0908,0,1
2189,0909,0,1
2189,0910,0,1
2189,0911,0,1
2189,0912,0,1
2189,0913,0,1
2189,0914,0,1
2190,0901,0,1
2190,0902,0,1
2190,0903,0,1
2190,0904,0,1
2190,0905,0,1
2190,0906,0,1
2190,0907,0,1
2190,0908,0,1
2190,0909,0,1
2190,0910,0,1
2190,0911,0,1
2190,0912,0,1
2190,0913,0,1
2190,0914,0,1
2191,0901,0,1
2191,0902,0,1
2191,0903,0,1
2191,0904,0,1
2191,0905,0,1
2191,0906,0,1
2191,0907,0,1
2191,0908,0,1
2191,0909,0,1
2191,0910,0,1
2191,0911,0,1
2191,0912,0,1
2191,0913,0,1
2191,0914,0,1
2192,0901,0,1
2192,0902,0,1
2192,0903,0,1
2192,0904,0,1
2192,0905,0,1
2192,0906,0,1
2192,0907,0,1
2192,0908,0,1
2192,0909,0,1
2192,0910,0,1
2192,0911,0,1
2192,0912,0,1
2192,0913,0,1
2192,0914,0,1
2193,0901,0,1
2193,0902,0,1
2193,0903,0,1
2193,0904,0,1
2193,0905,0,1
2193,0906,0,1
2193,0907,0,1
2193,0908,0,1
2193,0909,0,1
2193,0910,0,1
2193,0911,0,1
2193,0912,0,1
2193,0913,0,1
2193,0914,0,1
2194,0901,0,1
2194,0902,0,1
2194,0903,0,1
2194,0904,0,1
2194,0905,0,1
2194,0906,0,1
2194,0907,0,1
2194,0908,0,1
2194,0909,0,1
2194,0910,0,1
2194,0911,1,1
2194,0912,0,1
2194,0913,0,1
2194,0914,0,1
2195,0901,0,1
2195,0902,0,1
2195,0903,0,1
2195,0904,0,1
2195,0905,0,1
2195,0906,0,1
2195,0907,0,1
2195,0908,0,1
2195,0909,0,1
2195,0910,0,1
2195,0911,0,1
2195,0912,0,1
2195,0913,0,1
2195,0914,0,1
2196,0901,0,1
2196,0902,0,1
2196,0903,0,1
2196,0904,0,1
2196,0905,0,1
2196,0906,0,1
2196,0907,0,1
2196,0908,0,1
2196,0909,0,1
2196,0910,0,1
2196,0911,0,1
2196,0912,0,1
2196,0913,0,1
2196,0914,0,1
2197,0901,0,1
2197,0902,0,1
2197,0903,0,1
2197,0904,0,1
2197,0905,0,1
2197,0906,0,1
2197,0907,0,1
2197,0908,0,1
2197,0909,0,1
2197,0910,0,1
2197,0911,0,1
2197,0912,0,1
2197,0913,0,1
2197,0914,0,1
2198,0901,0,1
2198,0902,0,1
2198,0903,0,1
2198,0904,0,1
2198,0905,0,1
2198,0906,0,1
2198,0907,0,1
2198,0908,0,1
2198,0909,0,1
2198,0910,0,1
2198,0911,0,1
2198,0912,0,1
2198,0913,0,1
2198,0914,0,1
2199,0901,0,1
2199,0902,0,1
2199,0903,0,1
2199,0904,0,1
2199,0905,0,1
2199,0906,0,1
2199,0907,0,1
2199,0908,0,1
2199,0909,0,1
2199,0910,0,1
2199,0911,0,1
2199,0912,0,1
2199,0913,0,1
2199,0914,0,1
2200,0901,0,1
2200,0902,0,1
2200,0903,0,1
2200,0904,0,1
2200,0905,0,1
2200,0906,0,1
2200,0907,0,1
2200,0908,1,1
2200,0909,0,1
2200,0910,0,1
2200,0911,0,1
2200,0912,0,1
2200,0913,0,1
2200,0914,0,1
2201,0901,0,1
2201,0902,0,1
2201,0903,0,1
2201,0904,0,1
2201,0905,0,1
2201,0906,0,1
2201,0907,0,1
2201,0908,0,1
2201,0909,0,1
2201,0910,0,1
2201,0911,0,1
2201,0912,0,1
2201,0913,0,1
2201,0914,0,1
2202,0901,0,1
2202,0902,0,1
2202,0903,0,1
2202,0904,0,1
2202,0905,0,1
2202,0906,0,1
2202,0907,0,1
2202,0908,0,1
2202,0909,0,1
2202,0910,0,1
2202,0911,0,1
2202,0912,0,1
2202,0913,0,1
2202,0914,1,1
2203,0901,0,1
2203,0902,1,1
2203,0903,0,1
2203,0904,0,1
2203,0905,0,1
2203,0906,0,1
2203,0907,0,1
2203,0908,0,1
2203,0909,0,1
2203,0910,0,1
2203,0911,0,1
2203,0912,0,1
2203,0913,0,1
2203,0914,0,1
2204,0901,0,1
2204,0902,0,1
2204,0903,0,1
2204,0904,0,1
2204,0905,0,1
2204,0906,0,1
2204,0907,0,1
2204,0908,0,1
2204,0909,1,1
2204,0910,0,1
2204,0911,0,1
2204,0912,0,1
2204,0913,0,1
2204,0914,0,1
2205,0901,0,1
2205,0902,0,1
2205,0903,0,1
2205,0904,0,1
2205,0905,0,1
2205,0906,0,1
2205,0907,0,1
2205,0908,0,1
2205,0909,0,1
2205,0910,0,1
2205,0911,0,1
2205,0912,0,1
2205,0913,0,1
2205,0914,0,1
2206,0901,0,1
2206,0902,0,1
2206,0903,0,1
2206,0904,0,1
2206,0905,0,1
2206,0906,0,1
2206,0907,0,1
2206,0908,1,1
2206,0909,0,1
2206,0910,0,1
2206,0911,0,1
2206,0912,0,1
2206,0913,0,1
2206,0914,0,1
2207,0901,0,1
2207,0902,0,1
2207,0903,0,1
2207,0904,0,1
2207,0905,0,1
2207,0906,0,1
2207,0907,0,1
2207,0908,0,1
2207,0909,0,1
2207,0910,0,1
2207,0911,0,1
2207,0912,0,1
2207,0913,0,1
2207,0914,0,1
2208,0901,0,1
2208,0902,0,1
2208,0903,0,1
2208,0904,0,1
2208,0905,0,1
2208,0906,0,1
2208,0907,0,1
2208,0908,0,1
2208,0909,0,1
2208,0910,0,1
2208,0911,0,1
2208,0912,0,1
2208,0913,0,1
2208,0914,0,1
2209,0901,0,1
2209,0902,0,1
2209,0903,0,1
2209,0904,0,1
2209,0905,0,1
2209,0906,0,1
2209,0907,0,1
2209,0908,0,1
2209,0909,0,1
2209,0910,0,1
2209,0911,0,1
2209,0912,0,1
2209,0913,0,1
2209,0914,0,1
2210,0901,0,1
2210,0902,0,1
2210,0903,0,1
2210,0904,0,1
2210,0905,0,1
2210,0906,0,1
2210,0907,0,1
2210,0908,0,1
2210,0909,0,1
2210,0910,0,1
2210,0911,0,1
2210,0912,0,1
2210,0913,0,1
2210,0914,0,1
2211,0901,0,1
2211,0902,0,1
2211,0903,0,1
2211,0904,0,1
2211,0905,0,1
2211,0906,0,1
2211,0907,0,1
2211,0908,0,1
2211,0909,0,1
2211,0910,0,1
2211,0911,0,1
2211,0912,0,1
2211,0913,0,1
2211,0914,0,1
2212,0901,0,1
2212,0902,0,1
2212,0903,0,1
2212,0904,0,1
2212,0905,0,1
2212,0906,0,1
2212,0907,0,1
2212,0908,0,1
2212,0909,0,1
2212,0910,1,1
2212,0911,0,1
2212,0912,0,1
2212,0913,0,1
2212,0914,0,1
2213,0901,0,1
2213,0902,0,1
2213,0903,0,1
2213,0904,0,1
2213,0905,0,1
2213,0906,0,1
2213,0907,0,1
2213,0908,0,1
2213,0909,0,1
2213,0910,0,1
2213,0911,0,1
2213,0912,0,1
2213,0913,0,1
2213,0914,0,1
2214,0901,0,1
2214,0902,0,1
2214,0903,0,1
2214,0904,0,1
2214,0905,0,1
2214,0906,0,1
2214,0907,0,1
2214,0908,1,1
2214,0909,0,1
2214,0910,0,1
2214,0911,0,1
2214,0912,0,1
2214,0913,0,1
2214,0914,0,1
2215,0901,0,1
2215,0902,0,1
2215,0903,0,1
2215,0904,0,1
2215,0905,0,1
2215,0906,0,1
2215,0907,0,1
2215,0908,0,1
2215,0909,0,1
2215,0910,0,1
2215,0911,0,1
2215,0912,0,1
2215,0913,0,1
2215,0914,0,1
2216,0901,0,1
2216,0902,0,1
2216,0903,0,1
2216,0904,0,1
2216,0905,0,1
2216,0906,0,1
2216,0907,0,1
2216,0908,0,1
2216,0909,0,1
2216,0910,0,1
2216,0911,0,1
2216,0912,0,1
2216,0913,0,1
2216,0914,0,1
2217,0901,0,1
2217,0902,0,1
2217,0903,0,1
2217,0904,0,1
2217,0905,0,1
2217,0906,0,1
2217,0907,0,1
2217,0908,0,1
2217,0909,0,1
2217,0910,0,1
2217,0911,0,1
2217,0912,0,1
2217,0913,0,1
2217,0914,1,1
2218,0901,0,1
2218,0902,0,1
2218,0903,0,1
2218,0904,0,1
2218,0905,0,1
2218,0906,0,1
2218,0907,0,1
2218,0908,0,1
2218,0909,0,1
2218,0910,0,1
2218,0911,0,1
2218,0912,0,1
2218,0913,0,1
2218,0914,0,1
2219,0901,0,1
2219,0902,0,1
2219,0903,0,1
2219,0904,0,1
2219,0905,0,1
2219,0906,0,1
2219,0907,0,1
2219,0908,1,1
2219,0909,0,1
2219,0910,0,1
2219,0911,0,1
2219,0912,0,1
2219,0913,0,1
2219,0914,0,1
2220,0901,0,1
2220,0902,0,1
2220,0903,0,1
2220,0904,0,1
2220,0905,0,1
2220,0906,0,1
2220,0907,0,1
2220,0908,0,1
2220,0909,0,1
2220,0910,0,1
2220,0911,0,1
2220,0912,0,1
2220,0913,0,1
2220,0914,0,1
2221,0901,0,1
2221,0902,0,1
2221,0903,0,1
2221,0904,0,1
2221,0905,0,1
2221,0906,0,1
2221,0907,0,1
2221,0908,0,1
2221,0909,0,1
2221,0910,0,1
2221,0911,0,1
2221,0912,0,1
2221,0913,1,1
2221,0914,0,1
2222,0901,0,1
2222,0902,0,1
2222,0903,0,1
2222,0904,0,1
2222,0905,0,1
2222,0906,0,1
2222,0907,0,1
2222,0908,0,1
2222,0909,0,1
2222,0910,0,1
2222,0911,0,1
2222,0912,0,1
2222,0913,1,1
2222,0914,0,1
2223,0901,0,1
2223,0902,0,1
2223,0903,0,1
2223,0904,0,1
2223,0905,0,1
2223,0906,0,1
2223,0907,0,1
2223,0908,0,1
2223,0909,0,1
2223,0910,0,1
2223,0911,0,1
2223,0912,0,1
2223,0913,0,1
2223,0914,0,1
2224,0901,0,1
2224,0902,0,1
2224,0903,0,1
2224,0904,0,1
2224,0905,0,1
2224,0906,0,1
2224,0907,0,1
2224,0908,0,1
2224,0909,0,1
2224,0910,0,1
2224,0911,0,1
2224,0912,0,1
2224,0913,0,1
2224,0914,0,1
2225,0901,0,1
2225,0902,0,1
2225,0903,0,1
2225,0904,0,1
2225,0905,0,1
2225,0906,0,1
2225,0907,0,1
2225,0908,0,1
2225,0909,0,1
2225,0910,0,1
2225,0911,1,1
2225,0912,0,1
2225,0913,0,1
2225,0914,0,1
2226,0901,0,1
2226,0902,0,1
2226,0903,0,1
2226,0904,0,1
2226,0905,0,1
2226,0906,0,1
2226,0907,0,1
2226,0908,0,1
2226,0909,0,1
2226,0910,0,1
2226,0911,0,1
2226,0912,0,1
2226,0913,0,1
2226,0914,0,1
2227,0901,0,1
2227,0902,0,1
2227,0903,0,1
2227,0904,0,1
2227,0905,0,1
2227,0906,0,1
2227,0907,0,1
2227,0908,0,1
2227,0909,0,1
2227,0910,0,1
2227,0911,1,1
2227,0912,0,1
2227,0913,0,1
2227,0914,0,1
2228,0901,0,1
2228,0902,0,1
2228,0903,0,1
2228,0904,0,1
2228,0905,0,1
2228,0906,0,1
2228,0907,0,1
2228,0908,0,1
2228,0909,0,1
2228,0910,0,1
2228,0911,0,1
2228,0912,0,1
2228,0913,0,1
2228,0914,0,1
2229,0901,0,1
2229,0902,0,1
2229,0903,0,1
2229,0904,0,1
2229,0905,0,1
2229,0906,0,1
2229,0907,0,1
2229,0908,0,1
2229,0909,0,1
2229,0910,0,1
2229,0911,0,1
2229,0912,0,1
2229,0913,0,1
2229,0914,0,1
2230,0901,0,1
2230,0902,0,1
2230,0903,0,1
2230,0904,0,1
2230,0905,0,1
2230,0906,0,1
2230,0907,0,1
2230,0908,0,1
2230,0909,0,1
2230,0910,0,1
2230,0911,0,1
2230,0912,0,1
2230,0913,0,1
2230,0914,0,1
2231,0901,0,1
2231,0902,0,1
2231,0903,0,1
2231,0904,0,1
2231,0905,0,1
2231,0906,0,1
2231,0907,0,1
2231,0908,0,1
2231,0909,0,1
2231,0910,0,1
2231,0911,0,1
2231,0912,0,1
2231,0913,0,1
2231,0914,0,1
2232,0901,0,1
2232,0902,0,1
2232,0903,0,1
2232,0904,0,1
2232,0905,0,1
2232,0906,0,1
2232,0907,0,1
2232,0908,0,1
2232,0909,0,1
2232,0910,0,1
2232,0911,0,1
2232,0912,0,1
2232,0913,0,1
2232,0914,0,1
2233,0901,0,1
2233,0902,0,1
2233,0903,0,1
2233,0904,0,1
2233,0905,0,1
2233,0906,0,1
2233,0907,0,1
2233,0908,0,1
2233,0909,0,1
2233,0910,0,1
2233,0911,0,1
2233,0912,0,1
2233,0913,0,1
2233,0914,0,1
2234,0901,0,1
2234,0902,0,1
2234,0903,0,1
2234,0904,0,1
2234,0905,0,1
2234,0906,0,1
2234,0907,0,1
2234,0908,0,1
2234,0909,0,1
2234,0910,0,1
2234,0911,0,1
2234,0912,0,1
2234,0913,0,1
2234,0914,0,1
2235,0901,0,1
2235,0902,0,1
2235,0903,0,1
2235,0904,0,1
2235,0905,0,1
2235,0906,0,1
2235,0907,0,1
2235,0908,0,1
2235,0909,0,1
2235,0910,0,1
2235,0911,0,1
2235,0912,0,1
2235,0913,0,1
2235,0914,1,1
2236,0901,0,1
2236,0902,0,1
2236,0903,0,1
2236,0904,0,1
2236,0905,0,1
2236,0906,0,1
2236,0907,0,1
2236,0908,0,1
2236,0909,0,1
2236,0910,0,1
2236,0911,0,1
2236,0912,0,1
2236,0913,0,1
2236,0914,0,1
2237,0901,0,1
2237,0902,0,1
2237,0903,0,1
2237,0904,0,1
2237,0905,0,1
2237,0906,0,1
2237,0907,0,1
2237,0908,0,1
2237,0909,1,1
2237,0910,0,1
2237,0911,0,1
2237,0912,0,1
2237,0913,0,1
2237,0914,0,1
2238,0901,0,1
2238,0902,0,1
2238,0903,0,1
2238,0904,0,1
2238,0905,0,1
2238,0906,0,1
2238,0907,0,1
2238,0908,0,1
2238,0909,0,1
2238,0910,0,1
2238,0911,0,1
2238,0912,0,1
2238,0913,0,1
2238,0914,0,1
2239,0901,0,1
2239,0902,0,1
2239,0903,0,1
2239,0904,0,1
2239,0905,0,1
2239,0906,0,1
2239,0907,0,1
2239,0908,1,1
2239,0909,0,1
2239,0910,0,1
2239,0911,0,1
2239,0912,0,1
2239,0913,0,1
2239,0914,0,1
2240,0901,0,1
2240,0902,0,1
2240,0903,0,1
2240,0904,0,1
2240,0905,0,1
2240,0906,0,1
2240,0907,0,1
2240,0908,0,1
2240,0909,0,1
2240,0910,0,1
2240,0911,0,1
2240,0912,0,1
2240,0913,0,1
2240,0914,0,1
2241,0901,0,1
2241,0902,0,1
2241,0903,0,1
2241,0904,0,1
2241,0905,0,1
2241,0906,0,1
2241,0907,0,1
2241,0908,0,1
2241,0909,0,1
2241,0910,0,1
2241,0911,0,1
2241,0912,0,1
2241,0913,0,1
2241,0914,0,1
2242,0901,0,1
2242,0902,0,1
2242,0903,0,1
2242,0904,0,1
2242,0905,0,1
2242,0906,0,1
2242,0907,0,1
2242,0908,0,1
2242,0909,0,1
2242,0910,0,1
2242,0911,0,1
2242,0912,0,1
2242,0913,0,1
2242,0914,0,1
2243,0901,0,1
2243,0902,0,1
2243,0903,0,1
2243,0904,0,1
2243,0905,0,1
2243,0906,0,1
2243,0907,0,1
2243,0908,0,1
2243,0909,0,1
2243,0910,0,1
2243,0911,0,1
2243,0912,0,1
2243,0913,0,1
2243,0914,0,1
2244,0901,0,1
2244,0902,0,1
2244,0903,0,1
2244,0904,0,1
2244,0905,0,1
2244,0906,0,1
2244,0907,0,1
2244,0908,0,1
2244,0909,0,1
2244,0910,0,1
2244,0911,0,1
2244,0912,0,1
2244,0913,0,1
2244,0914,0,1
2245,0901,0,1
2245,0902,0,1
2245,0903,0,1
2245,0904,0,1
2245,0905,0,1
2245,0906,0,1
2245,0907,0,1
2245,0908,0,1
2245,0909,0,1
2245,0910,0,1
2245,0911,0,1
2245,0912,0,1
2245,0913,0,1
2245,0914,0,1
2246,0901,0,1
2246,0902,0,1
2246,0903,0,1
2246,0904,0,1
2246,0905,0,1
2246,0906,0,1
2246,0907,0,1
2246,0908,1,1
2246,0909,1,1
2246,0910,0,1
2246,0911,0,1
2246,0912,0,1
2246,0913,0,1
2246,0914,0,1
2247,0901,0,1
2247,0902,0,1
2247,0903,0,1
2247,0904,0,1
2247,0905,0,1
2247,0906,0,1
2247,0907,0,1
2247,0908,0,1
2247,0909,0,1
2247,0910,0,1
2247,0911,0,1
2247,0912,0,1
2247,0913,0,1
2247,0914,0,1
2248,0901,0,1
2248,0902,0,1
2248,0903,0,1
2248,0904,0,1
2248,0905,0,1
2248,0906,0,1
2248,0907,0,1
2248,0908,0,1
2248,0909,0,1
2248,0910,0,1
2248,0911,0,1
2248,0912,0,1
2248,0913,1,1
2248,0914,0,1
2249,0901,0,1
2249,0902,0,1
2249,0903,0,1
2249,0904,0,1
2249,0905,0,1
2249,0906,0,1
2249,0907,0,1
2249,0908,0,1
2249,0909,0,1
2249,0910,0,1
2249,0911,0,1
2249,0912,0,1
2249,0913,0,1
2249,0914,0,1
2250,0901,0,1
2250,0902,0,1
2250,0903,0,1
2250,0904,0,1
2250,0905,0,1
2250,0906,0,1
2250,0907,0,1
2250,0908,0,1
2250,0909,0,1
2250,0910,0,1
2250,0911,0,1
2250,0912,0,1
2250,0913,0,1
2250,0914,0,1
2251,0901,0,1
2251,0902,0,1
2251,0903,0,1
2251,0904,0,1
2251,0905,0,1
2251,0906,0,1
2251,0907,0,1
2251,0908,0,1
2251,0909,0,1
2251,0910,0,1
2251,0911,0,1
2251,0912,0,1
2251,0913,0,1
2251,0914,0,1
2252,0901,0,1
2252,0902,0,1
2252,0903,0,1
2252,0904,0,1
2252,0905,0,1
2252,0906,0,1
2252,0907,0,1
2252,0908,0,1
2252,0909,0,1
2252,0910,0,1
2252,0911,0,1
2252,0912,0,1
2252,0913,1,1
2252,0914,0,1
2253,0901,0,1
2253,0902,0,1
2253,0903,0,1
2253,0904,0,1
2253,0905,0,1
2253,0906,0,1
2253,0907,0,1
2253,0908,0,1
2253,0909,0,1
2253,0910,0,1
2253,0911,0,1
2253,0912,0,1
2253,0913,1,1
2253,0914,0,1
2254,0901,0,1
2254,0902,0,1
2254,0903,0,1
2254,0904,0,1
2254,0905,0,1
2254,0906,0,1
2254,0907,0,1
2254,0908,0,1
2254,0909,0,1
2254,0910,0,1
2254,0911,1,1
2254,0912,0,1
2254,0913,0,1
2254,0914,0,1
2255,0901,0,1
2255,0902,0,1
2255,0903,0,1
2255,0904,0,1
2255,0905,0,1
2255,0906,0,1
2255,0907,0,1
2255,0908,0,1
2255,0909,0,1
2255,0910,0,1
2255,0911,0,1
2255,0912,0,1
2255,0913,0,1
2255,0914,0,1
2256,0901,0,1
2256,0902,0,1
2256,0903,0,1
2256,0904,0,1
2256,0905,0,1
2256,0906,0,1
2256,0907,0,1
2256,0908,0,1
2256,0909,0,1
2256,0910,0,1
2256,0911,0,1
2256,0912,0,1
2256,0913,0,1
2256,0914,0,1
2257,0901,0,1
2257,0902,0,1
2257,0903,0,1
2257,0904,0,1
2257,0905,0,1
2257,0906,0,1
2257,0907,0,1
2257,0908,0,1
2257,0909,0,1
2257,0910,0,1
2257,0911,0,1
2257,0912,0,1
2257,0913,0,1
2257,0914,0,1
2258,0901,0,1
2258,0902,0,1
2258,0903,0,1
2258,0904,0,1
2258,0905,0,1
2258,0906,0,1
2258,0907,0,1
2258,0908,0,1
2258,0909,0,1
2258,0910,0,1
2258,0911,0,1
2258,0912,0,1
2258,0913,0,1
2258,0914,0,1
2259,0901,0,1
2259,0902,0,1
2259,0903,0,1
2259,0904,0,1
2259,0905,0,1
2259,0906,0,1
2259,0907,0,1
2259,0908,0,1
2259,0909,0,1
2259,0910,0,1
2259,0911,0,1
2259,0912,0,1
2259,0913,0,1
2259,0914,0,1
2260,0901,0,1
2260,0902,0,1
2260,0903,0,1
2260,0904,0,1
2260,0905,0,1
2260,0906,0,1
2260,0907,0,1
2260,0908,0,1
2260,0909,0,1
2260,0910,0,1
2260,0911,0,1
2260,0912,0,1
2260,0913,0,1
2260,0914,1,1
2261,0901,0,1
2261,0902,0,1
2261,0903,0,1
2261,0904,0,1
2261,0905,0,1
2261,0906,0,1
2261,0907,0,1
2261,0908,0,1
2261,0909,0,1
2261,0910,0,1
2261,0911,0,1
2261,0912,0,1
2261,0913,0,1
2261,0914,0,1
2262,0901,0,1
2262,0902,0,1
2262,0903,0,1
2262,0904,0,1
2262,0905,0,1
2262,0906,0,1
2262,0907,0,1
2262,0908,0,1
2262,0909,0,1
2262,0910,0,1
2262,0911,0,1
2262,0912,0,1
2262,0913,0,1
2262,0914,0,1
2263,0901,0,1
2263,0902,0,1
2263,0903,0,1
2263,0904,0,1
2263,0905,0,1
2263,0906,0,1
2263,0907,0,1
2263,0908,0,1
2263,0909,0,1
2263,0910,0,1
2263,0911,0,1
2263,0912,0,1
2263,0913,0,1
2263,0914,0,1
2264,0901,0,1
2264,0902,0,1
2264,0903,0,1
2264,0904,0,1
2264,0905,0,1
2264,0906,0,1
2264,0907,0,1
2264,0908,0,1
2264,0909,0,1
2264,0910,0,1
2264,0911,1,1
2264,0912,0,1
2264,0913,0,1
2264,0914,0,1
2265,0901,0,1
2265,0902,0,1
2265,0903,0,1
2265,0904,0,1
2265,0905,0,1
2265,0906,0,1
2265,0907,0,1
2265,0908,0,1
2265,0909,0,1
2265,0910,0,1
2265,0911,0,1
2265,0912,0,1
2265,0913,0,1
2265,0914,1,1
2266,0901,0,1
2266,0902,0,1
2266,0903,0,1
2266,0904,0,1
2266,0905,0,1
2266,0906,0,1
2266,0907,0,1
2266,0908,0,1
2266,0909,0,1
2266,0910,1,1
2266,0911,0,1
2266,0912,0,1
2266,0913,0,1
2266,0914,0,1
2267,0901,0,1
2267,0902,0,1
2267,0903,0,1
2267,0904,0,1
2267,0905,0,1
2267,0906,0,1
2267,0907,0,1
2267,0908,0,1
2267,0909,0,1
2267,0910,1,1
2267,0911,0,1
2267,0912,0,1
2267,0913,0,1
2267,0914,0,1
2268,0901,0,1
2268,0902,0,1
2268,0903,0,1
2268,0904,0,1
2268,0905,0,1
2268,0906,0,1
2268,0907,0,1
2268,0908,0,1
2268,0909,0,1
2268,0910,0,1
2268,0911,0,1
2268,0912,0,1
2268,0913,0,1
2268,0914,0,1
2269,0901,0,1
2269,0902,0,1
2269,0903,0,1
2269,0904,0,1
2269,0905,0,1
2269,0906,0,1
2269,0907,0,1
2269,0908,0,1
2269,0909,0,1
2269,0910,0,1
2269,0911,0,1
2269,0912,0,1
2269,0913,0,1
2269,0914,0,1
2270,0901,0,1
2270,0902,0,1
2270,0903,0,1
2270,0904,0,1
2270,0905,0,1
2270,0906,0,1
2270,0907,0,1
2270,0908,0,1
2270,0909,0,1
2270,0910,0,1
2270,0911,0,1
2270,0912,0,1
2270,0913,0,1
2270,0914,0,1
2271,0901,0,1
2271,0902,0,1
2271,0903,0,1
2271,0904,0,1
2271,0905,0,1
2271,0906,0,1
2271,0907,0,1
2271,0908,0,1
2271,0909,0,1
2271,0910,0,1
2271,0911,0,1
2271,0912,0,1
2271,0913,0,1
2271,0914,0,1
2272,0901,0,1
2272,0902,0,1
2272,0903,0,1
2272,0904,0,1
2272,0905,0,1
2272,0906,0,1
2272,0907,0,1
2272,0908,0,1
2272,0909,0,1
2272,0910,0,1
2272,0911,0,1
2272,0912,0,1
2272,0913,0,1
2272,0914,0,1
2273,0901,0,1
2273,0902,0,1
2273,0903,0,1
2273,0904,0,1
2273,0905,0,1
2273,0906,0,1
2273,0907,0,1
2273,0908,0,1
2273,0909,0,1
2273,0910,0,1
2273,0911,0,1
2273,0912,0,1
2273,0913,0,1
2273,0914,0,1
2274,0901,0,1
2274,0902,0,1
2274,0903,0,1
2274,0904,0,1
2274,0905,0,1
2274,0906,0,1
2274,0907,0,1
2274,0908,0,1
2274,0909,0,1
2274,0910,0,1
2274,0911,0,1
2274,0912,0,1
2274,0913,0,1
2274,0914,0,1
2275,0901,0,1
2275,0902,0,1
2275,0903,0,1
2275,0904,0,1
2275,0905,0,1
2275,0906,0,1
2275,0907,0,1
2275,0908,0,1
2275,0909,0,1
2275,0910,0,1
2275,0911,0,1
2275,0912,0,1
2275,0913,0,1
2275,0914,1,1
2276,0901,0,1
2276,0902,0,1
2276,0903,0,1
2276,0904,0,1
2276,0905,0,1
2276,0906,0,1
2276,0907,0,1
2276,0908,0,1
2276,0909,0,1
2276,0910,0,1
2276,0911,0,1
2276,0912,0,1
2276,0913,0,1
2276,0914,0,1
2277,0901,0,1
2277,0902,0,1
2277,0903,0,1
2277,0904,0,1
2277,0905,0,1
2277,0906,0,1
2277,0907,0,1
2277,0908,0,1
2277,0909,0,1
2277,0910,0,1
2277,0911,0,1
2277,0912,0,1
2277,0913,0,1
2277,0914,0,1
2278,0901,0,1
2278,0902,0,1
2278,0903,0,1
2278,0904,0,1
2278,0905,0,1
2278,0906,0,1
2278,0907,0,1
2278,0908,0,1
2278,0909,0,1
2278,0910,0,1
2278,0911,0,1
2278,0912,0,1
2278,0913,0,1
2278,0914,0,1
2279,0901,0,1
2279,0902,0,1
2279,0903,0,1
2279,0904,0,1
2279,0905,0,1
2279,0906,0,1
2279,0907,0,1
2279,0908,0,1
2279,0909,0,1
2279,0910,0,1
2279,0911,0,1
2279,0912,0,1
2279,0913,0,1
2279,0914,0,1
2280,0901,0,1
2280,0902,0,1
2280,0903,0,1
2280,0904,0,1
2280,0905,0,1
2280,0906,0,1
2280,0907,0,1
2280,0908,0,1
2280,0909,0,1
2280,0910,0,1
2280,0911,0,1
2280,0912,0,1
2280,0913,0,1
2280,0914,0,1
2281,0901,0,1
2281,0902,0,1
2281,0903,0,1
2281,0904,0,1
2281,0905,0,1
2281,0906,0,1
2281,0907,0,1
2281,0908,0,1
2281,0909,0,1
2281,0910,0,1
2281,0911,0,1
2281,0912,0,1
2281,0913,0,1
2281,0914,0,1
2282,0901,0,1
2282,0902,0,1
2282,0903,0,1
2282,0904,0,1
2282,0905,0,1
2282,0906,0,1
2282,0907,0,1
2282,0908,0,1
2282,0909,1,1
2282,0910,0,1
2282,0911,0,1
2282,0912,0,1
2282,0913,0,1
2282,0914,0,1
2283,0901,0,1
2283,0902,0,1
2283,0903,0,1
2283,0904,0,1
2283,0905,0,1
2283,0906,0,1
2283,0907,0,1
2283,0908,0,1
2283,0909,1,1
2283,0910,0,1
2283,0911,0,1
2283,0912,0,1
2283,0913,0,1
2283,0914,0,1
2284,0901,0,1
2284,0902,0,1
2284,0903,0,1
2284,0904,0,1
2284,0905,0,1
2284,0906,0,1
2284,0907,0,1
2284,0908,0,1
2284,0909,0,1
2284,0910,0,1
2284,0911,0,1
2284,0912,0,1
2284,0913,0,1
2284,0914,0,1
2285,0901,0,1
2285,0902,0,1
2285,0903,0,1
2285,0904,0,1
2285,0905,0,1
2285,0906,0,1
2285,0907,0,1
2285,0908,0,1
2285,0909,0,1
2285,0910,0,1
2285,0911,0,1
2285,0912,0,1
2285,0913,0,1
2285,0914,0,1
2286,0901,0,1
2286,0902,0,1
2286,0903,0,1
2286,0904,0,1
2286,0905,0,1
2286,0906,0,1
2286,0907,0,1
2286,0908,0,1
2286,0909,0,1
2286,0910,0,1
2286,0911,0,1
2286,0912,0,1
2286,0913,0,1
2286,0914,0,1
2287,0901,0,1
2287,0902,0,1
2287,0903,0,1
2287,0904,0,1
2287,0905,0,1
2287,0906,0,1
2287,0907,0,1
2287,0908,0,1
2287,0909,0,1
2287,0910,0,1
2287,0911,0,1
2287,0912,0,1
2287,0913,0,1
2287,0914,0,1
2288,0901,0,1
2288,0902,0,1
2288,0903,0,1
2288,0904,0,1
2288,0905,0,1
2288,0906,0,1
2288,0907,0,1
2288,0908,0,1
2288,0909,0,1
2288,0910,0,1
2288,0911,0,1
2288,0912,0,1
2288,0913,0,1
2288,0914,0,1
2289,0901,0,1
2289,0902,0,1
2289,0903,0,1
2289,0904,0,1
2289,0905,0,1
2289,0906,0,1
2289,0907,0,1
2289,0908,0,1
2289,0909,0,1
2289,0910,0,1
2289,0911,0,1
2289,0912,0,1
2289,0913,0,1
2289,0914,0,1
2290,0901,0,1
2290,0902,0,1
2290,0903,0,1
2290,0904,0,1
2290,0905,0,1
2290,0906,0,1
2290,0907,0,1
2290,0908,0,1
2290,0909,0,1
2290,0910,0,1
2290,0911,0,1
2290,0912,0,1
2290,0913,0,1
2290,0914,0,1
2291,0901,0,1
2291,0902,0,1
2291,0903,0,1
2291,0904,0,1
2291,0905,0,1
2291,0906,0,1
2291,0907,0,1
2291,0908,0,1
2291,0909,0,1
2291,0910,0,1
2291,0911,0,1
2291,0912,0,1
2291,0913,0,1
2291,0914,0,1
2292,0901,0,1
2292,0902,0,1
2292,0903,0,1
2292,0904,0,1
2292,0905,0,1
2292,0906,0,1
2292,0907,0,1
2292,0908,0,1
2292,0909,0,1
2292,0910,0,1
2292,0911,0,1
2292,0912,0,1
2292,0913,0,1
2292,0914,0,1
2293,0901,0,1
2293,0902,0,1
2293,0903,0,1
2293,0904,0,1
2293,0905,0,1
2293,0906,0,1
2293,0907,0,1
2293,0908,0,1
2293,0909,0,1
2293,0910,0,1
2293,0911,0,1
2293,0912,0,1
2293,0913,0,1
2293,0914,0,1
2294,0901,0,1
2294,0902,0,1
2294,0903,0,1
2294,0904,0,1
2294,0905,0,1
2294,0906,0,1
2294,0907,0,1
2294,0908,0,1
2294,0909,0,1
2294,0910,1,1
2294,0911,0,1
2294,0912,0,1
2294,0913,0,1
2294,0914,0,1
2295,0901,0,1
2295,0902,0,1
2295,0903,0,1
2295,0904,0,1
2295,0905,0,1
2295,0906,0,1
2295,0907,0,1
2295,0908,0,1
2295,0909,0,1
2295,0910,0,1
2295,0911,0,1
2295,0912,0,1
2295,0913,0,1
2295,0914,0,1
2296,0901,0,1
2296,0902,0,1
2296,0903,0,1
2296,0904,0,1
2296,0905,0,1
2296,0906,0,1
2296,0907,0,1
2296,0908,0,1
2296,0909,0,1
2296,0910,0,1
2296,0911,0,1
2296,0912,1,1
2296,0913,0,1
2296,0914,0,1
2297,0901,0,1
2297,0902,0,1
2297,0903,0,1
2297,0904,0,1
2297,0905,0,1
2297,0906,0,1
2297,0907,0,1
2297,0908,0,1
2297,0909,0,1
2297,0910,0,1
2297,0911,1,1
2297,0912,0,1
2297,0913,0,1
2297,0914,0,1
2298,0901,0,1
2298,0902,0,1
2298,0903,0,1
2298,0904,0,1
2298,0905,0,1
2298,0906,0,1
2298,0907,0,1
2298,0908,0,1
2298,0909,0,1
2298,0910,0,1
2298,0911,0,1
2298,0912,0,1
2298,0913,0,1
2298,0914,0,1
2299,0901,0,1
2299,0902,0,1
2299,0903,0,1
2299,0904,0,1
2299,0905,0,1
2299,0906,0,1
2299,0907,0,1
2299,0908,0,1
2299,0909,0,1
2299,0910,0,1
2299,0911,0,1
2299,0912,0,1
2299,0913,0,1
2299,0914,0,1
2300,0901,0,1
2300,0902,0,1
2300,0903,0,1
2300,0904,0,1
2300,0905,0,1
2300,0906,0,1
2300,0907,0,1
2300,0908,0,1
2300,0909,0,1
2300,0910,0,1
2300,0911,0,1
2300,0912,0,1
2300,0913,0,1
2300,0914,0,1
2301,0901,0,1
2301,0902,0,1
2301,0903,0,1
2301,0904,0,1
2301,0905,0,1
2301,0906,0,1
2301,0907,0,1
2301,0908,0,1
2301,0909,0,1
2301,0910,0,1
2301,0911,0,1
2301,0912,0,1
2301,0913,0,1
2301,0914,0,1
2302,0901,0,1
2302,0902,0,1
2302,0903,0,1
2302,0904,0,1
2302,0905,0,1
2302,0906,0,1
2302,0907,0,1
2302,0908,0,1
2302,0909,0,1
2302,0910,0,1
2302,0911,0,1
2302,0912,0,1
2302,0913,0,1
2302,0914,0,1
2303,0901,0,1
2303,0902,0,1
2303,0903,0,1
2303,0904,0,1
2303,0905,0,1
2303,0906,0,1
2303,0907,0,1
2303,0908,0,1
2303,0909,0,1
2303,0910,0,1
2303,0911,1,1
2303,0912,0,1
2303,0913,0,1
2303,0914,0,1
2304,0901,0,1
2304,0902,0,1
2304,0903,0,1
2304,0904,0,1
2304,0905,0,1
2304,0906,0,1
2304,0907,0,1
2304,0908,0,1
2304,0909,0,1
2304,0910,0,1
2304,0911,0,1
2304,0912,0,1
2304,0913,0,1
2304,0914,0,1
2305,0901,0,1
2305,0902,0,1
2305,0903,0,1
2305,0904,0,1
2305,0905,0,1
2305,0906,0,1
2305,0907,0,1
2305,0908,0,1
2305,0909,0,1
2305,0910,0,1
2305,0911,0,1
2305,0912,0,1
2305,0913,0,1
2305,0914,0,1
2306,0901,0,1
2306,0902,0,1
2306,0903,0,1
2306,0904,0,1
2306,0905,0,1
2306,0906,0,1
2306,0907,0,1
2306,0908,0,1
2306,0909,0,1
2306,0910,0,1
2306,0911,0,1
2306,0912,0,1
2306,0913,0,1
2306,0914,0,1
2307,0901,0,1
2307,0902,0,1
2307,0903,0,1
2307,0904,0,1
2307,0905,0,1
2307,0906,0,1
2307,0907,0,1
2307,0908,0,1
2307,0909,0,1
2307,0910,0,1
2307,0911,0,1
2307,0912,0,1
2307,0913,0,1
2307,0914,0,1
2308,0901,0,1
2308,0902,0,1
2308,0903,0,1
2308,0904,0,1
2308,0905,0,1
2308,0906,0,1
2308,0907,0,1
2308,0908,0,1
2308,0909,0,1
2308,0910,0,1
2308,0911,0,1
2308,0912,0,1
2308,0913,0,1
2308,0914,0,1
2309,0901,0,1
2309,0902,0,1
2309,0903,0,1
2309,0904,0,1
2309,0905,0,1
2309,0906,0,1
2309,0907,0,1
2309,0908,0,1
2309,0909,0,1
2309,0910,0,1
2309,0911,0,1
2309,0912,0,1
2309,0913,0,1
2309,0914,0,1
2310,0901,0,1
2310,0902,0,1
2310,0903,0,1
2310,0904,0,1
2310,0905,0,1
2310,0906,0,1
2310,0907,0,1
2310,0908,0,1
2310,0909,0,1
2310,0910,0,1
2310,0911,0,1
2310,0912,0,1
2310,0913,0,1
2310,0914,0,1
2311,0901,0,1
2311,0902,0,1
2311,0903,0,1
2311,0904,0,1
2311,0905,0,1
2311,0906,0,1
2311,0907,0,1
2311,0908,0,1
2311,0909,0,1
2311,0910,0,1
2311,0911,0,1
2311,0912,0,1
2311,0913,0,1
2311,0914,0,1
2312,0901,0,1
2312,0902,0,1
2312,0903,0,1
2312,0904,0,1
2312,0905,0,1
2312,0906,0,1
2312,0907,0,1
2312,0908,0,1
2312,0909,0,1
2312,0910,0,1
2312,0911,0,1
2312,0912,0,1
2312,0913,0,1
2312,0914,0,1
2313,0901,0,1
2313,0902,0,1
2313,0903,0,1
2313,0904,0,1
2313,0905,0,1
2313,0906,0,1
2313,0907,0,1
2313,0908,0,1
2313,0909,0,1
2313,0910,0,1
2313,0911,0,1
2313,0912,0,1
2313,0913,0,1
2313,0914,0,1
2314,0901,0,1
2314,0902,0,1
2314,0903,0,1
2314,0904,0,1
2314,0905,0,1
2314,0906,0,1
2314,0907,0,1
2314,0908,0,1
2314,0909,0,1
2314,0910,0,1
2314,0911,0,1
2314,0912,0,1
2314,0913,0,1
2314,0914,0,1
2315,0901,0,1
2315,0902,0,1
2315,0903,0,1
2315,0904,0,1
2315,0905,0,1
2315,0906,0,1
2315,0907,0,1
2315,0908,0,1
2315,0909,0,1
2315,0910,0,1
2315,0911,0,1
2315,0912,0,1
2315,0913,0,1
2315,0914,0,1
2316,0901,0,1
2316,0902,0,1
2316,0903,0,1
2316,0904,0,1
2316,0905,0,1
2316,0906,0,1
2316,0907,0,1
2316,0908,0,1
2316,0909,0,1
2316,0910,0,1
2316,0911,0,1
2316,0912,0,1
2316,0913,0,1
2316,0914,0,1
2317,0901,0,1
2317,0902,0,1
2317,0903,0,1
2317,0904,0,1
2317,0905,0,1
2317,0906,0,1
2317,0907,0,1
2317,0908,0,1
2317,0909,0,1
2317,0910,0,1
2317,0911,0,1
2317,0912,0,1
2317,0913,0,1
2317,0914,0,1
2318,0901,0,1
2318,0902,0,1
2318,0903,0,1
2318,0904,0,1
2318,0905,0,1
2318,0906,0,1
2318,0907,0,1
2318,0908,0,1
2318,0909,0,1
2318,0910,0,1
2318,0911,0,1
2318,0912,0,1
2318,0913,0,1
2318,0914,0,1
2319,0901,0,1
2319,0902,0,1
2319,0903,0,1
2319,0904,0,1
2319,0905,0,1
2319,0906,0,1
2319,0907,0,1
2319,0908,0,1
2319,0909,0,1
2319,0910,0,1
2319,0911,0,1
2319,0912,1,1
2319,0913,0,1
2319,0914,0,1
2320,0901,0,1
2320,0902,0,1
2320,0903,0,1
2320,0904,0,1
2320,0905,0,1
2320,0906,0,1
2320,0907,0,1
2320,0908,0,1
2320,0909,0,1
2320,0910,0,1
2320,0911,0,1
2320,0912,0,1
2320,0913,0,1
2320,0914,0,1
2321,0901,0,1
2321,0902,0,1
2321,0903,0,1
2321,0904,0,1
2321,0905,0,1
2321,0906,0,1
2321,0907,0,1
2321,0908,0,1
2321,0909,0,1
2321,0910,0,1
2321,0911,0,1
2321,0912,0,1
2321,0913,0,1
2321,0914,0,1
2322,0901,0,1
2322,0902,0,1
2322,0903,0,1
2322,0904,0,1
2322,0905,0,1
2322,0906,0,1
2322,0907,0,1
2322,0908,0,1
2322,0909,0,1
2322,0910,0,1
2322,0911,0,1
2322,0912,0,1
2322,0913,0,1
2322,0914,0,1
2323,0901,0,1
2323,0902,0,1
2323,0903,0,1
2323,0904,0,1
2323,0905,0,1
2323,0906,0,1
2323,0907,0,1
2323,0908,0,1
2323,0909,0,1
2323,0910,0,1
2323,0911,0,1
2323,0912,0,1
2323,0913,0,1
2323,0914,0,1
2324,0901,0,1
2324,0902,0,1
2324,0903,0,1
2324,0904,0,1
2324,0905,0,1
2324,0906,0,1
2324,0907,0,1
2324,0908,1,1
2324,0909,0,1
2324,0910,0,1
2324,0911,0,1
2324,0912,0,1
2324,0913,0,1
2324,0914,0,1
2325,0901,0,1
2325,0902,0,1
2325,0903,0,1
2325,0904,0,1
2325,0905,0,1
2325,0906,0,1
2325,0907,0,1
2325,0908,0,1
2325,0909,0,1
2325,0910,0,1
2325,0911,0,1
2325,0912,0,1
2325,0913,0,1
2325,0914,0,1
2326,0901,0,1
2326,0902,0,1
2326,0903,0,1
2326,0904,0,1
2326,0905,0,1
2326,0906,0,1
2326,0907,0,1
2326,0908,0,1
2326,0909,0,1
2326,0910,1,1
2326,0911,0,1
2326,0912,0,1
2326,0913,0,1
2326,0914,0,1
2327,0901,0,1
2327,0902,0,1
2327,0903,0,1
2327,0904,0,1
2327,0905,0,1
2327,0906,0,1
2327,0907,0,1
2327,0908,0,1
2327,0909,0,1
2327,0910,0,1
2327,0911,0,1
2327,0912,0,1
2327,0913,0,1
2327,0914,0,1
2328,0901,0,1
2328,0902,0,1
2328,0903,0,1
2328,0904,0,1
2328,0905,0,1
2328,0906,0,1
2328,0907,0,1
2328,0908,0,1
2328,0909,0,1
2328,0910,0,1
2328,0911,0,1
2328,0912,0,1
2328,0913,0,1
2328,0914,0,1
2329,0901,0,1
2329,0902,0,1
2329,0903,0,1
2329,0904,0,1
2329,0905,0,1
2329,0906,0,1
2329,0907,0,1
2329,0908,0,1
2329,0909,0,1
2329,0910,0,1
2329,0911,0,1
2329,0912,0,1
2329,0913,0,1
2329,0914,0,1
2330,0901,0,1
2330,0902,0,1
2330,0903,0,1
2330,0904,0,1
2330,0905,0,1
2330,0906,0,1
2330,0907,0,1
2330,0908,0,1
2330,0909,0,1
2330,0910,0,1
2330,0911,0,1
2330,0912,0,1
2330,0913,0,1
2330,0914,0,1
2331,0901,0,1
2331,0902,0,1
2331,0903,0,1
2331,0904,0,1
2331,0905,0,1
2331,0906,0,1
2331,0907,0,1
2331,0908,0,1
2331,0909,0,1
2331,0910,0,1
2331,0911,0,1
2331,0912,0,1
2331,0913,0,1
2331,0914,0,1
2332,0901,0,1
2332,0902,0,1
2332,0903,0,1
2332,0904,0,1
2332,0905,0,1
2332,0906,0,1
2332,0907,0,1
2332,0908,0,1
2332,0909,0,1
2332,0910,0,1
2332,0911,1,1
2332,0912,0,1
2332,0913,0,1
2332,0914,0,1
2333,0901,0,1
2333,0902,0,1
2333,0903,0,1
2333,0904,0,1
2333,0905,0,1
2333,0906,0,1
2333,0907,0,1
2333,0908,0,1
2333,0909,0,1
2333,0910,0,1
2333,0911,0,1
2333,0912,0,1
2333,0913,0,1
2333,0914,0,1
2334,0901,0,1
2334,0902,0,1
2334,0903,0,1
2334,0904,0,1
2334,0905,0,1
2334,0906,0,1
2334,0907,0,1
2334,0908,0,1
2334,0909,1,1
2334,0910,0,1
2334,0911,0,1
2334,0912,0,1
2334,0913,0,1
2334,0914,0,1
2335,0901,0,1
2335,0902,0,1
2335,0903,0,1
2335,0904,0,1
2335,0905,0,1
2335,0906,0,1
2335,0907,0,1
2335,0908,1,1
2335,0909,0,1
2335,0910,0,1
2335,0911,0,1
2335,0912,0,1
2335,0913,0,1
2335,0914,0,1
2336,0901,0,1
2336,0902,0,1
2336,0903,0,1
2336,0904,0,1
2336,0905,0,1
2336,0906,0,1
2336,0907,0,1
2336,0908,0,1
2336,0909,0,1
2336,0910,0,1
2336,0911,0,1
2336,0912,0,1
2336,0913,0,1
2336,0914,0,1
2337,0901,0,1
2337,0902,0,1
2337,0903,0,1
2337,0904,0,1
2337,0905,0,1
2337,0906,0,1
2337,0907,0,1
2337,0908,0,1
2337,0909,0,1
2337,0910,0,1
2337,0911,0,1
2337,0912,0,1
2337,0913,0,1
2337,0914,0,1
2338,0901,0,1
2338,0902,0,1
2338,0903,0,1
2338,0904,0,1
2338,0905,0,1
2338,0906,0,1
2338,0907,0,1
2338,0908,0,1
2338,0909,0,1
2338,0910,0,1
2338,0911,0,1
2338,0912,0,1
2338,0913,0,1
2338,0914,0,1
2339,0901,0,1
2339,0902,0,1
2339,0903,0,1
2339,0904,0,1
2339,0905,0,1
2339,0906,0,1
2339,0907,0,1
2339,0908,0,1
2339,0909,0,1
2339,0910,0,1
2339,0911,0,1
2339,0912,0,1
2339,0913,0,1
2339,0914,0,1
2340,0901,0,1
2340,0902,0,1
2340,0903,0,1
2340,0904,0,1
2340,0905,0,1
2340,0906,0,1
2340,0907,0,1
2340,0908,0,1
2340,0909,0,1
2340,0910,0,1
2340,0911,0,1
2340,0912,0,1
2340,0913,0,1
2340,0914,0,1
2341,0901,0,1
2341,0902,0,1
2341,0903,0,1
2341,0904,0,1
2341,0905,0,1
2341,0906,0,1
2341,0907,0,1
2341,0908,0,1
2341,0909,0,1
2341,0910,0,1
2341,0911,0,1
2341,0912,0,1
2341,0913,0,1
2341,0914,0,1
2342,0901,0,1
2342,0902,0,1
2342,0903,0,1
2342,0904,0,1
2342,0905,0,1
2342,0906,0,1
2342,0907,0,1
2342,0908,0,1
2342,0909,0,1
2342,0910,0,1
2342,0911,0,1
2342,0912,0,1
2342,0913,0,1
2342,0914,0,1
2343,0901,0,1
2343,0902,0,1
2343,0903,0,1
2343,0904,0,1
2343,0905,0,1
2343,0906,0,1
2343,0907,0,1
2343,0908,0,1
2343,0909,0,1
2343,0910,0,1
2343,0911,0,1
2343,0912,0,1
2343,0913,0,1
2343,0914,0,1
2344,0901,0,1
2344,0902,0,1
2344,0903,0,1
2344,0904,0,1
2344,0905,0,1
2344,0906,0,1
2344,0907,0,1
2344,0908,0,1
2344,0909,0,1
2344,0910,0,1
2344,0911,0,1
2344,0912,0,1
2344,0913,0,1
2344,0914,0,1
2345,0901,0,1
2345,0902,0,1
2345,0903,0,1
2345,0904,0,1
2345,0905,0,1
2345,0906,0,1
2345,0907,0,1
2345,0908,0,1
2345,0909,0,1
2345,0910,0,1
2345,0911,0,1
2345,0912,0,1
2345,0913,0,1
2345,0914,0,1
2346,0901,0,1
2346,0902,0,1
2346,0903,0,1
2346,0904,0,1
2346,0905,0,1
2346,0906,0,1
2346,0907,0,1
2346,0908,0,1
2346,0909,0,1
2346,0910,0,1
2346,0911,0,1
2346,0912,0,1
2346,0913,0,1
2346,0914,0,1
2347,0901,0,1
2347,0902,0,1
2347,0903,0,1
2347,0904,0,1
2347,0905,0,1
2347,0906,0,1
2347,0907,0,1
2347,0908,0,1
2347,0909,0,1
2347,0910,0,1
2347,0911,0,1
2347,0912,0,1
2347,0913,0,1
2347,0914,1,1
2348,0901,0,1
2348,0902,0,1
2348,0903,0,1
2348,0904,0,1
2348,0905,0,1
2348,0906,0,1
2348,0907,0,1
2348,0908,0,1
2348,0909,0,1
2348,0910,0,1
2348,0911,0,1
2348,0912,0,1
2348,0913,0,1
2348,0914,0,1
2349,0901,0,1
2349,0902,0,1
2349,0903,0,1
2349,0904,0,1
2349,0905,0,1
2349,0906,0,1
2349,0907,0,1
2349,0908,0,1
2349,0909,1,1
2349,0910,0,1
2349,0911,0,1
2349,0912,0,1
2349,0913,0,1
2349,0914,0,1
2350,0901,0,1
2350,0902,0,1
2350,0903,0,1
2350,0904,0,1
2350,0905,0,1
2350,0906,0,1
2350,0907,0,1
2350,0908,0,1
2350,0909,0,1
2350,0910,0,1
2350,0911,0,1
2350,0912,0,1
2350,0913,0,1
2350,0914,0,1
2351,0901,0,1
2351,0902,0,1
2351,0903,0,1
2351,0904,0,1
2351,0905,0,1
2351,0906,0,1
2351,0907,0,1
2351,0908,0,1
2351,0909,0,1
2351,0910,0,1
2351,0911,0,1
2351,0912,1,1
2351,0913,0,1
2351,0914,0,1
2352,0901,0,1
2352,0902,0,1
2352,0903,0,1
2352,0904,0,1
2352,0905,0,1
2352,0906,0,1
2352,0907,0,1
2352,0908,0,1
2352,0909,0,1
2352,0910,0,1
2352,0911,0,1
2352,0912,0,1
2352,0913,0,1
2352,0914,0,1
2353,0901,0,1
2353,0902,0,1
2353,0903,0,1
2353,0904,0,1
2353,0905,0,1
2353,0906,0,1
2353,0907,0,1
2353,0908,0,1
2353,0909,0,1
2353,0910,0,1
2353,0911,0,1
2353,0912,0,1
2353,0913,0,1
2353,0914,0,1
2354,0901,0,1
2354,0902,0,1
2354,0903,0,1
2354,0904,0,1
2354,0905,0,1
2354,0906,0,1
2354,0907,0,1
2354,0908,0,1
2354,0909,0,1
2354,0910,0,1
2354,0911,0,1
2354,0912,0,1
2354,0913,1,1
2354,0914,0,1
2355,0901,0,1
2355,0902,0,1
2355,0903,0,1
2355,0904,0,1
2355,0905,0,1
2355,0906,0,1
2355,0907,0,1
2355,0908,0,1
2355,0909,0,1
2355,0910,0,1
2355,0911,0,1
2355,0912,0,1
2355,0913,0,1
2355,0914,0,1
2356,0901,0,1
2356,0902,0,1
2356,0903,0,1
2356,0904,0,1
2356,0905,0,1
2356,0906,0,1
2356,0907,0,1
2356,0908,0,1
2356,0909,0,1
2356,0910,0,1
2356,0911,0,1
2356,0912,0,1
2356,0913,1,1
2356,0914,0,1
2357,0901,0,1
2357,0902,0,1
2357,0903,0,1
2357,0904,0,1
2357,0905,0,1
2357,0906,0,1
2357,0907,0,1
2357,0908,0,1
2357,0909,1,1
2357,0910,0,1
2357,0911,0,1
2357,0912,0,1
2357,0913,0,1
2357,0914,0,1
2358,0901,0,1
2358,0902,0,1
2358,0903,0,1
2358,0904,0,1
2358,0905,0,1
2358,0906,0,1
2358,0907,0,1
2358,0908,0,1
2358,0909,0,1
2358,0910,1,1
2358,0911,1,1
2358,0912,0,1
2358,0913,0,1
2358,0914,0,1
2359,0901,0,1
2359,0902,0,1
2359,0903,0,1
2359,0904,0,1
2359,0905,0,1
2359,0906,0,1
2359,0907,0,1
2359,0908,0,1
2359,0909,0,1
2359,0910,0,1
2359,0911,0,1
2359,0912,0,1
2359,0913,0,1
2359,0914,0,1
2360,0901,0,1
2360,0902,0,1
2360,0903,0,1
2360,0904,0,1
2360,0905,0,1
2360,0906,0,1
2360,0907,0,1
2360,0908,0,1
2360,0909,0,1
2360,0910,0,1
2360,0911,0,1
2360,0912,0,1
2360,0913,0,1
2360,0914,0,1
2361,0901,0,1
2361,0902,0,1
2361,0903,0,1
2361,0904,0,1
2361,0905,0,1
2361,0906,0,1
2361,0907,0,1
2361,0908,0,1
2361,0909,0,1
2361,0910,0,1
2361,0911,0,1
2361,0912,0,1
2361,0913,0,1
2361,0914,0,1
2362,0901,0,1
2362,0902,0,1
2362,0903,0,1
2362,0904,0,1
2362,0905,0,1
2362,0906,0,1
2362,0907,0,1
2362,0908,0,1
2362,0909,1,1
2362,0910,0,1
2362,0911,0,1
2362,0912,0,1
2362,0913,0,1
2362,0914,0,1
2363,0901,0,1
2363,0902,0,1
2363,0903,0,1
2363,0904,0,1
2363,0905,0,1
2363,0906,0,1
2363,0907,0,1
2363,0908,0,1
2363,0909,0,1
2363,0910,0,1
2363,0911,0,1
2363,0912,0,1
2363,0913,0,1
2363,0914,0,1
2364,0901,0,1
2364,0902,0,1
2364,0903,0,1
2364,0904,0,1
2364,0905,0,1
2364,0906,0,1
2364,0907,0,1
2364,0908,0,1
2364,0909,0,1
2364,0910,0,1
2364,0911,0,1
2364,0912,0,1
2364,0913,0,1
2364,0914,0,1
2365,0901,0,1
2365,0902,0,1
2365,0903,0,1
2365,0904,0,1
2365,0905,0,1
2365,0906,0,1
2365,0907,0,1
2365,0908,0,1
2365,0909,0,1
2365,0910,0,1
2365,0911,0,1
2365,0912,0,1
2365,0913,0,1
2365,0914,0,1
2366,0901,0,1
2366,0902,0,1
2366,0903,0,1
2366,0904,0,1
2366,0905,0,1
2366,0906,0,1
2366,0907,0,1
2366,0908,0,1
2366,0909,0,1
2366,0910,0,1
2366,0911,0,1
2366,0912,0,1
2366,0913,0,1
2366,0914,0,1
2367,0901,0,1
2367,0902,0,1
2367,0903,0,1
2367,0904,0,1
2367,0905,0,1
2367,0906,0,1
2367,0907,0,1
2367,0908,0,1
2367,0909,0,1
2367,0910,0,1
2367,0911,0,1
2367,0912,0,1
2367,0913,0,1
2367,0914,0,1
2368,0901,0,1
2368,0902,0,1
2368,0903,0,1
2368,0904,0,1
2368,0905,0,1
2368,0906,0,1
2368,0907,0,1
2368,0908,0,1
2368,0909,0,1
2368,0910,0,1
2368,0911,0,1
2368,0912,1,1
2368,0913,0,1
2368,0914,0,1
2369,0901,0,1
2369,0902,0,1
2369,0903,0,1
2369,0904,0,1
2369,0905,0,1
2369,0906,0,1
2369,0907,0,1
2369,0908,0,1
2369,0909,0,1
2369,0910,0,1
2369,0911,0,1
2369,0912,0,1
2369,0913,0,1
2369,0914,0,1
2370,0901,0,1
2370,0902,0,1
2370,0903,0,1
2370,0904,0,1
2370,0905,0,1
2370,0906,0,1
2370,0907,0,1
2370,0908,0,1
2370,0909,0,1
2370,0910,0,1
2370,0911,0,1
2370,0912,0,1
2370,0913,0,1
2370,0914,0,1
2371,0901,0,1
2371,0902,0,1
2371,0903,0,1
2371,0904,0,1
2371,0905,0,1
2371,0906,0,1
2371,0907,0,1
2371,0908,0,1
2371,0909,0,1
2371,0910,0,1
2371,0911,0,1
2371,0912,0,1
2371,0913,0,1
2371,0914,0,1
2372,0901,0,1
2372,0902,0,1
2372,0903,0,1
2372,0904,0,1
2372,0905,0,1
2372,0906,0,1
2372,0907,0,1
2372,0908,0,1
2372,0909,0,1
2372,0910,0,1
2372,0911,0,1
2372,0912,0,1
2372,0913,0,1
2372,0914,0,1
2373,0901,0,1
2373,0902,0,1
2373,0903,0,1
2373,0904,0,1
2373,0905,0,1
2373,0906,0,1
2373,0907,0,1
2373,0908,0,1
2373,0909,0,1
2373,0910,1,1
2373,0911,0,1
2373,0912,0,1
2373,0913,0,1
2373,0914,0,1
2374,0901,0,1
2374,0902,0,1
2374,0903,0,1
2374,0904,0,1
2374,0905,0,1
2374,0906,0,1
2374,0907,0,1
2374,0908,0,1
2374,0909,0,1
2374,0910,0,1
2374,0911,0,1
2374,0912,0,1
2374,0913,0,1
2374,0914,0,1
2375,0901,0,1
2375,0902,0,1
2375,0903,0,1
2375,0904,0,1
2375,0905,0,1
2375,0906,0,1
2375,0907,0,1
2375,0908,0,1
2375,0909,0,1
2375,0910,0,1
2375,0911,0,1
2375,0912,0,1
2375,0913,0,1
2375,0914,0,1
2376,0901,0,1
2376,0902,0,1
2376,0903,0,1
2376,0904,0,1
2376,0905,0,1
2376,0906,0,1
2376,0907,0,1
2376,0908,0,1
2376,0909,0,1
2376,0910,0,1
2376,0911,0,1
2376,0912,0,1
2376,0913,0,1
2376,0914,0,1
2377,0901,0,1
2377,0902,0,1
2377,0903,0,1
2377,0904,0,1
2377,0905,0,1
2377,0906,0,1
2377,0907,0,1
2377,0908,0,1
2377,0909,0,1
2377,0910,0,1
2377,0911,0,1
2377,0912,0,1
2377,0913,0,1
2377,0914,0,1
2378,0901,0,1
2378,0902,0,1
2378,0903,0,1
2378,0904,0,1
2378,0905,0,1
2378,0906,0,1
2378,0907,0,1
2378,0908,0,1
2378,0909,0,1
2378,0910,0,1
2378,0911,0,1
2378,0912,0,1
2378,0913,0,1
2378,0914,0,1
2379,0901,0,1
2379,0902,0,1
2379,0903,0,1
2379,0904,0,1
2379,0905,0,1
2379,0906,0,1
2379,0907,0,1
2379,0908,0,1
2379,0909,0,1
2379,0910,0,1
2379,0911,0,1
2379,0912,0,1
2379,0913,0,1
2379,0914,0,1
2380,0901,0,1
2380,0902,0,1
2380,0903,0,1
2380,0904,0,1
2380,0905,0,1
2380,0906,0,1
2380,0907,0,1
2380,0908,0,1
2380,0909,0,1
2380,0910,0,1
2380,0911,0,1
2380,0912,0,1
2380,0913,0,1
2380,0914,0,1
2381,0901,0,1
2381,0902,0,1
2381,0903,0,1
2381,0904,0,1
2381,0905,0,1
2381,0906,0,1
2381,0907,0,1
2381,0908,0,1
2381,0909,0,1
2381,0910,0,1
2381,0911,0,1
2381,0912,0,1
2381,0913,0,1
2381,0914,0,1
2382,0901,0,1
2382,0902,0,1
2382,0903,0,1
2382,0904,0,1
2382,0905,0,1
2382,0906,0,1
2382,0907,0,1
2382,0908,0,1
2382,0909,0,1
2382,0910,0,1
2382,0911,0,1
2382,0912,0,1
2382,0913,0,1
2382,0914,0,1
2383,0901,0,1
2383,0902,0,1
2383,0903,0,1
2383,0904,0,1
2383,0905,0,1
2383,0906,0,1
2383,0907,0,1
2383,0908,1,1
2383,0909,0,1
2383,0910,0,1
2383,0911,0,1
2383,0912,0,1
2383,0913,0,1
2383,0914,0,1
2384,0901,0,1
2384,0902,0,1
2384,0903,0,1
2384,0904,0,1
2384,0905,0,1
2384,0906,0,1
2384,0907,0,1
2384,0908,0,1
2384,0909,0,1
2384,0910,0,1
2384,0911,0,1
2384,0912,0,1
2384,0913,1,1
2384,0914,1,1
2385,0901,0,1
2385,0902,0,1
2385,0903,0,1
2385,0904,0,1
2385,0905,0,1
2385,0906,0,1
2385,0907,0,1
2385,0908,0,1
2385,0909,0,1
2385,0910,0,1
2385,0911,0,1
2385,0912,0,1
2385,0913,0,1
2385,0914,0,1
2386,0901,0,1
2386,0902,0,1
2386,0903,0,1
2386,0904,0,1
2386,0905,0,1
2386,0906,0,1
2386,0907,0,1
2386,0908,0,1
2386,0909,0,1
2386,0910,0,1
2386,0911,0,1
2386,0912,0,1
2386,0913,0,1
2386,0914,0,1
2387,0901,0,1
2387,0902,0,1
2387,0903,0,1
2387,0904,0,1
2387,0905,0,1
2387,0906,0,1
2387,0907,0,1
2387,0908,0,1
2387,0909,0,1
2387,0910,0,1
2387,0911,0,1
2387,0912,0,1
2387,0913,0,1
2387,0914,0,1
2388,0901,0,1
2388,0902,0,1
2388,0903,0,1
2388,0904,0,1
2388,0905,0,1
2388,0906,0,1
2388,0907,0,1
2388,0908,0,1
2388,0909,0,1
2388,0910,0,1
2388,0911,0,1
2388,0912,0,1
2388,0913,1,1
2388,0914,0,1
2389,0901,0,1
2389,0902,0,1
2389,0903,0,1
2389,0904,0,1
2389,0905,0,1
2389,0906,0,1
2389,0907,0,1
2389,0908,0,1
2389,0909,0,1
2389,0910,0,1
2389,0911,0,1
2389,0912,0,1
2389,0913,0,1
2389,0914,0,1
2390,0901,0,1
2390,0902,0,1
2390,0903,0,1
2390,0904,0,1
2390,0905,0,1
2390,0906,0,1
2390,0907,0,1
2390,0908,0,1
2390,0909,0,1
2390,0910,0,1
2390,0911,0,1
2390,0912,0,1
2390,0913,0,1
2390,0914,0,1
2391,0901,0,1
2391,0902,0,1
2391,0903,0,1
2391,0904,0,1
2391,0905,0,1
2391,0906,0,1
2391,0907,0,1
2391,0908,0,1
2391,0909,0,1
2391,0910,0,1
2391,0911,0,1
2391,0912,0,1
2391,0913,0,1
2391,0914,0,1
2392,0901,0,1
2392,0902,0,1
2392,0903,0,1
2392,0904,0,1
2392,0905,0,1
2392,0906,0,1
2392,0907,0,1
2392,0908,0,1
2392,0909,0,1
2392,0910,0,1
2392,0911,0,1
2392,0912,0,1
2392,0913,0,1
2392,0914,0,1
2393,0901,0,1
2393,0902,0,1
2393,0903,0,1
2393,0904,0,1
2393,0905,0,1
2393,0906,0,1
2393,0907,0,1
2393,0908,0,1
2393,0909,0,1
2393,0910,0,1
2393,0911,0,1
2393,0912,0,1
2393,0913,0,1
2393,0914,0,1
2394,0901,0,1
2394,0902,0,1
2394,0903,0,1
2394,0904,0,1
2394,0905,0,1
2394,0906,0,1
2394,0907,0,1
2394,0908,0,1
2394,0909,0,1
2394,0910,0,1
2394,0911,0,1
2394,0912,0,1
2394,0913,0,1
2394,0914,0,1
2395,0901,0,1
2395,0902,0,1
2395,0903,0,1
2395,0904,0,1
2395,0905,0,1
2395,0906,0,1
2395,0907,0,1
2395,0908,0,1
2395,0909,0,1
2395,0910,0,1
2395,0911,0,1
2395,0912,0,1
2395,0913,0,1
2395,0914,0,1
2396,0901,0,1
2396,0902,0,1
2396,0903,0,1
2396,0904,0,1
2396,0905,0,1
2396,0906,0,1
2396,0907,0,1
2396,0908,0,1
2396,0909,0,1
2396,0910,0,1
2396,0911,0,1
2396,0912,0,1
2396,0913,0,1
2396,0914,0,1
2397,0901,0,1
2397,0902,0,1
2397,0903,0,1
2397,0904,0,1
2397,0905,0,1
2397,0906,0,1
2397,0907,0,1
2397,0908,0,1
2397,0909,0,1
2397,0910,0,1
2397,0911,0,1
2397,0912,0,1
2397,0913,0,1
2397,0914,0,1
2398,0901,0,1
2398,0902,0,1
2398,0903,0,1
2398,0904,0,1
2398,0905,0,1
2398,0906,0,1
2398,0907,0,1
2398,0908,0,1
2398,0909,0,1
2398,0910,0,1
2398,0911,0,1
2398,0912,0,1
2398,0913,0,1
2398,0914,0,1
2399,0901,0,1
2399,0902,0,1
2399,0903,0,1
2399,0904,0,1
2399,0905,0,1
2399,0906,0,1
2399,0907,0,1
2399,0908,0,1
2399,0909,0,1
2399,0910,0,1
2399,0911,0,1
2399,0912,0,1
2399,0913,1,1
2399,0914,0,1
2400,0901,0,1
2400,0902,0,1
2400,0903,0,1
2400,0904,0,1
2400,0905,0,1
2400,0906,0,1
2400,0907,0,1
2400,0908,0,1
2400,0909,0,1
2400,0910,0,1
2400,0911,0,1
2400,0912,0,1
2400,0913,0,1
2400,0914,0,1
2401,0901,0,1
2401,0902,0,1
2401,0903,0,1
2401,0904,0,1
2401,0905,0,1
2401,0906,0,1
2401,0907,0,1
2401,0908,0,1
2401,0909,0,1
2401,0910,1,1
2401,0911,0,1
2401,0912,0,1
2401,0913,0,1
2401,0914,0,1
2402,0901,0,1
2402,0902,0,1
2402,0903,0,1
2402,0904,0,1
2402,0905,0,1
2402,0906,0,1
2402,0907,0,1
2402,0908,0,1
2402,0909,0,1
2402,0910,0,1
2402,0911,0,1
2402,0912,0,1
2402,0913,0,1
2402,0914,1,1
2403,0901,0,1
2403,0902,0,1
2403,0903,0,1
2403,0904,0,1
2403,0905,0,1
2403,0906,0,1
2403,0907,0,1
2403,0908,0,1
2403,0909,0,1
2403,0910,0,1
2403,0911,0,1
2403,0912,0,1
2403,0913,0,1
2403,0914,0,1
2404,0901,0,1
2404,0902,0,1
2404,0903,0,1
2404,0904,0,1
2404,0905,0,1
2404,0906,0,1
2404,0907,0,1
2404,0908,0,1
2404,0909,0,1
2404,0910,0,1
2404,0911,0,1
2404,0912,0,1
2404,0913,0,1
2404,0914,0,1
2405,0901,0,1
2405,0902,0,1
2405,0903,0,1
2405,0904,0,1
2405,0905,0,1
2405,0906,0,1
2405,0907,0,1
2405,0908,1,1
2405,0909,0,1
2405,0910,0,1
2405,0911,0,1
2405,0912,0,1
2405,0913,0,1
2405,0914,0,1
2406,0901,0,1
2406,0902,0,1
2406,0903,0,1
2406,0904,0,1
2406,0905,0,1
2406,0906,0,1
2406,0907,0,1
2406,0908,0,1
2406,0909,0,1
2406,0910,0,1
2406,0911,0,1
2406,0912,0,1
2406,0913,0,1
2406,0914,0,1
2407,0901,0,1
2407,0902,0,1
2407,0903,0,1
2407,0904,0,1
2407,0905,0,1
2407,0906,0,1
2407,0907,0,1
2407,0908,0,1
2407,0909,1,1
2407,0910,0,1
2407,0911,0,1
2407,0912,0,1
2407,0913,0,1
2407,0914,0,1
2408,0901,0,1
2408,0902,0,1
2408,0903,0,1
2408,0904,0,1
2408,0905,0,1
2408,0906,0,1
2408,0907,0,1
2408,0908,0,1
2408,0909,0,1
2408,0910,0,1
2408,0911,0,1
2408,0912,0,1
2408,0913,0,1
2408,0914,0,1
2409,0901,0,1
2409,0902,0,1
2409,0903,0,1
2409,0904,0,1
2409,0905,0,1
2409,0906,0,1
2409,0907,0,1
2409,0908,0,1
2409,0909,1,1
2409,0910,0,1
2409,0911,0,1
2409,0912,0,1
2409,0913,0,1
2409,0914,0,1
2410,0901,0,1
2410,0902,0,1
2410,0903,0,1
2410,0904,0,1
2410,0905,0,1
2410,0906,0,1
2410,0907,0,1
2410,0908,0,1
2410,0909,0,1
2410,0910,0,1
2410,0911,0,1
2410,0912,0,1
2410,0913,0,1
2410,0914,0,1
2411,0901,0,1
2411,0902,0,1
2411,0903,0,1
2411,0904,0,1
2411,0905,0,1
2411,0906,0,1
2411,0907,0,1
2411,0908,0,1
2411,0909,0,1
2411,0910,0,1
2411,0911,0,1
2411,0912,0,1
2411,0913,0,1
2411,0914,0,1
2412,0901,0,1
2412,0902,0,1
2412,0903,0,1
2412,0904,0,1
2412,0905,0,1
2412,0906,0,1
2412,0907,0,1
2412,0908,0,1
2412,0909,0,1
2412,0910,0,1
2412,0911,0,1
2412,0912,1,1
2412,0913,0,1
2412,0914,0,1
2413,0901,0,1
2413,0902,0,1
2413,0903,0,1
2413,0904,0,1
2413,0905,0,1
2413,0906,0,1
2413,0907,0,1
2413,0908,0,1
2413,0909,0,1
2413,0910,0,1
2413,0911,0,1
2413,0912,0,1
2413,0913,0,1
2413,0914,0,1
2414,0901,0,1
2414,0902,0,1
2414,0903,0,1
2414,0904,0,1
2414,0905,0,1
2414,0906,0,1
2414,0907,0,1
2414,0908,1,1
2414,0909,0,1
2414,0910,0,1
2414,0911,0,1
2414,0912,0,1
2414,0913,0,1
2414,0914,0,1
2415,0901,0,1
2415,0902,0,1
2415,0903,0,1
2415,0904,0,1
2415,0905,0,1
2415,0906,0,1
2415,0907,0,1
2415,0908,0,1
2415,0909,0,1
2415,0910,0,1
2415,0911,0,1
2415,0912,0,1
2415,0913,0,1
2415,0914,0,1
2416,0901,0,1
2416,0902,0,1
2416,0903,0,1
2416,0904,0,1
2416,0905,0,1
2416,0906,0,1
2416,0907,0,1
2416,0908,0,1
2416,0909,0,1
2416,0910,0,1
2416,0911,0,1
2416,0912,0,1
2416,0913,0,1
2416,0914,0,1
2417,0901,0,1
2417,0902,0,1
2417,0903,0,1
2417,0904,0,1
2417,0905,0,1
2417,0906,0,1
2417,0907,0,1
2417,0908,0,1
2417,0909,1,1
2417,0910,0,1
2417,0911,0,1
2417,0912,0,1
2417,0913,0,1
2417,0914,1,1
2418,0901,0,1
2418,0902,0,1
2418,0903,0,1
2418,0904,0,1
2418,0905,0,1
2418,0906,0,1
2418,0907,0,1
2418,0908,0,1
2418,0909,0,1
2418,0910,0,1
2418,0911,0,1
2418,0912,0,1
2418,0913,0,1
2418,0914,0,1
2419,0901,0,1
2419,0902,0,1
2419,0903,0,1
2419,0904,0,1
2419,0905,0,1
2419,0906,0,1
2419,0907,0,1
2419,0908,0,1
2419,0909,0,1
2419,0910,0,1
2419,0911,0,1
2419,0912,0,1
2419,0913,0,1
2419,0914,0,1
2420,0901,0,1
2420,0902,0,1
2420,0903,0,1
2420,0904,0,1
2420,0905,0,1
2420,0906,0,1
2420,0907,0,1
2420,0908,0,1
2420,0909,0,1
2420,0910,0,1
2420,0911,0,1
2420,0912,0,1
2420,0913,0,1
2420,0914,0,1
2421,0901,0,1
2421,0902,0,1
2421,0903,0,1
2421,0904,0,1
2421,0905,0,1
2421,0906,0,1
2421,0907,0,1
2421,0908,0,1
2421,0909,0,1
2421,0910,0,1
2421,0911,0,1
2421,0912,0,1
2421,0913,0,1
2421,0914,0,1
2422,0901,0,1
2422,0902,0,1
2422,0903,0,1
2422,0904,0,1
2422,0905,0,1
2422,0906,0,1
2422,0907,0,1
2422,0908,0,1
2422,0909,0,1
2422,0910,0,1
2422,0911,0,1
2422,0912,0,1
2422,0913,0,1
2422,0914,0,1
2423,0901,0,1
2423,0902,0,1
2423,0903,0,1
2423,0904,0,1
2423,0905,0,1
2423,0906,0,1
2423,0907,0,1
2423,0908,0,1
2423,0909,0,1
2423,0910,0,1
2423,0911,0,1
2423,0912,0,1
2423,0913,0,1
2423,0914,0,1
2424,0901,0,1
2424,0902,0,1
2424,0903,0,1
2424,0904,0,1
2424,0905,0,1
2424,0906,0,1
2424,0907,0,1
2424,0908,0,1
2424,0909,0,1
2424,0910,0,1
2424,0911,0,1
2424,0912,0,1
2424,0913,0,1
2424,0914,0,1
2425,0901,0,1
2425,0902,0,1
2425,0903,0,1
2425,0904,0,1
2425,0905,0,1
2425,0906,0,1
2425,0907,0,1
2425,0908,0,1
2425,0909,0,1
2425,0910,0,1
2425,0911,0,1
2425,0912,0,1
2425,0913,0,1
2425,0914,0,1
2426,0901,0,1
2426,0902,0,1
2426,0903,0,1
2426,0904,0,1
2426,0905,0,1
2426,0906,0,1
2426,0907,0,1
2426,0908,0,1
2426,0909,0,1
2426,0910,0,1
2426,0911,0,1
2426,0912,0,1
2426,0913,0,1
2426,0914,0,1
2427,0901,0,1
2427,0902,0,1
2427,0903,0,1
2427,0904,0,1
2427,0905,0,1
2427,0906,0,1
2427,0907,0,1
2427,0908,0,1
2427,0909,0,1
2427,0910,0,1
2427,0911,0,1
2427,0912,0,1
2427,0913,0,1
2427,0914,0,1
2428,0901,0,1
2428,0902,0,1
2428,0903,0,1
2428,0904,0,1
2428,0905,0,1
2428,0906,0,1
2428,0907,0,1
2428,0908,0,1
2428,0909,0,1
2428,0910,0,1
2428,0911,0,1
2428,0912,0,1
2428,0913,0,1
2428,0914,0,1
2429,0901,0,1
2429,0902,0,1
2429,0903,0,1
2429,0904,0,1
2429,0905,0,1
2429,0906,0,1
2429,0907,0,1
2429,0908,0,1
2429,0909,1,1
2429,0910,0,1
2429,0911,0,1
2429,0912,0,1
2429,0913,0,1
2429,0914,0,1
2430,0901,0,1
2430,0902,0,1
2430,0903,0,1
2430,0904,0,1
2430,0905,0,1
2430,0906,0,1
2430,0907,0,1
2430,0908,1,1
2430,0909,0,1
2430,0910,0,1
2430,0911,0,1
2430,0912,0,1
2430,0913,0,1
2430,0914,0,1
2431,0901,0,1
2431,0902,0,1
2431,0903,0,1
2431,0904,0,1
2431,0905,0,1
2431,0906,0,1
2431,0907,0,1
2431,0908,0,1
2431,0909,0,1
2431,0910,0,1
2431,0911,0,1
2431,0912,0,1
2431,0913,0,1
2431,0914,0,1
2432,0901,0,1
2432,0902,0,1
2432,0903,0,1
2432,0904,0,1
2432,0905,0,1
2432,0906,0,1
2432,0907,0,1
2432,0908,0,1
2432,0909,0,1
2432,0910,0,1
2432,0911,0,1
2432,0912,0,1
2432,0913,0,1
2432,0914,0,1
2433,0901,0,1
2433,0902,0,1
2433,0903,0,1
2433,0904,0,1
2433,0905,0,1
2433,0906,0,1
2433,0907,0,1
2433,0908,0,1
2433,0909,0,1
2433,0910,0,1
2433,0911,0,1
2433,0912,0,1
2433,0913,0,1
2433,0914,1,1
2434,0901,0,1
2434,0902,0,1
2434,0903,0,1
2434,0904,0,1
2434,0905,0,1
2434,0906,0,1
2434,0907,0,1
2434,0908,0,1
2434,0909,0,1
2434,0910,0,1
2434,0911,0,1
2434,0912,0,1
2434,0913,0,1
2434,0914,0,1
2435,0901,0,1
2435,0902,0,1
2435,0903,0,1
2435,0904,0,1
2435,0905,0,1
2435,0906,0,1
2435,0907,0,1
2435,0908,0,1
2435,0909,0,1
2435,0910,0,1
2435,0911,0,1
2435,0912,0,1
2435,0913,0,1
2435,0914,0,1
2436,0901,0,1
2436,0902,0,1
2436,0903,0,1
2436,0904,0,1
2436,0905,0,1
2436,0906,0,1
2436,0907,0,1
2436,0908,0,1
2436,0909,0,1
2436,0910,0,1
2436,0911,0,1
2436,0912,0,1
2436,0913,0,1
2436,0914,0,1
2437,0901,0,1
2437,0902,0,1
2437,0903,0,1
2437,0904,0,1
2437,0905,0,1
2437,0906,0,1
2437,0907,0,1
2437,0908,0,1
2437,0909,0,1
2437,0910,0,1
2437,0911,0,1
2437,0912,0,1
2437,0913,0,1
2437,0914,0,1
2438,0901,0,1
2438,0902,0,1
2438,0903,0,1
2438,0904,0,1
2438,0905,0,1
2438,0906,0,1
2438,0907,0,1
2438,0908,0,1
2438,0909,0,1
2438,0910,0,1
2438,0911,0,1
2438,0912,0,1
2438,0913,0,1
2438,0914,0,1
2439,0901,0,1
2439,0902,0,1
2439,0903,0,1
2439,0904,0,1
2439,0905,0,1
2439,0906,0,1
2439,0907,0,1
2439,0908,0,1
2439,0909,0,1
2439,0910,0,1
2439,0911,0,1
2439,0912,0,1
2439,0913,0,1
2439,0914,0,1
2440,0901,0,1
2440,0902,0,1
2440,0903,0,1
2440,0904,0,1
2440,0905,0,1
2440,0906,0,1
2440,0907,0,1
2440,0908,0,1
2440,0909,0,1
2440,0910,0,1
2440,0911,0,1
2440,0912,0,1
2440,0913,0,1
2440,0914,0,1
2441,0901,0,1
2441,0902,0,1
2441,0903,0,1
2441,0904,0,1
2441,0905,0,1
2441,0906,0,1
2441,0907,0,1
2441,0908,0,1
2441,0909,0,1
2441,0910,0,1
2441,0911,0,1
2441,0912,0,1
2441,0913,0,1
2441,0914,0,1
2442,0901,0,1
2442,0902,0,1
2442,0903,0,1
2442,0904,0,1
2442,0905,0,1
2442,0906,0,1
2442,0907,0,1
2442,0908,0,1
2442,0909,0,1
2442,0910,1,1
2442,0911,0,1
2442,0912,0,1
2442,0913,0,1
2442,0914,0,1
2443,0901,0,1
2443,0902,0,1
2443,0903,0,1
2443,0904,0,1
2443,0905,0,1
2443,0906,0,1
2443,0907,0,1
2443,0908,0,1
2443,0909,0,1
2443,0910,1,1
2443,0911,0,1
2443,0912,0,1
2443,0913,0,1
2443,0914,0,1
2444,0901,0,1
2444,0902,0,1
2444,0903,0,1
2444,0904,0,1
2444,0905,0,1
2444,0906,0,1
2444,0907,0,1
2444,0908,0,1
2444,0909,0,1
2444,0910,0,1
2444,0911,0,1
2444,0912,0,1
2444,0913,0,1
2444,0914,0,1
2445,0901,0,1
2445,0902,0,1
2445,0903,0,1
2445,0904,0,1
2445,0905,0,1
2445,0906,0,1
2445,0907,0,1
2445,0908,0,1
2445,0909,0,1
2445,0910,0,1
2445,0911,0,1
2445,0912,0,1
2445,0913,0,1
2445,0914,0,1
2446,0901,0,1
2446,0902,0,1
2446,0903,0,1
2446,0904,0,1
2446,0905,0,1
2446,0906,0,1
2446,0907,0,1
2446,0908,0,1
2446,0909,0,1
2446,0910,0,1
2446,0911,0,1
2446,0912,0,1
2446,0913,0,1
2446,0914,0,1
2447,0901,0,1
2447,0902,0,1
2447,0903,0,1
2447,0904,0,1
2447,0905,0,1
2447,0906,0,1
2447,0907,0,1
2447,0908,0,1
2447,0909,0,1
2447,0910,1,1
2447,0911,0,1
2447,0912,0,1
2447,0913,0,1
2447,0914,0,1
2448,0901,0,1
2448,0902,0,1
2448,0903,0,1
2448,0904,0,1
2448,0905,0,1
2448,0906,0,1
2448,0907,0,1
2448,0908,1,1
2448,0909,0,1
2448,0910,0,1
2448,0911,0,1
2448,0912,0,1
2448,0913,0,1
2448,0914,0,1
2449,0901,0,1
2449,0902,0,1
2449,0903,0,1
2449,0904,0,1
2449,0905,0,1
2449,0906,0,1
2449,0907,0,1
2449,0908,0,1
2449,0909,1,1
2449,0910,0,1
2449,0911,0,1
2449,0912,0,1
2449,0913,0,1
2449,0914,0,1
2450,0901,0,1
2450,0902,0,1
2450,0903,0,1
2450,0904,0,1
2450,0905,0,1
2450,0906,0,1
2450,0907,0,1
2450,0908,0,1
2450,0909,0,1
2450,0910,0,1
2450,0911,0,1
2450,0912,0,1
2450,0913,0,1
2450,0914,1,1
2451,0901,0,1
2451,0902,0,1
2451,0903,0,1
2451,0904,0,1
2451,0905,0,1
2451,0906,0,1
2451,0907,0,1
2451,0908,0,1
2451,0909,0,1
2451,0910,0,1
2451,0911,0,1
2451,0912,0,1
2451,0913,0,1
2451,0914,0,1
2452,0901,0,1
2452,0902,0,1
2452,0903,0,1
2452,0904,0,1
2452,0905,0,1
2452,0906,0,1
2452,0907,0,1
2452,0908,0,1
2452,0909,0,1
2452,0910,0,1
2452,0911,0,1
2452,0912,0,1
2452,0913,0,1
2452,0914,0,1
2453,0901,0,1
2453,0902,0,1
2453,0903,0,1
2453,0904,0,1
2453,0905,0,1
2453,0906,0,1
2453,0907,0,1
2453,0908,0,1
2453,0909,0,1
2453,0910,0,1
2453,0911,0,1
2453,0912,0,1
2453,0913,0,1
2453,0914,0,1
2454,0901,0,1
2454,0902,0,1
2454,0903,0,1
2454,0904,0,1
2454,0905,0,1
2454,0906,0,1
2454,0907,0,1
2454,0908,0,1
2454,0909,0,1
2454,0910,0,1
2454,0911,0,1
2454,0912,0,1
2454,0913,0,1
2454,0914,0,1
2455,0901,0,1
2455,0902,0,1
2455,0903,0,1
2455,0904,0,1
2455,0905,0,1
2455,0906,0,1
2455,0907,0,1
2455,0908,0,1
2455,0909,0,1
2455,0910,1,1
2455,0911,0,1
2455,0912,0,1
2455,0913,0,1
2455,0914,0,1
2456,0901,0,1
2456,0902,0,1
2456,0903,0,1
2456,0904,0,1
2456,0905,0,1
2456,0906,0,1
2456,0907,0,1
2456,0908,0,1
2456,0909,0,1
2456,0910,1,1
2456,0911,0,1
2456,0912,0,1
2456,0913,0,1
2456,0914,0,1
2457,0901,0,1
2457,0902,0,1
2457,0903,0,1
2457,0904,0,1
2457,0905,0,1
2457,0906,0,1
2457,0907,0,1
2457,0908,0,1
2457,0909,0,1
2457,0910,0,1
2457,0911,0,1
2457,0912,0,1
2457,0913,0,1
2457,0914,0,1
2458,0901,0,1
2458,0902,0,1
2458,0903,0,1
2458,0904,0,1
2458,0905,0,1
2458,0906,0,1
2458,0907,0,1
2458,0908,0,1
2458,0909,0,1
2458,0910,0,1
2458,0911,0,1
2458,0912,0,1
2458,0913,0,1
2458,0914,0,1
2459,0901,0,1
2459,0902,0,1
2459,0903,0,1
2459,0904,0,1
2459,0905,0,1
2459,0906,0,1
2459,0907,0,1
2459,0908,0,1
2459,0909,0,1
2459,0910,0,1
2459,0911,0,1
2459,0912,0,1
2459,0913,0,1
2459,0914,0,1
2460,0901,0,1
2460,0902,0,1
2460,0903,0,1
2460,0904,0,1
2460,0905,0,1
2460,0906,0,1
2460,0907,0,1
2460,0908,0,1
2460,0909,0,1
2460,0910,0,1
2460,0911,0,1
2460,0912,0,1
2460,0913,0,1
2460,0914,0,1
2461,0901,0,1
2461,0902,0,1
2461,0903,0,1
2461,0904,0,1
2461,0905,0,1
2461,0906,0,1
2461,0907,0,1
2461,0908,0,1
2461,0909,0,1
2461,0910,0,1
2461,0911,0,1
2461,0912,0,1
2461,0913,0,1
2461,0914,0,1
2462,0901,0,1
2462,0902,0,1
2462,0903,0,1
2462,0904,0,1
2462,0905,0,1
2462,0906,0,1
2462,0907,0,1
2462,0908,0,1
2462,0909,0,1
2462,0910,0,1
2462,0911,0,1
2462,0912,0,1
2462,0913,0,1
2462,0914,0,1
2463,0901,0,1
2463,0902,0,1
2463,0903,0,1
2463,0904,0,1
2463,0905,0,1
2463,0906,0,1
2463,0907,0,1
2463,0908,0,1
2463,0909,0,1
2463,0910,0,1
2463,0911,0,1
2463,0912,0,1
2463,0913,0,1
2463,0914,0,1
2464,0901,0,1
2464,0902,0,1
2464,0903,0,1
2464,0904,0,1
2464,0905,0,1
2464,0906,0,1
2464,0907,0,1
2464,0908,0,1
2464,0909,0,1
2464,0910,0,1
2464,0911,0,1
2464,0912,0,1
2464,0913,0,1
2464,0914,0,1
2465,0901,0,1
2465,0902,0,1
2465,0903,0,1
2465,0904,0,1
2465,0905,0,1
2465,0906,0,1
2465,0907,0,1
2465,0908,0,1
2465,0909,0,1
2465,0910,0,1
2465,0911,0,1
2465,0912,0,1
2465,0913,1,1
2465,0914,0,1
2466,0901,0,1
2466,0902,0,1
2466,0903,0,1
2466,0904,0,1
2466,0905,0,1
2466,0906,0,1
2466,0907,0,1
2466,0908,0,1
2466,0909,0,1
2466,0910,0,1
2466,0911,1,1
2466,0912,0,1
2466,0913,0,1
2466,0914,0,1
2467,0901,0,1
2467,0902,0,1
2467,0903,0,1
2467,0904,0,1
2467,0905,0,1
2467,0906,0,1
2467,0907,0,1
2467,0908,0,1
2467,0909,0,1
2467,0910,0,1
2467,0911,0,1
2467,0912,0,1
2467,0913,0,1
2467,0914,0,1
2468,0901,0,1
2468,0902,0,1
2468,0903,0,1
2468,0904,0,1
2468,0905,0,1
2468,0906,0,1
2468,0907,0,1
2468,0908,0,1
2468,0909,0,1
2468,0910,0,1
2468,0911,0,1
2468,0912,0,1
2468,0913,0,1
2468,0914,0,1
2469,0901,0,1
2469,0902,0,1
2469,0903,0,1
2469,0904,0,1
2469,0905,0,1
2469,0906,0,1
2469,0907,0,1
2469,0908,0,1
2469,0909,0,1
2469,0910,1,1
2469,0911,0,1
2469,0912,0,1
2469,0913,0,1
2469,0914,0,1
2470,0901,0,1
2470,0902,0,1
2470,0903,0,1
2470,0904,0,1
2470,0905,0,1
2470,0906,0,1
2470,0907,0,1
2470,0908,0,1
2470,0909,0,1
2470,0910,0,1
2470,0911,0,1
2470,0912,0,1
2470,0913,0,1
2470,0914,0,1
2471,0901,0,1
2471,0902,0,1
2471,0903,0,1
2471,0904,0,1
2471,0905,0,1
2471,0906,0,1
2471,0907,0,1
2471,0908,0,1
2471,0909,0,1
2471,0910,0,1
2471,0911,0,1
2471,0912,0,1
2471,0913,0,1
2471,0914,0,1
2472,0901,0,1
2472,0902,0,1
2472,0903,0,1
2472,0904,0,1
2472,0905,0,1
2472,0906,0,1
2472,0907,0,1
2472,0908,0,1
2472,0909,0,1
2472,0910,0,1
2472,0911,0,1
2472,0912,0,1
2472,0913,0,1
2472,0914,0,1
2473,0901,0,1
2473,0902,0,1
2473,0903,0,1
2473,0904,0,1
2473,0905,0,1
2473,0906,0,1
2473,0907,0,1
2473,0908,0,1
2473,0909,0,1
2473,0910,0,1
2473,0911,0,1
2473,0912,0,1
2473,0913,0,1
2473,0914,0,1
2474,0901,0,1
2474,0902,0,1
2474,0903,0,1
2474,0904,0,1
2474,0905,0,1
2474,0906,0,1
2474,0907,0,1
2474,0908,0,1
2474,0909,0,1
2474,0910,0,1
2474,0911,1,1
2474,0912,0,1
2474,0913,0,1
2474,0914,0,1
2475,0901,0,1
2475,0902,0,1
2475,0903,0,1
2475,0904,0,1
2475,0905,0,1
2475,0906,0,1
2475,0907,0,1
2475,0908,0,1
2475,0909,0,1
2475,0910,0,1
2475,0911,0,1
2475,0912,0,1
2475,0913,0,1
2475,0914,0,1
2476,0901,0,1
2476,0902,0,1
2476,0903,0,1
2476,0904,0,1
2476,0905,0,1
2476,0906,0,1
2476,0907,0,1
2476,0908,0,1
2476,0909,0,1
2476,0910,0,1
2476,0911,0,1
2476,0912,0,1
2476,0913,0,1
2476,0914,0,1
2477,0901,0,1
2477,0902,0,1
2477,0903,0,1
2477,0904,0,1
2477,0905,0,1
2477,0906,0,1
2477,0907,0,1
2477,0908,0,1
2477,0909,0,1
2477,0910,0,1
2477,0911,1,1
2477,0912,0,1
2477,0913,0,1
2477,0914,0,1
2478,0901,0,1
2478,0902,0,1
2478,0903,0,1
2478,0904,0,1
2478,0905,0,1
2478,0906,0,1
2478,0907,0,1
2478,0908,0,1
2478,0909,0,1
2478,0910,0,1
2478,0911,0,1
2478,0912,0,1
2478,0913,0,1
2478,0914,1,1
2479,0901,0,1
2479,0902,0,1
2479,0903,0,1
2479,0904,0,1
2479,0905,0,1
2479,0906,0,1
2479,0907,0,1
2479,0908,0,1
2479,0909,0,1
2479,0910,0,1
2479,0911,0,1
2479,0912,0,1
2479,0913,0,1
2479,0914,0,1
2480,0901,0,1
2480,0902,0,1
2480,0903,0,1
2480,0904,0,1
2480,0905,0,1
2480,0906,0,1
2480,0907,0,1
2480,0908,0,1
2480,0909,0,1
2480,0910,0,1
2480,0911,0,1
2480,0912,0,1
2480,0913,0,1
2480,0914,0,1
2481,0901,0,1
2481,0902,0,1
2481,0903,0,1
2481,0904,0,1
2481,0905,0,1
2481,0906,0,1
2481,0907,0,1
2481,0908,0,1
2481,0909,0,1
2481,0910,0,1
2481,0911,0,1
2481,0912,0,1
2481,0913,0,1
2481,0914,0,1
2482,0901,0,1
2482,0902,0,1
2482,0903,0,1
2482,0904,0,1
2482,0905,0,1
2482,0906,0,1
2482,0907,0,1
2482,0908,0,1
2482,0909,0,1
2482,0910,0,1
2482,0911,0,1
2482,0912,0,1
2482,0913,0,1
2482,0914,0,1
2483,0901,0,1
2483,0902,0,1
2483,0903,0,1
2483,0904,0,1
2483,0905,0,1
2483,0906,0,1
2483,0907,0,1
2483,0908,1,1
2483,0909,0,1
2483,0910,0,1
2483,0911,0,1
2483,0912,0,1
2483,0913,0,1
2483,0914,0,1
2484,0901,0,1
2484,0902,0,1
2484,0903,0,1
2484,0904,0,1
2484,0905,0,1
2484,0906,0,1
2484,0907,0,1
2484,0908,0,1
2484,0909,0,1
2484,0910,0,1
2484,0911,0,1
2484,0912,0,1
2484,0913,0,1
2484,0914,0,1
2485,0901,0,1
2485,0902,0,1
2485,0903,0,1
2485,0904,0,1
2485,0905,0,1
2485,0906,0,1
2485,0907,0,1
2485,0908,0,1
2485,0909,0,1
2485,0910,0,1
2485,0911,0,1
2485,0912,0,1
2485,0913,0,1
2485,0914,0,1
2486,0901,0,1
2486,0902,0,1
2486,0903,0,1
2486,0904,0,1
2486,0905,0,1
2486,0906,0,1
2486,0907,0,1
2486,0908,0,1
2486,0909,0,1
2486,0910,0,1
2486,0911,1,1
2486,0912,0,1
2486,0913,0,1
2486,0914,0,1
2487,0901,0,1
2487,0902,0,1
2487,0903,0,1
2487,0904,0,1
2487,0905,0,1
2487,0906,0,1
2487,0907,0,1
2487,0908,0,1
2487,0909,0,1
2487,0910,0,1
2487,0911,0,1
2487,0912,0,1
2487,0913,0,1
2487,0914,0,1
2488,0901,0,1
2488,0902,0,1
2488,0903,0,1
2488,0904,0,1
2488,0905,0,1
2488,0906,0,1
2488,0907,0,1
2488,0908,1,1
2488,0909,0,1
2488,0910,0,1
2488,0911,0,1
2488,0912,0,1
2488,0913,0,1
2488,0914,0,1
2489,0901,0,1
2489,0902,0,1
2489,0903,0,1
2489,0904,0,1
2489,0905,0,1
2489,0906,0,1
2489,0907,0,1
2489,0908,0,1
2489,0909,0,1
2489,0910,0,1
2489,0911,0,1
2489,0912,0,1
2489,0913,0,1
2489,0914,0,1
2490,0901,0,1
2490,0902,0,1
2490,0903,0,1
2490,0904,0,1
2490,0905,0,1
2490,0906,0,1
2490,0907,0,1
2490,0908,0,1
2490,0909,0,1
2490,0910,0,1
2490,0911,0,1
2490,0912,0,1
2490,0913,0,1
2490,0914,0,1
2491,0901,0,1
2491,0902,0,1
2491,0903,0,1
2491,0904,0,1
2491,0905,0,1
2491,0906,0,1
2491,0907,0,1
2491,0908,0,1
2491,0909,0,1
2491,0910,0,1
2491,0911,0,1
2491,0912,0,1
2491,0913,0,1
2491,0914,1,1
2492,0901,0,1
2492,0902,0,1
2492,0903,0,1
2492,0904,0,1
2492,0905,0,1
2492,0906,0,1
2492,0907,0,1
2492,0908,0,1
2492,0909,0,1
2492,0910,0,1
2492,0911,0,1
2492,0912,0,1
2492,0913,0,1
2492,0914,0,1
2493,0901,0,1
2493,0902,0,1
2493,0903,0,1
2493,0904,0,1
2493,0905,0,1
2493,0906,0,1
2493,0907,0,1
2493,0908,0,1
2493,0909,0,1
2493,0910,0,1
2493,0911,0,1
2493,0912,0,1
2493,0913,1,1
2493,0914,0,1
2494,0901,0,1
2494,0902,0,1
2494,0903,0,1
2494,0904,0,1
2494,0905,0,1
2494,0906,0,1
2494,0907,0,1
2494,0908,0,1
2494,0909,0,1
2494,0910,0,1
2494,0911,0,1
2494,0912,0,1
2494,0913,0,1
2494,0914,0,1
2495,0901,0,1
2495,0902,0,1
2495,0903,0,1
2495,0904,0,1
2495,0905,0,1
2495,0906,0,1
2495,0907,0,1
2495,0908,0,1
2495,0909,0,1
2495,0910,0,1
2495,0911,0,1
2495,0912,0,1
2495,0913,0,1
2495,0914,0,1
2496,0901,0,1
2496,0902,0,1
2496,0903,0,1
2496,0904,0,1
2496,0905,0,1
2496,0906,0,1
2496,0907,0,1
2496,0908,0,1
2496,0909,0,1
2496,0910,0,1
2496,0911,0,1
2496,0912,0,1
2496,0913,0,1
2496,0914,0,1
2497,0901,0,1
2497,0902,0,1
2497,0903,0,1
2497,0904,0,1
2497,0905,0,1
2497,0906,0,1
2497,0907,0,1
2497,0908,0,1
2497,0909,0,1
2497,0910,0,1
2497,0911,0,1
2497,0912,0,1
2497,0913,0,1
2497,0914,0,1
2498,0901,0,1
2498,0902,0,1
2498,0903,0,1
2498,0904,0,1
2498,0905,0,1
2498,0906,0,1
2498,0907,0,1
2498,0908,0,1
2498,0909,0,1
2498,0910,0,1
2498,0911,0,1
2498,0912,0,1
2498,0913,0,1
2498,0914,0,1
2499,0901,0,1
2499,0902,0,1
2499,0903,0,1
2499,0904,0,1
2499,0905,0,1
2499,0906,0,1
2499,0907,0,1
2499,0908,0,1
2499,0909,0,1
2499,0910,0,1
2499,0911,0,1
2499,0912,1,1
2499,0913,0,1
2499,0914,0,1
2500,0901,0,1
2500,0902,0,1
2500,0903,0,1
2500,0904,0,1
2500,0905,0,1
2500,0906,0,1
2500,0907,0,1
2500,0908,0,1
2500,0909,0,1
2500,0910,0,1
2500,0911,0,1
2500,0912,0,1
2500,0913,0,1
2500,0914,0,1
2501,0901,0,0
2501,0902,0,0
2501,0903,0,0
2501,0904,0,0
2501,0905,0,0
2501,0906,0,0
2501,0907,0,0
2501,0908,0,0
2501,0909,0,0
2501,0910,0,0
2501,0911,0,0
2501,0912,0,0
2501,0913,0,0
2501,0914,0,0
2502,0901,0,0
2502,0902,0,0
2502,0903,0,0
2502,0904,0,0
2502,0905,0,0
2502,0906,0,0
2502,0907,0,0
2502,0908,0,0
2502,0909,0,0
2502,0910,0,0
2502,0911,0,0
2502,0912,0,0
2502,0913,0,0
2502,0914,0,0
2503,0901,0,0
2503,0902,0,0
2503,0903,0,0
2503,0904,0,0
2503,0905,0,0
2503,0906,0,0
2503,0907,0,0
2503,0908,0,0
2503,0909,0,0
2503,0910,0,0
2503,0911,0,0
2503,0912,0,0
2503,0913,0,0
2503,0914,0,0
2504,0901,0,0
2504,0902,0,0
2504,0903,0,0
2504,0904,0,0
2504,0905,0,0
2504,0906,0,0
2504,0907,0,0
2504,0908,0,0
2504,0909,0,0
2504,0910,0,0
2504,0911,0,0
2504,0912,0,0
2504,0913,0,0
2504,0914,0,0
2505,0901,0,0
2505,0902,0,0
2505,0903,0,0
2505,0904,0,0
2505,0905,0,0
2505,0906,0,0
2505,0907,0,0
2505,0908,0,0
2505,0909,0,0
2505,0910,0,0
2505,0911,0,0
2505,0912,0,0
2505,0913,0,0
2505,0914,0,0
2506,0901,0,0
2506,0902,0,0
2506,0903,0,0
2506,0904,0,0
2506,0905,0,0
2506,0906,0,0
2506,0907,0,0
2506,0908,0,0
2506,0909,0,0
2506,0910,0,0
2506,0911,0,0
2506,0912,0,0
2506,0913,0,0
2506,0914,0,0
2507,0901,0,0
2507,0902,0,0
2507,0903,0,0
2507,0904,0,0
2507,0905,0,0
2507,0906,0,0
2507,0907,0,0
2507,0908,0,0
2507,0909,0,0
2507,0910,0,0
2507,0911,0,0
2507,0912,0,0
2507,0913,0,0
2507,0914,0,0
2508,0901,0,0
2508,0902,0,0
2508,0903,0,0
2508,0904,0,0
2508,0905,0,0
2508,0906,0,0
2508,0907,0,0
2508,0908,0,0
2508,0909,0,0
2508,0910,0,0
2508,0911,0,0
2508,0912,0,0
2508,0913,0,0
2508,0914,0,0
2509,0901,0,0
2509,0902,0,0
2509,0903,0,0
2509,0904,0,0
2509,0905,0,0
2509,0906,0,0
2509,0907,0,0
2509,0908,0,0
2509,0909,0,0
2509,0910,0,0
2509,0911,0,0
2509,0912,0,0
2509,0913,0,0
2509,0914,0,0
2510,0901,0,0
2510,0902,0,0
2510,0903,0,0
2510,0904,0,0
2510,0905,0,0
2510,0906,0,0
2510,0907,0,0
2510,0908,0,0
2510,0909,0,0
2510,0910,0,0
2510,0911,0,0
2510,0912,0,0
2510,0913,0,0
2510,0914,0,0
2511,0901,0,0
2511,0902,0,0
2511,0903,0,0
2511,0904,0,0
2511,0905,0,0
2511,0906,0,0
2511,0907,0,0
2511,0908,0,0
2511,0909,0,0
2511,0910,0,0
2511,0911,0,0
2511,0912,0,0
2511,0913,0,0
2511,0914,0,0
2512,0901,0,0
2512,0902,0,0
2512,0903,0,0
2512,0904,0,0
2512,0905,0,0
2512,0906,0,0
2512,0907,0,0
2512,0908,0,0
2512,0909,0,0
2512,0910,0,0
2512,0911,0,0
2512,0912,0,0
2512,0913,0,0
2512,0914,0,0
2513,0901,0,0
2513,0902,0,0
2513,0903,0,0
2513,0904,0,0
2513,0905,0,0
2513,0906,0,0
2513,0907,0,0
2513,0908,0,0
2513,0909,0,0
2513,0910,0,0
2513,0911,0,0
2513,0912,0,0
2513,0913,0,0
2513,0914,0,0
2514,0901,0,0
2514,0902,0,0
2514,0903,0,0
2514,0904,0,0
2514,0905,0,0
2514,0906,0,0
2514,0907,0,0
2514,0908,0,0
2514,0909,0,0
2514,0910,0,0
2514,0911,0,0
2514,0912,1,0
2514,0913,0,0
2514,0914,0,0
2515,0901,0,0
2515,0902,0,0
2515,0903,0,0
2515,0904,0,0
2515,0905,0,0
2515,0906,0,0
2515,0907,0,0
2515,0908,0,0
2515,0909,0,0
2515,0910,0,0
2515,0911,0,0
2515,0912,0,0
2515,0913,0,0
2515,0914,0,0
2516,0901,0,0
2516,0902,0,0
2516,0903,0,0
2516,0904,0,0
2516,0905,0,0
2516,0906,0,0
2516,0907,0,0
2516,0908,0,0
2516,0909,0,0
2516,0910,0,0
2516,0911,0,0
2516,0912,0,0
2516,0913,0,0
2516,0914,0,0
2517,0901,0,0
2517,0902,0,0
2517,0903,0,0
2517,0904,0,0
2517,0905,0,0
2517,0906,0,0
2517,0907,0,0
2517,0908,0,0
2517,0909,0,0
2517,0910,0,0
2517,0911,0,0
2517,0912,0,0
2517,0913,0,0
2517,0914,0,0
2518,0901,0,0
2518,0902,0,0
2518,0903,0,0
2518,0904,0,0
2518,0905,0,0
2518,0906,0,0
2518,0907,0,0
2518,0908,0,0
2518,0909,0,0
2518,0910,0,0
2518,0911,0,0
2518,0912,0,0
2518,0913,0,0
2518,0914,0,0
2519,0901,0,0
2519,0902,0,0
2519,0903,0,0
2519,0904,0,0
2519,0905,0,0
2519,0906,0,0
2519,0907,0,0
2519,0908,0,0
2519,0909,0,0
2519,0910,0,0
2519,0911,0,0
2519,0912,0,0
2519,0913,0,0
2519,0914,0,0
2520,0901,0,0
2520,0902,0,0
2520,0903,0,0
2520,0904,0,0
2520,0905,0,0
2520,0906,0,0
2520,0907,0,0
2520,0908,0,0
2520,0909,0,0
2520,0910,0,0
2520,0911,0,0
2520,0912,0,0
2520,0913,0,0
2520,0914,0,0
2521,0901,0,0
2521,0902,0,0
2521,0903,0,0
2521,0904,0,0
2521,0905,0,0
2521,0906,0,0
2521,0907,0,0
2521,0908,0,0
2521,0909,0,0
2521,0910,0,0
2521,0911,0,0
2521,0912,0,0
2521,0913,0,0
2521,0914,0,0
2522,0901,0,0
2522,0902,0,0
2522,0903,0,0
2522,0904,0,0
2522,0905,0,0
2522,0906,0,0
2522,0907,0,0
2522,0908,0,0
2522,0909,0,0
2522,0910,0,0
2522,0911,0,0
2522,0912,0,0
2522,0913,0,0
2522,0914,0,0
2523,0901,0,0
2523,0902,0,0
2523,0903,0,0
2523,0904,0,0
2523,0905,0,0
2523,0906,0,0
2523,0907,0,0
2523,0908,0,0
2523,0909,0,0
2523,0910,0,0
2523,0911,0,0
2523,0912,0,0
2523,0913,0,0
2523,0914,0,0
2524,0901,0,0
2524,0902,0,0
2524,0903,0,0
2524,0904,0,0
2524,0905,0,0
2524,0906,0,0
2524,0907,0,0
2524,0908,0,0
2524,0909,0,0
2524,0910,0,0
2524,0911,0,0
2524,0912,0,0
2524,0913,0,0
2524,0914,0,0
2525,0901,0,0
2525,0902,0,0
2525,0903,0,0
2525,0904,0,0
2525,0905,0,0
2525,0906,0,0
2525,0907,0,0
2525,0908,0,0
2525,0909,0,0
2525,0910,0,0
2525,0911,0,0
2525,0912,0,0
2525,0913,0,0
2525,0914,0,0
2526,0901,0,0
2526,0902,0,0
2526,0903,0,0
2526,0904,0,0
2526,0905,0,0
2526,0906,0,0
2526,0907,0,0
2526,0908,0,0
2526,0909,0,0
2526,0910,0,0
2526,0911,0,0
2526,0912,0,0
2526,0913,0,0
2526,0914,0,0
2527,0901,0,0
2527,0902,0,0
2527,0903,0,0
2527,0904,0,0
2527,0905,0,0
2527,0906,0,0
2527,0907,0,0
2527,0908,0,0
2527,0909,0,0
2527,0910,0,0
2527,0911,0,0
2527,0912,0,0
2527,0913,0,0
2527,0914,0,0
2528,0901,0,0
2528,0902,0,0
2528,0903,0,0
2528,0904,0,0
2528,0905,0,0
2528,0906,0,0
2528,0907,0,0
2528,0908,0,0
2528,0909,0,0
2528,0910,0,0
2528,0911,0,0
2528,0912,0,0
2528,0913,0,0
2528,0914,0,0
2529,0901,0,0
2529,0902,0,0
2529,0903,0,0
2529,0904,0,0
2529,0905,0,0
2529,0906,0,0
2529,0907,0,0
2529,0908,0,0
2529,0909,0,0
2529,0910,0,0
2529,0911,0,0
2529,0912,0,0
2529,0913,0,0
2529,0914,0,0
2530,0901,0,0
2530,0902,0,0
2530,0903,0,0
2530,0904,0,0
2530,0905,0,0
2530,0906,0,0
2530,0907,0,0
2530,0908,0,0
2530,0909,0,0
2530,0910,0,0
2530,0911,0,0
2530,0912,0,0
2530,0913,0,0
2530,0914,0,0
2531,0901,0,0
2531,0902,0,0
2531,0903,0,0
2531,0904,0,0
2531,0905,0,0
2531,0906,0,0
2531,0907,0,0
2531,0908,0,0
2531,0909,0,0
2531,0910,0,0
2531,0911,0,0
2531,0912,0,0
2531,0913,0,0
2531,0914,0,0
2532,0901,0,0
2532,0902,0,0
2532,0903,0,0
2532,0904,0,0
2532,0905,0,0
2532,0906,0,0
2532,0907,0,0
2532,0908,0,0
2532,0909,0,0
2532,0910,0,0
2532,0911,0,0
2532,0912,0,0
2532,0913,0,0
2532,0914,0,0
2533,0901,0,0
2533,0902,0,0
2533,0903,0,0
2533,0904,0,0
2533,0905,0,0
2533,0906,0,0
2533,0907,0,0
2533,0908,0,0
2533,0909,0,0
2533,0910,0,0
2533,0911,0,0
2533,0912,0,0
2533,0913,0,0
2533,0914,0,0
2534,0901,0,0
2534,0902,0,0
2534,0903,0,0
2534,0904,0,0
2534,0905,0,0
2534,0906,0,0
2534,0907,0,0
2534,0908,0,0
2534,0909,0,0
2534,0910,0,0
2534,0911,0,0
2534,0912,0,0
2534,0913,0,0
2534,0914,0,0
2535,0901,0,0
2535,0902,0,0
2535,0903,0,0
2535,0904,0,0
2535,0905,0,0
2535,0906,0,0
2535,0907,0,0
2535,0908,0,0
2535,0909,0,0
2535,0910,0,0
2535,0911,0,0
2535,0912,0,0
2535,0913,0,0
2535,0914,0,0
2536,0901,0,0
2536,0902,0,0
2536,0903,0,0
2536,0904,0,0
2536,0905,0,0
2536,0906,0,0
2536,0907,0,0
2536,0908,0,0
2536,0909,0,0
2536,0910,0,0
2536,0911,0,0
2536,0912,0,0
2536,0913,0,0
2536,0914,0,0
2537,0901,0,0
2537,0902,0,0
2537,0903,0,0
2537,0904,0,0
2537,0905,0,0
2537,0906,0,0
2537,0907,0,0
2537,0908,0,0
2537,0909,0,0
2537,0910,0,0
2537,0911,0,0
2537,0912,0,0
2537,0913,0,0
2537,0914,0,0
2538,0901,0,0
2538,0902,0,0
2538,0903,0,0
2538,0904,0,0
2538,0905,0,0
2538,0906,0,0
2538,0907,0,0
2538,0908,0,0
2538,0909,0,0
2538,0910,0,0
2538,0911,0,0
2538,0912,0,0
2538,0913,0,0
2538,0914,0,0
2539,0901,0,0
2539,0902,0,0
2539,0903,0,0
2539,0904,0,0
2539,0905,0,0
2539,0906,0,0
2539,0907,0,0
2539,0908,0,0
2539,0909,0,0
2539,0910,0,0
2539,0911,0,0
2539,0912,0,0
2539,0913,0,0
2539,0914,0,0
2540,0901,0,0
2540,0902,0,0
2540,0903,0,0
2540,0904,0,0
2540,0905,0,0
2540,0906,0,0
2540,0907,0,0
2540,0908,0,0
2540,0909,0,0
2540,0910,0,0
2540,0911,0,0
2540,0912,0,0
2540,0913,0,0
2540,0914,0,0
2541,0901,0,0
2541,0902,0,0
2541,0903,0,0
2541,0904,0,0
2541,0905,0,0
2541,0906,0,0
2541,0907,0,0
2541,0908,0,0
2541,0909,0,0
2541,0910,0,0
2541,0911,0,0
2541,0912,0,0
2541,0913,0,0
2541,0914,0,0
2542,0901,0,0
2542,0902,0,0
2542,0903,0,0
2542,0904,0,0
2542,0905,0,0
2542,0906,0,0
2542,0907,0,0
2542,0908,0,0
2542,0909,0,0
2542,0910,0,0
2542,0911,0,0
2542,0912,0,0
2542,0913,0,0
2542,0914,0,0
2543,0901,0,0
2543,0902,0,0
2543,0903,0,0
2543,0904,0,0
2543,0905,0,0
2543,0906,0,0
2543,0907,0,0
2543,0908,0,0
2543,0909,0,0
2543,0910,0,0
2543,0911,0,0
2543,0912,0,0
2543,0913,0,0
2543,0914,0,0
2544,0901,0,0
2544,0902,0,0
2544,0903,0,0
2544,0904,0,0
2544,0905,0,0
2544,0906,0,0
2544,0907,0,0
2544,0908,0,0
2544,0909,0,0
2544,0910,0,0
2544,0911,0,0
2544,0912,0,0
2544,0913,0,0
2544,0914,0,0
2545,0901,0,0
2545,0902,0,0
2545,0903,0,0
2545,0904,0,0
2545,0905,0,0
2545,0906,0,0
2545,0907,0,0
2545,0908,1,0
2545,0909,0,0
2545,0910,0,0
2545,0911,0,0
2545,0912,0,0
2545,0913,0,0
2545,0914,0,0
2546,0901,0,0
2546,0902,0,0
2546,0903,0,0
2546,0904,0,0
2546,0905,0,0
2546,0906,0,0
2546,0907,0,0
2546,0908,0,0
2546,0909,0,0
2546,0910,0,0
2546,0911,0,0
2546,0912,0,0
2546,0913,0,0
2546,0914,0,0
2547,0901,0,0
2547,0902,0,0
2547,0903,0,0
2547,0904,0,0
2547,0905,0,0
2547,0906,0,0
2547,0907,0,0
2547,0908,0,0
2547,0909,0,0
2547,0910,0,0
2547,0911,0,0
2547,0912,0,0
2547,0913,0,0
2547,0914,0,0
2548,0901,0,0
2548,0902,0,0
2548,0903,0,0
2548,0904,0,0
2548,0905,0,0
2548,0906,0,0
2548,0907,0,0
2548,0908,0,0
2548,0909,0,0
2548,0910,0,0
2548,0911,1,0
2548,0912,0,0
2548,0913,0,0
2548,0914,0,0
2549,0901,0,0
2549,0902,0,0
2549,0903,0,0
2549,0904,0,0
2549,0905,0,0
2549,0906,0,0
2549,0907,0,0
2549,0908,0,0
2549,0909,0,0
2549,0910,0,0
2549,0911,0,0
2549,0912,0,0
2549,0913,0,0
2549,0914,0,0
2550,0901,0,0
2550,0902,0,0
2550,0903,0,0
2550,0904,0,0
2550,0905,0,0
2550,0906,0,0
2550,0907,0,0
2550,0908,0,0
2550,0909,0,0
2550,0910,0,0
2550,0911,0,0
2550,0912,0,0
2550,0913,0,0
2550,0914,0,0
2551,0901,0,0
2551,0902,0,0
2551,0903,0,0
2551,0904,0,0
2551,0905,0,0
2551,0906,0,0
2551,0907,0,0
2551,0908,0,0
2551,0909,0,0
2551,0910,0,0
2551,0911,0,0
2551,0912,0,0
2551,0913,0,0
2551,0914,0,0
2552,0901,0,0
2552,0902,0,0
2552,0903,0,0
2552,0904,0,0
2552,0905,0,0
2552,0906,0,0
2552,0907,0,0
2552,0908,0,0
2552,0909,0,0
2552,0910,0,0
2552,0911,0,0
2552,0912,0,0
2552,0913,0,0
2552,0914,0,0
2553,0901,0,0
2553,0902,0,0
2553,0903,0,0
2553,0904,0,0
2553,0905,0,0
2553,0906,0,0
2553,0907,0,0
2553,0908,0,0
2553,0909,0,0
2553,0910,0,0
2553,0911,0,0
2553,0912,0,0
2553,0913,0,0
2553,0914,0,0
2554,0901,0,0
2554,0902,0,0
2554,0903,0,0
2554,0904,0,0
2554,0905,0,0
2554,0906,0,0
2554,0907,0,0
2554,0908,0,0
2554,0909,0,0
2554,0910,0,0
2554,0911,0,0
2554,0912,0,0
2554,0913,0,0
2554,0914,0,0
2555,0901,0,0
2555,0902,0,0
2555,0903,0,0
2555,0904,0,0
2555,0905,0,0
2555,0906,0,0
2555,0907,0,0
2555,0908,0,0
2555,0909,0,0
2555,0910,0,0
2555,0911,0,0
2555,0912,0,0
2555,0913,0,0
2555,0914,0,0
2556,0901,0,0
2556,0902,0,0
2556,0903,0,0
2556,0904,0,0
2556,0905,0,0
2556,0906,0,0
2556,0907,0,0
2556,0908,0,0
2556,0909,0,0
2556,0910,0,0
2556,0911,0,0
2556,0912,0,0
2556,0913,0,0
2556,0914,0,0
2557,0901,0,0
2557,0902,0,0
2557,0903,0,0
2557,0904,0,0
2557,0905,0,0
2557,0906,0,0
2557,0907,0,0
2557,0908,0,0
2557,0909,0,0
2557,0910,0,0
2557,0911,0,0
2557,0912,0,0
2557,0913,0,0
2557,0914,0,0
2558,0901,0,0
2558,0902,0,0
2558,0903,0,0
2558,0904,0,0
2558,0905,0,0
2558,0906,0,0
2558,0907,0,0
2558,0908,0,0
2558,0909,0,0
2558,0910,0,0
2558,0911,0,0
2558,0912,0,0
2558,0913,0,0
2558,0914,0,0
2559,0901,0,0
2559,0902,0,0
2559,0903,0,0
2559,0904,0,0
2559,0905,0,0
2559,0906,0,0
2559,0907,0,0
2559,0908,0,0
2559,0909,0,0
2559,0910,0,0
2559,0911,0,0
2559,0912,0,0
2559,0913,0,0
2559,0914,0,0
2560,0901,0,0
2560,0902,0,0
2560,0903,0,0
2560,0904,0,0
2560,0905,0,0
2560,0906,0,0
2560,0907,0,0
2560,0908,0,0
2560,0909,0,0
2560,0910,0,0
2560,0911,0,0
2560,0912,0,0
2560,0913,0,0
2560,0914,0,0
2561,0901,0,0
2561,0902,0,0
2561,0903,0,0
2561,0904,0,0
2561,0905,0,0
2561,0906,0,0
2561,0907,0,0
2561,0908,0,0
2561,0909,0,0
2561,0910,0,0
2561,0911,0,0
2561,0912,0,0
2561,0913,1,0
2561,0914,0,0
2562,0901,0,0
2562,0902,0,0
2562,0903,0,0
2562,0904,0,0
2562,0905,0,0
2562,0906,0,0
2562,0907,0,0
2562,0908,0,0
2562,0909,0,0
2562,0910,0,0
2562,0911,0,0
2562,0912,0,0
2562,0913,0,0
2562,0914,0,0
2563,0901,0,0
2563,0902,0,0
2563,0903,0,0
2563,0904,0,0
2563,0905,0,0
2563,0906,0,0
2563,0907,0,0
2563,0908,0,0
2563,0909,0,0
2563,0910,0,0
2563,0911,0,0
2563,0912,0,0
2563,0913,0,0
2563,0914,0,0
2564,0901,0,0
2564,0902,0,0
2564,0903,0,0
2564,0904,0,0
2564,0905,0,0
2564,0906,0,0
2564,0907,0,0
2564,0908,0,0
2564,0909,0,0
2564,0910,0,0
2564,0911,0,0
2564,0912,0,0
2564,0913,0,0
2564,0914,0,0
2565,0901,0,0
2565,0902,0,0
2565,0903,0,0
2565,0904,0,0
2565,0905,0,0
2565,0906,0,0
2565,0907,0,0
2565,0908,0,0
2565,0909,0,0
2565,0910,0,0
2565,0911,0,0
2565,0912,0,0
2565,0913,0,0
2565,0914,0,0
2566,0901,0,0
2566,0902,0,0
2566,0903,0,0
2566,0904,0,0
2566,0905,0,0
2566,0906,0,0
2566,0907,0,0
2566,0908,0,0
2566,0909,0,0
2566,0910,0,0
2566,0911,0,0
2566,0912,0,0
2566,0913,0,0
2566,0914,0,0
2567,0901,0,0
2567,0902,0,0
2567,0903,0,0
2567,0904,0,0
2567,0905,0,0
2567,0906,0,0
2567,0907,0,0
2567,0908,0,0
2567,0909,0,0
2567,0910,0,0
2567,0911,0,0
2567,0912,0,0
2567,0913,0,0
2567,0914,0,0
2568,0901,0,0
2568,0902,0,0
2568,0903,0,0
2568,0904,0,0
2568,0905,0,0
2568,0906,0,0
2568,0907,0,0
2568,0908,0,0
2568,0909,0,0
2568,0910,0,0
2568,0911,0,0
2568,0912,0,0
2568,0913,0,0
2568,0914,0,0
2569,0901,0,0
2569,0902,0,0
2569,0903,0,0
2569,0904,0,0
2569,0905,0,0
2569,0906,0,0
2569,0907,0,0
2569,0908,0,0
2569,0909,0,0
2569,0910,0,0
2569,0911,0,0
2569,0912,0,0
2569,0913,1,0
2569,0914,0,0
2570,0901,0,0
2570,0902,0,0
2570,0903,0,0
2570,0904,0,0
2570,0905,0,0
2570,0906,0,0
2570,0907,0,0
2570,0908,0,0
2570,0909,0,0
2570,0910,0,0
2570,0911,0,0
2570,0912,0,0
2570,0913,0,0
2570,0914,0,0
2571,0901,0,0
2571,0902,0,0
2571,0903,0,0
2571,0904,0,0
2571,0905,0,0
2571,0906,0,0
2571,0907,0,0
2571,0908,0,0
2571,0909,0,0
2571,0910,0,0
2571,0911,0,0
2571,0912,0,0
2571,0913,0,0
2571,0914,0,0
2572,0901,0,0
2572,0902,0,0
2572,0903,0,0
2572,0904,0,0
2572,0905,0,0
2572,0906,0,0
2572,0907,0,0
2572,0908,0,0
2572,0909,0,0
2572,0910,0,0
2572,0911,0,0
2572,0912,0,0
2572,0913,0,0
2572,0914,0,0
2573,0901,0,0
2573,0902,0,0
2573,0903,0,0
2573,0904,0,0
2573,0905,0,0
2573,0906,0,0
2573,0907,0,0
2573,0908,0,0
2573,0909,0,0
2573,0910,0,0
2573,0911,0,0
2573,0912,0,0
2573,0913,0,0
2573,0914,0,0
2574,0901,0,0
2574,0902,0,0
2574,0903,0,0
2574,0904,0,0
2574,0905,0,0
2574,0906,0,0
2574,0907,0,0
2574,0908,0,0
2574,0909,0,0
2574,0910,0,0
2574,0911,0,0
2574,0912,0,0
2574,0913,0,0
2574,0914,0,0
2575,0901,0,0
2575,0902,0,0
2575,0903,0,0
2575,0904,0,0
2575,0905,0,0
2575,0906,0,0
2575,0907,0,0
2575,0908,0,0
2575,0909,0,0
2575,0910,0,0
2575,0911,0,0
2575,0912,0,0
2575,0913,0,0
2575,0914,0,0
2576,0901,0,0
2576,0902,0,0
2576,0903,0,0
2576,0904,0,0
2576,0905,0,0
2576,0906,0,0
2576,0907,0,0
2576,0908,0,0
2576,0909,0,0
2576,0910,0,0
2576,0911,0,0
2576,0912,0,0
2576,0913,0,0
2576,0914,0,0
2577,0901,0,0
2577,0902,0,0
2577,0903,0,0
2577,0904,0,0
2577,0905,0,0
2577,0906,0,0
2577,0907,0,0
2577,0908,1,0
2577,0909,0,0
2577,0910,0,0
2577,0911,0,0
2577,0912,0,0
2577,0913,0,0
2577,0914,0,0
2578,0901,0,0
2578,0902,0,0
2578,0903,0,0
2578,0904,0,0
2578,0905,0,0
2578,0906,0,0
2578,0907,0,0
2578,0908,0,0
2578,0909,0,0
2578,0910,0,0
2578,0911,0,0
2578,0912,0,0
2578,0913,0,0
2578,0914,0,0
2579,0901,0,0
2579,0902,0,0
2579,0903,0,0
2579,0904,0,0
2579,0905,0,0
2579,0906,0,0
2579,0907,0,0
2579,0908,0,0
2579,0909,0,0
2579,0910,0,0
2579,0911,0,0
2579,0912,0,0
2579,0913,0,0
2579,0914,0,0
2580,0901,0,0
2580,0902,0,0
2580,0903,0,0
2580,0904,0,0
2580,0905,0,0
2580,0906,0,0
2580,0907,0,0
2580,0908,0,0
2580,0909,0,0
2580,0910,0,0
2580,0911,0,0
2580,0912,0,0
2580,0913,0,0
2580,0914,0,0
2581,0901,0,0
2581,0902,0,0
2581,0903,0,0
2581,0904,0,0
2581,0905,0,0
2581,0906,0,0
2581,0907,0,0
2581,0908,0,0
2581,0909,0,0
2581,0910,0,0
2581,0911,0,0
2581,0912,0,0
2581,0913,0,0
2581,0914,0,0
2582,0901,0,0
2582,0902,0,0
2582,0903,0,0
2582,0904,0,0
2582,0905,0,0
2582,0906,0,0
2582,0907,0,0
2582,0908,0,0
2582,0909,0,0
2582,0910,0,0
2582,0911,0,0
2582,0912,0,0
2582,0913,0,0
2582,0914,0,0
2583,0901,0,0
2583,0902,0,0
2583,0903,0,0
2583,0904,0,0
2583,0905,0,0
2583,0906,0,0
2583,0907,0,0
2583,0908,0,0
2583,0909,0,0
2583,0910,0,0
2583,0911,0,0
2583,0912,0,0
2583,0913,0,0
2583,0914,0,0
2584,0901,0,0
2584,0902,0,0
2584,0903,0,0
2584,0904,0,0
2584,0905,0,0
2584,0906,0,0
2584,0907,0,0
2584,0908,0,0
2584,0909,0,0
2584,0910,0,0
2584,0911,0,0
2584,0912,0,0
2584,0913,0,0
2584,0914,0,0
2585,0901,0,0
2585,0902,0,0
2585,0903,0,0
2585,0904,0,0
2585,0905,0,0
2585,0906,0,0
2585,0907,0,0
2585,0908,0,0
2585,0909,0,0
2585,0910,0,0
2585,0911,0,0
2585,0912,0,0
2585,0913,0,0
2585,0914,0,0
2586,0901,0,0
2586,0902,0,0
2586,0903,0,0
2586,0904,0,0
2586,0905,0,0
2586,0906,0,0
2586,0907,0,0
2586,0908,0,0
2586,0909,0,0
2586,0910,0,0
2586,0911,0,0
2586,0912,0,0
2586,0913,0,0
2586,0914,0,0
2587,0901,0,0
2587,0902,0,0
2587,0903,0,0
2587,0904,0,0
2587,0905,0,0
2587,0906,0,0
2587,0907,0,0
2587,0908,0,0
2587,0909,0,0
2587,0910,0,0
2587,0911,0,0
2587,0912,0,0
2587,0913,0,0
2587,0914,0,0
2588,0901,0,0
2588,0902,0,0
2588,0903,0,0
2588,0904,0,0
2588,0905,0,0
2588,0906,0,0
2588,0907,0,0
2588,0908,0,0
2588,0909,0,0
2588,0910,0,0
2588,0911,0,0
2588,0912,0,0
2588,0913,0,0
2588,0914,0,0
2589,0901,0,0
2589,0902,0,0
2589,0903,0,0
2589,0904,0,0
2589,0905,0,0
2589,0906,0,0
2589,0907,0,0
2589,0908,0,0
2589,0909,0,0
2589,0910,0,0
2589,0911,0,0
2589,0912,0,0
2589,0913,0,0
2589,0914,0,0
2590,0901,0,0
2590,0902,0,0
2590,0903,0,0
2590,0904,0,0
2590,0905,0,0
2590,0906,0,0
2590,0907,0,0
2590,0908,0,0
2590,0909,0,0
2590,0910,0,0
2590,0911,0,0
2590,0912,0,0
2590,0913,0,0
2590,0914,0,0
2591,0901,0,0
2591,0902,0,0
2591,0903,0,0
2591,0904,0,0
2591,0905,0,0
2591,0906,0,0
2591,0907,0,0
2591,0908,0,0
2591,0909,0,0
2591,0910,0,0
2591,0911,0,0
2591,0912,0,0
2591,0913,0,0
2591,0914,0,0
2592,0901,0,0
2592,0902,0,0
2592,0903,0,0
2592,0904,0,0
2592,0905,0,0
2592,0906,0,0
2592,0907,0,0
2592,0908,0,0
2592,0909,0,0
2592,0910,0,0
2592,0911,0,0
2592,0912,0,0
2592,0913,0,0
2592,0914,0,0
2593,0901,0,0
2593,0902,0,0
2593,0903,0,0
2593,0904,0,0
2593,0905,0,0
2593,0906,0,0
2593,0907,0,0
2593,0908,0,0
2593,0909,0,0
2593,0910,0,0
2593,0911,0,0
2593,0912,0,0
2593,0913,0,0
2593,0914,0,0
2594,0901,0,0
2594,0902,0,0
2594,0903,0,0
2594,0904,0,0
2594,0905,0,0
2594,0906,0,0
2594,0907,0,0
2594,0908,0,0
2594,0909,0,0
2594,0910,0,0
2594,0911,0,0
2594,0912,0,0
2594,0913,0,0
2594,0914,0,0
2595,0901,0,0
2595,0902,0,0
2595,0903,0,0
2595,0904,0,0
2595,0905,0,0
2595,0906,0,0
2595,0907,0,0
2595,0908,0,0
2595,0909,0,0
2595,0910,0,0
2595,0911,0,0
2595,0912,0,0
2595,0913,0,0
2595,0914,0,0
2596,0901,0,0
2596,0902,0,0
2596,0903,0,0
2596,0904,0,0
2596,0905,0,0
2596,0906,0,0
2596,0907,0,0
2596,0908,0,0
2596,0909,0,0
2596,0910,0,0
2596,0911,0,0
2596,0912,0,0
2596,0913,0,0
2596,0914,1,0
2597,0901,0,0
2597,0902,0,0
2597,0903,0,0
2597,0904,0,0
2597,0905,0,0
2597,0906,0,0
2597,0907,0,0
2597,0908,0,0
2597,0909,0,0
2597,0910,0,0
2597,0911,0,0
2597,0912,0,0
2597,0913,0,0
2597,0914,0,0
2598,0901,0,0
2598,0902,0,0
2598,0903,0,0
2598,0904,0,0
2598,0905,0,0
2598,0906,0,0
2598,0907,0,0
2598,0908,0,0
2598,0909,0,0
2598,0910,0,0
2598,0911,0,0
2598,0912,0,0
2598,0913,0,0
2598,0914,0,0
2599,0901,0,0
2599,0902,0,0
2599,0903,0,0
2599,0904,0,0
2599,0905,0,0
2599,0906,0,0
2599,0907,0,0
2599,0908,0,0
2599,0909,0,0
2599,0910,0,0
2599,0911,0,0
2599,0912,0,0
2599,0913,0,0
2599,0914,0,0
2600,0901,0,0
2600,0902,0,0
2600,0903,0,0
2600,0904,0,0
2600,0905,0,0
2600,0906,0,0
2600,0907,0,0
2600,0908,0,0
2600,0909,0,0
2600,0910,0,0
2600,0911,0,0
2600,0912,0,0
2600,0913,0,0
2600,0914,1,0
2601,0901,0,0
2601,0902,0,0
2601,0903,0,0
2601,0904,0,0
2601,0905,0,0
2601,0906,0,0
2601,0907,0,0
2601,0908,0,0
2601,0909,0,0
2601,0910,0,0
2601,0911,0,0
2601,0912,0,0
2601,0913,0,0
2601,0914,0,0
2602,0901,0,0
2602,0902,0,0
2602,0903,0,0
2602,0904,0,0
2602,0905,0,0
2602,0906,0,0
2602,0907,0,0
2602,0908,0,0
2602,0909,0,0
2602,0910,0,0
2602,0911,0,0
2602,0912,1,0
2602,0913,0,0
2602,0914,0,0
2603,0901,0,0
2603,0902,0,0
2603,0903,0,0
2603,0904,0,0
2603,0905,0,0
2603,0906,0,0
2603,0907,0,0
2603,0908,0,0
2603,0909,0,0
2603,0910,0,0
2603,0911,0,0
2603,0912,0,0
2603,0913,0,0
2603,0914,0,0
2604,0901,0,0
2604,0902,0,0
2604,0903,0,0
2604,0904,0,0
2604,0905,0,0
2604,0906,0,0
2604,0907,0,0
2604,0908,0,0
2604,0909,0,0
2604,0910,0,0
2604,0911,0,0
2604,0912,0,0
2604,0913,0,0
2604,0914,0,0
2605,0901,0,0
2605,0902,0,0
2605,0903,0,0
2605,0904,0,0
2605,0905,0,0
2605,0906,0,0
2605,0907,0,0
2605,0908,0,0
2605,0909,0,0
2605,0910,0,0
2605,0911,0,0
2605,0912,0,0
2605,0913,0,0
2605,0914,0,0
2606,0901,0,0
2606,0902,0,0
2606,0903,0,0
2606,0904,0,0
2606,0905,0,0
2606,0906,0,0
2606,0907,0,0
2606,0908,0,0
2606,0909,0,0
2606,0910,0,0
2606,0911,0,0
2606,0912,0,0
2606,0913,0,0
2606,0914,0,0
2607,0901,0,0
2607,0902,0,0
2607,0903,0,0
2607,0904,0,0
2607,0905,0,0
2607,0906,0,0
2607,0907,0,0
2607,0908,0,0
2607,0909,0,0
2607,0910,0,0
2607,0911,0,0
2607,0912,0,0
2607,0913,0,0
2607,0914,0,0
2608,0901,0,0
2608,0902,0,0
2608,0903,0,0
2608,0904,0,0
2608,0905,0,0
2608,0906,0,0
2608,0907,0,0
2608,0908,0,0
2608,0909,0,0
2608,0910,0,0
2608,0911,0,0
2608,0912,0,0
2608,0913,0,0
2608,0914,0,0
2609,0901,0,0
2609,0902,0,0
2609,0903,0,0
2609,0904,0,0
2609,0905,0,0
2609,0906,0,0
2609,0907,0,0
2609,0908,0,0
2609,0909,0,0
2609,0910,0,0
2609,0911,0,0
2609,0912,0,0
2609,0913,0,0
2609,0914,0,0
2610,0901,0,0
2610,0902,0,0
2610,0903,0,0
2610,0904,0,0
2610,0905,0,0
2610,0906,0,0
2610,0907,0,0
2610,0908,0,0
2610,0909,0,0
2610,0910,0,0
2610,0911,0,0
2610,0912,0,0
2610,0913,0,0
2610,0914,0,0
2611,0901,0,0
2611,0902,0,0
2611,0903,0,0
2611,0904,0,0
2611,0905,0,0
2611,0906,0,0
2611,0907,0,0
2611,0908,0,0
2611,0909,0,0
2611,0910,0,0
2611,0911,0,0
2611,0912,0,0
2611,0913,0,0
2611,0914,0,0
2612,0901,0,0
2612,0902,0,0
2612,0903,0,0
2612,0904,0,0
2612,0905,0,0
2612,0906,0,0
2612,0907,0,0
2612,0908,0,0
2612,0909,0,0
2612,0910,0,0
2612,0911,0,0
2612,0912,0,0
2612,0913,0,0
2612,0914,0,0
2613,0901,0,0
2613,0902,0,0
2613,0903,0,0
2613,0904,0,0
2613,0905,0,0
2613,0906,0,0
2613,0907,0,0
2613,0908,0,0
2613,0909,0,0
2613,0910,0,0
2613,0911,0,0
2613,0912,0,0
2613,0913,0,0
2613,0914,0,0
2614,0901,0,0
2614,0902,0,0
2614,0903,0,0
2614,0904,0,0
2614,0905,0,0
2614,0906,0,0
2614,0907,0,0
2614,0908,0,0
2614,0909,0,0
2614,0910,0,0
2614,0911,0,0
2614,0912,0,0
2614,0913,0,0
2614,0914,0,0
2615,0901,0,0
2615,0902,0,0
2615,0903,0,0
2615,0904,0,0
2615,0905,0,0
2615,0906,0,0
2615,0907,0,0
2615,0908,0,0
2615,0909,0,0
2615,0910,0,0
2615,0911,0,0
2615,0912,0,0
2615,0913,0,0
2615,0914,0,0
2616,0901,0,0
2616,0902,0,0
2616,0903,0,0
2616,0904,0,0
2616,0905,0,0
2616,0906,0,0
2616,0907,0,0
2616,0908,0,0
2616,0909,1,0
2616,0910,0,0
2616,0911,0,0
2616,0912,0,0
2616,0913,0,0
2616,0914,0,0
2617,0901,0,0
2617,0902,0,0
2617,0903,0,0
2617,0904,0,0
2617,0905,0,0
2617,0906,0,0
2617,0907,0,0
2617,0908,0,0
2617,0909,0,0
2617,0910,0,0
2617,0911,0,0
2617,0912,0,0
2617,0913,0,0
2617,0914,0,0
2618,0901,0,0
2618,0902,0,0
2618,0903,0,0
2618,0904,0,0
2618,0905,0,0
2618,0906,0,0
2618,0907,0,0
2618,0908,0,0
2618,0909,0,0
2618,0910,0,0
2618,0911,0,0
2618,0912,0,0
2618,0913,0,0
2618,0914,0,0
2619,0901,0,0
2619,0902,0,0
2619,0903,0,0
2619,0904,0,0
2619,0905,0,0
2619,0906,0,0
2619,0907,0,0
2619,0908,0,0
2619,0909,0,0
2619,0910,0,0
2619,0911,0,0
2619,0912,0,0
2619,0913,0,0
2619,0914,0,0
2620,0901,0,0
2620,0902,0,0
2620,0903,0,0
2620,0904,0,0
2620,0905,0,0
2620,0906,0,0
2620,0907,0,0
2620,0908,0,0
2620,0909,0,0
2620,0910,0,0
2620,0911,0,0
2620,0912,0,0
2620,0913,0,0
2620,0914,0,0
2621,0901,0,0
2621,0902,0,0
2621,0903,0,0
2621,0904,0,0
2621,0905,0,0
2621,0906,0,0
2621,0907,0,0
2621,0908,0,0
2621,0909,0,0
2621,0910,0,0
2621,0911,0,0
2621,0912,0,0
2621,0913,0,0
2621,0914,0,0
2622,0901,0,0
2622,0902,0,0
2622,0903,0,0
2622,0904,0,0
2622,0905,0,0
2622,0906,0,0
2622,0907,0,0
2622,0908,0,0
2622,0909,0,0
2622,0910,0,0
2622,0911,0,0
2622,0912,0,0
2622,0913,0,0
2622,0914,0,0
2623,0901,0,0
2623,0902,0,0
2623,0903,0,0
2623,0904,0,0
2623,0905,0,0
2623,0906,0,0
2623,0907,0,0
2623,0908,0,0
2623,0909,0,0
2623,0910,0,0
2623,0911,0,0
2623,0912,0,0
2623,0913,0,0
2623,0914,0,0
2624,0901,0,0
2624,0902,0,0
2624,0903,0,0
2624,0904,0,0
2624,0905,0,0
2624,0906,0,0
2624,0907,0,0
2624,0908,0,0
2624,0909,0,0
2624,0910,0,0
2624,0911,0,0
2624,0912,0,0
2624,0913,0,0
2624,0914,0,0
2625,0901,0,0
2625,0902,0,0
2625,0903,0,0
2625,0904,0,0
2625,0905,0,0
2625,0906,0,0
2625,0907,0,0
2625,0908,0,0
2625,0909,0,0
2625,0910,0,0
2625,0911,0,0
2625,0912,0,0
2625,0913,0,0
2625,0914,0,0
2626,0901,0,0
2626,0902,0,0
2626,0903,0,0
2626,0904,0,0
2626,0905,0,0
2626,0906,0,0
2626,0907,0,0
2626,0908,0,0
2626,0909,0,0
2626,0910,0,0
2626,0911,0,0
2626,0912,0,0
2626,0913,0,0
2626,0914,0,0
2627,0901,0,0
2627,0902,0,0
2627,0903,0,0
2627,0904,0,0
2627,0905,0,0
2627,0906,0,0
2627,0907,0,0
2627,0908,0,0
2627,0909,0,0
2627,0910,0,0
2627,0911,0,0
2627,0912,0,0
2627,0913,0,0
2627,0914,0,0
2628,0901,0,0
2628,0902,0,0
2628,0903,0,0
2628,0904,0,0
2628,0905,0,0
2628,0906,0,0
2628,0907,0,0
2628,0908,0,0
2628,0909,0,0
2628,0910,0,0
2628,0911,0,0
2628,0912,0,0
2628,0913,0,0
2628,0914,0,0
2629,0901,0,0
2629,0902,0,0
2629,0903,0,0
2629,0904,0,0
2629,0905,0,0
2629,0906,0,0
2629,0907,0,0
2629,0908,0,0
2629,0909,0,0
2629,0910,0,0
2629,0911,0,0
2629,0912,0,0
2629,0913,0,0
2629,0914,0,0
2630,0901,0,0
2630,0902,0,0
2630,0903,0,0
2630,0904,0,0
2630,0905,0,0
2630,0906,0,0
2630,0907,0,0
2630,0908,0,0
2630,0909,0,0
2630,0910,0,0
2630,0911,0,0
2630,0912,0,0
2630,0913,0,0
2630,0914,0,0
2631,0901,0,0
2631,0902,0,0
2631,0903,0,0
2631,0904,0,0
2631,0905,0,0
2631,0906,0,0
2631,0907,0,0
2631,0908,0,0
2631,0909,0,0
2631,0910,0,0
2631,0911,0,0
2631,0912,0,0
2631,0913,0,0
2631,0914,0,0
2632,0901,0,0
2632,0902,0,0
2632,0903,0,0
2632,0904,0,0
2632,0905,0,0
2632,0906,0,0
2632,0907,0,0
2632,0908,0,0
2632,0909,0,0
2632,0910,0,0
2632,0911,0,0
2632,0912,0,0
2632,0913,0,0
2632,0914,0,0
2633,0901,0,0
2633,0902,0,0
2633,0903,0,0
2633,0904,0,0
2633,0905,0,0
2633,0906,0,0
2633,0907,0,0
2633,0908,0,0
2633,0909,0,0
2633,0910,0,0
2633,0911,0,0
2633,0912,0,0
2633,0913,0,0
2633,0914,0,0
2634,0901,0,0
2634,0902,0,0
2634,0903,0,0
2634,0904,0,0
2634,0905,0,0
2634,0906,0,0
2634,0907,0,0
2634,0908,0,0
2634,0909,0,0
2634,0910,0,0
2634,0911,0,0
2634,0912,0,0
2634,0913,0,0
2634,0914,0,0
2635,0901,0,0
2635,0902,0,0
2635,0903,0,0
2635,0904,0,0
2635,0905,0,0
2635,0906,0,0
2635,0907,0,0
2635,0908,0,0
2635,0909,0,0
2635,0910,0,0
2635,0911,0,0
2635,0912,0,0
2635,0913,0,0
2635,0914,0,0
2636,0901,0,0
2636,0902,0,0
2636,0903,0,0
2636,0904,0,0
2636,0905,0,0
2636,0906,0,0
2636,0907,0,0
2636,0908,0,0
2636,0909,0,0
2636,0910,0,0
2636,0911,0,0
2636,0912,0,0
2636,0913,0,0
2636,0914,0,0
2637,0901,0,0
2637,0902,0,0
2637,0903,0,0
2637,0904,0,0
2637,0905,0,0
2637,0906,0,0
2637,0907,0,0
2637,0908,0,0
2637,0909,0,0
2637,0910,0,0
2637,0911,0,0
2637,0912,0,0
2637,0913,0,0
2637,0914,0,0
2638,0901,0,0
2638,0902,0,0
2638,0903,0,0
2638,0904,0,0
2638,0905,0,0
2638,0906,0,0
2638,0907,0,0
2638,0908,0,0
2638,0909,0,0
2638,0910,0,0
2638,0911,0,0
2638,0912,0,0
2638,0913,0,0
2638,0914,0,0
2639,0901,0,0
2639,0902,0,0
2639,0903,0,0
2639,0904,0,0
2639,0905,0,0
2639,0906,0,0
2639,0907,0,0
2639,0908,0,0
2639,0909,0,0
2639,0910,0,0
2639,0911,0,0
2639,0912,0,0
2639,0913,0,0
2639,0914,0,0
2640,0901,0,0
2640,0902,0,0
2640,0903,0,0
2640,0904,0,0
2640,0905,0,0
2640,0906,0,0
2640,0907,0,0
2640,0908,0,0
2640,0909,0,0
2640,0910,0,0
2640,0911,0,0
2640,0912,0,0
2640,0913,1,0
2640,0914,0,0
2641,0901,0,0
2641,0902,0,0
2641,0903,0,0
2641,0904,0,0
2641,0905,0,0
2641,0906,0,0
2641,0907,0,0
2641,0908,0,0
2641,0909,0,0
2641,0910,0,0
2641,0911,0,0
2641,0912,0,0
2641,0913,0,0
2641,0914,0,0
2642,0901,0,0
2642,0902,0,0
2642,0903,0,0
2642,0904,0,0
2642,0905,0,0
2642,0906,0,0
2642,0907,0,0
2642,0908,0,0
2642,0909,0,0
2642,0910,0,0
2642,0911,0,0
2642,0912,0,0
2642,0913,0,0
2642,0914,0,0
2643,0901,0,0
2643,0902,0,0
2643,0903,0,0
2643,0904,0,0
2643,0905,0,0
2643,0906,0,0
2643,0907,0,0
2643,0908,0,0
2643,0909,0,0
2643,0910,0,0
2643,0911,0,0
2643,0912,0,0
2643,0913,0,0
2643,0914,0,0
2644,0901,0,0
2644,0902,0,0
2644,0903,0,0
2644,0904,0,0
2644,0905,0,0
2644,0906,0,0
2644,0907,0,0
2644,0908,0,0
2644,0909,0,0
2644,0910,0,0
2644,0911,1,0
2644,0912,0,0
2644,0913,0,0
2644,0914,0,0
2645,0901,0,0
2645,0902,0,0
2645,0903,0,0
2645,0904,0,0
2645,0905,0,0
2645,0906,0,0
2645,0907,0,0
2645,0908,0,0
2645,0909,0,0
2645,0910,0,0
2645,0911,0,0
2645,0912,0,0
2645,0913,0,0
2645,0914,0,0
2646,0901,0,0
2646,0902,0,0
2646,0903,0,0
2646,0904,0,0
2646,0905,0,0
2646,0906,0,0
2646,0907,0,0
2646,0908,0,0
2646,0909,0,0
2646,0910,0,0
2646,0911,0,0
2646,0912,0,0
2646,0913,0,0
2646,0914,0,0
2647,0901,0,0
2647,0902,0,0
2647,0903,0,0
2647,0904,0,0
2647,0905,0,0
2647,0906,0,0
2647,0907,0,0
2647,0908,0,0
2647,0909,0,0
2647,0910,0,0
2647,0911,0,0
2647,0912,0,0
2647,0913,0,0
2647,0914,0,0
2648,0901,0,0
2648,0902,0,0
2648,0903,0,0
2648,0904,0,0
2648,0905,0,0
2648,0906,0,0
2648,0907,0,0
2648,0908,0,0
2648,0909,0,0
2648,0910,0,0
2648,0911,0,0
2648,0912,0,0
2648,0913,0,0
2648,0914,0,0
2649,0901,0,0
2649,0902,0,0
2649,0903,0,0
2649,0904,0,0
2649,0905,0,0
2649,0906,0,0
2649,0907,0,0
2649,0908,0,0
2649,0909,0,0
2649,0910,0,0
2649,0911,0,0
2649,0912,0,0
2649,0913,0,0
2649,0914,0,0
2650,0901,0,0
2650,0902,0,0
2650,0903,0,0
2650,0904,0,0
2650,0905,0,0
2650,0906,0,0
2650,0907,0,0
2650,0908,0,0
2650,0909,0,0
2650,0910,0,0
2650,0911,0,0
2650,0912,0,0
2650,0913,0,0
2650,0914,0,0
2651,0901,0,0
2651,0902,0,0
2651,0903,0,0
2651,0904,0,0
2651,0905,0,0
2651,0906,0,0
2651,0907,0,0
2651,0908,0,0
2651,0909,0,0
2651,0910,0,0
2651,0911,0,0
2651,0912,0,0
2651,0913,0,0
2651,0914,0,0
2652,0901,0,0
2652,0902,0,0
2652,0903,0,0
2652,0904,0,0
2652,0905,0,0
2652,0906,0,0
2652,0907,0,0
2652,0908,0,0
2652,0909,0,0
2652,0910,0,0
2652,0911,0,0
2652,0912,0,0
2652,0913,0,0
2652,0914,0,0
2653,0901,0,0
2653,0902,0,0
2653,0903,0,0
2653,0904,0,0
2653,0905,0,0
2653,0906,0,0
2653,0907,0,0
2653,0908,0,0
2653,0909,0,0
2653,0910,0,0
2653,0911,0,0
2653,0912,0,0
2653,0913,0,0
2653,0914,0,0
2654,0901,0,0
2654,0902,0,0
2654,0903,0,0
2654,0904,0,0
2654,0905,0,0
2654,0906,0,0
2654,0907,0,0
2654,0908,0,0
2654,0909,0,0
2654,0910,0,0
2654,0911,0,0
2654,0912,0,0
2654,0913,0,0
2654,0914,0,0
2655,0901,0,0
2655,0902,0,0
2655,0903,0,0
2655,0904,0,0
2655,0905,0,0
2655,0906,0,0
2655,0907,0,0
2655,0908,0,0
2655,0909,0,0
2655,0910,0,0
2655,0911,0,0
2655,0912,0,0
2655,0913,0,0
2655,0914,0,0
2656,0901,0,0
2656,0902,0,0
2656,0903,0,0
2656,0904,0,0
2656,0905,0,0
2656,0906,0,0
2656,0907,0,0
2656,0908,0,0
2656,0909,0,0
2656,0910,0,0
2656,0911,0,0
2656,0912,0,0
2656,0913,0,0
2656,0914,0,0
2657,0901,0,0
2657,0902,0,0
2657,0903,0,0
2657,0904,0,0
2657,0905,0,0
2657,0906,0,0
2657,0907,0,0
2657,0908,0,0
2657,0909,0,0
2657,0910,0,0
2657,0911,0,0
2657,0912,0,0
2657,0913,0,0
2657,0914,0,0
2658,0901,0,0
2658,0902,0,0
2658,0903,0,0
2658,0904,0,0
2658,0905,0,0
2658,0906,0,0
2658,0907,0,0
2658,0908,0,0
2658,0909,0,0
2658,0910,0,0
2658,0911,0,0
2658,0912,0,0
2658,0913,0,0
2658,0914,0,0
2659,0901,0,0
2659,0902,0,0
2659,0903,0,0
2659,0904,0,0
2659,0905,0,0
2659,0906,0,0
2659,0907,0,0
2659,0908,0,0
2659,0909,0,0
2659,0910,0,0
2659,0911,0,0
2659,0912,0,0
2659,0913,0,0
2659,0914,0,0
2660,0901,0,0
2660,0902,0,0
2660,0903,0,0
2660,0904,0,0
2660,0905,0,0
2660,0906,0,0
2660,0907,0,0
2660,0908,0,0
2660,0909,0,0
2660,0910,0,0
2660,0911,0,0
2660,0912,0,0
2660,0913,0,0
2660,0914,0,0
2661,0901,0,0
2661,0902,0,0
2661,0903,0,0
2661,0904,0,0
2661,0905,0,0
2661,0906,0,0
2661,0907,0,0
2661,0908,0,0
2661,0909,0,0
2661,0910,0,0
2661,0911,0,0
2661,0912,0,0
2661,0913,0,0
2661,0914,0,0
2662,0901,0,0
2662,0902,0,0
2662,0903,0,0
2662,0904,0,0
2662,0905,0,0
2662,0906,0,0
2662,0907,0,0
2662,0908,0,0
2662,0909,0,0
2662,0910,0,0
2662,0911,0,0
2662,0912,0,0
2662,0913,0,0
2662,0914,0,0
2663,0901,0,0
2663,0902,0,0
2663,0903,0,0
2663,0904,0,0
2663,0905,0,0
2663,0906,0,0
2663,0907,0,0
2663,0908,0,0
2663,0909,0,0
2663,0910,0,0
2663,0911,0,0
2663,0912,0,0
2663,0913,0,0
2663,0914,0,0
2664,0901,0,0
2664,0902,0,0
2664,0903,0,0
2664,0904,0,0
2664,0905,0,0
2664,0906,0,0
2664,0907,0,0
2664,0908,0,0
2664,0909,0,0
2664,0910,0,0
2664,0911,0,0
2664,0912,0,0
2664,0913,0,0
2664,0914,0,0
2665,0901,0,0
2665,0902,0,0
2665,0903,0,0
2665,0904,0,0
2665,0905,0,0
2665,0906,0,0
2665,0907,0,0
2665,0908,0,0
2665,0909,0,0
2665,0910,0,0
2665,0911,0,0
2665,0912,0,0
2665,0913,0,0
2665,0914,0,0
2666,0901,0,0
2666,0902,0,0
2666,0903,0,0
2666,0904,0,0
2666,0905,0,0
2666,0906,0,0
2666,0907,0,0
2666,0908,0,0
2666,0909,0,0
2666,0910,0,0
2666,0911,0,0
2666,0912,0,0
2666,0913,0,0
2666,0914,0,0
2667,0901,0,0
2667,0902,0,0
2667,0903,0,0
2667,0904,0,0
2667,0905,0,0
2667,0906,0,0
2667,0907,0,0
2667,0908,0,0
2667,0909,0,0
2667,0910,0,0
2667,0911,0,0
2667,0912,0,0
2667,0913,0,0
2667,0914,0,0
2668,0901,0,0
2668,0902,0,0
2668,0903,0,0
2668,0904,0,0
2668,0905,0,0
2668,0906,0,0
2668,0907,0,0
2668,0908,0,0
2668,0909,0,0
2668,0910,0,0
2668,0911,0,0
2668,0912,0,0
2668,0913,0,0
2668,0914,0,0
2669,0901,0,0
2669,0902,0,0
2669,0903,0,0
2669,0904,0,0
2669,0905,0,0
2669,0906,0,0
2669,0907,0,0
2669,0908,0,0
2669,0909,0,0
2669,0910,0,0
2669,0911,0,0
2669,0912,0,0
2669,0913,0,0
2669,0914,0,0
2670,0901,0,0
2670,0902,0,0
2670,0903,0,0
2670,0904,0,0
2670,0905,0,0
2670,0906,0,0
2670,0907,0,0
2670,0908,0,0
2670,0909,0,0
2670,0910,0,0
2670,0911,0,0
2670,0912,0,0
2670,0913,0,0
2670,0914,0,0
2671,0901,0,0
2671,0902,0,0
2671,0903,0,0
2671,0904,0,0
2671,0905,0,0
2671,0906,0,0
2671,0907,0,0
2671,0908,0,0
2671,0909,0,0
2671,0910,0,0
2671,0911,0,0
2671,0912,0,0
2671,0913,0,0
2671,0914,0,0
2672,0901,0,0
2672,0902,0,0
2672,0903,0,0
2672,0904,0,0
2672,0905,0,0
2672,0906,0,0
2672,0907,0,0
2672,0908,0,0
2672,0909,0,0
2672,0910,0,0
2672,0911,0,0
2672,0912,0,0
2672,0913,0,0
2672,0914,0,0
2673,0901,0,0
2673,0902,0,0
2673,0903,0,0
2673,0904,0,0
2673,0905,0,0
2673,0906,0,0
2673,0907,0,0
2673,0908,0,0
2673,0909,0,0
2673,0910,0,0
2673,0911,0,0
2673,0912,0,0
2673,0913,0,0
2673,0914,0,0
2674,0901,0,0
2674,0902,0,0
2674,0903,0,0
2674,0904,0,0
2674,0905,0,0
2674,0906,0,0
2674,0907,0,0
2674,0908,0,0
2674,0909,0,0
2674,0910,0,0
2674,0911,0,0
2674,0912,0,0
2674,0913,0,0
2674,0914,0,0
2675,0901,0,0
2675,0902,0,0
2675,0903,0,0
2675,0904,0,0
2675,0905,0,0
2675,0906,0,0
2675,0907,0,0
2675,0908,0,0
2675,0909,0,0
2675,0910,0,0
2675,0911,0,0
2675,0912,0,0
2675,0913,0,0
2675,0914,0,0
2676,0901,0,0
2676,0902,0,0
2676,0903,0,0
2676,0904,0,0
2676,0905,0,0
2676,0906,0,0
2676,0907,0,0
2676,0908,0,0
2676,0909,0,0
2676,0910,0,0
2676,0911,0,0
2676,0912,0,0
2676,0913,0,0
2676,0914,0,0
2677,0901,0,0
2677,0902,0,0
2677,0903,0,0
2677,0904,0,0
2677,0905,0,0
2677,0906,0,0
2677,0907,0,0
2677,0908,0,0
2677,0909,0,0
2677,0910,0,0
2677,0911,0,0
2677,0912,0,0
2677,0913,0,0
2677,0914,0,0
2678,0901,0,0
2678,0902,0,0
2678,0903,0,0
2678,0904,0,0
2678,0905,0,0
2678,0906,0,0
2678,0907,0,0
2678,0908,0,0
2678,0909,0,0
2678,0910,0,0
2678,0911,0,0
2678,0912,0,0
2678,0913,0,0
2678,0914,0,0
2679,0901,0,0
2679,0902,0,0
2679,0903,0,0
2679,0904,0,0
2679,0905,0,0
2679,0906,0,0
2679,0907,0,0
2679,0908,0,0
2679,0909,0,0
2679,0910,0,0
2679,0911,0,0
2679,0912,0,0
2679,0913,0,0
2679,0914,0,0
2680,0901,0,0
2680,0902,0,0
2680,0903,0,0
2680,0904,0,0
2680,0905,0,0
2680,0906,0,0
2680,0907,0,0
2680,0908,0,0
2680,0909,0,0
2680,0910,0,0
2680,0911,0,0
2680,0912,0,0
2680,0913,0,0
2680,0914,0,0
2681,0901,0,0
2681,0902,0,0
2681,0903,0,0
2681,0904,0,0
2681,0905,0,0
2681,0906,0,0
2681,0907,0,0
2681,0908,0,0
2681,0909,0,0
2681,0910,0,0
2681,0911,0,0
2681,0912,0,0
2681,0913,0,0
2681,0914,0,0
2682,0901,0,0
2682,0902,0,0
2682,0903,0,0
2682,0904,0,0
2682,0905,0,0
2682,0906,0,0
2682,0907,0,0
2682,0908,0,0
2682,0909,0,0
2682,0910,0,0
2682,0911,0,0
2682,0912,0,0
2682,0913,0,0
2682,0914,0,0
2683,0901,0,0
2683,0902,0,0
2683,0903,0,0
2683,0904,0,0
2683,0905,0,0
2683,0906,0,0
2683,0907,0,0
2683,0908,0,0
2683,0909,0,0
2683,0910,0,0
2683,0911,0,0
2683,0912,0,0
2683,0913,0,0
2683,0914,0,0
2684,0901,0,0
2684,0902,0,0
2684,0903,0,0
2684,0904,0,0
2684,0905,0,0
2684,0906,0,0
2684,0907,0,0
2684,0908,0,0
2684,0909,0,0
2684,0910,0,0
2684,0911,0,0
2684,0912,0,0
2684,0913,0,0
2684,0914,0,0
2685,0901,0,0
2685,0902,0,0
2685,0903,0,0
2685,0904,0,0
2685,0905,0,0
2685,0906,0,0
2685,0907,0,0
2685,0908,0,0
2685,0909,0,0
2685,0910,0,0
2685,0911,0,0
2685,0912,0,0
2685,0913,0,0
2685,0914,0,0
2686,0901,0,0
2686,0902,0,0
2686,0903,0,0
2686,0904,0,0
2686,0905,0,0
2686,0906,0,0
2686,0907,0,0
2686,0908,0,0
2686,0909,0,0
2686,0910,0,0
2686,0911,0,0
2686,0912,0,0
2686,0913,0,0
2686,0914,0,0
2687,0901,0,0
2687,0902,0,0
2687,0903,0,0
2687,0904,0,0
2687,0905,0,0
2687,0906,0,0
2687,0907,0,0
2687,0908,0,0
2687,0909,0,0
2687,0910,0,0
2687,0911,0,0
2687,0912,0,0
2687,0913,0,0
2687,0914,0,0
2688,0901,0,0
2688,0902,0,0
2688,0903,0,0
2688,0904,0,0
2688,0905,0,0
2688,0906,0,0
2688,0907,0,0
2688,0908,0,0
2688,0909,0,0
2688,0910,0,0
2688,0911,0,0
2688,0912,0,0
2688,0913,0,0
2688,0914,0,0
2689,0901,0,0
2689,0902,0,0
2689,0903,0,0
2689,0904,0,0
2689,0905,0,0
2689,0906,0,0
2689,0907,0,0
2689,0908,0,0
2689,0909,0,0
2689,0910,0,0
2689,0911,0,0
2689,0912,0,0
2689,0913,0,0
2689,0914,0,0
2690,0901,0,0
2690,0902,0,0
2690,0903,0,0
2690,0904,0,0
2690,0905,0,0
2690,0906,0,0
2690,0907,0,0
2690,0908,0,0
2690,0909,0,0
2690,0910,0,0
2690,0911,0,0
2690,0912,0,0
2690,0913,0,0
2690,0914,1,0
2691,0901,0,0
2691,0902,0,0
2691,0903,0,0
2691,0904,0,0
2691,0905,0,0
2691,0906,0,0
2691,0907,0,0
2691,0908,0,0
2691,0909,0,0
2691,0910,0,0
2691,0911,0,0
2691,0912,0,0
2691,0913,0,0
2691,0914,0,0
2692,0901,0,0
2692,0902,0,0
2692,0903,0,0
2692,0904,0,0
2692,0905,0,0
2692,0906,0,0
2692,0907,0,0
2692,0908,0,0
2692,0909,0,0
2692,0910,0,0
2692,0911,0,0
2692,0912,0,0
2692,0913,0,0
2692,0914,0,0
2693,0901,0,0
2693,0902,0,0
2693,0903,0,0
2693,0904,0,0
2693,0905,0,0
2693,0906,0,0
2693,0907,0,0
2693,0908,0,0
2693,0909,0,0
2693,0910,0,0
2693,0911,0,0
2693,0912,0,0
2693,0913,0,0
2693,0914,0,0
2694,0901,0,0
2694,0902,0,0
2694,0903,0,0
2694,0904,0,0
2694,0905,0,0
2694,0906,0,0
2694,0907,0,0
2694,0908,0,0
2694,0909,0,0
2694,0910,0,0
2694,0911,0,0
2694,0912,0,0
2694,0913,0,0
2694,0914,0,0
2695,0901,0,0
2695,0902,0,0
2695,0903,0,0
2695,0904,0,0
2695,0905,0,0
2695,0906,0,0
2695,0907,0,0
2695,0908,0,0
2695,0909,0,0
2695,0910,0,0
2695,0911,0,0
2695,0912,0,0
2695,0913,0,0
2695,0914,0,0
2696,0901,0,0
2696,0902,0,0
2696,0903,0,0
2696,0904,0,0
2696,0905,0,0
2696,0906,0,0
2696,0907,0,0
2696,0908,0,0
2696,0909,0,0
2696,0910,0,0
2696,0911,0,0
2696,0912,0,0
2696,0913,0,0
2696,0914,0,0
2697,0901,0,0
2697,0902,0,0
2697,0903,0,0
2697,0904,0,0
2697,0905,0,0
2697,0906,0,0
2697,0907,0,0
2697,0908,0,0
2697,0909,0,0
2697,0910,0,0
2697,0911,0,0
2697,0912,0,0
2697,0913,0,0
2697,0914,0,0
2698,0901,0,0
2698,0902,0,0
2698,0903,0,0
2698,0904,0,0
2698,0905,0,0
2698,0906,0,0
2698,0907,0,0
2698,0908,0,0
2698,0909,0,0
2698,0910,0,0
2698,0911,0,0
2698,0912,0,0
2698,0913,0,0
2698,0914,0,0
2699,0901,0,0
2699,0902,0,0
2699,0903,0,0
2699,0904,0,0
2699,0905,0,0
2699,0906,0,0
2699,0907,0,0
2699,0908,0,0
2699,0909,0,0
2699,0910,0,0
2699,0911,0,0
2699,0912,0,0
2699,0913,0,0
2699,0914,0,0
2700,0901,0,0
2700,0902,0,0
2700,0903,0,0
2700,0904,0,0
2700,0905,0,0
2700,0906,0,0
2700,0907,0,0
2700,0908,0,0
2700,0909,0,0
2700,0910,0,0
2700,0911,0,0
2700,0912,0,0
2700,0913,0,0
2700,0914,0,0
2701,0901,0,0
2701,0902,0,0
2701,0903,0,0
2701,0904,0,0
2701,0905,0,0
2701,0906,0,0
2701,0907,0,0
2701,0908,0,0
2701,0909,0,0
2701,0910,0,0
2701,0911,0,0
2701,0912,0,0
2701,0913,0,0
2701,0914,0,0
2702,0901,0,0
2702,0902,0,0
2702,0903,0,0
2702,0904,0,0
2702,0905,0,0
2702,0906,0,0
2702,0907,0,0
2702,0908,0,0
2702,0909,0,0
2702,0910,0,0
2702,0911,0,0
2702,0912,0,0
2702,0913,0,0
2702,0914,0,0
2703,0901,0,0
2703,0902,0,0
2703,0903,0,0
2703,0904,0,0
2703,0905,0,0
2703,0906,0,0
2703,0907,0,0
2703,0908,0,0
2703,0909,0,0
2703,0910,0,0
2703,0911,0,0
2703,0912,0,0
2703,0913,0,0
2703,0914,0,0
2704,0901,0,0
2704,0902,0,0
2704,0903,0,0
2704,0904,0,0
2704,0905,0,0
2704,0906,0,0
2704,0907,0,0
2704,0908,0,0
2704,0909,0,0
2704,0910,0,0
2704,0911,0,0
2704,0912,0,0
2704,0913,0,0
2704,0914,0,0
2705,0901,0,0
2705,0902,0,0
2705,0903,0,0
2705,0904,0,0
2705,0905,0,0
2705,0906,0,0
2705,0907,0,0
2705,0908,0,0
2705,0909,0,0
2705,0910,0,0
2705,0911,0,0
2705,0912,0,0
2705,0913,0,0
2705,0914,0,0
2706,0901,0,0
2706,0902,0,0
2706,0903,0,0
2706,0904,0,0
2706,0905,0,0
2706,0906,0,0
2706,0907,0,0
2706,0908,0,0
2706,0909,0,0
2706,0910,0,0
2706,0911,0,0
2706,0912,0,0
2706,0913,0,0
2706,0914,0,0
2707,0901,0,0
2707,0902,0,0
2707,0903,0,0
2707,0904,0,0
2707,0905,0,0
2707,0906,0,0
2707,0907,0,0
2707,0908,0,0
2707,0909,0,0
2707,0910,0,0
2707,0911,0,0
2707,0912,0,0
2707,0913,0,0
2707,0914,0,0
2708,0901,0,0
2708,0902,0,0
2708,0903,0,0
2708,0904,0,0
2708,0905,0,0
2708,0906,0,0
2708,0907,0,0
2708,0908,0,0
2708,0909,0,0
2708,0910,0,0
2708,0911,0,0
2708,0912,0,0
2708,0913,0,0
2708,0914,0,0
2709,0901,0,0
2709,0902,0,0
2709,0903,0,0
2709,0904,0,0
2709,0905,0,0
2709,0906,0,0
2709,0907,0,0
2709,0908,0,0
2709,0909,0,0
2709,0910,0,0
2709,0911,0,0
2709,0912,0,0
2709,0913,0,0
2709,0914,0,0
2710,0901,0,0
2710,0902,0,0
2710,0903,0,0
2710,0904,0,0
2710,0905,0,0
2710,0906,0,0
2710,0907,0,0
2710,0908,0,0
2710,0909,0,0
2710,0910,0,0
2710,0911,0,0
2710,0912,0,0
2710,0913,0,0
2710,0914,0,0
2711,0901,0,0
2711,0902,0,0
2711,0903,0,0
2711,0904,0,0
2711,0905,0,0
2711,0906,0,0
2711,0907,0,0
2711,0908,0,0
2711,0909,0,0
2711,0910,0,0
2711,0911,0,0
2711,0912,0,0
2711,0913,0,0
2711,0914,0,0
2712,0901,0,0
2712,0902,0,0
2712,0903,0,0
2712,0904,0,0
2712,0905,0,0
2712,0906,0,0
2712,0907,0,0
2712,0908,0,0
2712,0909,0,0
2712,0910,0,0
2712,0911,0,0
2712,0912,0,0
2712,0913,0,0
2712,0914,0,0
2713,0901,0,0
2713,0902,0,0
2713,0903,0,0
2713,0904,0,0
2713,0905,0,0
2713,0906,0,0
2713,0907,0,0
2713,0908,0,0
2713,0909,0,0
2713,0910,0,0
2713,0911,0,0
2713,0912,0,0
2713,0913,0,0
2713,0914,0,0
2714,0901,0,0
2714,0902,0,0
2714,0903,0,0
2714,0904,0,0
2714,0905,0,0
2714,0906,0,0
2714,0907,0,0
2714,0908,0,0
2714,0909,0,0
2714,0910,0,0
2714,0911,0,0
2714,0912,0,0
2714,0913,0,0
2714,0914,0,0
2715,0901,0,0
2715,0902,0,0
2715,0903,0,0
2715,0904,0,0
2715,0905,0,0
2715,0906,0,0
2715,0907,0,0
2715,0908,0,0
2715,0909,0,0
2715,0910,0,0
2715,0911,0,0
2715,0912,0,0
2715,0913,0,0
2715,0914,0,0
2716,0901,0,0
2716,0902,0,0
2716,0903,0,0
2716,0904,0,0
2716,0905,0,0
2716,0906,0,0
2716,0907,0,0
2716,0908,0,0
2716,0909,1,0
2716,0910,0,0
2716,0911,0,0
2716,0912,0,0
2716,0913,0,0
2716,0914,0,0
2717,0901,1,0
2717,0902,0,0
2717,0903,0,0
2717,0904,0,0
2717,0905,0,0
2717,0906,0,0
2717,0907,0,0
2717,0908,0,0
2717,0909,0,0
2717,0910,0,0
2717,0911,0,0
2717,0912,0,0
2717,0913,0,0
2717,0914,0,0
2718,0901,0,0
2718,0902,0,0
2718,0903,0,0
2718,0904,0,0
2718,0905,0,0
2718,0906,0,0
2718,0907,0,0
2718,0908,0,0
2718,0909,0,0
2718,0910,0,0
2718,0911,0,0
2718,0912,0,0
2718,0913,0,0
2718,0914,0,0
2719,0901,0,0
2719,0902,0,0
2719,0903,0,0
2719,0904,0,0
2719,0905,0,0
2719,0906,0,0
2719,0907,0,0
2719,0908,0,0
2719,0909,0,0
2719,0910,0,0
2719,0911,0,0
2719,0912,0,0
2719,0913,0,0
2719,0914,0,0
2720,0901,0,0
2720,0902,0,0
2720,0903,0,0
2720,0904,0,0
2720,0905,0,0
2720,0906,0,0
2720,0907,0,0
2720,0908,0,0
2720,0909,0,0
2720,0910,0,0
2720,0911,0,0
2720,0912,0,0
2720,0913,0,0
2720,0914,0,0
2721,0901,0,0
2721,0902,0,0
2721,0903,0,0
2721,0904,0,0
2721,0905,0,0
2721,0906,0,0
2721,0907,0,0
2721,0908,0,0
2721,0909,0,0
2721,0910,0,0
2721,0911,0,0
2721,0912,0,0
2721,0913,0,0
2721,0914,0,0
2722,0901,0,0
2722,0902,0,0
2722,0903,0,0
2722,0904,0,0
2722,0905,0,0
2722,0906,0,0
2722,0907,0,0
2722,0908,0,0
2722,0909,0,0
2722,0910,0,0
2722,0911,0,0
2722,0912,0,0
2722,0913,0,0
2722,0914,0,0
2723,0901,0,0
2723,0902,0,0
2723,0903,0,0
2723,0904,0,0
2723,0905,0,0
2723,0906,0,0
2723,0907,0,0
2723,0908,0,0
2723,0909,0,0
2723,0910,0,0
2723,0911,0,0
2723,0912,0,0
2723,0913,0,0
2723,0914,0,0
2724,0901,0,0
2724,0902,0,0
2724,0903,0,0
2724,0904,0,0
2724,0905,0,0
2724,0906,0,0
2724,0907,0,0
2724,0908,0,0
2724,0909,0,0
2724,0910,0,0
2724,0911,0,0
2724,0912,0,0
2724,0913,0,0
2724,0914,0,0
2725,0901,0,0
2725,0902,0,0
2725,0903,0,0
2725,0904,0,0
2725,0905,0,0
2725,0906,0,0
2725,0907,0,0
2725,0908,0,0
2725,0909,0,0
2725,0910,0,0
2725,0911,0,0
2725,0912,0,0
2725,0913,0,0
2725,0914,0,0
2726,0901,0,0
2726,0902,0,0
2726,0903,0,0
2726,0904,0,0
2726,0905,0,0
2726,0906,0,0
2726,0907,0,0
2726,0908,0,0
2726,0909,0,0
2726,0910,0,0
2726,0911,0,0
2726,0912,0,0
2726,0913,0,0
2726,0914,0,0
2727,0901,0,0
2727,0902,0,0
2727,0903,0,0
2727,0904,0,0
2727,0905,0,0
2727,0906,0,0
2727,0907,0,0
2727,0908,0,0
2727,0909,0,0
2727,0910,0,0
2727,0911,0,0
2727,0912,0,0
2727,0913,0,0
2727,0914,0,0
2728,0901,0,0
2728,0902,0,0
2728,0903,0,0
2728,0904,0,0
2728,0905,0,0
2728,0906,0,0
2728,0907,0,0
2728,0908,0,0
2728,0909,0,0
2728,0910,0,0
2728,0911,0,0
2728,0912,0,0
2728,0913,0,0
2728,0914,0,0
2729,0901,0,0
2729,0902,0,0
2729,0903,0,0
2729,0904,0,0
2729,0905,0,0
2729,0906,0,0
2729,0907,0,0
2729,0908,0,0
2729,0909,0,0
2729,0910,0,0
2729,0911,0,0
2729,0912,0,0
2729,0913,0,0
2729,0914,0,0
2730,0901,0,0
2730,0902,0,0
2730,0903,0,0
2730,0904,0,0
2730,0905,0,0
2730,0906,0,0
2730,0907,0,0
2730,0908,0,0
2730,0909,0,0
2730,0910,0,0
2730,0911,0,0
2730,0912,0,0
2730,0913,0,0
2730,0914,0,0
2731,0901,0,0
2731,0902,0,0
2731,0903,0,0
2731,0904,0,0
2731,0905,0,0
2731,0906,0,0
2731,0907,0,0
2731,0908,0,0
2731,0909,0,0
2731,0910,0,0
2731,0911,0,0
2731,0912,0,0
2731,0913,0,0
2731,0914,0,0
2732,0901,0,0
2732,0902,0,0
2732,0903,0,0
2732,0904,0,0
2732,0905,0,0
2732,0906,0,0
2732,0907,0,0
2732,0908,1,0
2732,0909,0,0
2732,0910,0,0
2732,0911,0,0
2732,0912,0,0
2732,0913,0,0
2732,0914,0,0
2733,0901,0,0
2733,0902,0,0
2733,0903,0,0
2733,0904,0,0
2733,0905,0,0
2733,0906,0,0
2733,0907,0,0
2733,0908,0,0
2733,0909,0,0
2733,0910,0,0
2733,0911,0,0
2733,0912,0,0
2733,0913,0,0
2733,0914,0,0
2734,0901,0,0
2734,0902,0,0
2734,0903,0,0
2734,0904,0,0
2734,0905,0,0
2734,0906,0,0
2734,0907,0,0
2734,0908,0,0
2734,0909,0,0
2734,0910,0,0
2734,0911,0,0
2734,0912,0,0
2734,0913,0,0
2734,0914,0,0
2735,0901,0,0
2735,0902,0,0
2735,0903,0,0
2735,0904,0,0
2735,0905,0,0
2735,0906,0,0
2735,0907,0,0
2735,0908,0,0
2735,0909,0,0
2735,0910,0,0
2735,0911,0,0
2735,0912,0,0
2735,0913,0,0
2735,0914,0,0
2736,0901,0,0
2736,0902,0,0
2736,0903,0,0
2736,0904,0,0
2736,0905,0,0
2736,0906,0,0
2736,0907,0,0
2736,0908,0,0
2736,0909,0,0
2736,0910,0,0
2736,0911,0,0
2736,0912,0,0
2736,0913,0,0
2736,0914,0,0
2737,0901,0,0
2737,0902,0,0
2737,0903,0,0
2737,0904,0,0
2737,0905,0,0
2737,0906,0,0
2737,0907,0,0
2737,0908,0,0
2737,0909,0,0
2737,0910,0,0
2737,0911,0,0
2737,0912,0,0
2737,0913,0,0
2737,0914,0,0
2738,0901,0,0
2738,0902,0,0
2738,0903,0,0
2738,0904,0,0
2738,0905,0,0
2738,0906,0,0
2738,0907,0,0
2738,0908,0,0
2738,0909,0,0
2738,0910,0,0
2738,0911,0,0
2738,0912,0,0
2738,0913,0,0
2738,0914,0,0
2739,0901,0,0
2739,0902,0,0
2739,0903,0,0
2739,0904,0,0
2739,0905,0,0
2739,0906,0,0
2739,0907,0,0
2739,0908,0,0
2739,0909,0,0
2739,0910,0,0
2739,0911,0,0
2739,0912,0,0
2739,0913,0,0
2739,0914,0,0
2740,0901,0,0
2740,0902,0,0
2740,0903,0,0
2740,0904,0,0
2740,0905,0,0
2740,0906,0,0
2740,0907,0,0
2740,0908,0,0
2740,0909,0,0
2740,0910,0,0
2740,0911,0,0
2740,0912,0,0
2740,0913,0,0
2740,0914,0,0
2741,0901,0,0
2741,0902,0,0
2741,0903,0,0
2741,0904,0,0
2741,0905,0,0
2741,0906,0,0
2741,0907,0,0
2741,0908,0,0
2741,0909,0,0
2741,0910,0,0
2741,0911,0,0
2741,0912,0,0
2741,0913,0,0
2741,0914,0,0
2742,0901,0,0
2742,0902,0,0
2742,0903,0,0
2742,0904,0,0
2742,0905,0,0
2742,0906,0,0
2742,0907,0,0
2742,0908,0,0
2742,0909,0,0
2742,0910,0,0
2742,0911,0,0
2742,0912,0,0
2742,0913,0,0
2742,0914,0,0
2743,0901,0,0
2743,0902,0,0
2743,0903,0,0
2743,0904,0,0
2743,0905,0,0
2743,0906,0,0
2743,0907,0,0
2743,0908,0,0
2743,0909,0,0
2743,0910,0,0
2743,0911,0,0
2743,0912,0,0
2743,0913,0,0
2743,0914,0,0
2744,0901,0,0
2744,0902,0,0
2744,0903,0,0
2744,0904,0,0
2744,0905,0,0
2744,0906,0,0
2744,0907,0,0
2744,0908,0,0
2744,0909,0,0
2744,0910,0,0
2744,0911,0,0
2744,0912,0,0
2744,0913,0,0
2744,0914,0,0
2745,0901,0,0
2745,0902,0,0
2745,0903,0,0
2745,0904,0,0
2745,0905,0,0
2745,0906,0,0
2745,0907,0,0
2745,0908,0,0
2745,0909,0,0
2745,0910,1,0
2745,0911,0,0
2745,0912,0,0
2745,0913,0,0
2745,0914,0,0
2746,0901,0,0
2746,0902,0,0
2746,0903,0,0
2746,0904,0,0
2746,0905,0,0
2746,0906,0,0
2746,0907,0,0
2746,0908,0,0
2746,0909,0,0
2746,0910,0,0
2746,0911,0,0
2746,0912,0,0
2746,0913,0,0
2746,0914,0,0
2747,0901,0,0
2747,0902,0,0
2747,0903,0,0
2747,0904,0,0
2747,0905,0,0
2747,0906,0,0
2747,0907,0,0
2747,0908,0,0
2747,0909,0,0
2747,0910,0,0
2747,0911,0,0
2747,0912,0,0
2747,0913,0,0
2747,0914,0,0
2748,0901,0,0
2748,0902,0,0
2748,0903,0,0
2748,0904,0,0
2748,0905,0,0
2748,0906,0,0
2748,0907,0,0
2748,0908,0,0
2748,0909,1,0
2748,0910,1,0
2748,0911,0,0
2748,0912,0,0
2748,0913,0,0
2748,0914,0,0
2749,0901,0,0
2749,0902,0,0
2749,0903,0,0
2749,0904,0,0
2749,0905,0,0
2749,0906,0,0
2749,0907,0,0
2749,0908,0,0
2749,0909,0,0
2749,0910,0,0
2749,0911,0,0
2749,0912,0,0
2749,0913,0,0
2749,0914,0,0
2750,0901,0,0
2750,0902,0,0
2750,0903,0,0
2750,0904,0,0
2750,0905,0,0
2750,0906,0,0
2750,0907,0,0
2750,0908,0,0
2750,0909,0,0
2750,0910,0,0
2750,0911,0,0
2750,0912,0,0
2750,0913,0,0
2750,0914,0,0
2751,0901,0,0
2751,0902,0,0
2751,0903,0,0
2751,0904,0,0
2751,0905,0,0
2751,0906,0,0
2751,0907,0,0
2751,0908,0,0
2751,0909,0,0
2751,0910,0,0
2751,0911,0,0
2751,0912,0,0
2751,0913,0,0
2751,0914,0,0
2752,0901,0,0
2752,0902,0,0
2752,0903,0,0
2752,0904,0,0
2752,0905,0,0
2752,0906,0,0
2752,0907,0,0
2752,0908,0,0
2752,0909,0,0
2752,0910,0,0
2752,0911,0,0
2752,0912,0,0
2752,0913,0,0
2752,0914,0,0
2753,0901,0,0
2753,0902,0,0
2753,0903,0,0
2753,0904,0,0
2753,0905,0,0
2753,0906,0,0
2753,0907,0,0
2753,0908,0,0
2753,0909,0,0
2753,0910,0,0
2753,0911,0,0
2753,0912,0,0
2753,0913,0,0
2753,0914,0,0
2754,0901,0,0
2754,0902,0,0
2754,0903,0,0
2754,0904,0,0
2754,0905,0,0
2754,0906,0,0
2754,0907,0,0
2754,0908,0,0
2754,0909,0,0
2754,0910,0,0
2754,0911,0,0
2754,0912,0,0
2754,0913,0,0
2754,0914,0,0
2755,0901,0,0
2755,0902,0,0
2755,0903,0,0
2755,0904,0,0
2755,0905,0,0
2755,0906,0,0
2755,0907,0,0
2755,0908,0,0
2755,0909,0,0
2755,0910,0,0
2755,0911,0,0
2755,0912,0,0
2755,0913,0,0
2755,0914,0,0
2756,0901,0,0
2756,0902,0,0
2756,0903,0,0
2756,0904,0,0
2756,0905,0,0
2756,0906,0,0
2756,0907,0,0
2756,0908,0,0
2756,0909,0,0
2756,0910,0,0
2756,0911,0,0
2756,0912,0,0
2756,0913,0,0
2756,0914,0,0
2757,0901,0,0
2757,0902,0,0
2757,0903,0,0
2757,0904,0,0
2757,0905,0,0
2757,0906,0,0
2757,0907,0,0
2757,0908,0,0
2757,0909,0,0
2757,0910,0,0
2757,0911,0,0
2757,0912,0,0
2757,0913,0,0
2757,0914,0,0
2758,0901,0,0
2758,0902,0,0
2758,0903,0,0
2758,0904,0,0
2758,0905,0,0
2758,0906,0,0
2758,0907,0,0
2758,0908,0,0
2758,0909,0,0
2758,0910,0,0
2758,0911,0,0
2758,0912,0,0
2758,0913,0,0
2758,0914,0,0
2759,0901,0,0
2759,0902,0,0
2759,0903,0,0
2759,0904,0,0
2759,0905,0,0
2759,0906,0,0
2759,0907,0,0
2759,0908,0,0
2759,0909,0,0
2759,0910,0,0
2759,0911,0,0
2759,0912,0,0
2759,0913,0,0
2759,0914,0,0
2760,0901,0,0
2760,0902,0,0
2760,0903,0,0
2760,0904,0,0
2760,0905,0,0
2760,0906,0,0
2760,0907,0,0
2760,0908,0,0
2760,0909,0,0
2760,0910,0,0
2760,0911,0,0
2760,0912,0,0
2760,0913,0,0
2760,0914,0,0
2761,0901,0,0
2761,0902,0,0
2761,0903,0,0
2761,0904,0,0
2761,0905,0,0
2761,0906,0,0
2761,0907,0,0
2761,0908,0,0
2761,0909,0,0
2761,0910,0,0
2761,0911,0,0
2761,0912,0,0
2761,0913,0,0
2761,0914,0,0
2762,0901,0,0
2762,0902,0,0
2762,0903,0,0
2762,0904,0,0
2762,0905,0,0
2762,0906,0,0
2762,0907,0,0
2762,0908,0,0
2762,0909,0,0
2762,0910,0,0
2762,0911,0,0
2762,0912,0,0
2762,0913,0,0
2762,0914,0,0
2763,0901,0,0
2763,0902,0,0
2763,0903,0,0
2763,0904,0,0
2763,0905,0,0
2763,0906,0,0
2763,0907,0,0
2763,0908,0,0
2763,0909,0,0
2763,0910,0,0
2763,0911,0,0
2763,0912,0,0
2763,0913,0,0
2763,0914,0,0
2764,0901,0,0
2764,0902,0,0
2764,0903,0,0
2764,0904,0,0
2764,0905,0,0
2764,0906,0,0
2764,0907,0,0
2764,0908,0,0
2764,0909,0,0
2764,0910,0,0
2764,0911,0,0
2764,0912,0,0
2764,0913,0,0
2764,0914,0,0
2765,0901,0,0
2765,0902,0,0
2765,0903,0,0
2765,0904,0,0
2765,0905,0,0
2765,0906,0,0
2765,0907,0,0
2765,0908,0,0
2765,0909,0,0
2765,0910,0,0
2765,0911,0,0
2765,0912,0,0
2765,0913,0,0
2765,0914,0,0
2766,0901,0,0
2766,0902,0,0
2766,0903,0,0
2766,0904,0,0
2766,0905,0,0
2766,0906,0,0
2766,0907,0,0
2766,0908,0,0
2766,0909,0,0
2766,0910,0,0
2766,0911,0,0
2766,0912,0,0
2766,0913,0,0
2766,0914,0,0
2767,0901,0,0
2767,0902,0,0
2767,0903,0,0
2767,0904,0,0
2767,0905,0,0
2767,0906,0,0
2767,0907,0,0
2767,0908,0,0
2767,0909,0,0
2767,0910,0,0
2767,0911,0,0
2767,0912,0,0
2767,0913,0,0
2767,0914,0,0
2768,0901,0,0
2768,0902,0,0
2768,0903,0,0
2768,0904,0,0
2768,0905,0,0
2768,0906,0,0
2768,0907,0,0
2768,0908,0,0
2768,0909,0,0
2768,0910,0,0
2768,0911,0,0
2768,0912,0,0
2768,0913,0,0
2768,0914,0,0
2769,0901,0,0
2769,0902,0,0
2769,0903,0,0
2769,0904,0,0
2769,0905,0,0
2769,0906,0,0
2769,0907,0,0
2769,0908,0,0
2769,0909,0,0
2769,0910,0,0
2769,0911,0,0
2769,0912,0,0
2769,0913,0,0
2769,0914,0,0
2770,0901,0,0
2770,0902,0,0
2770,0903,0,0
2770,0904,0,0
2770,0905,0,0
2770,0906,0,0
2770,0907,0,0
2770,0908,0,0
2770,0909,0,0
2770,0910,0,0
2770,0911,0,0
2770,0912,0,0
2770,0913,0,0
2770,0914,0,0
2771,0901,0,0
2771,0902,0,0
2771,0903,0,0
2771,0904,0,0
2771,0905,0,0
2771,0906,0,0
2771,0907,0,0
2771,0908,0,0
2771,0909,0,0
2771,0910,0,0
2771,0911,0,0
2771,0912,0,0
2771,0913,0,0
2771,0914,0,0
2772,0901,0,0
2772,0902,0,0
2772,0903,0,0
2772,0904,0,0
2772,0905,0,0
2772,0906,0,0
2772,0907,0,0
2772,0908,0,0
2772,0909,0,0
2772,0910,0,0
2772,0911,0,0
2772,0912,0,0
2772,0913,0,0
2772,0914,0,0
2773,0901,0,0
2773,0902,0,0
2773,0903,0,0
2773,0904,0,0
2773,0905,0,0
2773,0906,0,0
2773,0907,0,0
2773,0908,0,0
2773,0909,0,0
2773,0910,0,0
2773,0911,0,0
2773,0912,0,0
2773,0913,0,0
2773,0914,0,0
2774,0901,0,0
2774,0902,0,0
2774,0903,0,0
2774,0904,0,0
2774,0905,0,0
2774,0906,0,0
2774,0907,0,0
2774,0908,0,0
2774,0909,0,0
2774,0910,0,0
2774,0911,0,0
2774,0912,0,0
2774,0913,0,0
2774,0914,0,0
2775,0901,0,0
2775,0902,0,0
2775,0903,0,0
2775,0904,0,0
2775,0905,0,0
2775,0906,0,0
2775,0907,0,0
2775,0908,0,0
2775,0909,0,0
2775,0910,0,0
2775,0911,0,0
2775,0912,0,0
2775,0913,0,0
2775,0914,1,0
2776,0901,0,0
2776,0902,0,0
2776,0903,0,0
2776,0904,0,0
2776,0905,0,0
2776,0906,0,0
2776,0907,0,0
2776,0908,0,0
2776,0909,0,0
2776,0910,1,0
2776,0911,0,0
2776,0912,0,0
2776,0913,0,0
2776,0914,0,0
2777,0901,0,0
2777,0902,0,0
2777,0903,0,0
2777,0904,0,0
2777,0905,0,0
2777,0906,0,0
2777,0907,0,0
2777,0908,0,0
2777,0909,0,0
2777,0910,0,0
2777,0911,0,0
2777,0912,0,0
2777,0913,1,0
2777,0914,0,0
2778,0901,0,0
2778,0902,0,0
2778,0903,0,0
2778,0904,0,0
2778,0905,0,0
2778,0906,0,0
2778,0907,0,0
2778,0908,0,0
2778,0909,0,0
2778,0910,0,0
2778,0911,0,0
2778,0912,0,0
2778,0913,0,0
2778,0914,0,0
2779,0901,0,0
2779,0902,0,0
2779,0903,0,0
2779,0904,0,0
2779,0905,0,0
2779,0906,0,0
2779,0907,0,0
2779,0908,0,0
2779,0909,0,0
2779,0910,0,0
2779,0911,0,0
2779,0912,0,0
2779,0913,0,0
2779,0914,0,0
2780,0901,0,0
2780,0902,0,0
2780,0903,0,0
2780,0904,0,0
2780,0905,0,0
2780,0906,0,0
2780,0907,0,0
2780,0908,0,0
2780,0909,0,0
2780,0910,0,0
2780,0911,0,0
2780,0912,0,0
2780,0913,0,0
2780,0914,0,0
2781,0901,0,0
2781,0902,0,0
2781,0903,0,0
2781,0904,0,0
2781,0905,0,0
2781,0906,0,0
2781,0907,0,0
2781,0908,0,0
2781,0909,0,0
2781,0910,0,0
2781,0911,0,0
2781,0912,0,0
2781,0913,0,0
2781,0914,0,0
2782,0901,0,0
2782,0902,0,0
2782,0903,0,0
2782,0904,0,0
2782,0905,0,0
2782,0906,0,0
2782,0907,0,0
2782,0908,0,0
2782,0909,0,0
2782,0910,0,0
2782,0911,0,0
2782,0912,0,0
2782,0913,0,0
2782,0914,0,0
2783,0901,0,0
2783,0902,0,0
2783,0903,0,0
2783,0904,0,0
2783,0905,0,0
2783,0906,0,0
2783,0907,0,0
2783,0908,0,0
2783,0909,0,0
2783,0910,0,0
2783,0911,0,0
2783,0912,0,0
2783,0913,0,0
2783,0914,0,0
2784,0901,0,0
2784,0902,0,0
2784,0903,0,0
2784,0904,0,0
2784,0905,0,0
2784,0906,0,0
2784,0907,0,0
2784,0908,0,0
2784,0909,0,0
2784,0910,0,0
2784,0911,0,0
2784,0912,0,0
2784,0913,0,0
2784,0914,0,0
2785,0901,0,0
2785,0902,0,0
2785,0903,0,0
2785,0904,0,0
2785,0905,0,0
2785,0906,0,0
2785,0907,0,0
2785,0908,0,0
2785,0909,0,0
2785,0910,0,0
2785,0911,0,0
2785,0912,0,0
2785,0913,0,0
2785,0914,0,0
2786,0901,0,0
2786,0902,0,0
2786,0903,0,0
2786,0904,0,0
2786,0905,0,0
2786,0906,0,0
2786,0907,0,0
2786,0908,0,0
2786,0909,0,0
2786,0910,0,0
2786,0911,0,0
2786,0912,0,0
2786,0913,0,0
2786,0914,0,0
2787,0901,0,0
2787,0902,0,0
2787,0903,0,0
2787,0904,0,0
2787,0905,0,0
2787,0906,0,0
2787,0907,0,0
2787,0908,0,0
2787,0909,0,0
2787,0910,0,0
2787,0911,0,0
2787,0912,0,0
2787,0913,0,0
2787,0914,0,0
2788,0901,0,0
2788,0902,0,0
2788,0903,0,0
2788,0904,0,0
2788,0905,0,0
2788,0906,0,0
2788,0907,0,0
2788,0908,0,0
2788,0909,0,0
2788,0910,0,0
2788,0911,0,0
2788,0912,0,0
2788,0913,0,0
2788,0914,0,0
2789,0901,0,0
2789,0902,0,0
2789,0903,0,0
2789,0904,0,0
2789,0905,0,0
2789,0906,0,0
2789,0907,0,0
2789,0908,0,0
2789,0909,0,0
2789,0910,0,0
2789,0911,0,0
2789,0912,0,0
2789,0913,0,0
2789,0914,0,0
2790,0901,0,0
2790,0902,0,0
2790,0903,0,0
2790,0904,0,0
2790,0905,0,0
2790,0906,0,0
2790,0907,0,0
2790,0908,0,0
2790,0909,0,0
2790,0910,0,0
2790,0911,0,0
2790,0912,0,0
2790,0913,0,0
2790,0914,0,0
2791,0901,0,0
2791,0902,0,0
2791,0903,0,0
2791,0904,0,0
2791,0905,0,0
2791,0906,0,0
2791,0907,0,0
2791,0908,0,0
2791,0909,0,0
2791,0910,0,0
2791,0911,0,0
2791,0912,0,0
2791,0913,0,0
2791,0914,0,0
2792,0901,0,0
2792,0902,0,0
2792,0903,0,0
2792,0904,0,0
2792,0905,0,0
2792,0906,0,0
2792,0907,0,0
2792,0908,0,0
2792,0909,0,0
2792,0910,0,0
2792,0911,0,0
2792,0912,0,0
2792,0913,0,0
2792,0914,0,0
2793,0901,0,0
2793,0902,0,0
2793,0903,0,0
2793,0904,0,0
2793,0905,0,0
2793,0906,0,0
2793,0907,0,0
2793,0908,0,0
2793,0909,0,0
2793,0910,0,0
2793,0911,0,0
2793,0912,1,0
2793,0913,0,0
2793,0914,0,0
2794,0901,0,0
2794,0902,0,0
2794,0903,0,0
2794,0904,0,0
2794,0905,0,0
2794,0906,0,0
2794,0907,0,0
2794,0908,0,0
2794,0909,0,0
2794,0910,0,0
2794,0911,0,0
2794,0912,0,0
2794,0913,0,0
2794,0914,0,0
2795,0901,0,0
2795,0902,0,0
2795,0903,0,0
2795,0904,0,0
2795,0905,0,0
2795,0906,0,0
2795,0907,0,0
2795,0908,0,0
2795,0909,0,0
2795,0910,0,0
2795,0911,0,0
2795,0912,0,0
2795,0913,0,0
2795,0914,0,0
2796,0901,0,0
2796,0902,0,0
2796,0903,0,0
2796,0904,0,0
2796,0905,0,0
2796,0906,0,0
2796,0907,0,0
2796,0908,0,0
2796,0909,0,0
2796,0910,0,0
2796,0911,0,0
2796,0912,0,0
2796,0913,0,0
2796,0914,0,0
2797,0901,0,0
2797,0902,0,0
2797,0903,0,0
2797,0904,0,0
2797,0905,0,0
2797,0906,0,0
2797,0907,0,0
2797,0908,0,0
2797,0909,0,0
2797,0910,0,0
2797,0911,0,0
2797,0912,0,0
2797,0913,0,0
2797,0914,0,0
2798,0901,0,0
2798,0902,0,0
2798,0903,0,0
2798,0904,0,0
2798,0905,0,0
2798,0906,0,0
2798,0907,0,0
2798,0908,0,0
2798,0909,0,0
2798,0910,0,0
2798,0911,0,0
2798,0912,0,0
2798,0913,0,0
2798,0914,0,0
2799,0901,0,0
2799,0902,0,0
2799,0903,0,0
2799,0904,0,0
2799,0905,0,0
2799,0906,0,0
2799,0907,0,0
2799,0908,0,0
2799,0909,0,0
2799,0910,0,0
2799,0911,0,0
2799,0912,0,0
2799,0913,0,0
2799,0914,0,0
2800,0901,0,0
2800,0902,0,0
2800,0903,0,0
2800,0904,0,0
2800,0905,0,0
2800,0906,0,0
2800,0907,0,0
2800,0908,0,0
2800,0909,0,0
2800,0910,0,0
2800,0911,0,0
2800,0912,0,0
2800,0913,0,0
2800,0914,0,0
2801,0901,0,0
2801,0902,0,0
2801,0903,0,0
2801,0904,0,0
2801,0905,0,0
2801,0906,0,0
2801,0907,0,0
2801,0908,0,0
2801,0909,0,0
2801,0910,0,0
2801,0911,0,0
2801,0912,0,0
2801,0913,0,0
2801,0914,0,0
2802,0901,0,0
2802,0902,0,0
2802,0903,0,0
2802,0904,0,0
2802,0905,0,0
2802,0906,0,0
2802,0907,0,0
2802,0908,0,0
2802,0909,0,0
2802,0910,0,0
2802,0911,0,0
2802,0912,0,0
2802,0913,0,0
2802,0914,0,0
2803,0901,0,0
2803,0902,0,0
2803,0903,0,0
2803,0904,0,0
2803,0905,0,0
2803,0906,0,0
2803,0907,0,0
2803,0908,0,0
2803,0909,0,0
2803,0910,0,0
2803,0911,0,0
2803,0912,0,0
2803,0913,0,0
2803,0914,0,0
2804,0901,0,0
2804,0902,0,0
2804,0903,0,0
2804,0904,0,0
2804,0905,0,0
2804,0906,0,0
2804,0907,0,0
2804,0908,0,0
2804,0909,0,0
2804,0910,0,0
2804,0911,0,0
2804,0912,0,0
2804,0913,0,0
2804,0914,0,0
2805,0901,0,0
2805,0902,0,0
2805,0903,0,0
2805,0904,0,0
2805,0905,0,0
2805,0906,0,0
2805,0907,0,0
2805,0908,0,0
2805,0909,0,0
2805,0910,0,0
2805,0911,0,0
2805,0912,0,0
2805,0913,0,0
2805,0914,0,0
2806,0901,0,0
2806,0902,0,0
2806,0903,0,0
2806,0904,0,0
2806,0905,0,0
2806,0906,0,0
2806,0907,0,0
2806,0908,0,0
2806,0909,0,0
2806,0910,0,0
2806,0911,0,0
2806,0912,0,0
2806,0913,0,0
2806,0914,0,0
2807,0901,0,0
2807,0902,0,0
2807,0903,0,0
2807,0904,0,0
2807,0905,0,0
2807,0906,0,0
2807,0907,0,0
2807,0908,0,0
2807,0909,0,0
2807,0910,0,0
2807,0911,0,0
2807,0912,0,0
2807,0913,0,0
2807,0914,0,0
2808,0901,0,0
2808,0902,0,0
2808,0903,0,0
2808,0904,0,0
2808,0905,0,0
2808,0906,0,0
2808,0907,0,0
2808,0908,0,0
2808,0909,0,0
2808,0910,0,0
2808,0911,0,0
2808,0912,0,0
2808,0913,0,0
2808,0914,0,0
2809,0901,0,0
2809,0902,0,0
2809,0903,0,0
2809,0904,0,0
2809,0905,0,0
2809,0906,0,0
2809,0907,0,0
2809,0908,0,0
2809,0909,0,0
2809,0910,0,0
2809,0911,0,0
2809,0912,0,0
2809,0913,0,0
2809,0914,0,0
2810,0901,0,0
2810,0902,0,0
2810,0903,0,0
2810,0904,0,0
2810,0905,0,0
2810,0906,0,0
2810,0907,0,0
2810,0908,0,0
2810,0909,0,0
2810,0910,0,0
2810,0911,0,0
2810,0912,0,0
2810,0913,0,0
2810,0914,0,0
2811,0901,0,0
2811,0902,0,0
2811,0903,0,0
2811,0904,0,0
2811,0905,0,0
2811,0906,0,0
2811,0907,0,0
2811,0908,0,0
2811,0909,0,0
2811,0910,0,0
2811,0911,0,0
2811,0912,0,0
2811,0913,0,0
2811,0914,0,0
2812,0901,0,0
2812,0902,0,0
2812,0903,0,0
2812,0904,0,0
2812,0905,0,0
2812,0906,0,0
2812,0907,0,0
2812,0908,0,0
2812,0909,0,0
2812,0910,0,0
2812,0911,0,0
2812,0912,0,0
2812,0913,0,0
2812,0914,0,0
2813,0901,0,0
2813,0902,0,0
2813,0903,0,0
2813,0904,0,0
2813,0905,0,0
2813,0906,0,0
2813,0907,0,0
2813,0908,0,0
2813,0909,0,0
2813,0910,0,0
2813,0911,0,0
2813,0912,0,0
2813,0913,0,0
2813,0914,0,0
2814,0901,0,0
2814,0902,0,0
2814,0903,0,0
2814,0904,0,0
2814,0905,0,0
2814,0906,0,0
2814,0907,0,0
2814,0908,0,0
2814,0909,0,0
2814,0910,0,0
2814,0911,0,0
2814,0912,0,0
2814,0913,0,0
2814,0914,0,0
2815,0901,0,0
2815,0902,0,0
2815,0903,0,0
2815,0904,0,0
2815,0905,0,0
2815,0906,0,0
2815,0907,0,0
2815,0908,0,0
2815,0909,0,0
2815,0910,0,0
2815,0911,0,0
2815,0912,0,0
2815,0913,0,0
2815,0914,0,0
2816,0901,0,0
2816,0902,0,0
2816,0903,0,0
2816,0904,0,0
2816,0905,0,0
2816,0906,0,0
2816,0907,0,0
2816,0908,0,0
2816,0909,0,0
2816,0910,0,0
2816,0911,0,0
2816,0912,0,0
2816,0913,0,0
2816,0914,0,0
2817,0901,0,0
2817,0902,0,0
2817,0903,0,0
2817,0904,0,0
2817,0905,0,0
2817,0906,0,0
2817,0907,0,0
2817,0908,0,0
2817,0909,0,0
2817,0910,0,0
2817,0911,0,0
2817,0912,0,0
2817,0913,0,0
2817,0914,0,0
2818,0901,0,0
2818,0902,0,0
2818,0903,0,0
2818,0904,0,0
2818,0905,0,0
2818,0906,0,0
2818,0907,0,0
2818,0908,0,0
2818,0909,0,0
2818,0910,0,0
2818,0911,0,0
2818,0912,0,0
2818,0913,0,0
2818,0914,0,0
2819,0901,0,0
2819,0902,0,0
2819,0903,0,0
2819,0904,0,0
2819,0905,0,0
2819,0906,0,0
2819,0907,0,0
2819,0908,0,0
2819,0909,0,0
2819,0910,0,0
2819,0911,0,0
2819,0912,0,0
2819,0913,0,0
2819,0914,0,0
2820,0901,0,0
2820,0902,0,0
2820,0903,0,0
2820,0904,0,0
2820,0905,0,0
2820,0906,0,0
2820,0907,0,0
2820,0908,0,0
2820,0909,0,0
2820,0910,0,0
2820,0911,0,0
2820,0912,0,0
2820,0913,0,0
2820,0914,0,0
2821,0901,0,0
2821,0902,0,0
2821,0903,0,0
2821,0904,0,0
2821,0905,0,0
2821,0906,0,0
2821,0907,0,0
2821,0908,0,0
2821,0909,0,0
2821,0910,0,0
2821,0911,0,0
2821,0912,0,0
2821,0913,0,0
2821,0914,0,0
2822,0901,0,0
2822,0902,0,0
2822,0903,0,0
2822,0904,0,0
2822,0905,0,0
2822,0906,0,0
2822,0907,0,0
2822,0908,0,0
2822,0909,0,0
2822,0910,0,0
2822,0911,0,0
2822,0912,0,0
2822,0913,0,0
2822,0914,0,0
2823,0901,0,0
2823,0902,0,0
2823,0903,0,0
2823,0904,0,0
2823,0905,0,0
2823,0906,0,0
2823,0907,0,0
2823,0908,0,0
2823,0909,0,0
2823,0910,0,0
2823,0911,0,0
2823,0912,0,0
2823,0913,0,0
2823,0914,0,0
2824,0901,0,0
2824,0902,0,0
2824,0903,0,0
2824,0904,0,0
2824,0905,0,0
2824,0906,0,0
2824,0907,0,0
2824,0908,0,0
2824,0909,0,0
2824,0910,0,0
2824,0911,0,0
2824,0912,0,0
2824,0913,0,0
2824,0914,0,0
2825,0901,0,0
2825,0902,0,0
2825,0903,0,0
2825,0904,0,0
2825,0905,0,0
2825,0906,0,0
2825,0907,0,0
2825,0908,0,0
2825,0909,0,0
2825,0910,0,0
2825,0911,0,0
2825,0912,0,0
2825,0913,0,0
2825,0914,0,0
2826,0901,0,0
2826,0902,0,0
2826,0903,0,0
2826,0904,0,0
2826,0905,0,0
2826,0906,0,0
2826,0907,0,0
2826,0908,0,0
2826,0909,0,0
2826,0910,0,0
2826,0911,0,0
2826,0912,0,0
2826,0913,0,0
2826,0914,0,0
2827,0901,0,0
2827,0902,0,0
2827,0903,0,0
2827,0904,0,0
2827,0905,0,0
2827,0906,0,0
2827,0907,0,0
2827,0908,0,0
2827,0909,0,0
2827,0910,0,0
2827,0911,0,0
2827,0912,0,0
2827,0913,0,0
2827,0914,0,0
2828,0901,0,0
2828,0902,0,0
2828,0903,0,0
2828,0904,0,0
2828,0905,0,0
2828,0906,0,0
2828,0907,0,0
2828,0908,0,0
2828,0909,0,0
2828,0910,0,0
2828,0911,0,0
2828,0912,0,0
2828,0913,0,0
2828,0914,0,0
2829,0901,0,0
2829,0902,0,0
2829,0903,0,0
2829,0904,0,0
2829,0905,0,0
2829,0906,0,0
2829,0907,0,0
2829,0908,0,0
2829,0909,0,0
2829,0910,0,0
2829,0911,0,0
2829,0912,0,0
2829,0913,0,0
2829,0914,0,0
2830,0901,0,0
2830,0902,0,0
2830,0903,0,0
2830,0904,0,0
2830,0905,0,0
2830,0906,0,0
2830,0907,0,0
2830,0908,0,0
2830,0909,0,0
2830,0910,0,0
2830,0911,0,0
2830,0912,0,0
2830,0913,0,0
2830,0914,0,0
2831,0901,0,0
2831,0902,0,0
2831,0903,0,0
2831,0904,0,0
2831,0905,0,0
2831,0906,0,0
2831,0907,0,0
2831,0908,0,0
2831,0909,0,0
2831,0910,0,0
2831,0911,0,0
2831,0912,0,0
2831,0913,0,0
2831,0914,0,0
2832,0901,0,0
2832,0902,0,0
2832,0903,0,0
2832,0904,0,0
2832,0905,0,0
2832,0906,0,0
2832,0907,0,0
2832,0908,0,0
2832,0909,0,0
2832,0910,0,0
2832,0911,0,0
2832,0912,0,0
2832,0913,0,0
2832,0914,0,0
2833,0901,0,0
2833,0902,0,0
2833,0903,0,0
2833,0904,0,0
2833,0905,0,0
2833,0906,0,0
2833,0907,0,0
2833,0908,0,0
2833,0909,0,0
2833,0910,0,0
2833,0911,0,0
2833,0912,0,0
2833,0913,0,0
2833,0914,0,0
2834,0901,0,0
2834,0902,0,0
2834,0903,0,0
2834,0904,0,0
2834,0905,0,0
2834,0906,0,0
2834,0907,0,0
2834,0908,0,0
2834,0909,0,0
2834,0910,0,0
2834,0911,0,0
2834,0912,0,0
2834,0913,0,0
2834,0914,0,0
2835,0901,0,0
2835,0902,0,0
2835,0903,0,0
2835,0904,0,0
2835,0905,0,0
2835,0906,0,0
2835,0907,0,0
2835,0908,0,0
2835,0909,0,0
2835,0910,0,0
2835,0911,0,0
2835,0912,0,0
2835,0913,0,0
2835,0914,0,0
2836,0901,0,0
2836,0902,0,0
2836,0903,0,0
2836,0904,0,0
2836,0905,0,0
2836,0906,0,0
2836,0907,0,0
2836,0908,0,0
2836,0909,0,0
2836,0910,0,0
2836,0911,0,0
2836,0912,1,0
2836,0913,0,0
2836,0914,0,0
2837,0901,0,0
2837,0902,0,0
2837,0903,0,0
2837,0904,0,0
2837,0905,0,0
2837,0906,0,0
2837,0907,0,0
2837,0908,0,0
2837,0909,0,0
2837,0910,0,0
2837,0911,0,0
2837,0912,0,0
2837,0913,0,0
2837,0914,0,0
2838,0901,0,0
2838,0902,0,0
2838,0903,0,0
2838,0904,0,0
2838,0905,0,0
2838,0906,0,0
2838,0907,0,0
2838,0908,0,0
2838,0909,0,0
2838,0910,1,0
2838,0911,0,0
2838,0912,0,0
2838,0913,0,0
2838,0914,0,0
2839,0901,0,0
2839,0902,0,0
2839,0903,0,0
2839,0904,0,0
2839,0905,0,0
2839,0906,0,0
2839,0907,0,0
2839,0908,0,0
2839,0909,0,0
2839,0910,0,0
2839,0911,0,0
2839,0912,0,0
2839,0913,0,0
2839,0914,0,0
2840,0901,0,0
2840,0902,0,0
2840,0903,0,0
2840,0904,0,0
2840,0905,0,0
2840,0906,0,0
2840,0907,0,0
2840,0908,0,0
2840,0909,0,0
2840,0910,0,0
2840,0911,0,0
2840,0912,0,0
2840,0913,0,0
2840,0914,0,0
2841,0901,0,0
2841,0902,0,0
2841,0903,0,0
2841,0904,0,0
2841,0905,0,0
2841,0906,0,0
2841,0907,0,0
2841,0908,0,0
2841,0909,0,0
2841,0910,0,0
2841,0911,0,0
2841,0912,0,0
2841,0913,0,0
2841,0914,0,0
2842,0901,0,0
2842,0902,0,0
2842,0903,0,0
2842,0904,0,0
2842,0905,0,0
2842,0906,0,0
2842,0907,0,0
2842,0908,0,0
2842,0909,0,0
2842,0910,0,0
2842,0911,0,0
2842,0912,0,0
2842,0913,0,0
2842,0914,0,0
2843,0901,0,0
2843,0902,0,0
2843,0903,0,0
2843,0904,0,0
2843,0905,0,0
2843,0906,0,0
2843,0907,0,0
2843,0908,0,0
2843,0909,0,0
2843,0910,0,0
2843,0911,0,0
2843,0912,0,0
2843,0913,0,0
2843,0914,0,0
2844,0901,0,0
2844,0902,0,0
2844,0903,0,0
2844,0904,0,0
2844,0905,0,0
2844,0906,0,0
2844,0907,0,0
2844,0908,0,0
2844,0909,0,0
2844,0910,0,0
2844,0911,0,0
2844,0912,0,0
2844,0913,0,0
2844,0914,0,0
2845,0901,0,0
2845,0902,0,0
2845,0903,0,0
2845,0904,0,0
2845,0905,0,0
2845,0906,0,0
2845,0907,0,0
2845,0908,0,0
2845,0909,0,0
2845,0910,0,0
2845,0911,0,0
2845,0912,0,0
2845,0913,0,0
2845,0914,0,0
2846,0901,0,0
2846,0902,0,0
2846,0903,0,0
2846,0904,0,0
2846,0905,0,0
2846,0906,0,0
2846,0907,0,0
2846,0908,0,0
2846,0909,0,0
2846,0910,0,0
2846,0911,0,0
2846,0912,0,0
2846,0913,0,0
2846,0914,1,0
2847,0901,0,0
2847,0902,0,0
2847,0903,0,0
2847,0904,0,0
2847,0905,0,0
2847,0906,0,0
2847,0907,0,0
2847,0908,0,0
2847,0909,0,0
2847,0910,0,0
2847,0911,0,0
2847,0912,0,0
2847,0913,0,0
2847,0914,0,0
2848,0901,0,0
2848,0902,0,0
2848,0903,0,0
2848,0904,0,0
2848,0905,0,0
2848,0906,0,0
2848,0907,0,0
2848,0908,0,0
2848,0909,0,0
2848,0910,0,0
2848,0911,0,0
2848,0912,0,0
2848,0913,0,0
2848,0914,0,0
2849,0901,0,0
2849,0902,0,0
2849,0903,0,0
2849,0904,0,0
2849,0905,0,0
2849,0906,0,0
2849,0907,0,0
2849,0908,0,0
2849,0909,0,0
2849,0910,0,0
2849,0911,0,0
2849,0912,0,0
2849,0913,0,0
2849,0914,0,0
2850,0901,0,0
2850,0902,0,0
2850,0903,0,0
2850,0904,0,0
2850,0905,0,0
2850,0906,0,0
2850,0907,0,0
2850,0908,0,0
2850,0909,0,0
2850,0910,0,0
2850,0911,0,0
2850,0912,0,0
2850,0913,0,0
2850,0914,0,0
2851,0901,0,0
2851,0902,0,0
2851,0903,0,0
2851,0904,0,0
2851,0905,0,0
2851,0906,0,0
2851,0907,0,0
2851,0908,0,0
2851,0909,0,0
2851,0910,0,0
2851,0911,0,0
2851,0912,0,0
2851,0913,0,0
2851,0914,0,0
2852,0901,0,0
2852,0902,0,0
2852,0903,0,0
2852,0904,0,0
2852,0905,0,0
2852,0906,0,0
2852,0907,0,0
2852,0908,0,0
2852,0909,0,0
2852,0910,0,0
2852,0911,0,0
2852,0912,0,0
2852,0913,0,0
2852,0914,0,0
2853,0901,0,0
2853,0902,0,0
2853,0903,0,0
2853,0904,0,0
2853,0905,0,0
2853,0906,0,0
2853,0907,0,0
2853,0908,0,0
2853,0909,0,0
2853,0910,0,0
2853,0911,0,0
2853,0912,0,0
2853,0913,0,0
2853,0914,0,0
2854,0901,0,0
2854,0902,0,0
2854,0903,0,0
2854,0904,0,0
2854,0905,0,0
2854,0906,0,0
2854,0907,0,0
2854,0908,0,0
2854,0909,0,0
2854,0910,0,0
2854,0911,0,0
2854,0912,0,0
2854,0913,0,0
2854,0914,0,0
2855,0901,0,0
2855,0902,0,0
2855,0903,0,0
2855,0904,0,0
2855,0905,0,0
2855,0906,0,0
2855,0907,0,0
2855,0908,0,0
2855,0909,0,0
2855,0910,0,0
2855,0911,0,0
2855,0912,0,0
2855,0913,0,0
2855,0914,0,0
2856,0901,0,0
2856,0902,0,0
2856,0903,0,0
2856,0904,0,0
2856,0905,0,0
2856,0906,0,0
2856,0907,0,0
2856,0908,0,0
2856,0909,0,0
2856,0910,0,0
2856,0911,0,0
2856,0912,0,0
2856,0913,0,0
2856,0914,0,0
2857,0901,0,0
2857,0902,0,0
2857,0903,0,0
2857,0904,0,0
2857,0905,0,0
2857,0906,0,0
2857,0907,0,0
2857,0908,0,0
2857,0909,0,0
2857,0910,0,0
2857,0911,0,0
2857,0912,0,0
2857,0913,0,0
2857,0914,0,0
2858,0901,0,0
2858,0902,0,0
2858,0903,0,0
2858,0904,0,0
2858,0905,0,0
2858,0906,0,0
2858,0907,0,0
2858,0908,0,0
2858,0909,0,0
2858,0910,0,0
2858,0911,0,0
2858,0912,0,0
2858,0913,0,0
2858,0914,0,0
2859,0901,0,0
2859,0902,0,0
2859,0903,0,0
2859,0904,0,0
2859,0905,0,0
2859,0906,0,0
2859,0907,0,0
2859,0908,0,0
2859,0909,0,0
2859,0910,0,0
2859,0911,0,0
2859,0912,0,0
2859,0913,0,0
2859,0914,0,0
2860,0901,0,0
2860,0902,0,0
2860,0903,0,0
2860,0904,0,0
2860,0905,0,0
2860,0906,0,0
2860,0907,0,0
2860,0908,0,0
2860,0909,0,0
2860,0910,0,0
2860,0911,0,0
2860,0912,0,0
2860,0913,0,0
2860,0914,0,0
2861,0901,0,0
2861,0902,0,0
2861,0903,0,0
2861,0904,0,0
2861,0905,0,0
2861,0906,0,0
2861,0907,0,0
2861,0908,0,0
2861,0909,0,0
2861,0910,0,0
2861,0911,0,0
2861,0912,0,0
2861,0913,0,0
2861,0914,0,0
2862,0901,0,0
2862,0902,0,0
2862,0903,0,0
2862,0904,0,0
2862,0905,0,0
2862,0906,0,0
2862,0907,0,0
2862,0908,0,0
2862,0909,0,0
2862,0910,0,0
2862,0911,0,0
2862,0912,0,0
2862,0913,0,0
2862,0914,0,0
2863,0901,0,0
2863,0902,0,0
2863,0903,0,0
2863,0904,0,0
2863,0905,0,0
2863,0906,0,0
2863,0907,0,0
2863,0908,0,0
2863,0909,0,0
2863,0910,0,0
2863,0911,0,0
2863,0912,0,0
2863,0913,0,0
2863,0914,0,0
2864,0901,0,0
2864,0902,0,0
2864,0903,0,0
2864,0904,0,0
2864,0905,0,0
2864,0906,0,0
2864,0907,0,0
2864,0908,0,0
2864,0909,0,0
2864,0910,0,0
2864,0911,0,0
2864,0912,0,0
2864,0913,0,0
2864,0914,0,0
2865,0901,0,0
2865,0902,0,0
2865,0903,0,0
2865,0904,0,0
2865,0905,0,0
2865,0906,0,0
2865,0907,0,0
2865,0908,0,0
2865,0909,0,0
2865,0910,0,0
2865,0911,0,0
2865,0912,0,0
2865,0913,0,0
2865,0914,0,0
2866,0901,0,0
2866,0902,0,0
2866,0903,0,0
2866,0904,0,0
2866,0905,0,0
2866,0906,0,0
2866,0907,0,0
2866,0908,0,0
2866,0909,0,0
2866,0910,0,0
2866,0911,0,0
2866,0912,0,0
2866,0913,0,0
2866,0914,0,0
2867,0901,0,0
2867,0902,0,0
2867,0903,0,0
2867,0904,0,0
2867,0905,0,0
2867,0906,0,0
2867,0907,0,0
2867,0908,0,0
2867,0909,0,0
2867,0910,0,0
2867,0911,0,0
2867,0912,0,0
2867,0913,0,0
2867,0914,0,0
2868,0901,0,0
2868,0902,0,0
2868,0903,0,0
2868,0904,0,0
2868,0905,0,0
2868,0906,0,0
2868,0907,0,0
2868,0908,0,0
2868,0909,0,0
2868,0910,0,0
2868,0911,0,0
2868,0912,0,0
2868,0913,0,0
2868,0914,0,0
2869,0901,0,0
2869,0902,0,0
2869,0903,0,0
2869,0904,0,0
2869,0905,0,0
2869,0906,0,0
2869,0907,0,0
2869,0908,0,0
2869,0909,0,0
2869,0910,0,0
2869,0911,0,0
2869,0912,0,0
2869,0913,0,0
2869,0914,0,0
2870,0901,0,0
2870,0902,0,0
2870,0903,0,0
2870,0904,0,0
2870,0905,0,0
2870,0906,0,0
2870,0907,0,0
2870,0908,0,0
2870,0909,0,0
2870,0910,0,0
2870,0911,0,0
2870,0912,0,0
2870,0913,0,0
2870,0914,0,0
2871,0901,0,0
2871,0902,0,0
2871,0903,0,0
2871,0904,0,0
2871,0905,0,0
2871,0906,0,0
2871,0907,0,0
2871,0908,0,0
2871,0909,0,0
2871,0910,0,0
2871,0911,0,0
2871,0912,0,0
2871,0913,0,0
2871,0914,0,0
2872,0901,0,0
2872,0902,0,0
2872,0903,0,0
2872,0904,0,0
2872,0905,0,0
2872,0906,0,0
2872,0907,0,0
2872,0908,0,0
2872,0909,0,0
2872,0910,0,0
2872,0911,0,0
2872,0912,0,0
2872,0913,0,0
2872,0914,0,0
2873,0901,0,0
2873,0902,0,0
2873,0903,0,0
2873,0904,0,0
2873,0905,0,0
2873,0906,0,0
2873,0907,0,0
2873,0908,0,0
2873,0909,0,0
2873,0910,0,0
2873,0911,0,0
2873,0912,0,0
2873,0913,0,0
2873,0914,0,0
2874,0901,0,0
2874,0902,0,0
2874,0903,0,0
2874,0904,0,0
2874,0905,0,0
2874,0906,0,0
2874,0907,0,0
2874,0908,0,0
2874,0909,0,0
2874,0910,0,0
2874,0911,0,0
2874,0912,0,0
2874,0913,0,0
2874,0914,0,0
2875,0901,0,0
2875,0902,0,0
2875,0903,0,0
2875,0904,0,0
2875,0905,0,0
2875,0906,0,0
2875,0907,0,0
2875,0908,0,0
2875,0909,0,0
2875,0910,0,0
2875,0911,0,0
2875,0912,0,0
2875,0913,0,0
2875,0914,0,0
2876,0901,0,0
2876,0902,0,0
2876,0903,0,0
2876,0904,0,0
2876,0905,0,0
2876,0906,0,0
2876,0907,0,0
2876,0908,0,0
2876,0909,0,0
2876,0910,0,0
2876,0911,0,0
2876,0912,0,0
2876,0913,0,0
2876,0914,0,0
2877,0901,0,0
2877,0902,0,0
2877,0903,0,0
2877,0904,0,0
2877,0905,0,0
2877,0906,0,0
2877,0907,0,0
2877,0908,0,0
2877,0909,0,0
2877,0910,0,0
2877,0911,0,0
2877,0912,0,0
2877,0913,0,0
2877,0914,0,0
2878,0901,0,0
2878,0902,0,0
2878,0903,0,0
2878,0904,0,0
2878,0905,0,0
2878,0906,0,0
2878,0907,0,0
2878,0908,0,0
2878,0909,0,0
2878,0910,0,0
2878,0911,0,0
2878,0912,0,0
2878,0913,0,0
2878,0914,0,0
2879,0901,0,0
2879,0902,0,0
2879,0903,0,0
2879,0904,0,0
2879,0905,0,0
2879,0906,0,0
2879,0907,0,0
2879,0908,0,0
2879,0909,0,0
2879,0910,0,0
2879,0911,0,0
2879,0912,0,0
2879,0913,0,0
2879,0914,0,0
2880,0901,0,0
2880,0902,0,0
2880,0903,0,0
2880,0904,0,0
2880,0905,0,0
2880,0906,0,0
2880,0907,0,0
2880,0908,0,0
2880,0909,0,0
2880,0910,0,0
2880,0911,0,0
2880,0912,0,0
2880,0913,0,0
2880,0914,0,0
2881,0901,0,0
2881,0902,0,0
2881,0903,0,0
2881,0904,0,0
2881,0905,0,0
2881,0906,0,0
2881,0907,0,0
2881,0908,0,0
2881,0909,0,0
2881,0910,0,0
2881,0911,0,0
2881,0912,0,0
2881,0913,0,0
2881,0914,0,0
2882,0901,0,0
2882,0902,0,0
2882,0903,0,0
2882,0904,0,0
2882,0905,0,0
2882,0906,0,0
2882,0907,0,0
2882,0908,0,0
2882,0909,0,0
2882,0910,0,0
2882,0911,0,0
2882,0912,0,0
2882,0913,0,0
2882,0914,0,0
2883,0901,0,0
2883,0902,0,0
2883,0903,0,0
2883,0904,0,0
2883,0905,0,0
2883,0906,0,0
2883,0907,0,0
2883,0908,0,0
2883,0909,0,0
2883,0910,0,0
2883,0911,0,0
2883,0912,0,0
2883,0913,0,0
2883,0914,0,0
2884,0901,0,0
2884,0902,0,0
2884,0903,0,0
2884,0904,0,0
2884,0905,0,0
2884,0906,0,0
2884,0907,0,0
2884,0908,0,0
2884,0909,1,0
2884,0910,0,0
2884,0911,0,0
2884,0912,0,0
2884,0913,0,0
2884,0914,0,0
2885,0901,0,0
2885,0902,0,0
2885,0903,0,0
2885,0904,0,0
2885,0905,0,0
2885,0906,0,0
2885,0907,0,0
2885,0908,0,0
2885,0909,0,0
2885,0910,0,0
2885,0911,0,0
2885,0912,0,0
2885,0913,0,0
2885,0914,0,0
2886,0901,0,0
2886,0902,0,0
2886,0903,0,0
2886,0904,0,0
2886,0905,0,0
2886,0906,0,0
2886,0907,0,0
2886,0908,0,0
2886,0909,0,0
2886,0910,0,0
2886,0911,0,0
2886,0912,0,0
2886,0913,0,0
2886,0914,0,0
2887,0901,0,0
2887,0902,0,0
2887,0903,0,0
2887,0904,0,0
2887,0905,0,0
2887,0906,0,0
2887,0907,0,0
2887,0908,0,0
2887,0909,0,0
2887,0910,0,0
2887,0911,0,0
2887,0912,0,0
2887,0913,0,0
2887,0914,0,0
2888,0901,0,0
2888,0902,0,0
2888,0903,0,0
2888,0904,0,0
2888,0905,0,0
2888,0906,0,0
2888,0907,0,0
2888,0908,0,0
2888,0909,0,0
2888,0910,0,0
2888,0911,0,0
2888,0912,0,0
2888,0913,0,0
2888,0914,0,0
2889,0901,0,0
2889,0902,0,0
2889,0903,0,0
2889,0904,0,0
2889,0905,0,0
2889,0906,0,0
2889,0907,0,0
2889,0908,0,0
2889,0909,0,0
2889,0910,0,0
2889,0911,0,0
2889,0912,0,0
2889,0913,0,0
2889,0914,0,0
2890,0901,0,0
2890,0902,0,0
2890,0903,0,0
2890,0904,0,0
2890,0905,0,0
2890,0906,0,0
2890,0907,0,0
2890,0908,1,0
2890,0909,0,0
2890,0910,0,0
2890,0911,0,0
2890,0912,0,0
2890,0913,0,0
2890,0914,0,0
2891,0901,0,0
2891,0902,0,0
2891,0903,0,0
2891,0904,0,0
2891,0905,0,0
2891,0906,0,0
2891,0907,0,0
2891,0908,0,0
2891,0909,0,0
2891,0910,0,0
2891,0911,0,0
2891,0912,0,0
2891,0913,0,0
2891,0914,0,0
2892,0901,0,0
2892,0902,0,0
2892,0903,0,0
2892,0904,0,0
2892,0905,0,0
2892,0906,0,0
2892,0907,0,0
2892,0908,0,0
2892,0909,0,0
2892,0910,0,0
2892,0911,0,0
2892,0912,0,0
2892,0913,0,0
2892,0914,0,0
2893,0901,0,0
2893,0902,0,0
2893,0903,0,0
2893,0904,0,0
2893,0905,0,0
2893,0906,0,0
2893,0907,0,0
2893,0908,0,0
2893,0909,0,0
2893,0910,0,0
2893,0911,0,0
2893,0912,0,0
2893,0913,0,0
2893,0914,0,0
2894,0901,0,0
2894,0902,0,0
2894,0903,0,0
2894,0904,0,0
2894,0905,0,0
2894,0906,0,0
2894,0907,0,0
2894,0908,0,0
2894,0909,0,0
2894,0910,0,0
2894,0911,0,0
2894,0912,0,0
2894,0913,0,0
2894,0914,0,0
2895,0901,0,0
2895,0902,0,0
2895,0903,0,0
2895,0904,0,0
2895,0905,0,0
2895,0906,0,0
2895,0907,0,0
2895,0908,0,0
2895,0909,0,0
2895,0910,0,0
2895,0911,0,0
2895,0912,0,0
2895,0913,0,0
2895,0914,0,0
2896,0901,0,0
2896,0902,0,0
2896,0903,0,0
2896,0904,0,0
2896,0905,0,0
2896,0906,0,0
2896,0907,0,0
2896,0908,0,0
2896,0909,0,0
2896,0910,0,0
2896,0911,0,0
2896,0912,0,0
2896,0913,0,0
2896,0914,0,0
2897,0901,0,0
2897,0902,0,0
2897,0903,0,0
2897,0904,0,0
2897,0905,0,0
2897,0906,0,0
2897,0907,0,0
2897,0908,0,0
2897,0909,0,0
2897,0910,0,0
2897,0911,0,0
2897,0912,0,0
2897,0913,0,0
2897,0914,0,0
2898,0901,0,0
2898,0902,0,0
2898,0903,0,0
2898,0904,0,0
2898,0905,0,0
2898,0906,0,0
2898,0907,0,0
2898,0908,0,0
2898,0909,0,0
2898,0910,0,0
2898,0911,0,0
2898,0912,0,0
2898,0913,0,0
2898,0914,0,0
2899,0901,0,0
2899,0902,0,0
2899,0903,0,0
2899,0904,0,0
2899,0905,0,0
2899,0906,0,0
2899,0907,0,0
2899,0908,0,0
2899,0909,0,0
2899,0910,0,0
2899,0911,0,0
2899,0912,0,0
2899,0913,0,0
2899,0914,0,0
2900,0901,0,0
2900,0902,0,0
2900,0903,0,0
2900,0904,0,0
2900,0905,0,0
2900,0906,0,0
2900,0907,0,0
2900,0908,0,0
2900,0909,0,0
2900,0910,0,0
2900,0911,0,0
2900,0912,0,0
2900,0913,0,0
2900,0914,0,0
2901,0901,0,0
2901,0902,0,0
2901,0903,0,0
2901,0904,0,0
2901,0905,0,0
2901,0906,0,0
2901,0907,0,0
2901,0908,0,0
2901,0909,1,0
2901,0910,0,0
2901,0911,0,0
2901,0912,0,0
2901,0913,0,0
2901,0914,0,0
2902,0901,0,0
2902,0902,0,0
2902,0903,0,0
2902,0904,0,0
2902,0905,0,0
2902,0906,0,0
2902,0907,0,0
2902,0908,0,0
2902,0909,0,0
2902,0910,0,0
2902,0911,0,0
2902,0912,0,0
2902,0913,0,0
2902,0914,0,0
2903,0901,0,0
2903,0902,0,0
2903,0903,0,0
2903,0904,0,0
2903,0905,0,0
2903,0906,0,0
2903,0907,0,0
2903,0908,0,0
2903,0909,0,0
2903,0910,0,0
2903,0911,0,0
2903,0912,0,0
2903,0913,0,0
2903,0914,0,0
2904,0901,0,0
2904,0902,0,0
2904,0903,0,0
2904,0904,0,0
2904,0905,0,0
2904,0906,0,0
2904,0907,0,0
2904,0908,0,0
2904,0909,0,0
2904,0910,0,0
2904,0911,0,0
2904,0912,0,0
2904,0913,0,0
2904,0914,0,0
2905,0901,0,0
2905,0902,0,0
2905,0903,0,0
2905,0904,0,0
2905,0905,0,0
2905,0906,0,0
2905,0907,0,0
2905,0908,0,0
2905,0909,0,0
2905,0910,0,0
2905,0911,0,0
2905,0912,0,0
2905,0913,0,0
2905,0914,1,0
2906,0901,0,0
2906,0902,0,0
2906,0903,0,0
2906,0904,0,0
2906,0905,0,0
2906,0906,0,0
2906,0907,0,0
2906,0908,0,0
2906,0909,0,0
2906,0910,0,0
2906,0911,0,0
2906,0912,0,0
2906,0913,0,0
2906,0914,0,0
2907,0901,0,0
2907,0902,0,0
2907,0903,0,0
2907,0904,0,0
2907,0905,0,0
2907,0906,0,0
2907,0907,0,0
2907,0908,0,0
2907,0909,0,0
2907,0910,0,0
2907,0911,0,0
2907,0912,0,0
2907,0913,0,0
2907,0914,0,0
2908,0901,0,0
2908,0902,0,0
2908,0903,0,0
2908,0904,0,0
2908,0905,0,0
2908,0906,0,0
2908,0907,0,0
2908,0908,0,0
2908,0909,0,0
2908,0910,0,0
2908,0911,0,0
2908,0912,0,0
2908,0913,0,0
2908,0914,0,0
2909,0901,0,0
2909,0902,0,0
2909,0903,0,0
2909,0904,0,0
2909,0905,0,0
2909,0906,0,0
2909,0907,0,0
2909,0908,0,0
2909,0909,0,0
2909,0910,0,0
2909,0911,0,0
2909,0912,0,0
2909,0913,0,0
2909,0914,0,0
2910,0901,0,0
2910,0902,0,0
2910,0903,0,0
2910,0904,0,0
2910,0905,0,0
2910,0906,0,0
2910,0907,0,0
2910,0908,0,0
2910,0909,0,0
2910,0910,0,0
2910,0911,0,0
2910,0912,0,0
2910,0913,0,0
2910,0914,0,0
2911,0901,0,0
2911,0902,0,0
2911,0903,0,0
2911,0904,0,0
2911,0905,0,0
2911,0906,0,0
2911,0907,0,0
2911,0908,0,0
2911,0909,0,0
2911,0910,0,0
2911,0911,0,0
2911,0912,0,0
2911,0913,0,0
2911,0914,0,0
2912,0901,0,0
2912,0902,0,0
2912,0903,0,0
2912,0904,0,0
2912,0905,0,0
2912,0906,0,0
2912,0907,0,0
2912,0908,0,0
2912,0909,0,0
2912,0910,0,0
2912,0911,0,0
2912,0912,1,0
2912,0913,0,0
2912,0914,0,0
2913,0901,0,0
2913,0902,0,0
2913,0903,0,0
2913,0904,0,0
2913,0905,0,0
2913,0906,0,0
2913,0907,0,0
2913,0908,0,0
2913,0909,0,0
2913,0910,0,0
2913,0911,0,0
2913,0912,0,0
2913,0913,0,0
2913,0914,0,0
2914,0901,0,0
2914,0902,0,0
2914,0903,0,0
2914,0904,0,0
2914,0905,0,0
2914,0906,0,0
2914,0907,0,0
2914,0908,0,0
2914,0909,0,0
2914,0910,0,0
2914,0911,0,0
2914,0912,0,0
2914,0913,0,0
2914,0914,0,0
2915,0901,0,0
2915,0902,0,0
2915,0903,0,0
2915,0904,0,0
2915,0905,0,0
2915,0906,0,0
2915,0907,0,0
2915,0908,0,0
2915,0909,0,0
2915,0910,0,0
2915,0911,0,0
2915,0912,0,0
2915,0913,0,0
2915,0914,0,0
2916,0901,0,0
2916,0902,0,0
2916,0903,0,0
2916,0904,0,0
2916,0905,0,0
2916,0906,0,0
2916,0907,0,0
2916,0908,0,0
2916,0909,0,0
2916,0910,0,0
2916,0911,0,0
2916,0912,0,0
2916,0913,0,0
2916,0914,0,0
2917,0901,0,0
2917,0902,0,0
2917,0903,0,0
2917,0904,0,0
2917,0905,0,0
2917,0906,0,0
2917,0907,0,0
2917,0908,0,0
2917,0909,0,0
2917,0910,0,0
2917,0911,0,0
2917,0912,0,0
2917,0913,0,0
2917,0914,0,0
2918,0901,0,0
2918,0902,0,0
2918,0903,0,0
2918,0904,0,0
2918,0905,0,0
2918,0906,0,0
2918,0907,0,0
2918,0908,0,0
2918,0909,0,0
2918,0910,0,0
2918,0911,0,0
2918,0912,0,0
2918,0913,0,0
2918,0914,0,0
2919,0901,0,0
2919,0902,0,0
2919,0903,0,0
2919,0904,0,0
2919,0905,0,0
2919,0906,0,0
2919,0907,0,0
2919,0908,0,0
2919,0909,0,0
2919,0910,0,0
2919,0911,0,0
2919,0912,0,0
2919,0913,0,0
2919,0914,0,0
2920,0901,0,0
2920,0902,0,0
2920,0903,0,0
2920,0904,0,0
2920,0905,0,0
2920,0906,0,0
2920,0907,0,0
2920,0908,0,0
2920,0909,0,0
2920,0910,0,0
2920,0911,0,0
2920,0912,0,0
2920,0913,0,0
2920,0914,0,0
2921,0901,0,0
2921,0902,0,0
2921,0903,0,0
2921,0904,0,0
2921,0905,0,0
2921,0906,0,0
2921,0907,0,0
2921,0908,0,0
2921,0909,0,0
2921,0910,0,0
2921,0911,0,0
2921,0912,0,0
2921,0913,0,0
2921,0914,0,0
2922,0901,0,0
2922,0902,0,0
2922,0903,0,0
2922,0904,0,0
2922,0905,0,0
2922,0906,0,0
2922,0907,0,0
2922,0908,0,0
2922,0909,0,0
2922,0910,0,0
2922,0911,0,0
2922,0912,0,0
2922,0913,0,0
2922,0914,0,0
2923,0901,0,0
2923,0902,0,0
2923,0903,0,0
2923,0904,0,0
2923,0905,0,0
2923,0906,0,0
2923,0907,0,0
2923,0908,0,0
2923,0909,0,0
2923,0910,0,0
2923,0911,0,0
2923,0912,0,0
2923,0913,0,0
2923,0914,0,0
2924,0901,0,0
2924,0902,0,0
2924,0903,0,0
2924,0904,0,0
2924,0905,0,0
2924,0906,0,0
2924,0907,0,0
2924,0908,0,0
2924,0909,0,0
2924,0910,0,0
2924,0911,0,0
2924,0912,0,0
2924,0913,0,0
2924,0914,0,0
2925,0901,0,0
2925,0902,0,0
2925,0903,0,0
2925,0904,0,0
2925,0905,0,0
2925,0906,0,0
2925,0907,0,0
2925,0908,0,0
2925,0909,0,0
2925,0910,0,0
2925,0911,0,0
2925,0912,0,0
2925,0913,0,0
2925,0914,0,0
2926,0901,0,0
2926,0902,0,0
2926,0903,0,0
2926,0904,0,0
2926,0905,0,0
2926,0906,0,0
2926,0907,0,0
2926,0908,0,0
2926,0909,0,0
2926,0910,0,0
2926,0911,0,0
2926,0912,0,0
2926,0913,0,0
2926,0914,0,0
2927,0901,0,0
2927,0902,0,0
2927,0903,0,0
2927,0904,0,0
2927,0905,0,0
2927,0906,0,0
2927,0907,0,0
2927,0908,0,0
2927,0909,0,0
2927,0910,0,0
2927,0911,0,0
2927,0912,0,0
2927,0913,0,0
2927,0914,0,0
2928,0901,0,0
2928,0902,0,0
2928,0903,0,0
2928,0904,0,0
2928,0905,0,0
2928,0906,0,0
2928,0907,0,0
2928,0908,0,0
2928,0909,0,0
2928,0910,0,0
2928,0911,0,0
2928,0912,0,0
2928,0913,0,0
2928,0914,0,0
2929,0901,0,0
2929,0902,0,0
2929,0903,0,0
2929,0904,0,0
2929,0905,0,0
2929,0906,0,0
2929,0907,0,0
2929,0908,0,0
2929,0909,0,0
2929,0910,0,0
2929,0911,0,0
2929,0912,0,0
2929,0913,0,0
2929,0914,0,0
2930,0901,0,0
2930,0902,0,0
2930,0903,0,0
2930,0904,0,0
2930,0905,0,0
2930,0906,0,0
2930,0907,0,0
2930,0908,0,0
2930,0909,0,0
2930,0910,0,0
2930,0911,0,0
2930,0912,0,0
2930,0913,0,0
2930,0914,0,0
2931,0901,0,0
2931,0902,0,0
2931,0903,0,0
2931,0904,0,0
2931,0905,0,0
2931,0906,0,0
2931,0907,0,0
2931,0908,0,0
2931,0909,0,0
2931,0910,0,0
2931,0911,0,0
2931,0912,0,0
2931,0913,0,0
2931,0914,0,0
2932,0901,0,0
2932,0902,0,0
2932,0903,0,0
2932,0904,0,0
2932,0905,0,0
2932,0906,0,0
2932,0907,0,0
2932,0908,0,0
2932,0909,0,0
2932,0910,0,0
2932,0911,0,0
2932,0912,0,0
2932,0913,0,0
2932,0914,0,0
2933,0901,0,0
2933,0902,0,0
2933,0903,0,0
2933,0904,0,0
2933,0905,0,0
2933,0906,0,0
2933,0907,0,0
2933,0908,0,0
2933,0909,1,0
2933,0910,0,0
2933,0911,0,0
2933,0912,0,0
2933,0913,0,0
2933,0914,0,0
2934,0901,0,0
2934,0902,0,0
2934,0903,0,0
2934,0904,0,0
2934,0905,0,0
2934,0906,0,0
2934,0907,0,0
2934,0908,0,0
2934,0909,0,0
2934,0910,0,0
2934,0911,0,0
2934,0912,0,0
2934,0913,0,0
2934,0914,0,0
2935,0901,0,0
2935,0902,0,0
2935,0903,0,0
2935,0904,0,0
2935,0905,0,0
2935,0906,0,0
2935,0907,0,0
2935,0908,0,0
2935,0909,0,0
2935,0910,0,0
2935,0911,0,0
2935,0912,0,0
2935,0913,0,0
2935,0914,0,0
2936,0901,0,0
2936,0902,0,0
2936,0903,0,0
2936,0904,0,0
2936,0905,0,0
2936,0906,0,0
2936,0907,0,0
2936,0908,0,0
2936,0909,0,0
2936,0910,0,0
2936,0911,0,0
2936,0912,0,0
2936,0913,0,0
2936,0914,0,0
2937,0901,0,0
2937,0902,0,0
2937,0903,0,0
2937,0904,0,0
2937,0905,0,0
2937,0906,0,0
2937,0907,0,0
2937,0908,0,0
2937,0909,0,0
2937,0910,0,0
2937,0911,0,0
2937,0912,0,0
2937,0913,0,0
2937,0914,0,0
2938,0901,0,0
2938,0902,0,0
2938,0903,0,0
2938,0904,0,0
2938,0905,0,0
2938,0906,0,0
2938,0907,0,0
2938,0908,0,0
2938,0909,0,0
2938,0910,0,0
2938,0911,1,0
2938,0912,0,0
2938,0913,0,0
2938,0914,0,0
2939,0901,0,0
2939,0902,0,0
2939,0903,0,0
2939,0904,0,0
2939,0905,0,0
2939,0906,0,0
2939,0907,0,0
2939,0908,0,0
2939,0909,0,0
2939,0910,0,0
2939,0911,0,0
2939,0912,0,0
2939,0913,0,0
2939,0914,0,0
2940,0901,0,0
2940,0902,0,0
2940,0903,0,0
2940,0904,0,0
2940,0905,0,0
2940,0906,0,0
2940,0907,0,0
2940,0908,0,0
2940,0909,0,0
2940,0910,0,0
2940,0911,0,0
2940,0912,0,0
2940,0913,0,0
2940,0914,0,0
2941,0901,0,0
2941,0902,0,0
2941,0903,0,0
2941,0904,0,0
2941,0905,0,0
2941,0906,0,0
2941,0907,0,0
2941,0908,0,0
2941,0909,0,0
2941,0910,0,0
2941,0911,0,0
2941,0912,0,0
2941,0913,0,0
2941,0914,0,0
2942,0901,0,0
2942,0902,0,0
2942,0903,0,0
2942,0904,0,0
2942,0905,0,0
2942,0906,0,0
2942,0907,0,0
2942,0908,0,0
2942,0909,0,0
2942,0910,0,0
2942,0911,0,0
2942,0912,0,0
2942,0913,0,0
2942,0914,0,0
2943,0901,0,0
2943,0902,0,0
2943,0903,0,0
2943,0904,0,0
2943,0905,0,0
2943,0906,0,0
2943,0907,0,0
2943,0908,0,0
2943,0909,0,0
2943,0910,0,0
2943,0911,0,0
2943,0912,0,0
2943,0913,0,0
2943,0914,0,0
2944,0901,0,0
2944,0902,0,0
2944,0903,0,0
2944,0904,0,0
2944,0905,0,0
2944,0906,0,0
2944,0907,0,0
2944,0908,0,0
2944,0909,0,0
2944,0910,0,0
2944,0911,0,0
2944,0912,0,0
2944,0913,0,0
2944,0914,0,0
2945,0901,0,0
2945,0902,0,0
2945,0903,0,0
2945,0904,0,0
2945,0905,0,0
2945,0906,0,0
2945,0907,0,0
2945,0908,0,0
2945,0909,0,0
2945,0910,0,0
2945,0911,0,0
2945,0912,0,0
2945,0913,0,0
2945,0914,0,0
2946,0901,0,0
2946,0902,0,0
2946,0903,0,0
2946,0904,0,0
2946,0905,0,0
2946,0906,0,0
2946,0907,0,0
2946,0908,0,0
2946,0909,0,0
2946,0910,0,0
2946,0911,0,0
2946,0912,0,0
2946,0913,0,0
2946,0914,0,0
2947,0901,0,0
2947,0902,0,0
2947,0903,0,0
2947,0904,0,0
2947,0905,0,0
2947,0906,0,0
2947,0907,0,0
2947,0908,0,0
2947,0909,0,0
2947,0910,0,0
2947,0911,0,0
2947,0912,0,0
2947,0913,0,0
2947,0914,0,0
2948,0901,0,0
2948,0902,0,0
2948,0903,0,0
2948,0904,0,0
2948,0905,0,0
2948,0906,0,0
2948,0907,0,0
2948,0908,0,0
2948,0909,0,0
2948,0910,0,0
2948,0911,0,0
2948,0912,0,0
2948,0913,0,0
2948,0914,0,0
2949,0901,0,0
2949,0902,0,0
2949,0903,0,0
2949,0904,0,0
2949,0905,0,0
2949,0906,0,0
2949,0907,0,0
2949,0908,0,0
2949,0909,0,0
2949,0910,0,0
2949,0911,0,0
2949,0912,0,0
2949,0913,0,0
2949,0914,0,0
2950,0901,0,0
2950,0902,0,0
2950,0903,0,0
2950,0904,0,0
2950,0905,0,0
2950,0906,0,0
2950,0907,0,0
2950,0908,0,0
2950,0909,0,0
2950,0910,0,0
2950,0911,1,0
2950,0912,0,0
2950,0913,0,0
2950,0914,0,0
2951,0901,0,0
2951,0902,0,0
2951,0903,0,0
2951,0904,0,0
2951,0905,0,0
2951,0906,0,0
2951,0907,0,0
2951,0908,0,0
2951,0909,0,0
2951,0910,0,0
2951,0911,0,0
2951,0912,0,0
2951,0913,0,0
2951,0914,0,0
2952,0901,0,0
2952,0902,0,0
2952,0903,0,0
2952,0904,0,0
2952,0905,0,0
2952,0906,0,0
2952,0907,0,0
2952,0908,0,0
2952,0909,0,0
2952,0910,0,0
2952,0911,0,0
2952,0912,0,0
2952,0913,0,0
2952,0914,0,0
2953,0901,0,0
2953,0902,0,0
2953,0903,0,0
2953,0904,0,0
2953,0905,0,0
2953,0906,0,0
2953,0907,0,0
2953,0908,0,0
2953,0909,0,0
2953,0910,0,0
2953,0911,0,0
2953,0912,0,0
2953,0913,0,0
2953,0914,0,0
2954,0901,0,0
2954,0902,0,0
2954,0903,0,0
2954,0904,0,0
2954,0905,0,0
2954,0906,0,0
2954,0907,0,0
2954,0908,0,0
2954,0909,0,0
2954,0910,0,0
2954,0911,0,0
2954,0912,0,0
2954,0913,0,0
2954,0914,0,0
2955,0901,0,0
2955,0902,0,0
2955,0903,0,0
2955,0904,0,0
2955,0905,0,0
2955,0906,0,0
2955,0907,0,0
2955,0908,0,0
2955,0909,0,0
2955,0910,0,0
2955,0911,0,0
2955,0912,0,0
2955,0913,0,0
2955,0914,0,0
2956,0901,0,0
2956,0902,0,0
2956,0903,0,0
2956,0904,0,0
2956,0905,0,0
2956,0906,0,0
2956,0907,0,0
2956,0908,0,0
2956,0909,0,0
2956,0910,0,0
2956,0911,0,0
2956,0912,0,0
2956,0913,0,0
2956,0914,0,0
2957,0901,0,0
2957,0902,0,0
2957,0903,0,0
2957,0904,0,0
2957,0905,0,0
2957,0906,0,0
2957,0907,0,0
2957,0908,0,0
2957,0909,0,0
2957,0910,0,0
2957,0911,0,0
2957,0912,0,0
2957,0913,0,0
2957,0914,0,0
2958,0901,0,0
2958,0902,0,0
2958,0903,0,0
2958,0904,0,0
2958,0905,0,0
2958,0906,0,0
2958,0907,0,0
2958,0908,0,0
2958,0909,0,0
2958,0910,0,0
2958,0911,0,0
2958,0912,0,0
2958,0913,0,0
2958,0914,0,0
2959,0901,0,0
2959,0902,0,0
2959,0903,0,0
2959,0904,0,0
2959,0905,0,0
2959,0906,0,0
2959,0907,0,0
2959,0908,0,0
2959,0909,0,0
2959,0910,0,0
2959,0911,0,0
2959,0912,0,0
2959,0913,0,0
2959,0914,0,0
2960,0901,0,0
2960,0902,0,0
2960,0903,0,0
2960,0904,0,0
2960,0905,0,0
2960,0906,0,0
2960,0907,0,0
2960,0908,0,0
2960,0909,0,0
2960,0910,0,0
2960,0911,0,0
2960,0912,0,0
2960,0913,0,0
2960,0914,0,0
2961,0901,0,0
2961,0902,0,0
2961,0903,0,0
2961,0904,0,0
2961,0905,0,0
2961,0906,0,0
2961,0907,0,0
2961,0908,0,0
2961,0909,0,0
2961,0910,0,0
2961,0911,0,0
2961,0912,0,0
2961,0913,0,0
2961,0914,0,0
2962,0901,0,0
2962,0902,0,0
2962,0903,0,0
2962,0904,0,0
2962,0905,0,0
2962,0906,0,0
2962,0907,0,0
2962,0908,0,0
2962,0909,0,0
2962,0910,1,0
2962,0911,0,0
2962,0912,0,0
2962,0913,0,0
2962,0914,0,0
2963,0901,0,0
2963,0902,0,0
2963,0903,0,0
2963,0904,0,0
2963,0905,0,0
2963,0906,0,0
2963,0907,0,0
2963,0908,0,0
2963,0909,0,0
2963,0910,0,0
2963,0911,0,0
2963,0912,0,0
2963,0913,0,0
2963,0914,0,0
2964,0901,0,0
2964,0902,0,0
2964,0903,0,0
2964,0904,0,0
2964,0905,0,0
2964,0906,0,0
2964,0907,0,0
2964,0908,0,0
2964,0909,0,0
2964,0910,0,0
2964,0911,0,0
2964,0912,0,0
2964,0913,0,0
2964,0914,0,0
2965,0901,0,0
2965,0902,0,0
2965,0903,0,0
2965,0904,0,0
2965,0905,0,0
2965,0906,0,0
2965,0907,0,0
2965,0908,0,0
2965,0909,0,0
2965,0910,0,0
2965,0911,0,0
2965,0912,0,0
2965,0913,0,0
2965,0914,0,0
2966,0901,0,0
2966,0902,0,0
2966,0903,0,0
2966,0904,0,0
2966,0905,0,0
2966,0906,0,0
2966,0907,0,0
2966,0908,0,0
2966,0909,0,0
2966,0910,0,0
2966,0911,0,0
2966,0912,0,0
2966,0913,0,0
2966,0914,0,0
2967,0901,0,0
2967,0902,0,0
2967,0903,0,0
2967,0904,0,0
2967,0905,0,0
2967,0906,0,0
2967,0907,0,0
2967,0908,0,0
2967,0909,0,0
2967,0910,0,0
2967,0911,0,0
2967,0912,0,0
2967,0913,0,0
2967,0914,0,0
2968,0901,0,0
2968,0902,0,0
2968,0903,0,0
2968,0904,0,0
2968,0905,0,0
2968,0906,0,0
2968,0907,0,0
2968,0908,0,0
2968,0909,0,0
2968,0910,0,0
2968,0911,0,0
2968,0912,0,0
2968,0913,0,0
2968,0914,0,0
2969,0901,0,0
2969,0902,0,0
2969,0903,0,0
2969,0904,0,0
2969,0905,0,0
2969,0906,0,0
2969,0907,0,0
2969,0908,0,0
2969,0909,0,0
2969,0910,0,0
2969,0911,0,0
2969,0912,0,0
2969,0913,0,0
2969,0914,0,0
2970,0901,0,0
2970,0902,0,0
2970,0903,0,0
2970,0904,0,0
2970,0905,0,0
2970,0906,0,0
2970,0907,0,0
2970,0908,0,0
2970,0909,0,0
2970,0910,0,0
2970,0911,0,0
2970,0912,0,0
2970,0913,0,0
2970,0914,0,0
2971,0901,0,0
2971,0902,0,0
2971,0903,0,0
2971,0904,0,0
2971,0905,0,0
2971,0906,0,0
2971,0907,0,0
2971,0908,0,0
2971,0909,0,0
2971,0910,0,0
2971,0911,0,0
2971,0912,0,0
2971,0913,0,0
2971,0914,0,0
2972,0901,0,0
2972,0902,0,0
2972,0903,0,0
2972,0904,0,0
2972,0905,0,0
2972,0906,0,0
2972,0907,0,0
2972,0908,0,0
2972,0909,0,0
2972,0910,0,0
2972,0911,0,0
2972,0912,0,0
2972,0913,0,0
2972,0914,0,0
2973,0901,0,0
2973,0902,0,0
2973,0903,0,0
2973,0904,0,0
2973,0905,0,0
2973,0906,0,0
2973,0907,0,0
2973,0908,0,0
2973,0909,0,0
2973,0910,0,0
2973,0911,0,0
2973,0912,0,0
2973,0913,0,0
2973,0914,0,0
2974,0901,0,0
2974,0902,0,0
2974,0903,0,0
2974,0904,0,0
2974,0905,0,0
2974,0906,0,0
2974,0907,0,0
2974,0908,0,0
2974,0909,0,0
2974,0910,0,0
2974,0911,0,0
2974,0912,0,0
2974,0913,0,0
2974,0914,0,0
2975,0901,0,0
2975,0902,0,0
2975,0903,0,0
2975,0904,0,0
2975,0905,0,0
2975,0906,0,0
2975,0907,0,0
2975,0908,0,0
2975,0909,0,0
2975,0910,0,0
2975,0911,0,0
2975,0912,0,0
2975,0913,0,0
2975,0914,0,0
2976,0901,0,0
2976,0902,0,0
2976,0903,0,0
2976,0904,0,0
2976,0905,0,0
2976,0906,0,0
2976,0907,0,0
2976,0908,0,0
2976,0909,0,0
2976,0910,0,0
2976,0911,0,0
2976,0912,0,0
2976,0913,0,0
2976,0914,0,0
2977,0901,0,0
2977,0902,0,0
2977,0903,0,0
2977,0904,0,0
2977,0905,0,0
2977,0906,0,0
2977,0907,0,0
2977,0908,0,0
2977,0909,0,0
2977,0910,0,0
2977,0911,0,0
2977,0912,0,0
2977,0913,0,0
2977,0914,0,0
2978,0901,0,0
2978,0902,0,0
2978,0903,0,0
2978,0904,0,0
2978,0905,0,0
2978,0906,0,0
2978,0907,0,0
2978,0908,0,0
2978,0909,0,0
2978,0910,0,0
2978,0911,0,0
2978,0912,0,0
2978,0913,0,0
2978,0914,0,0
2979,0901,0,0
2979,0902,0,0
2979,0903,0,0
2979,0904,0,0
2979,0905,0,0
2979,0906,0,0
2979,0907,0,0
2979,0908,0,0
2979,0909,0,0
2979,0910,0,0
2979,0911,0,0
2979,0912,0,0
2979,0913,0,0
2979,0914,0,0
2980,0901,0,0
2980,0902,0,0
2980,0903,0,0
2980,0904,0,0
2980,0905,0,0
2980,0906,0,0
2980,0907,0,0
2980,0908,0,0
2980,0909,0,0
2980,0910,0,0
2980,0911,1,0
2980,0912,0,0
2980,0913,0,0
2980,0914,0,0
2981,0901,0,0
2981,0902,0,0
2981,0903,0,0
2981,0904,0,0
2981,0905,0,0
2981,0906,0,0
2981,0907,0,0
2981,0908,0,0
2981,0909,0,0
2981,0910,0,0
2981,0911,0,0
2981,0912,0,0
2981,0913,0,0
2981,0914,0,0
2982,0901,0,0
2982,0902,0,0
2982,0903,0,0
2982,0904,0,0
2982,0905,0,0
2982,0906,0,0
2982,0907,0,0
2982,0908,0,0
2982,0909,0,0
2982,0910,0,0
2982,0911,0,0
2982,0912,0,0
2982,0913,0,0
2982,0914,0,0
2983,0901,0,0
2983,0902,0,0
2983,0903,0,0
2983,0904,0,0
2983,0905,0,0
2983,0906,0,0
2983,0907,0,0
2983,0908,0,0
2983,0909,0,0
2983,0910,0,0
2983,0911,0,0
2983,0912,0,0
2983,0913,0,0
2983,0914,0,0
2984,0901,0,0
2984,0902,0,0
2984,0903,0,0
2984,0904,0,0
2984,0905,0,0
2984,0906,0,0
2984,0907,0,0
2984,0908,0,0
2984,0909,0,0
2984,0910,0,0
2984,0911,0,0
2984,0912,0,0
2984,0913,1,0
2984,0914,0,0
2985,0901,0,0
2985,0902,0,0
2985,0903,0,0
2985,0904,0,0
2985,0905,0,0
2985,0906,0,0
2985,0907,0,0
2985,0908,0,0
2985,0909,0,0
2985,0910,0,0
2985,0911,0,0
2985,0912,0,0
2985,0913,0,0
2985,0914,0,0
2986,0901,0,0
2986,0902,0,0
2986,0903,0,0
2986,0904,0,0
2986,0905,0,0
2986,0906,0,0
2986,0907,0,0
2986,0908,0,0
2986,0909,0,0
2986,0910,0,0
2986,0911,0,0
2986,0912,0,0
2986,0913,0,0
2986,0914,0,0
2987,0901,0,0
2987,0902,0,0
2987,0903,0,0
2987,0904,0,0
2987,0905,0,0
2987,0906,0,0
2987,0907,0,0
2987,0908,0,0
2987,0909,0,0
2987,0910,0,0
2987,0911,0,0
2987,0912,0,0
2987,0913,0,0
2987,0914,0,0
2988,0901,0,0
2988,0902,0,0
2988,0903,0,0
2988,0904,0,0
2988,0905,0,0
2988,0906,0,0
2988,0907,0,0
2988,0908,0,0
2988,0909,0,0
2988,0910,1,0
2988,0911,0,0
2988,0912,0,0
2988,0913,0,0
2988,0914,0,0
2989,0901,0,0
2989,0902,0,0
2989,0903,0,0
2989,0904,0,0
2989,0905,0,0
2989,0906,0,0
2989,0907,0,0
2989,0908,0,0
2989,0909,0,0
2989,0910,0,0
2989,0911,0,0
2989,0912,0,0
2989,0913,0,0
2989,0914,0,0
2990,0901,0,0
2990,0902,0,0
2990,0903,0,0
2990,0904,0,0
2990,0905,0,0
2990,0906,0,0
2990,0907,0,0
2990,0908,0,0
2990,0909,0,0
2990,0910,0,0
2990,0911,0,0
2990,0912,0,0
2990,0913,0,0
2990,0914,0,0
2991,0901,0,0
2991,0902,0,0
2991,0903,0,0
2991,0904,0,0
2991,0905,0,0
2991,0906,0,0
2991,0907,0,0
2991,0908,0,0
2991,0909,0,0
2991,0910,0,0
2991,0911,0,0
2991,0912,0,0
2991,0913,0,0
2991,0914,0,0
2992,0901,0,0
2992,0902,0,0
2992,0903,0,0
2992,0904,0,0
2992,0905,0,0
2992,0906,0,0
2992,0907,0,0
2992,0908,0,0
2992,0909,0,0
2992,0910,0,0
2992,0911,0,0
2992,0912,0,0
2992,0913,0,0
2992,0914,0,0
2993,0901,0,0
2993,0902,0,0
2993,0903,0,0
2993,0904,0,0
2993,0905,0,0
2993,0906,0,0
2993,0907,0,0
2993,0908,0,0
2993,0909,0,0
2993,0910,0,0
2993,0911,0,0
2993,0912,0,0
2993,0913,0,0
2993,0914,0,0
2994,0901,0,0
2994,0902,0,0
2994,0903,0,0
2994,0904,0,0
2994,0905,0,0
2994,0906,0,0
2994,0907,0,0
2994,0908,0,0
2994,0909,0,0
2994,0910,0,0
2994,0911,0,0
2994,0912,0,0
2994,0913,0,0
2994,0914,0,0
2995,0901,0,0
2995,0902,0,0
2995,0903,0,0
2995,0904,0,0
2995,0905,0,0
2995,0906,0,0
2995,0907,0,0
2995,0908,0,0
2995,0909,0,0
2995,0910,0,0
2995,0911,0,0
2995,0912,0,0
2995,0913,0,0
2995,0914,0,0
2996,0901,0,0
2996,0902,0,0
2996,0903,0,0
2996,0904,0,0
2996,0905,0,0
2996,0906,0,0
2996,0907,0,0
2996,0908,0,0
2996,0909,0,0
2996,0910,0,0
2996,0911,0,0
2996,0912,0,0
2996,0913,0,0
2996,0914,0,0
2997,0901,0,0
2997,0902,0,0
2997,0903,0,0
2997,0904,0,0
2997,0905,0,0
2997,0906,0,0
2997,0907,0,0
2997,0908,0,0
2997,0909,0,0
2997,0910,0,0
2997,0911,0,0
2997,0912,0,0
2997,0913,0,0
2997,0914,0,0
2998,0901,0,0
2998,0902,0,0
2998,0903,0,0
2998,0904,0,0
2998,0905,0,0
2998,0906,0,0
2998,0907,0,0
2998,0908,0,0
2998,0909,0,0
2998,0910,0,0
2998,0911,0,0
2998,0912,0,0
2998,0913,0,0
2998,0914,0,0
2999,0901,0,0
2999,0902,0,0
2999,0903,0,0
2999,0904,0,0
2999,0905,0,0
2999,0906,0,0
2999,0907,0,0
2999,0908,0,0
2999,0909,0,0
2999,0910,0,0
2999,0911,0,0
2999,0912,0,0
2999,0913,0,0
2999,0914,0,0
3000,0901,0,0
3000,0902,0,0
3000,0903,0,0
3000,0904,0,0
3000,0905,0,0
3000,0906,0,0
3000,0907,0,0
3000,0908,0,0
3000,0909,0,0
3000,0910,0,0
3000,0911,0,0
3000,0912,0,0
3000,0913,0,0
3000,0914,0,0
3001,0901,0,0
3001,0902,0,0
3001,0903,0,0
3001,0904,0,0
3001,0905,0,0
3001,0906,0,0
3001,0907,0,0
3001,0908,0,0
3001,0909,0,0
3001,0910,0,0
3001,0911,0,0
3001,0912,0,0
3001,0913,0,0
3001,0914,0,0
3002,0901,0,0
3002,0902,0,0
3002,0903,0,0
3002,0904,0,0
3002,0905,0,0
3002,0906,0,0
3002,0907,0,0
3002,0908,0,0
3002,0909,0,0
3002,0910,0,0
3002,0911,0,0
3002,0912,0,0
3002,0913,0,0
3002,0914,0,0
3003,0901,0,0
3003,0902,0,0
3003,0903,0,0
3003,0904,0,0
3003,0905,0,0
3003,0906,0,0
3003,0907,0,0
3003,0908,0,0
3003,0909,0,0
3003,0910,0,0
3003,0911,0,0
3003,0912,0,0
3003,0913,0,0
3003,0914,0,0
3004,0901,0,0
3004,0902,0,0
3004,0903,0,0
3004,0904,0,0
3004,0905,0,0
3004,0906,0,0
3004,0907,0,0
3004,0908,0,0
3004,0909,0,0
3004,0910,0,0
3004,0911,0,0
3004,0912,0,0
3004,0913,0,0
3004,0914,0,0
3005,0901,0,0
3005,0902,0,0
3005,0903,0,0
3005,0904,0,0
3005,0905,0,0
3005,0906,0,0
3005,0907,0,0
3005,0908,0,0
3005,0909,0,0
3005,0910,0,0
3005,0911,0,0
3005,0912,0,0
3005,0913,0,0
3005,0914,0,0
3006,0901,0,0
3006,0902,0,0
3006,0903,0,0
3006,0904,0,0
3006,0905,0,0
3006,0906,0,0
3006,0907,0,0
3006,0908,0,0
3006,0909,0,0
3006,0910,0,0
3006,0911,0,0
3006,0912,0,0
3006,0913,0,0
3006,0914,0,0
3007,0901,0,0
3007,0902,0,0
3007,0903,0,0
3007,0904,0,0
3007,0905,0,0
3007,0906,0,0
3007,0907,0,0
3007,0908,0,0
3007,0909,0,0
3007,0910,0,0
3007,0911,0,0
3007,0912,0,0
3007,0913,0,0
3007,0914,0,0
3008,0901,0,0
3008,0902,0,0
3008,0903,0,0
3008,0904,0,0
3008,0905,0,0
3008,0906,0,0
3008,0907,0,0
3008,0908,0,0
3008,0909,0,0
3008,0910,0,0
3008,0911,0,0
3008,0912,0,0
3008,0913,0,0
3008,0914,0,0
3009,0901,0,0
3009,0902,0,0
3009,0903,0,0
3009,0904,0,0
3009,0905,0,0
3009,0906,0,0
3009,0907,0,0
3009,0908,0,0
3009,0909,0,0
3009,0910,0,0
3009,0911,0,0
3009,0912,0,0
3009,0913,0,0
3009,0914,0,0
3010,0901,0,0
3010,0902,0,0
3010,0903,0,0
3010,0904,0,0
3010,0905,0,0
3010,0906,0,0
3010,0907,0,0
3010,0908,0,0
3010,0909,0,0
3010,0910,0,0
3010,0911,0,0
3010,0912,0,0
3010,0913,0,0
3010,0914,0,0
3011,0901,0,0
3011,0902,0,0
3011,0903,0,0
3011,0904,0,0
3011,0905,0,0
3011,0906,0,0
3011,0907,0,0
3011,0908,0,0
3011,0909,0,0
3011,0910,0,0
3011,0911,0,0
3011,0912,0,0
3011,0913,0,0
3011,0914,0,0
3012,0901,0,0
3012,0902,0,0
3012,0903,0,0
3012,0904,0,0
3012,0905,0,0
3012,0906,0,0
3012,0907,0,0
3012,0908,0,0
3012,0909,0,0
3012,0910,0,0
3012,0911,0,0
3012,0912,0,0
3012,0913,0,0
3012,0914,0,0
3013,0901,0,0
3013,0902,0,0
3013,0903,0,0
3013,0904,0,0
3013,0905,0,0
3013,0906,0,0
3013,0907,0,0
3013,0908,0,0
3013,0909,0,0
3013,0910,0,0
3013,0911,0,0
3013,0912,0,0
3013,0913,0,0
3013,0914,0,0
3014,0901,0,0
3014,0902,0,0
3014,0903,0,0
3014,0904,0,0
3014,0905,0,0
3014,0906,0,0
3014,0907,0,0
3014,0908,0,0
3014,0909,0,0
3014,0910,0,0
3014,0911,0,0
3014,0912,0,0
3014,0913,0,0
3014,0914,0,0
3015,0901,0,0
3015,0902,0,0
3015,0903,0,0
3015,0904,0,0
3015,0905,0,0
3015,0906,0,0
3015,0907,0,0
3015,0908,0,0
3015,0909,0,0
3015,0910,0,0
3015,0911,0,0
3015,0912,0,0
3015,0913,0,0
3015,0914,0,0
3016,0901,0,0
3016,0902,0,0
3016,0903,0,0
3016,0904,0,0
3016,0905,0,0
3016,0906,0,0
3016,0907,0,0
3016,0908,0,0
3016,0909,0,0
3016,0910,0,0
3016,0911,0,0
3016,0912,0,0
3016,0913,0,0
3016,0914,0,0
3017,0901,0,0
3017,0902,0,0
3017,0903,0,0
3017,0904,0,0
3017,0905,0,0
3017,0906,0,0
3017,0907,0,0
3017,0908,0,0
3017,0909,0,0
3017,0910,0,0
3017,0911,0,0
3017,0912,1,0
3017,0913,0,0
3017,0914,0,0
3018,0901,0,0
3018,0902,0,0
3018,0903,0,0
3018,0904,0,0
3018,0905,0,0
3018,0906,0,0
3018,0907,0,0
3018,0908,0,0
3018,0909,0,0
3018,0910,0,0
3018,0911,0,0
3018,0912,0,0
3018,0913,0,0
3018,0914,0,0
3019,0901,0,0
3019,0902,0,0
3019,0903,0,0
3019,0904,0,0
3019,0905,0,0
3019,0906,0,0
3019,0907,0,0
3019,0908,0,0
3019,0909,0,0
3019,0910,0,0
3019,0911,0,0
3019,0912,0,0
3019,0913,0,0
3019,0914,0,0
3020,0901,0,0
3020,0902,0,0
3020,0903,0,0
3020,0904,0,0
3020,0905,0,0
3020,0906,0,0
3020,0907,0,0
3020,0908,0,0
3020,0909,0,0
3020,0910,0,0
3020,0911,1,0
3020,0912,0,0
3020,0913,0,0
3020,0914,0,0
3021,0901,0,0
3021,0902,0,0
3021,0903,0,0
3021,0904,0,0
3021,0905,0,0
3021,0906,0,0
3021,0907,0,0
3021,0908,0,0
3021,0909,0,0
3021,0910,0,0
3021,0911,0,0
3021,0912,0,0
3021,0913,0,0
3021,0914,0,0
3022,0901,0,0
3022,0902,0,0
3022,0903,0,0
3022,0904,0,0
3022,0905,0,0
3022,0906,0,0
3022,0907,0,0
3022,0908,0,0
3022,0909,0,0
3022,0910,0,0
3022,0911,0,0
3022,0912,0,0
3022,0913,0,0
3022,0914,0,0
3023,0901,0,0
3023,0902,0,0
3023,0903,0,0
3023,0904,0,0
3023,0905,0,0
3023,0906,0,0
3023,0907,0,0
3023,0908,0,0
3023,0909,0,0
3023,0910,0,0
3023,0911,0,0
3023,0912,1,0
3023,0913,0,0
3023,0914,0,0
3024,0901,0,0
3024,0902,0,0
3024,0903,0,0
3024,0904,0,0
3024,0905,0,0
3024,0906,0,0
3024,0907,0,0
3024,0908,0,0
3024,0909,0,0
3024,0910,0,0
3024,0911,0,0
3024,0912,0,0
3024,0913,0,0
3024,0914,0,0
3025,0901,0,0
3025,0902,0,0
3025,0903,0,0
3025,0904,0,0
3025,0905,0,0
3025,0906,0,0
3025,0907,0,0
3025,0908,0,0
3025,0909,0,0
3025,0910,0,0
3025,0911,0,0
3025,0912,0,0
3025,0913,0,0
3025,0914,0,0
3026,0901,0,0
3026,0902,0,0
3026,0903,0,0
3026,0904,0,0
3026,0905,0,0
3026,0906,0,0
3026,0907,0,0
3026,0908,0,0
3026,0909,0,0
3026,0910,0,0
3026,0911,0,0
3026,0912,0,0
3026,0913,0,0
3026,0914,0,0
3027,0901,0,0
3027,0902,0,0
3027,0903,0,0
3027,0904,0,0
3027,0905,0,0
3027,0906,0,0
3027,0907,0,0
3027,0908,0,0
3027,0909,0,0
3027,0910,0,0
3027,0911,0,0
3027,0912,0,0
3027,0913,0,0
3027,0914,1,0
3028,0901,0,0
3028,0902,0,0
3028,0903,0,0
3028,0904,0,0
3028,0905,0,0
3028,0906,0,0
3028,0907,0,0
3028,0908,0,0
3028,0909,0,0
3028,0910,0,0
3028,0911,0,0
3028,0912,0,0
3028,0913,0,0
3028,0914,0,0
3029,0901,0,0
3029,0902,0,0
3029,0903,0,0
3029,0904,0,0
3029,0905,0,0
3029,0906,0,0
3029,0907,0,0
3029,0908,0,0
3029,0909,0,0
3029,0910,0,0
3029,0911,0,0
3029,0912,0,0
3029,0913,0,0
3029,0914,0,0
3030,0901,0,0
3030,0902,0,0
3030,0903,0,0
3030,0904,0,0
3030,0905,0,0
3030,0906,0,0
3030,0907,0,0
3030,0908,0,0
3030,0909,0,0
3030,0910,0,0
3030,0911,0,0
3030,0912,0,0
3030,0913,0,0
3030,0914,0,0
3031,0901,0,0
3031,0902,0,0
3031,0903,0,0
3031,0904,0,0
3031,0905,0,0
3031,0906,0,0
3031,0907,0,0
3031,0908,0,0
3031,0909,0,0
3031,0910,0,0
3031,0911,0,0
3031,0912,0,0
3031,0913,0,0
3031,0914,0,0
3032,0901,0,0
3032,0902,0,0
3032,0903,0,0
3032,0904,0,0
3032,0905,0,0
3032,0906,0,0
3032,0907,0,0
3032,0908,0,0
3032,0909,0,0
3032,0910,0,0
3032,0911,0,0
3032,0912,0,0
3032,0913,0,0
3032,0914,0,0
3033,0901,0,0
3033,0902,0,0
3033,0903,0,0
3033,0904,0,0
3033,0905,0,0
3033,0906,0,0
3033,0907,0,0
3033,0908,0,0
3033,0909,0,0
3033,0910,0,0
3033,0911,0,0
3033,0912,0,0
3033,0913,0,0
3033,0914,0,0
3034,0901,0,0
3034,0902,0,0
3034,0903,0,0
3034,0904,0,0
3034,0905,0,0
3034,0906,0,0
3034,0907,0,0
3034,0908,0,0
3034,0909,0,0
3034,0910,0,0
3034,0911,0,0
3034,0912,0,0
3034,0913,0,0
3034,0914,0,0
3035,0901,0,0
3035,0902,0,0
3035,0903,0,0
3035,0904,0,0
3035,0905,0,0
3035,0906,0,0
3035,0907,0,0
3035,0908,0,0
3035,0909,0,0
3035,0910,0,0
3035,0911,0,0
3035,0912,0,0
3035,0913,0,0
3035,0914,0,0
3036,0901,0,0
3036,0902,0,0
3036,0903,0,0
3036,0904,0,0
3036,0905,0,0
3036,0906,0,0
3036,0907,0,0
3036,0908,0,0
3036,0909,0,0
3036,0910,0,0
3036,0911,0,0
3036,0912,0,0
3036,0913,0,0
3036,0914,0,0
3037,0901,0,0
3037,0902,0,0
3037,0903,0,0
3037,0904,0,0
3037,0905,0,0
3037,0906,0,0
3037,0907,0,0
3037,0908,0,0
3037,0909,0,0
3037,0910,0,0
3037,0911,0,0
3037,0912,0,0
3037,0913,0,0
3037,0914,0,0
3038,0901,0,0
3038,0902,0,0
3038,0903,0,0
3038,0904,0,0
3038,0905,0,0
3038,0906,0,0
3038,0907,0,0
3038,0908,0,0
3038,0909,0,0
3038,0910,0,0
3038,0911,0,0
3038,0912,0,0
3038,0913,0,0
3038,0914,0,0
3039,0901,0,0
3039,0902,0,0
3039,0903,0,0
3039,0904,0,0
3039,0905,0,0
3039,0906,0,0
3039,0907,0,0
3039,0908,0,0
3039,0909,0,0
3039,0910,0,0
3039,0911,0,0
3039,0912,0,0
3039,0913,0,0
3039,0914,0,0
3040,0901,0,0
3040,0902,0,0
3040,0903,0,0
3040,0904,0,0
3040,0905,0,0
3040,0906,0,0
3040,0907,0,0
3040,0908,0,0
3040,0909,0,0
3040,0910,0,0
3040,0911,0,0
3040,0912,0,0
3040,0913,0,0
3040,0914,0,0
3041,0901,0,0
3041,0902,0,0
3041,0903,0,0
3041,0904,0,0
3041,0905,0,0
3041,0906,0,0
3041,0907,0,0
3041,0908,0,0
3041,0909,0,0
3041,0910,0,0
3041,0911,0,0
3041,0912,0,0
3041,0913,0,0
3041,0914,0,0
3042,0901,0,0
3042,0902,0,0
3042,0903,0,0
3042,0904,0,0
3042,0905,0,0
3042,0906,0,0
3042,0907,0,0
3042,0908,0,0
3042,0909,0,0
3042,0910,0,0
3042,0911,0,0
3042,0912,0,0
3042,0913,0,0
3042,0914,0,0
3043,0901,0,0
3043,0902,0,0
3043,0903,0,0
3043,0904,0,0
3043,0905,0,0
3043,0906,0,0
3043,0907,0,0
3043,0908,0,0
3043,0909,0,0
3043,0910,0,0
3043,0911,0,0
3043,0912,0,0
3043,0913,0,0
3043,0914,0,0
3044,0901,0,0
3044,0902,0,0
3044,0903,0,0
3044,0904,0,0
3044,0905,0,0
3044,0906,0,0
3044,0907,0,0
3044,0908,0,0
3044,0909,0,0
3044,0910,0,0
3044,0911,0,0
3044,0912,0,0
3044,0913,0,0
3044,0914,0,0
3045,0901,0,0
3045,0902,0,0
3045,0903,0,0
3045,0904,0,0
3045,0905,0,0
3045,0906,0,0
3045,0907,0,0
3045,0908,0,0
3045,0909,0,0
3045,0910,0,0
3045,0911,0,0
3045,0912,0,0
3045,0913,0,0
3045,0914,0,0
3046,0901,0,0
3046,0902,0,0
3046,0903,0,0
3046,0904,0,0
3046,0905,0,0
3046,0906,0,0
3046,0907,0,0
3046,0908,0,0
3046,0909,0,0
3046,0910,0,0
3046,0911,0,0
3046,0912,0,0
3046,0913,0,0
3046,0914,0,0
3047,0901,0,0
3047,0902,0,0
3047,0903,0,0
3047,0904,0,0
3047,0905,0,0
3047,0906,0,0
3047,0907,0,0
3047,0908,0,0
3047,0909,0,0
3047,0910,0,0
3047,0911,0,0
3047,0912,0,0
3047,0913,0,0
3047,0914,0,0
3048,0901,0,0
3048,0902,0,0
3048,0903,0,0
3048,0904,0,0
3048,0905,0,0
3048,0906,0,0
3048,0907,0,0
3048,0908,0,0
3048,0909,0,0
3048,0910,0,0
3048,0911,0,0
3048,0912,0,0
3048,0913,0,0
3048,0914,0,0
3049,0901,0,0
3049,0902,0,0
3049,0903,0,0
3049,0904,0,0
3049,0905,0,0
3049,0906,0,0
3049,0907,0,0
3049,0908,0,0
3049,0909,0,0
3049,0910,0,0
3049,0911,0,0
3049,0912,0,0
3049,0913,0,0
3049,0914,0,0
3050,0901,0,0
3050,0902,0,0
3050,0903,0,0
3050,0904,0,0
3050,0905,0,0
3050,0906,0,0
3050,0907,0,0
3050,0908,0,0
3050,0909,0,0
3050,0910,0,0
3050,0911,0,0
3050,0912,0,0
3050,0913,0,0
3050,0914,0,0
3051,0901,0,0
3051,0902,0,0
3051,0903,0,0
3051,0904,0,0
3051,0905,0,0
3051,0906,0,0
3051,0907,0,0
3051,0908,0,0
3051,0909,0,0
3051,0910,0,0
3051,0911,0,0
3051,0912,0,0
3051,0913,0,0
3051,0914,0,0
3052,0901,0,0
3052,0902,0,0
3052,0903,0,0
3052,0904,0,0
3052,0905,0,0
3052,0906,0,0
3052,0907,0,0
3052,0908,0,0
3052,0909,0,0
3052,0910,0,0
3052,0911,1,0
3052,0912,0,0
3052,0913,0,0
3052,0914,0,0
3053,0901,0,0
3053,0902,0,0
3053,0903,0,0
3053,0904,0,0
3053,0905,0,0
3053,0906,0,0
3053,0907,0,0
3053,0908,0,0
3053,0909,0,0
3053,0910,0,0
3053,0911,0,0
3053,0912,0,0
3053,0913,0,0
3053,0914,0,0
3054,0901,0,0
3054,0902,0,0
3054,0903,0,0
3054,0904,0,0
3054,0905,0,0
3054,0906,0,0
3054,0907,0,0
3054,0908,0,0
3054,0909,0,0
3054,0910,0,0
3054,0911,0,0
3054,0912,0,0
3054,0913,0,0
3054,0914,0,0
3055,0901,0,0
3055,0902,0,0
3055,0903,0,0
3055,0904,0,0
3055,0905,0,0
3055,0906,0,0
3055,0907,0,0
3055,0908,0,0
3055,0909,0,0
3055,0910,0,0
3055,0911,0,0
3055,0912,0,0
3055,0913,0,0
3055,0914,0,0
3056,0901,0,0
3056,0902,0,0
3056,0903,0,0
3056,0904,0,0
3056,0905,0,0
3056,0906,0,0
3056,0907,0,0
3056,0908,0,0
3056,0909,0,0
3056,0910,0,0
3056,0911,0,0
3056,0912,0,0
3056,0913,0,0
3056,0914,0,0
3057,0901,0,0
3057,0902,0,0
3057,0903,0,0
3057,0904,0,0
3057,0905,0,0
3057,0906,0,0
3057,0907,0,0
3057,0908,0,0
3057,0909,0,0
3057,0910,0,0
3057,0911,0,0
3057,0912,0,0
3057,0913,0,0
3057,0914,0,0
3058,0901,0,0
3058,0902,0,0
3058,0903,0,0
3058,0904,0,0
3058,0905,0,0
3058,0906,0,0
3058,0907,0,0
3058,0908,0,0
3058,0909,0,0
3058,0910,0,0
3058,0911,0,0
3058,0912,0,0
3058,0913,0,0
3058,0914,0,0
3059,0901,0,0
3059,0902,0,0
3059,0903,0,0
3059,0904,0,0
3059,0905,0,0
3059,0906,0,0
3059,0907,0,0
3059,0908,0,0
3059,0909,0,0
3059,0910,0,0
3059,0911,0,0
3059,0912,0,0
3059,0913,0,0
3059,0914,0,0
3060,0901,0,0
3060,0902,0,0
3060,0903,0,0
3060,0904,0,0
3060,0905,0,0
3060,0906,0,0
3060,0907,0,0
3060,0908,0,0
3060,0909,0,0
3060,0910,0,0
3060,0911,0,0
3060,0912,0,0
3060,0913,0,0
3060,0914,0,0
3061,0901,0,0
3061,0902,0,0
3061,0903,0,0
3061,0904,0,0
3061,0905,0,0
3061,0906,0,0
3061,0907,0,0
3061,0908,0,0
3061,0909,0,0
3061,0910,0,0
3061,0911,0,0
3061,0912,0,0
3061,0913,0,0
3061,0914,0,0
3062,0901,0,0
3062,0902,0,0
3062,0903,0,0
3062,0904,0,0
3062,0905,0,0
3062,0906,0,0
3062,0907,0,0
3062,0908,0,0
3062,0909,0,0
3062,0910,0,0
3062,0911,0,0
3062,0912,0,0
3062,0913,0,0
3062,0914,0,0
3063,0901,0,0
3063,0902,0,0
3063,0903,0,0
3063,0904,0,0
3063,0905,0,0
3063,0906,0,0
3063,0907,0,0
3063,0908,0,0
3063,0909,0,0
3063,0910,0,0
3063,0911,0,0
3063,0912,0,0
3063,0913,0,0
3063,0914,0,0
3064,0901,0,0
3064,0902,0,0
3064,0903,0,0
3064,0904,0,0
3064,0905,0,0
3064,0906,0,0
3064,0907,0,0
3064,0908,0,0
3064,0909,0,0
3064,0910,0,0
3064,0911,0,0
3064,0912,0,0
3064,0913,0,0
3064,0914,0,0
3065,0901,0,0
3065,0902,0,0
3065,0903,0,0
3065,0904,0,0
3065,0905,0,0
3065,0906,0,0
3065,0907,0,0
3065,0908,0,0
3065,0909,0,0
3065,0910,0,0
3065,0911,0,0
3065,0912,0,0
3065,0913,0,0
3065,0914,0,0
3066,0901,0,0
3066,0902,0,0
3066,0903,0,0
3066,0904,0,0
3066,0905,0,0
3066,0906,0,0
3066,0907,0,0
3066,0908,0,0
3066,0909,0,0
3066,0910,0,0
3066,0911,0,0
3066,0912,0,0
3066,0913,0,0
3066,0914,0,0
3067,0901,0,0
3067,0902,0,0
3067,0903,0,0
3067,0904,0,0
3067,0905,0,0
3067,0906,0,0
3067,0907,0,0
3067,0908,0,0
3067,0909,0,0
3067,0910,0,0
3067,0911,0,0
3067,0912,0,0
3067,0913,0,0
3067,0914,0,0
3068,0901,0,0
3068,0902,0,0
3068,0903,0,0
3068,0904,0,0
3068,0905,0,0
3068,0906,0,0
3068,0907,0,0
3068,0908,0,0
3068,0909,0,0
3068,0910,0,0
3068,0911,0,0
3068,0912,0,0
3068,0913,0,0
3068,0914,0,0
3069,0901,0,0
3069,0902,0,0
3069,0903,0,0
3069,0904,0,0
3069,0905,0,0
3069,0906,0,0
3069,0907,0,0
3069,0908,0,0
3069,0909,0,0
3069,0910,0,0
3069,0911,0,0
3069,0912,0,0
3069,0913,0,0
3069,0914,0,0
3070,0901,0,0
3070,0902,0,0
3070,0903,0,0
3070,0904,0,0
3070,0905,0,0
3070,0906,0,0
3070,0907,0,0
3070,0908,0,0
3070,0909,0,0
3070,0910,0,0
3070,0911,0,0
3070,0912,0,0
3070,0913,0,0
3070,0914,0,0
3071,0901,0,0
3071,0902,0,0
3071,0903,0,0
3071,0904,0,0
3071,0905,0,0
3071,0906,0,0
3071,0907,0,0
3071,0908,0,0
3071,0909,0,0
3071,0910,0,0
3071,0911,0,0
3071,0912,0,0
3071,0913,0,0
3071,0914,0,0
3072,0901,0,0
3072,0902,0,0
3072,0903,0,0
3072,0904,0,0
3072,0905,0,0
3072,0906,0,0
3072,0907,0,0
3072,0908,0,0
3072,0909,0,0
3072,0910,0,0
3072,0911,0,0
3072,0912,0,0
3072,0913,0,0
3072,0914,0,0
3073,0901,0,0
3073,0902,0,0
3073,0903,0,0
3073,0904,0,0
3073,0905,0,0
3073,0906,0,0
3073,0907,0,0
3073,0908,0,0
3073,0909,0,0
3073,0910,0,0
3073,0911,0,0
3073,0912,0,0
3073,0913,0,0
3073,0914,0,0
3074,0901,0,0
3074,0902,0,0
3074,0903,0,0
3074,0904,0,0
3074,0905,0,0
3074,0906,0,0
3074,0907,0,0
3074,0908,0,0
3074,0909,0,0
3074,0910,0,0
3074,0911,0,0
3074,0912,0,0
3074,0913,0,0
3074,0914,0,0
3075,0901,0,0
3075,0902,0,0
3075,0903,0,0
3075,0904,0,0
3075,0905,0,0
3075,0906,0,0
3075,0907,0,0
3075,0908,0,0
3075,0909,0,0
3075,0910,0,0
3075,0911,0,0
3075,0912,0,0
3075,0913,0,0
3075,0914,1,0
3076,0901,0,0
3076,0902,0,0
3076,0903,0,0
3076,0904,0,0
3076,0905,0,0
3076,0906,0,0
3076,0907,0,0
3076,0908,0,0
3076,0909,0,0
3076,0910,0,0
3076,0911,0,0
3076,0912,0,0
3076,0913,0,0
3076,0914,0,0
3077,0901,0,0
3077,0902,0,0
3077,0903,0,0
3077,0904,0,0
3077,0905,0,0
3077,0906,0,0
3077,0907,0,0
3077,0908,0,0
3077,0909,0,0
3077,0910,0,0
3077,0911,0,0
3077,0912,0,0
3077,0913,0,0
3077,0914,0,0
3078,0901,0,0
3078,0902,0,0
3078,0903,0,0
3078,0904,0,0
3078,0905,0,0
3078,0906,0,0
3078,0907,0,0
3078,0908,0,0
3078,0909,0,0
3078,0910,0,0
3078,0911,0,0
3078,0912,0,0
3078,0913,0,0
3078,0914,0,0
3079,0901,0,0
3079,0902,0,0
3079,0903,0,0
3079,0904,0,0
3079,0905,0,0
3079,0906,0,0
3079,0907,0,0
3079,0908,0,0
3079,0909,0,0
3079,0910,0,0
3079,0911,0,0
3079,0912,0,0
3079,0913,0,0
3079,0914,0,0
3080,0901,0,0
3080,0902,0,0
3080,0903,0,0
3080,0904,0,0
3080,0905,0,0
3080,0906,0,0
3080,0907,0,0
3080,0908,0,0
3080,0909,0,0
3080,0910,0,0
3080,0911,0,0
3080,0912,0,0
3080,0913,0,0
3080,0914,0,0
3081,0901,0,0
3081,0902,0,0
3081,0903,0,0
3081,0904,0,0
3081,0905,0,0
3081,0906,0,0
3081,0907,0,0
3081,0908,0,0
3081,0909,0,0
3081,0910,0,0
3081,0911,0,0
3081,0912,0,0
3081,0913,0,0
3081,0914,0,0
3082,0901,0,0
3082,0902,0,0
3082,0903,0,0
3082,0904,0,0
3082,0905,0,0
3082,0906,0,0
3082,0907,0,0
3082,0908,0,0
3082,0909,0,0
3082,0910,0,0
3082,0911,0,0
3082,0912,0,0
3082,0913,0,0
3082,0914,0,0
3083,0901,0,0
3083,0902,0,0
3083,0903,0,0
3083,0904,0,0
3083,0905,0,0
3083,0906,0,0
3083,0907,0,0
3083,0908,0,0
3083,0909,0,0
3083,0910,0,0
3083,0911,0,0
3083,0912,0,0
3083,0913,0,0
3083,0914,0,0
3084,0901,0,0
3084,0902,0,0
3084,0903,0,0
3084,0904,0,0
3084,0905,0,0
3084,0906,0,0
3084,0907,0,0
3084,0908,0,0
3084,0909,0,0
3084,0910,0,0
3084,0911,0,0
3084,0912,0,0
3084,0913,0,0
3084,0914,0,0
3085,0901,0,0
3085,0902,0,0
3085,0903,0,0
3085,0904,0,0
3085,0905,0,0
3085,0906,0,0
3085,0907,0,0
3085,0908,0,0
3085,0909,0,0
3085,0910,0,0
3085,0911,0,0
3085,0912,0,0
3085,0913,0,0
3085,0914,0,0
3086,0901,0,0
3086,0902,0,0
3086,0903,0,0
3086,0904,0,0
3086,0905,0,0
3086,0906,0,0
3086,0907,0,0
3086,0908,0,0
3086,0909,0,0
3086,0910,0,0
3086,0911,0,0
3086,0912,0,0
3086,0913,0,0
3086,0914,0,0
3087,0901,0,0
3087,0902,0,0
3087,0903,0,0
3087,0904,0,0
3087,0905,0,0
3087,0906,0,0
3087,0907,0,0
3087,0908,0,0
3087,0909,0,0
3087,0910,0,0
3087,0911,0,0
3087,0912,0,0
3087,0913,0,0
3087,0914,0,0
3088,0901,0,0
3088,0902,0,0
3088,0903,0,0
3088,0904,0,0
3088,0905,0,0
3088,0906,0,0
3088,0907,0,0
3088,0908,0,0
3088,0909,0,0
3088,0910,0,0
3088,0911,0,0
3088,0912,0,0
3088,0913,0,0
3088,0914,0,0
3089,0901,0,0
3089,0902,0,0
3089,0903,0,0
3089,0904,0,0
3089,0905,0,0
3089,0906,0,0
3089,0907,0,0
3089,0908,0,0
3089,0909,0,0
3089,0910,0,0
3089,0911,0,0
3089,0912,0,0
3089,0913,0,0
3089,0914,0,0
3090,0901,0,0
3090,0902,0,0
3090,0903,0,0
3090,0904,0,0
3090,0905,0,0
3090,0906,0,0
3090,0907,0,0
3090,0908,0,0
3090,0909,0,0
3090,0910,0,0
3090,0911,0,0
3090,0912,0,0
3090,0913,0,0
3090,0914,0,0
3091,0901,0,0
3091,0902,0,0
3091,0903,0,0
3091,0904,0,0
3091,0905,0,0
3091,0906,0,0
3091,0907,0,0
3091,0908,0,0
3091,0909,0,0
3091,0910,0,0
3091,0911,0,0
3091,0912,0,0
3091,0913,0,0
3091,0914,0,0
3092,0901,0,0
3092,0902,0,0
3092,0903,0,0
3092,0904,0,0
3092,0905,0,0
3092,0906,0,0
3092,0907,0,0
3092,0908,0,0
3092,0909,0,0
3092,0910,0,0
3092,0911,0,0
3092,0912,0,0
3092,0913,0,0
3092,0914,0,0
3093,0901,0,0
3093,0902,0,0
3093,0903,0,0
3093,0904,0,0
3093,0905,0,0
3093,0906,0,0
3093,0907,0,0
3093,0908,0,0
3093,0909,0,0
3093,0910,0,0
3093,0911,0,0
3093,0912,0,0
3093,0913,0,0
3093,0914,0,0
3094,0901,0,0
3094,0902,0,0
3094,0903,0,0
3094,0904,0,0
3094,0905,0,0
3094,0906,0,0
3094,0907,0,0
3094,0908,0,0
3094,0909,0,0
3094,0910,0,0
3094,0911,0,0
3094,0912,0,0
3094,0913,0,0
3094,0914,0,0
3095,0901,0,0
3095,0902,0,0
3095,0903,0,0
3095,0904,0,0
3095,0905,0,0
3095,0906,0,0
3095,0907,0,0
3095,0908,0,0
3095,0909,0,0
3095,0910,0,0
3095,0911,0,0
3095,0912,0,0
3095,0913,0,0
3095,0914,0,0
3096,0901,0,0
3096,0902,0,0
3096,0903,0,0
3096,0904,0,0
3096,0905,0,0
3096,0906,0,0
3096,0907,0,0
3096,0908,0,0
3096,0909,0,0
3096,0910,0,0
3096,0911,0,0
3096,0912,0,0
3096,0913,0,0
3096,0914,0,0
3097,0901,0,0
3097,0902,0,0
3097,0903,0,0
3097,0904,0,0
3097,0905,0,0
3097,0906,0,0
3097,0907,0,0
3097,0908,0,0
3097,0909,1,0
3097,0910,0,0
3097,0911,0,0
3097,0912,0,0
3097,0913,0,0
3097,0914,0,0
3098,0901,0,0
3098,0902,0,0
3098,0903,0,0
3098,0904,0,0
3098,0905,0,0
3098,0906,0,0
3098,0907,0,0
3098,0908,0,0
3098,0909,0,0
3098,0910,0,0
3098,0911,0,0
3098,0912,0,0
3098,0913,0,0
3098,0914,0,0
3099,0901,0,0
3099,0902,0,0
3099,0903,0,0
3099,0904,0,0
3099,0905,0,0
3099,0906,0,0
3099,0907,0,0
3099,0908,0,0
3099,0909,0,0
3099,0910,0,0
3099,0911,0,0
3099,0912,0,0
3099,0913,0,0
3099,0914,0,0
3100,0901,0,0
3100,0902,0,0
3100,0903,0,0
3100,0904,0,0
3100,0905,0,0
3100,0906,0,0
3100,0907,0,0
3100,0908,0,0
3100,0909,0,0
3100,0910,0,0
3100,0911,0,0
3100,0912,0,0
3100,0913,0,0
3100,0914,0,0
3101,0901,0,0
3101,0902,0,0
3101,0903,0,0
3101,0904,0,0
3101,0905,0,0
3101,0906,0,0
3101,0907,0,0
3101,0908,0,0
3101,0909,0,0
3101,0910,0,0
3101,0911,0,0
3101,0912,0,0
3101,0913,0,0
3101,0914,0,0
3102,0901,0,0
3102,0902,0,0
3102,0903,0,0
3102,0904,0,0
3102,0905,0,0
3102,0906,0,0
3102,0907,0,0
3102,0908,0,0
3102,0909,0,0
3102,0910,0,0
3102,0911,0,0
3102,0912,0,0
3102,0913,0,0
3102,0914,0,0
3103,0901,0,0
3103,0902,0,0
3103,0903,0,0
3103,0904,0,0
3103,0905,0,0
3103,0906,0,0
3103,0907,0,0
3103,0908,0,0
3103,0909,0,0
3103,0910,0,0
3103,0911,0,0
3103,0912,0,0
3103,0913,0,0
3103,0914,0,0
3104,0901,0,0
3104,0902,0,0
3104,0903,0,0
3104,0904,0,0
3104,0905,0,0
3104,0906,0,0
3104,0907,0,0
3104,0908,0,0
3104,0909,0,0
3104,0910,0,0
3104,0911,0,0
3104,0912,0,0
3104,0913,0,0
3104,0914,0,0
3105,0901,0,0
3105,0902,0,0
3105,0903,0,0
3105,0904,0,0
3105,0905,0,0
3105,0906,0,0
3105,0907,0,0
3105,0908,0,0
3105,0909,0,0
3105,0910,0,0
3105,0911,0,0
3105,0912,0,0
3105,0913,0,0
3105,0914,0,0
3106,0901,0,0
3106,0902,0,0
3106,0903,0,0
3106,0904,0,0
3106,0905,0,0
3106,0906,0,0
3106,0907,0,0
3106,0908,0,0
3106,0909,0,0
3106,0910,0,0
3106,0911,0,0
3106,0912,0,0
3106,0913,0,0
3106,0914,0,0
3107,0901,0,0
3107,0902,0,0
3107,0903,0,0
3107,0904,0,0
3107,0905,0,0
3107,0906,0,0
3107,0907,0,0
3107,0908,0,0
3107,0909,0,0
3107,0910,0,0
3107,0911,0,0
3107,0912,0,0
3107,0913,0,0
3107,0914,0,0
3108,0901,0,0
3108,0902,0,0
3108,0903,0,0
3108,0904,0,0
3108,0905,0,0
3108,0906,0,0
3108,0907,0,0
3108,0908,0,0
3108,0909,0,0
3108,0910,0,0
3108,0911,0,0
3108,0912,0,0
3108,0913,0,0
3108,0914,0,0
3109,0901,0,0
3109,0902,0,0
3109,0903,0,0
3109,0904,0,0
3109,0905,0,0
3109,0906,0,0
3109,0907,0,0
3109,0908,0,0
3109,0909,0,0
3109,0910,0,0
3109,0911,0,0
3109,0912,0,0
3109,0913,0,0
3109,0914,0,0
3110,0901,0,0
3110,0902,0,0
3110,0903,0,0
3110,0904,0,0
3110,0905,0,0
3110,0906,0,0
3110,0907,0,0
3110,0908,0,0
3110,0909,0,0
3110,0910,0,0
3110,0911,0,0
3110,0912,0,0
3110,0913,0,0
3110,0914,0,0
3111,0901,0,0
3111,0902,0,0
3111,0903,0,0
3111,0904,0,0
3111,0905,0,0
3111,0906,0,0
3111,0907,0,0
3111,0908,0,0
3111,0909,0,0
3111,0910,0,0
3111,0911,0,0
3111,0912,0,0
3111,0913,0,0
3111,0914,0,0
3112,0901,0,0
3112,0902,0,0
3112,0903,0,0
3112,0904,1,0
3112,0905,0,0
3112,0906,0,0
3112,0907,0,0
3112,0908,0,0
3112,0909,0,0
3112,0910,0,0
3112,0911,0,0
3112,0912,0,0
3112,0913,0,0
3112,0914,0,0
3113,0901,0,0
3113,0902,0,0
3113,0903,0,0
3113,0904,0,0
3113,0905,0,0
3113,0906,0,0
3113,0907,0,0
3113,0908,0,0
3113,0909,0,0
3113,0910,0,0
3113,0911,0,0
3113,0912,0,0
3113,0913,0,0
3113,0914,0,0
3114,0901,0,0
3114,0902,0,0
3114,0903,0,0
3114,0904,0,0
3114,0905,0,0
3114,0906,0,0
3114,0907,0,0
3114,0908,0,0
3114,0909,0,0
3114,0910,0,0
3114,0911,0,0
3114,0912,0,0
3114,0913,0,0
3114,0914,0,0
3115,0901,0,0
3115,0902,0,0
3115,0903,0,0
3115,0904,0,0
3115,0905,0,0
3115,0906,0,0
3115,0907,0,0
3115,0908,0,0
3115,0909,0,0
3115,0910,0,0
3115,0911,0,0
3115,0912,0,0
3115,0913,0,0
3115,0914,0,0
3116,0901,0,0
3116,0902,0,0
3116,0903,0,0
3116,0904,0,0
3116,0905,0,0
3116,0906,0,0
3116,0907,0,0
3116,0908,0,0
3116,0909,0,0
3116,0910,0,0
3116,0911,0,0
3116,0912,0,0
3116,0913,0,0
3116,0914,0,0
3117,0901,0,0
3117,0902,0,0
3117,0903,0,0
3117,0904,0,0
3117,0905,0,0
3117,0906,0,0
3117,0907,0,0
3117,0908,0,0
3117,0909,0,0
3117,0910,0,0
3117,0911,0,0
3117,0912,0,0
3117,0913,0,0
3117,0914,0,0
3118,0901,0,0
3118,0902,0,0
3118,0903,0,0
3118,0904,0,0
3118,0905,0,0
3118,0906,0,0
3118,0907,0,0
3118,0908,0,0
3118,0909,0,0
3118,0910,0,0
3118,0911,0,0
3118,0912,1,0
3118,0913,0,0
3118,0914,0,0
3119,0901,0,0
3119,0902,0,0
3119,0903,0,0
3119,0904,0,0
3119,0905,0,0
3119,0906,0,0
3119,0907,0,0
3119,0908,0,0
3119,0909,0,0
3119,0910,0,0
3119,0911,0,0
3119,0912,0,0
3119,0913,0,0
3119,0914,0,0
3120,0901,0,0
3120,0902,0,0
3120,0903,0,0
3120,0904,0,0
3120,0905,0,0
3120,0906,0,0
3120,0907,0,0
3120,0908,0,0
3120,0909,0,0
3120,0910,0,0
3120,0911,0,0
3120,0912,0,0
3120,0913,0,0
3120,0914,0,0
3121,0901,0,0
3121,0902,0,0
3121,0903,0,0
3121,0904,0,0
3121,0905,0,0
3121,0906,0,0
3121,0907,0,0
3121,0908,0,0
3121,0909,0,0
3121,0910,0,0
3121,0911,0,0
3121,0912,0,0
3121,0913,0,0
3121,0914,0,0
3122,0901,0,0
3122,0902,0,0
3122,0903,0,0
3122,0904,0,0
3122,0905,0,0
3122,0906,0,0
3122,0907,0,0
3122,0908,0,0
3122,0909,0,0
3122,0910,0,0
3122,0911,0,0
3122,0912,0,0
3122,0913,0,0
3122,0914,0,0
3123,0901,0,0
3123,0902,0,0
3123,0903,0,0
3123,0904,0,0
3123,0905,0,0
3123,0906,0,0
3123,0907,0,0
3123,0908,0,0
3123,0909,0,0
3123,0910,0,0
3123,0911,0,0
3123,0912,0,0
3123,0913,0,0
3123,0914,0,0
3124,0901,0,0
3124,0902,0,0
3124,0903,0,0
3124,0904,0,0
3124,0905,0,0
3124,0906,0,0
3124,0907,0,0
3124,0908,0,0
3124,0909,0,0
3124,0910,0,0
3124,0911,0,0
3124,0912,0,0
3124,0913,0,0
3124,0914,0,0
3125,0901,0,0
3125,0902,0,0
3125,0903,0,0
3125,0904,0,0
3125,0905,0,0
3125,0906,0,0
3125,0907,0,0
3125,0908,0,0
3125,0909,0,0
3125,0910,0,0
3125,0911,0,0
3125,0912,0,0
3125,0913,0,0
3125,0914,0,0
3126,0901,0,0
3126,0902,0,0
3126,0903,0,0
3126,0904,0,0
3126,0905,0,0
3126,0906,0,0
3126,0907,0,0
3126,0908,0,0
3126,0909,0,0
3126,0910,0,0
3126,0911,0,0
3126,0912,0,0
3126,0913,0,0
3126,0914,0,0
3127,0901,0,0
3127,0902,0,0
3127,0903,0,0
3127,0904,0,0
3127,0905,0,0
3127,0906,0,0
3127,0907,0,0
3127,0908,0,0
3127,0909,0,0
3127,0910,0,0
3127,0911,0,0
3127,0912,0,0
3127,0913,0,0
3127,0914,0,0
3128,0901,0,0
3128,0902,0,0
3128,0903,0,0
3128,0904,0,0
3128,0905,0,0
3128,0906,0,0
3128,0907,0,0
3128,0908,0,0
3128,0909,0,0
3128,0910,0,0
3128,0911,0,0
3128,0912,0,0
3128,0913,0,0
3128,0914,0,0
3129,0901,0,0
3129,0902,0,0
3129,0903,0,0
3129,0904,0,0
3129,0905,0,0
3129,0906,0,0
3129,0907,0,0
3129,0908,0,0
3129,0909,0,0
3129,0910,0,0
3129,0911,0,0
3129,0912,0,0
3129,0913,0,0
3129,0914,0,0
3130,0901,0,0
3130,0902,0,0
3130,0903,0,0
3130,0904,0,0
3130,0905,0,0
3130,0906,0,0
3130,0907,0,0
3130,0908,0,0
3130,0909,0,0
3130,0910,0,0
3130,0911,0,0
3130,0912,0,0
3130,0913,0,0
3130,0914,0,0
3131,0901,0,0
3131,0902,0,0
3131,0903,0,0
3131,0904,0,0
3131,0905,0,0
3131,0906,0,0
3131,0907,0,0
3131,0908,0,0
3131,0909,0,0
3131,0910,0,0
3131,0911,0,0
3131,0912,0,0
3131,0913,0,0
3131,0914,0,0
3132,0901,0,0
3132,0902,0,0
3132,0903,0,0
3132,0904,0,0
3132,0905,0,0
3132,0906,0,0
3132,0907,0,0
3132,0908,0,0
3132,0909,0,0
3132,0910,0,0
3132,0911,0,0
3132,0912,0,0
3132,0913,0,0
3132,0914,0,0
3133,0901,0,0
3133,0902,0,0
3133,0903,0,0
3133,0904,0,0
3133,0905,0,0
3133,0906,0,0
3133,0907,0,0
3133,0908,0,0
3133,0909,0,0
3133,0910,0,0
3133,0911,0,0
3133,0912,0,0
3133,0913,0,0
3133,0914,0,0
3134,0901,0,0
3134,0902,0,0
3134,0903,0,0
3134,0904,0,0
3134,0905,0,0
3134,0906,0,0
3134,0907,0,0
3134,0908,0,0
3134,0909,0,0
3134,0910,0,0
3134,0911,0,0
3134,0912,0,0
3134,0913,0,0
3134,0914,0,0
3135,0901,0,0
3135,0902,0,0
3135,0903,0,0
3135,0904,0,0
3135,0905,0,0
3135,0906,0,0
3135,0907,0,0
3135,0908,0,0
3135,0909,0,0
3135,0910,0,0
3135,0911,0,0
3135,0912,0,0
3135,0913,0,0
3135,0914,0,0
3136,0901,0,0
3136,0902,0,0
3136,0903,0,0
3136,0904,0,0
3136,0905,0,0
3136,0906,0,0
3136,0907,0,0
3136,0908,0,0
3136,0909,0,0
3136,0910,0,0
3136,0911,0,0
3136,0912,0,0
3136,0913,0,0
3136,0914,0,0
3137,0901,0,0
3137,0902,0,0
3137,0903,0,0
3137,0904,0,0
3137,0905,0,0
3137,0906,0,0
3137,0907,0,0
3137,0908,0,0
3137,0909,0,0
3137,0910,0,0
3137,0911,0,0
3137,0912,0,0
3137,0913,0,0
3137,0914,0,0
3138,0901,0,0
3138,0902,0,0
3138,0903,0,0
3138,0904,0,0
3138,0905,0,0
3138,0906,0,0
3138,0907,0,0
3138,0908,0,0
3138,0909,0,0
3138,0910,0,0
3138,0911,0,0
3138,0912,0,0
3138,0913,0,0
3138,0914,0,0
3139,0901,0,0
3139,0902,0,0
3139,0903,0,0
3139,0904,0,0
3139,0905,0,0
3139,0906,0,0
3139,0907,0,0
3139,0908,0,0
3139,0909,0,0
3139,0910,0,0
3139,0911,0,0
3139,0912,0,0
3139,0913,0,0
3139,0914,0,0
3140,0901,0,0
3140,0902,0,0
3140,0903,0,0
3140,0904,0,0
3140,0905,0,0
3140,0906,0,0
3140,0907,0,0
3140,0908,0,0
3140,0909,0,0
3140,0910,0,0
3140,0911,0,0
3140,0912,0,0
3140,0913,0,0
3140,0914,0,0
3141,0901,0,0
3141,0902,0,0
3141,0903,0,0
3141,0904,0,0
3141,0905,0,0
3141,0906,0,0
3141,0907,0,0
3141,0908,0,0
3141,0909,0,0
3141,0910,0,0
3141,0911,0,0
3141,0912,0,0
3141,0913,0,0
3141,0914,0,0
3142,0901,0,0
3142,0902,0,0
3142,0903,0,0
3142,0904,0,0
3142,0905,0,0
3142,0906,0,0
3142,0907,0,0
3142,0908,0,0
3142,0909,0,0
3142,0910,0,0
3142,0911,0,0
3142,0912,0,0
3142,0913,0,0
3142,0914,0,0
3143,0901,0,0
3143,0902,0,0
3143,0903,0,0
3143,0904,0,0
3143,0905,0,0
3143,0906,0,0
3143,0907,0,0
3143,0908,0,0
3143,0909,0,0
3143,0910,0,0
3143,0911,0,0
3143,0912,0,0
3143,0913,0,0
3143,0914,0,0
3144,0901,0,0
3144,0902,0,0
3144,0903,0,0
3144,0904,0,0
3144,0905,0,0
3144,0906,0,0
3144,0907,0,0
3144,0908,0,0
3144,0909,0,0
3144,0910,0,0
3144,0911,0,0
3144,0912,0,0
3144,0913,0,0
3144,0914,0,0
3145,0901,0,0
3145,0902,0,0
3145,0903,0,0
3145,0904,0,0
3145,0905,0,0
3145,0906,0,0
3145,0907,0,0
3145,0908,0,0
3145,0909,0,0
3145,0910,0,0
3145,0911,0,0
3145,0912,0,0
3145,0913,0,0
3145,0914,0,0
3146,0901,0,0
3146,0902,0,0
3146,0903,0,0
3146,0904,0,0
3146,0905,0,0
3146,0906,0,0
3146,0907,0,0
3146,0908,0,0
3146,0909,0,0
3146,0910,0,0
3146,0911,0,0
3146,0912,0,0
3146,0913,0,0
3146,0914,0,0
3147,0901,0,0
3147,0902,0,0
3147,0903,0,0
3147,0904,0,0
3147,0905,0,0
3147,0906,0,0
3147,0907,0,0
3147,0908,0,0
3147,0909,0,0
3147,0910,0,0
3147,0911,0,0
3147,0912,0,0
3147,0913,0,0
3147,0914,0,0
3148,0901,0,0
3148,0902,0,0
3148,0903,0,0
3148,0904,0,0
3148,0905,0,0
3148,0906,0,0
3148,0907,0,0
3148,0908,0,0
3148,0909,0,0
3148,0910,0,0
3148,0911,0,0
3148,0912,0,0
3148,0913,0,0
3148,0914,0,0
3149,0901,0,0
3149,0902,0,0
3149,0903,0,0
3149,0904,0,0
3149,0905,0,0
3149,0906,0,0
3149,0907,0,0
3149,0908,0,0
3149,0909,0,0
3149,0910,0,0
3149,0911,0,0
3149,0912,0,0
3149,0913,0,0
3149,0914,0,0
3150,0901,0,0
3150,0902,0,0
3150,0903,0,0
3150,0904,0,0
3150,0905,0,0
3150,0906,0,0
3150,0907,0,0
3150,0908,0,0
3150,0909,0,0
3150,0910,0,0
3150,0911,0,0
3150,0912,0,0
3150,0913,0,0
3150,0914,0,0
3151,0901,0,0
3151,0902,0,0
3151,0903,0,0
3151,0904,0,0
3151,0905,0,0
3151,0906,0,0
3151,0907,0,0
3151,0908,0,0
3151,0909,0,0
3151,0910,0,0
3151,0911,0,0
3151,0912,0,0
3151,0913,0,0
3151,0914,0,0
3152,0901,0,0
3152,0902,0,0
3152,0903,0,0
3152,0904,0,0
3152,0905,0,0
3152,0906,0,0
3152,0907,0,0
3152,0908,0,0
3152,0909,0,0
3152,0910,0,0
3152,0911,0,0
3152,0912,0,0
3152,0913,0,0
3152,0914,0,0
3153,0901,0,0
3153,0902,0,0
3153,0903,0,0
3153,0904,0,0
3153,0905,0,0
3153,0906,0,0
3153,0907,0,0
3153,0908,0,0
3153,0909,0,0
3153,0910,0,0
3153,0911,0,0
3153,0912,0,0
3153,0913,0,0
3153,0914,0,0
3154,0901,0,0
3154,0902,0,0
3154,0903,0,0
3154,0904,0,0
3154,0905,0,0
3154,0906,0,0
3154,0907,0,0
3154,0908,0,0
3154,0909,0,0
3154,0910,0,0
3154,0911,0,0
3154,0912,0,0
3154,0913,0,0
3154,0914,0,0
3155,0901,0,0
3155,0902,0,0
3155,0903,0,0
3155,0904,0,0
3155,0905,0,0
3155,0906,0,0
3155,0907,0,0
3155,0908,0,0
3155,0909,0,0
3155,0910,0,0
3155,0911,0,0
3155,0912,0,0
3155,0913,0,0
3155,0914,0,0
3156,0901,0,0
3156,0902,0,0
3156,0903,0,0
3156,0904,0,0
3156,0905,0,0
3156,0906,0,0
3156,0907,0,0
3156,0908,0,0
3156,0909,0,0
3156,0910,0,0
3156,0911,0,0
3156,0912,0,0
3156,0913,0,0
3156,0914,0,0
3157,0901,0,0
3157,0902,0,0
3157,0903,0,0
3157,0904,0,0
3157,0905,0,0
3157,0906,0,0
3157,0907,0,0
3157,0908,0,0
3157,0909,0,0
3157,0910,0,0
3157,0911,0,0
3157,0912,0,0
3157,0913,0,0
3157,0914,0,0
3158,0901,0,0
3158,0902,0,0
3158,0903,0,0
3158,0904,0,0
3158,0905,0,0
3158,0906,0,0
3158,0907,0,0
3158,0908,0,0
3158,0909,0,0
3158,0910,0,0
3158,0911,0,0
3158,0912,0,0
3158,0913,0,0
3158,0914,0,0
3159,0901,0,0
3159,0902,0,0
3159,0903,0,0
3159,0904,0,0
3159,0905,0,0
3159,0906,0,0
3159,0907,0,0
3159,0908,0,0
3159,0909,0,0
3159,0910,0,0
3159,0911,0,0
3159,0912,0,0
3159,0913,0,0
3159,0914,0,0
3160,0901,0,0
3160,0902,0,0
3160,0903,0,0
3160,0904,0,0
3160,0905,0,0
3160,0906,0,0
3160,0907,0,0
3160,0908,0,0
3160,0909,0,0
3160,0910,0,0
3160,0911,0,0
3160,0912,0,0
3160,0913,0,0
3160,0914,0,0
3161,0901,0,0
3161,0902,0,0
3161,0903,0,0
3161,0904,0,0
3161,0905,0,0
3161,0906,0,0
3161,0907,0,0
3161,0908,0,0
3161,0909,0,0
3161,0910,0,0
3161,0911,0,0
3161,0912,0,0
3161,0913,0,0
3161,0914,0,0
3162,0901,0,0
3162,0902,0,0
3162,0903,0,0
3162,0904,0,0
3162,0905,0,0
3162,0906,0,0
3162,0907,0,0
3162,0908,0,0
3162,0909,0,0
3162,0910,0,0
3162,0911,0,0
3162,0912,0,0
3162,0913,0,0
3162,0914,0,0
3163,0901,0,0
3163,0902,0,0
3163,0903,0,0
3163,0904,0,0
3163,0905,0,0
3163,0906,0,0
3163,0907,0,0
3163,0908,0,0
3163,0909,0,0
3163,0910,0,0
3163,0911,0,0
3163,0912,0,0
3163,0913,0,0
3163,0914,0,0
3164,0901,0,0
3164,0902,0,0
3164,0903,0,0
3164,0904,0,0
3164,0905,0,0
3164,0906,0,0
3164,0907,0,0
3164,0908,0,0
3164,0909,0,0
3164,0910,0,0
3164,0911,0,0
3164,0912,0,0
3164,0913,0,0
3164,0914,0,0
3165,0901,0,0
3165,0902,0,0
3165,0903,0,0
3165,0904,0,0
3165,0905,0,0
3165,0906,0,0
3165,0907,0,0
3165,0908,0,0
3165,0909,0,0
3165,0910,0,0
3165,0911,0,0
3165,0912,0,0
3165,0913,0,0
3165,0914,0,0
3166,0901,0,0
3166,0902,0,0
3166,0903,0,0
3166,0904,0,0
3166,0905,0,0
3166,0906,0,0
3166,0907,0,0
3166,0908,0,0
3166,0909,0,0
3166,0910,0,0
3166,0911,0,0
3166,0912,0,0
3166,0913,0,0
3166,0914,0,0
3167,0901,0,0
3167,0902,0,0
3167,0903,0,0
3167,0904,0,0
3167,0905,0,0
3167,0906,0,0
3167,0907,0,0
3167,0908,0,0
3167,0909,0,0
3167,0910,0,0
3167,0911,0,0
3167,0912,0,0
3167,0913,0,0
3167,0914,0,0
3168,0901,0,0
3168,0902,0,0
3168,0903,0,0
3168,0904,0,0
3168,0905,0,0
3168,0906,0,0
3168,0907,0,0
3168,0908,0,0
3168,0909,0,0
3168,0910,0,0
3168,0911,0,0
3168,0912,0,0
3168,0913,0,0
3168,0914,0,0
3169,0901,0,0
3169,0902,0,0
3169,0903,0,0
3169,0904,0,0
3169,0905,0,0
3169,0906,0,0
3169,0907,0,0
3169,0908,0,0
3169,0909,0,0
3169,0910,0,0
3169,0911,0,0
3169,0912,0,0
3169,0913,0,0
3169,0914,0,0
3170,0901,0,0
3170,0902,0,0
3170,0903,0,0
3170,0904,0,0
3170,0905,0,0
3170,0906,0,0
3170,0907,0,0
3170,0908,0,0
3170,0909,0,0
3170,0910,0,0
3170,0911,0,0
3170,0912,0,0
3170,0913,0,0
3170,0914,0,0
3171,0901,0,0
3171,0902,0,0
3171,0903,0,0
3171,0904,0,0
3171,0905,0,0
3171,0906,0,0
3171,0907,0,0
3171,0908,0,0
3171,0909,0,0
3171,0910,0,0
3171,0911,0,0
3171,0912,0,0
3171,0913,0,0
3171,0914,0,0
3172,0901,0,0
3172,0902,0,0
3172,0903,0,0
3172,0904,0,0
3172,0905,0,0
3172,0906,0,0
3172,0907,0,0
3172,0908,0,0
3172,0909,0,0
3172,0910,0,0
3172,0911,0,0
3172,0912,0,0
3172,0913,0,0
3172,0914,0,0
3173,0901,0,0
3173,0902,0,0
3173,0903,0,0
3173,0904,0,0
3173,0905,0,0
3173,0906,0,0
3173,0907,0,0
3173,0908,0,0
3173,0909,0,0
3173,0910,0,0
3173,0911,0,0
3173,0912,0,0
3173,0913,0,0
3173,0914,0,0
3174,0901,0,0
3174,0902,0,0
3174,0903,0,0
3174,0904,0,0
3174,0905,0,0
3174,0906,0,0
3174,0907,0,0
3174,0908,0,0
3174,0909,0,0
3174,0910,0,0
3174,0911,0,0
3174,0912,0,0
3174,0913,0,0
3174,0914,0,0
3175,0901,0,0
3175,0902,0,0
3175,0903,0,0
3175,0904,0,0
3175,0905,0,0
3175,0906,0,0
3175,0907,0,0
3175,0908,0,0
3175,0909,0,0
3175,0910,0,0
3175,0911,0,0
3175,0912,0,0
3175,0913,0,0
3175,0914,0,0
3176,0901,0,0
3176,0902,0,0
3176,0903,0,0
3176,0904,0,0
3176,0905,0,0
3176,0906,0,0
3176,0907,0,0
3176,0908,0,0
3176,0909,0,0
3176,0910,0,0
3176,0911,0,0
3176,0912,0,0
3176,0913,0,0
3176,0914,0,0
3177,0901,0,0
3177,0902,0,0
3177,0903,0,0
3177,0904,0,0
3177,0905,0,0
3177,0906,0,0
3177,0907,0,0
3177,0908,0,0
3177,0909,0,0
3177,0910,0,0
3177,0911,0,0
3177,0912,0,0
3177,0913,0,0
3177,0914,0,0
3178,0901,0,0
3178,0902,0,0
3178,0903,0,0
3178,0904,0,0
3178,0905,0,0
3178,0906,0,0
3178,0907,0,0
3178,0908,0,0
3178,0909,0,0
3178,0910,0,0
3178,0911,0,0
3178,0912,0,0
3178,0913,0,0
3178,0914,0,0
3179,0901,0,0
3179,0902,0,0
3179,0903,0,0
3179,0904,0,0
3179,0905,0,0
3179,0906,0,0
3179,0907,0,0
3179,0908,0,0
3179,0909,0,0
3179,0910,0,0
3179,0911,0,0
3179,0912,0,0
3179,0913,0,0
3179,0914,0,0
3180,0901,0,0
3180,0902,0,0
3180,0903,0,0
3180,0904,0,0
3180,0905,0,0
3180,0906,0,0
3180,0907,0,0
3180,0908,0,0
3180,0909,0,0
3180,0910,0,0
3180,0911,0,0
3180,0912,0,0
3180,0913,0,0
3180,0914,0,0
3181,0901,0,0
3181,0902,0,0
3181,0903,0,0
3181,0904,0,0
3181,0905,0,0
3181,0906,0,0
3181,0907,0,0
3181,0908,0,0
3181,0909,0,0
3181,0910,0,0
3181,0911,0,0
3181,0912,0,0
3181,0913,0,0
3181,0914,0,0
3182,0901,0,0
3182,0902,0,0
3182,0903,0,0
3182,0904,0,0
3182,0905,0,0
3182,0906,0,0
3182,0907,0,0
3182,0908,0,0
3182,0909,0,0
3182,0910,0,0
3182,0911,0,0
3182,0912,0,0
3182,0913,0,0
3182,0914,0,0
3183,0901,0,0
3183,0902,0,0
3183,0903,0,0
3183,0904,0,0
3183,0905,0,0
3183,0906,0,0
3183,0907,0,0
3183,0908,0,0
3183,0909,0,0
3183,0910,0,0
3183,0911,0,0
3183,0912,0,0
3183,0913,0,0
3183,0914,0,0
3184,0901,0,0
3184,0902,0,0
3184,0903,0,0
3184,0904,0,0
3184,0905,0,0
3184,0906,0,0
3184,0907,0,0
3184,0908,0,0
3184,0909,0,0
3184,0910,0,0
3184,0911,0,0
3184,0912,0,0
3184,0913,0,0
3184,0914,0,0
3185,0901,0,0
3185,0902,0,0
3185,0903,0,0
3185,0904,0,0
3185,0905,0,0
3185,0906,0,0
3185,0907,0,0
3185,0908,0,0
3185,0909,0,0
3185,0910,0,0
3185,0911,0,0
3185,0912,0,0
3185,0913,0,0
3185,0914,0,0
3186,0901,0,0
3186,0902,0,0
3186,0903,0,0
3186,0904,0,0
3186,0905,0,0
3186,0906,0,0
3186,0907,0,0
3186,0908,0,0
3186,0909,0,0
3186,0910,0,0
3186,0911,0,0
3186,0912,0,0
3186,0913,0,0
3186,0914,0,0
3187,0901,0,0
3187,0902,0,0
3187,0903,0,0
3187,0904,0,0
3187,0905,0,0
3187,0906,0,0
3187,0907,0,0
3187,0908,0,0
3187,0909,0,0
3187,0910,0,0
3187,0911,0,0
3187,0912,0,0
3187,0913,0,0
3187,0914,0,0
3188,0901,0,0
3188,0902,0,0
3188,0903,0,0
3188,0904,0,0
3188,0905,0,0
3188,0906,0,0
3188,0907,0,0
3188,0908,0,0
3188,0909,0,0
3188,0910,0,0
3188,0911,0,0
3188,0912,0,0
3188,0913,0,0
3188,0914,0,0
3189,0901,0,0
3189,0902,0,0
3189,0903,0,0
3189,0904,0,0
3189,0905,0,0
3189,0906,0,0
3189,0907,0,0
3189,0908,0,0
3189,0909,0,0
3189,0910,0,0
3189,0911,0,0
3189,0912,0,0
3189,0913,0,0
3189,0914,0,0
3190,0901,0,0
3190,0902,0,0
3190,0903,0,0
3190,0904,0,0
3190,0905,0,0
3190,0906,0,0
3190,0907,0,0
3190,0908,0,0
3190,0909,0,0
3190,0910,0,0
3190,0911,0,0
3190,0912,0,0
3190,0913,0,0
3190,0914,0,0
3191,0901,0,0
3191,0902,0,0
3191,0903,0,0
3191,0904,0,0
3191,0905,0,0
3191,0906,0,0
3191,0907,0,0
3191,0908,0,0
3191,0909,0,0
3191,0910,0,0
3191,0911,0,0
3191,0912,0,0
3191,0913,0,0
3191,0914,0,0
3192,0901,0,0
3192,0902,0,0
3192,0903,0,0
3192,0904,0,0
3192,0905,0,0
3192,0906,0,0
3192,0907,0,0
3192,0908,0,0
3192,0909,0,0
3192,0910,0,0
3192,0911,0,0
3192,0912,0,0
3192,0913,0,0
3192,0914,0,0
3193,0901,0,0
3193,0902,0,0
3193,0903,0,0
3193,0904,0,0
3193,0905,0,0
3193,0906,0,0
3193,0907,0,0
3193,0908,1,0
3193,0909,0,0
3193,0910,0,0
3193,0911,0,0
3193,0912,0,0
3193,0913,0,0
3193,0914,0,0
3194,0901,0,0
3194,0902,0,0
3194,0903,0,0
3194,0904,0,0
3194,0905,0,0
3194,0906,0,0
3194,0907,0,0
3194,0908,0,0
3194,0909,0,0
3194,0910,0,0
3194,0911,0,0
3194,0912,0,0
3194,0913,0,0
3194,0914,0,0
3195,0901,0,0
3195,0902,0,0
3195,0903,0,0
3195,0904,0,0
3195,0905,0,0
3195,0906,0,0
3195,0907,0,0
3195,0908,0,0
3195,0909,0,0
3195,0910,0,0
3195,0911,0,0
3195,0912,0,0
3195,0913,0,0
3195,0914,0,0
3196,0901,0,0
3196,0902,0,0
3196,0903,0,0
3196,0904,0,0
3196,0905,0,0
3196,0906,0,0
3196,0907,0,0
3196,0908,0,0
3196,0909,0,0
3196,0910,0,0
3196,0911,0,0
3196,0912,0,0
3196,0913,0,0
3196,0914,0,0
3197,0901,0,0
3197,0902,0,0
3197,0903,0,0
3197,0904,0,0
3197,0905,0,0
3197,0906,0,0
3197,0907,0,0
3197,0908,0,0
3197,0909,0,0
3197,0910,0,0
3197,0911,0,0
3197,0912,0,0
3197,0913,0,0
3197,0914,0,0
3198,0901,0,0
3198,0902,0,0
3198,0903,0,0
3198,0904,0,0
3198,0905,0,0
3198,0906,0,0
3198,0907,0,0
3198,0908,0,0
3198,0909,0,0
3198,0910,0,0
3198,0911,0,0
3198,0912,0,0
3198,0913,0,0
3198,0914,0,0
3199,0901,0,0
3199,0902,0,0
3199,0903,0,0
3199,0904,0,0
3199,0905,0,0
3199,0906,0,0
3199,0907,0,0
3199,0908,0,0
3199,0909,0,0
3199,0910,0,0
3199,0911,0,0
3199,0912,0,0
3199,0913,0,0
3199,0914,0,0
3200,0901,0,0
3200,0902,0,0
3200,0903,0,0
3200,0904,0,0
3200,0905,0,0
3200,0906,0,0
3200,0907,0,0
3200,0908,0,0
3200,0909,0,0
3200,0910,0,0
3200,0911,0,0
3200,0912,0,0
3200,0913,0,0
3200,0914,0,0
3201,0901,0,0
3201,0902,0,0
3201,0903,0,0
3201,0904,0,0
3201,0905,0,0
3201,0906,0,0
3201,0907,0,0
3201,0908,0,0
3201,0909,0,0
3201,0910,0,0
3201,0911,0,0
3201,0912,0,0
3201,0913,0,0
3201,0914,0,0
3202,0901,0,0
3202,0902,0,0
3202,0903,0,0
3202,0904,0,0
3202,0905,0,0
3202,0906,0,0
3202,0907,0,0
3202,0908,0,0
3202,0909,0,0
3202,0910,0,0
3202,0911,0,0
3202,0912,0,0
3202,0913,0,0
3202,0914,0,0
3203,0901,0,0
3203,0902,0,0
3203,0903,0,0
3203,0904,0,0
3203,0905,0,0
3203,0906,0,0
3203,0907,0,0
3203,0908,0,0
3203,0909,0,0
3203,0910,0,0
3203,0911,0,0
3203,0912,0,0
3203,0913,0,0
3203,0914,0,0
3204,0901,0,0
3204,0902,0,0
3204,0903,0,0
3204,0904,0,0
3204,0905,0,0
3204,0906,0,0
3204,0907,0,0
3204,0908,0,0
3204,0909,0,0
3204,0910,0,0
3204,0911,0,0
3204,0912,0,0
3204,0913,0,0
3204,0914,0,0
3205,0901,0,0
3205,0902,0,0
3205,0903,0,0
3205,0904,0,0
3205,0905,0,0
3205,0906,0,0
3205,0907,0,0
3205,0908,0,0
3205,0909,0,0
3205,0910,0,0
3205,0911,0,0
3205,0912,0,0
3205,0913,0,0
3205,0914,0,0
3206,0901,0,0
3206,0902,0,0
3206,0903,0,0
3206,0904,0,0
3206,0905,0,0
3206,0906,0,0
3206,0907,0,0
3206,0908,0,0
3206,0909,0,0
3206,0910,0,0
3206,0911,0,0
3206,0912,0,0
3206,0913,0,0
3206,0914,0,0
3207,0901,0,0
3207,0902,0,0
3207,0903,0,0
3207,0904,0,0
3207,0905,0,0
3207,0906,0,0
3207,0907,0,0
3207,0908,0,0
3207,0909,0,0
3207,0910,0,0
3207,0911,0,0
3207,0912,0,0
3207,0913,0,0
3207,0914,0,0
3208,0901,0,0
3208,0902,0,0
3208,0903,0,0
3208,0904,0,0
3208,0905,0,0
3208,0906,0,0
3208,0907,0,0
3208,0908,0,0
3208,0909,0,0
3208,0910,0,0
3208,0911,1,0
3208,0912,0,0
3208,0913,0,0
3208,0914,0,0
3209,0901,0,0
3209,0902,0,0
3209,0903,0,0
3209,0904,0,0
3209,0905,0,0
3209,0906,0,0
3209,0907,0,0
3209,0908,0,0
3209,0909,0,0
3209,0910,0,0
3209,0911,0,0
3209,0912,0,0
3209,0913,0,0
3209,0914,0,0
3210,0901,0,0
3210,0902,0,0
3210,0903,0,0
3210,0904,0,0
3210,0905,0,0
3210,0906,0,0
3210,0907,0,0
3210,0908,0,0
3210,0909,0,0
3210,0910,0,0
3210,0911,0,0
3210,0912,0,0
3210,0913,0,0
3210,0914,0,0
3211,0901,0,0
3211,0902,0,0
3211,0903,0,0
3211,0904,0,0
3211,0905,0,0
3211,0906,0,0
3211,0907,0,0
3211,0908,0,0
3211,0909,0,0
3211,0910,0,0
3211,0911,0,0
3211,0912,0,0
3211,0913,0,0
3211,0914,0,0
3212,0901,0,0
3212,0902,0,0
3212,0903,0,0
3212,0904,0,0
3212,0905,0,0
3212,0906,0,0
3212,0907,0,0
3212,0908,0,0
3212,0909,0,0
3212,0910,0,0
3212,0911,0,0
3212,0912,0,0
3212,0913,0,0
3212,0914,0,0
3213,0901,0,0
3213,0902,0,0
3213,0903,0,0
3213,0904,0,0
3213,0905,0,0
3213,0906,0,0
3213,0907,0,0
3213,0908,0,0
3213,0909,0,0
3213,0910,0,0
3213,0911,0,0
3213,0912,0,0
3213,0913,0,0
3213,0914,0,0
3214,0901,0,0
3214,0902,0,0
3214,0903,0,0
3214,0904,0,0
3214,0905,0,0
3214,0906,0,0
3214,0907,0,0
3214,0908,0,0
3214,0909,0,0
3214,0910,0,0
3214,0911,0,0
3214,0912,0,0
3214,0913,0,0
3214,0914,0,0
3215,0901,0,0
3215,0902,0,0
3215,0903,0,0
3215,0904,0,0
3215,0905,0,0
3215,0906,0,0
3215,0907,0,0
3215,0908,0,0
3215,0909,0,0
3215,0910,0,0
3215,0911,0,0
3215,0912,0,0
3215,0913,0,0
3215,0914,0,0
3216,0901,0,0
3216,0902,0,0
3216,0903,0,0
3216,0904,0,0
3216,0905,0,0
3216,0906,0,0
3216,0907,0,0
3216,0908,0,0
3216,0909,0,0
3216,0910,0,0
3216,0911,0,0
3216,0912,0,0
3216,0913,0,0
3216,0914,0,0
3217,0901,0,0
3217,0902,0,0
3217,0903,0,0
3217,0904,0,0
3217,0905,0,0
3217,0906,0,0
3217,0907,0,0
3217,0908,0,0
3217,0909,0,0
3217,0910,0,0
3217,0911,0,0
3217,0912,0,0
3217,0913,0,0
3217,0914,0,0
3218,0901,0,0
3218,0902,0,0
3218,0903,0,0
3218,0904,0,0
3218,0905,0,0
3218,0906,0,0
3218,0907,0,0
3218,0908,0,0
3218,0909,0,0
3218,0910,0,0
3218,0911,0,0
3218,0912,0,0
3218,0913,0,0
3218,0914,0,0
3219,0901,0,0
3219,0902,0,0
3219,0903,0,0
3219,0904,0,0
3219,0905,0,0
3219,0906,0,0
3219,0907,0,0
3219,0908,0,0
3219,0909,0,0
3219,0910,0,0
3219,0911,0,0
3219,0912,0,0
3219,0913,0,0
3219,0914,0,0
3220,0901,0,0
3220,0902,0,0
3220,0903,0,0
3220,0904,0,0
3220,0905,0,0
3220,0906,0,0
3220,0907,0,0
3220,0908,0,0
3220,0909,0,0
3220,0910,0,0
3220,0911,0,0
3220,0912,0,0
3220,0913,0,0
3220,0914,0,0
3221,0901,0,0
3221,0902,0,0
3221,0903,0,0
3221,0904,0,0
3221,0905,0,0
3221,0906,0,0
3221,0907,0,0
3221,0908,0,0
3221,0909,0,0
3221,0910,0,0
3221,0911,0,0
3221,0912,0,0
3221,0913,0,0
3221,0914,0,0
3222,0901,0,0
3222,0902,0,0
3222,0903,0,0
3222,0904,0,0
3222,0905,0,0
3222,0906,0,0
3222,0907,0,0
3222,0908,0,0
3222,0909,0,0
3222,0910,0,0
3222,0911,0,0
3222,0912,0,0
3222,0913,0,0
3222,0914,0,0
3223,0901,0,0
3223,0902,0,0
3223,0903,0,0
3223,0904,0,0
3223,0905,0,0
3223,0906,0,0
3223,0907,0,0
3223,0908,0,0
3223,0909,0,0
3223,0910,0,0
3223,0911,0,0
3223,0912,0,0
3223,0913,0,0
3223,0914,0,0
3224,0901,0,0
3224,0902,0,0
3224,0903,0,0
3224,0904,0,0
3224,0905,0,0
3224,0906,0,0
3224,0907,0,0
3224,0908,0,0
3224,0909,0,0
3224,0910,0,0
3224,0911,0,0
3224,0912,0,0
3224,0913,0,0
3224,0914,0,0
3225,0901,0,0
3225,0902,0,0
3225,0903,0,0
3225,0904,0,0
3225,0905,0,0
3225,0906,0,0
3225,0907,0,0
3225,0908,0,0
3225,0909,0,0
3225,0910,0,0
3225,0911,0,0
3225,0912,0,0
3225,0913,0,0
3225,0914,0,0
3226,0901,0,0
3226,0902,0,0
3226,0903,0,0
3226,0904,0,0
3226,0905,0,0
3226,0906,0,0
3226,0907,0,0
3226,0908,0,0
3226,0909,0,0
3226,0910,0,0
3226,0911,0,0
3226,0912,0,0
3226,0913,0,0
3226,0914,0,0
3227,0901,0,0
3227,0902,0,0
3227,0903,0,0
3227,0904,0,0
3227,0905,0,0
3227,0906,0,0
3227,0907,0,0
3227,0908,0,0
3227,0909,0,0
3227,0910,0,0
3227,0911,0,0
3227,0912,0,0
3227,0913,0,0
3227,0914,1,0
3228,0901,0,0
3228,0902,0,0
3228,0903,0,0
3228,0904,0,0
3228,0905,0,0
3228,0906,0,0
3228,0907,0,0
3228,0908,0,0
3228,0909,0,0
3228,0910,0,0
3228,0911,0,0
3228,0912,0,0
3228,0913,0,0
3228,0914,0,0
3229,0901,0,0
3229,0902,0,0
3229,0903,0,0
3229,0904,0,0
3229,0905,0,0
3229,0906,0,0
3229,0907,0,0
3229,0908,0,0
3229,0909,0,0
3229,0910,0,0
3229,0911,0,0
3229,0912,0,0
3229,0913,0,0
3229,0914,0,0
3230,0901,0,0
3230,0902,0,0
3230,0903,0,0
3230,0904,0,0
3230,0905,0,0
3230,0906,0,0
3230,0907,0,0
3230,0908,0,0
3230,0909,0,0
3230,0910,0,0
3230,0911,0,0
3230,0912,0,0
3230,0913,0,0
3230,0914,0,0
3231,0901,0,0
3231,0902,0,0
3231,0903,0,0
3231,0904,0,0
3231,0905,0,0
3231,0906,0,0
3231,0907,0,0
3231,0908,0,0
3231,0909,0,0
3231,0910,0,0
3231,0911,0,0
3231,0912,0,0
3231,0913,0,0
3231,0914,0,0
3232,0901,0,0
3232,0902,0,0
3232,0903,0,0
3232,0904,0,0
3232,0905,0,0
3232,0906,0,0
3232,0907,0,0
3232,0908,0,0
3232,0909,0,0
3232,0910,0,0
3232,0911,0,0
3232,0912,0,0
3232,0913,0,0
3232,0914,0,0
3233,0901,0,0
3233,0902,0,0
3233,0903,0,0
3233,0904,0,0
3233,0905,0,0
3233,0906,0,0
3233,0907,0,0
3233,0908,0,0
3233,0909,0,0
3233,0910,0,0
3233,0911,0,0
3233,0912,0,0
3233,0913,0,0
3233,0914,0,0
3234,0901,0,0
3234,0902,0,0
3234,0903,0,0
3234,0904,0,0
3234,0905,0,0
3234,0906,0,0
3234,0907,0,0
3234,0908,0,0
3234,0909,0,0
3234,0910,0,0
3234,0911,0,0
3234,0912,0,0
3234,0913,0,0
3234,0914,0,0
3235,0901,0,0
3235,0902,0,0
3235,0903,0,0
3235,0904,0,0
3235,0905,0,0
3235,0906,0,0
3235,0907,0,0
3235,0908,0,0
3235,0909,0,0
3235,0910,0,0
3235,0911,0,0
3235,0912,0,0
3235,0913,0,0
3235,0914,0,0
3236,0901,0,0
3236,0902,0,0
3236,0903,0,0
3236,0904,0,0
3236,0905,0,0
3236,0906,0,0
3236,0907,0,0
3236,0908,0,0
3236,0909,0,0
3236,0910,0,0
3236,0911,0,0
3236,0912,0,0
3236,0913,0,0
3236,0914,0,0
3237,0901,0,0
3237,0902,0,0
3237,0903,0,0
3237,0904,0,0
3237,0905,0,0
3237,0906,0,0
3237,0907,0,0
3237,0908,0,0
3237,0909,0,0
3237,0910,0,0
3237,0911,0,0
3237,0912,0,0
3237,0913,0,0
3237,0914,0,0
3238,0901,0,0
3238,0902,0,0
3238,0903,0,0
3238,0904,0,0
3238,0905,0,0
3238,0906,0,0
3238,0907,0,0
3238,0908,0,0
3238,0909,0,0
3238,0910,0,0
3238,0911,0,0
3238,0912,0,0
3238,0913,0,0
3238,0914,0,0
3239,0901,0,0
3239,0902,0,0
3239,0903,0,0
3239,0904,0,0
3239,0905,0,0
3239,0906,0,0
3239,0907,0,0
3239,0908,0,0
3239,0909,0,0
3239,0910,0,0
3239,0911,0,0
3239,0912,0,0
3239,0913,0,0
3239,0914,0,0
3240,0901,0,0
3240,0902,0,0
3240,0903,0,0
3240,0904,0,0
3240,0905,0,0
3240,0906,0,0
3240,0907,0,0
3240,0908,0,0
3240,0909,0,0
3240,0910,0,0
3240,0911,0,0
3240,0912,0,0
3240,0913,0,0
3240,0914,0,0
3241,0901,0,0
3241,0902,0,0
3241,0903,0,0
3241,0904,0,0
3241,0905,0,0
3241,0906,0,0
3241,0907,0,0
3241,0908,0,0
3241,0909,0,0
3241,0910,0,0
3241,0911,0,0
3241,0912,0,0
3241,0913,0,0
3241,0914,0,0
3242,0901,0,0
3242,0902,0,0
3242,0903,0,0
3242,0904,0,0
3242,0905,0,0
3242,0906,0,0
3242,0907,0,0
3242,0908,0,0
3242,0909,0,0
3242,0910,0,0
3242,0911,0,0
3242,0912,0,0
3242,0913,0,0
3242,0914,0,0
3243,0901,0,0
3243,0902,0,0
3243,0903,0,0
3243,0904,0,0
3243,0905,0,0
3243,0906,0,0
3243,0907,0,0
3243,0908,0,0
3243,0909,0,0
3243,0910,0,0
3243,0911,0,0
3243,0912,0,0
3243,0913,0,0
3243,0914,0,0
3244,0901,0,0
3244,0902,0,0
3244,0903,0,0
3244,0904,0,0
3244,0905,0,0
3244,0906,0,0
3244,0907,0,0
3244,0908,0,0
3244,0909,0,0
3244,0910,0,0
3244,0911,0,0
3244,0912,0,0
3244,0913,0,0
3244,0914,0,0
3245,0901,0,0
3245,0902,0,0
3245,0903,0,0
3245,0904,0,0
3245,0905,0,0
3245,0906,0,0
3245,0907,0,0
3245,0908,0,0
3245,0909,0,0
3245,0910,0,0
3245,0911,0,0
3245,0912,0,0
3245,0913,0,0
3245,0914,0,0
3246,0901,0,0
3246,0902,0,0
3246,0903,0,0
3246,0904,0,0
3246,0905,0,0
3246,0906,0,0
3246,0907,0,0
3246,0908,0,0
3246,0909,0,0
3246,0910,0,0
3246,0911,0,0
3246,0912,0,0
3246,0913,0,0
3246,0914,0,0
3247,0901,0,0
3247,0902,0,0
3247,0903,0,0
3247,0904,0,0
3247,0905,0,0
3247,0906,0,0
3247,0907,0,0
3247,0908,0,0
3247,0909,0,0
3247,0910,0,0
3247,0911,0,0
3247,0912,0,0
3247,0913,0,0
3247,0914,0,0
3248,0901,0,0
3248,0902,0,0
3248,0903,0,0
3248,0904,0,0
3248,0905,0,0
3248,0906,0,0
3248,0907,0,0
3248,0908,0,0
3248,0909,0,0
3248,0910,0,0
3248,0911,0,0
3248,0912,1,0
3248,0913,0,0
3248,0914,0,0
3249,0901,0,0
3249,0902,0,0
3249,0903,0,0
3249,0904,0,0
3249,0905,0,0
3249,0906,0,0
3249,0907,0,0
3249,0908,0,0
3249,0909,0,0
3249,0910,0,0
3249,0911,0,0
3249,0912,0,0
3249,0913,0,0
3249,0914,0,0
3250,0901,0,0
3250,0902,0,0
3250,0903,0,0
3250,0904,0,0
3250,0905,0,0
3250,0906,0,0
3250,0907,0,0
3250,0908,0,0
3250,0909,0,0
3250,0910,0,0
3250,0911,0,0
3250,0912,0,0
3250,0913,0,0
3250,0914,0,0
3251,0901,0,0
3251,0902,0,0
3251,0903,0,0
3251,0904,0,0
3251,0905,0,0
3251,0906,0,0
3251,0907,0,0
3251,0908,0,0
3251,0909,0,0
3251,0910,0,0
3251,0911,0,0
3251,0912,0,0
3251,0913,0,0
3251,0914,0,0
3252,0901,0,0
3252,0902,0,0
3252,0903,0,0
3252,0904,0,0
3252,0905,0,0
3252,0906,0,0
3252,0907,0,0
3252,0908,0,0
3252,0909,0,0
3252,0910,0,0
3252,0911,0,0
3252,0912,0,0
3252,0913,0,0
3252,0914,0,0
3253,0901,0,0
3253,0902,0,0
3253,0903,0,0
3253,0904,0,0
3253,0905,0,0
3253,0906,0,0
3253,0907,0,0
3253,0908,0,0
3253,0909,0,0
3253,0910,0,0
3253,0911,0,0
3253,0912,0,0
3253,0913,0,0
3253,0914,0,0
3254,0901,0,0
3254,0902,0,0
3254,0903,0,0
3254,0904,0,0
3254,0905,0,0
3254,0906,0,0
3254,0907,0,0
3254,0908,0,0
3254,0909,0,0
3254,0910,0,0
3254,0911,0,0
3254,0912,0,0
3254,0913,0,0
3254,0914,0,0
3255,0901,0,0
3255,0902,0,0
3255,0903,0,0
3255,0904,0,0
3255,0905,0,0
3255,0906,0,0
3255,0907,0,0
3255,0908,0,0
3255,0909,0,0
3255,0910,0,0
3255,0911,0,0
3255,0912,0,0
3255,0913,0,0
3255,0914,0,0
3256,0901,0,0
3256,0902,0,0
3256,0903,0,0
3256,0904,0,0
3256,0905,0,0
3256,0906,0,0
3256,0907,0,0
3256,0908,0,0
3256,0909,0,0
3256,0910,0,0
3256,0911,0,0
3256,0912,0,0
3256,0913,0,0
3256,0914,0,0
3257,0901,0,0
3257,0902,0,0
3257,0903,0,0
3257,0904,0,0
3257,0905,0,0
3257,0906,0,0
3257,0907,0,0
3257,0908,0,0
3257,0909,0,0
3257,0910,0,0
3257,0911,0,0
3257,0912,0,0
3257,0913,0,0
3257,0914,0,0
3258,0901,0,0
3258,0902,0,0
3258,0903,0,0
3258,0904,0,0
3258,0905,0,0
3258,0906,0,0
3258,0907,0,0
3258,0908,0,0
3258,0909,0,0
3258,0910,0,0
3258,0911,0,0
3258,0912,0,0
3258,0913,0,0
3258,0914,0,0
3259,0901,0,0
3259,0902,0,0
3259,0903,0,0
3259,0904,0,0
3259,0905,0,0
3259,0906,0,0
3259,0907,0,0
3259,0908,0,0
3259,0909,0,0
3259,0910,0,0
3259,0911,0,0
3259,0912,0,0
3259,0913,0,0
3259,0914,0,0
3260,0901,0,0
3260,0902,0,0
3260,0903,0,0
3260,0904,0,0
3260,0905,0,0
3260,0906,0,0
3260,0907,0,0
3260,0908,0,0
3260,0909,0,0
3260,0910,0,0
3260,0911,0,0
3260,0912,0,0
3260,0913,0,0
3260,0914,0,0
3261,0901,0,0
3261,0902,0,0
3261,0903,0,0
3261,0904,0,0
3261,0905,0,0
3261,0906,0,0
3261,0907,0,0
3261,0908,0,0
3261,0909,0,0
3261,0910,0,0
3261,0911,0,0
3261,0912,0,0
3261,0913,0,0
3261,0914,0,0
3262,0901,0,0
3262,0902,0,0
3262,0903,0,0
3262,0904,0,0
3262,0905,0,0
3262,0906,0,0
3262,0907,0,0
3262,0908,0,0
3262,0909,0,0
3262,0910,0,0
3262,0911,0,0
3262,0912,0,0
3262,0913,0,0
3262,0914,0,0
3263,0901,0,0
3263,0902,0,0
3263,0903,0,0
3263,0904,0,0
3263,0905,0,0
3263,0906,0,0
3263,0907,0,0
3263,0908,0,0
3263,0909,0,0
3263,0910,0,0
3263,0911,0,0
3263,0912,0,0
3263,0913,0,0
3263,0914,0,0
3264,0901,0,0
3264,0902,0,0
3264,0903,0,0
3264,0904,0,0
3264,0905,0,0
3264,0906,0,0
3264,0907,0,0
3264,0908,0,0
3264,0909,0,0
3264,0910,0,0
3264,0911,0,0
3264,0912,0,0
3264,0913,0,0
3264,0914,0,0
3265,0901,0,0
3265,0902,0,0
3265,0903,0,0
3265,0904,0,0
3265,0905,0,0
3265,0906,0,0
3265,0907,0,0
3265,0908,0,0
3265,0909,0,0
3265,0910,0,0
3265,0911,0,0
3265,0912,0,0
3265,0913,0,0
3265,0914,0,0
3266,0901,0,0
3266,0902,0,0
3266,0903,0,0
3266,0904,0,0
3266,0905,0,0
3266,0906,0,0
3266,0907,0,0
3266,0908,0,0
3266,0909,0,0
3266,0910,0,0
3266,0911,0,0
3266,0912,0,0
3266,0913,0,0
3266,0914,0,0
3267,0901,0,0
3267,0902,0,0
3267,0903,0,0
3267,0904,0,0
3267,0905,0,0
3267,0906,0,0
3267,0907,0,0
3267,0908,0,0
3267,0909,0,0
3267,0910,0,0
3267,0911,0,0
3267,0912,0,0
3267,0913,0,0
3267,0914,0,0
3268,0901,0,0
3268,0902,0,0
3268,0903,0,0
3268,0904,0,0
3268,0905,0,0
3268,0906,0,0
3268,0907,0,0
3268,0908,0,0
3268,0909,0,0
3268,0910,0,0
3268,0911,0,0
3268,0912,0,0
3268,0913,0,0
3268,0914,0,0
3269,0901,0,0
3269,0902,0,0
3269,0903,0,0
3269,0904,0,0
3269,0905,0,0
3269,0906,0,0
3269,0907,0,0
3269,0908,0,0
3269,0909,0,0
3269,0910,0,0
3269,0911,0,0
3269,0912,0,0
3269,0913,0,0
3269,0914,0,0
3270,0901,0,0
3270,0902,0,0
3270,0903,0,0
3270,0904,0,0
3270,0905,0,0
3270,0906,0,0
3270,0907,0,0
3270,0908,0,0
3270,0909,0,0
3270,0910,0,0
3270,0911,0,0
3270,0912,0,0
3270,0913,0,0
3270,0914,0,0
3271,0901,0,0
3271,0902,0,0
3271,0903,0,0
3271,0904,0,0
3271,0905,0,0
3271,0906,0,0
3271,0907,0,0
3271,0908,0,0
3271,0909,1,0
3271,0910,0,0
3271,0911,0,0
3271,0912,0,0
3271,0913,0,0
3271,0914,0,0
3272,0901,0,0
3272,0902,0,0
3272,0903,0,0
3272,0904,0,0
3272,0905,0,0
3272,0906,0,0
3272,0907,0,0
3272,0908,0,0
3272,0909,0,0
3272,0910,0,0
3272,0911,0,0
3272,0912,0,0
3272,0913,0,0
3272,0914,0,0
3273,0901,0,0
3273,0902,0,0
3273,0903,0,0
3273,0904,0,0
3273,0905,0,0
3273,0906,0,0
3273,0907,0,0
3273,0908,0,0
3273,0909,0,0
3273,0910,0,0
3273,0911,0,0
3273,0912,0,0
3273,0913,0,0
3273,0914,0,0
3274,0901,0,0
3274,0902,0,0
3274,0903,0,0
3274,0904,0,0
3274,0905,0,0
3274,0906,0,0
3274,0907,0,0
3274,0908,0,0
3274,0909,0,0
3274,0910,0,0
3274,0911,0,0
3274,0912,0,0
3274,0913,0,0
3274,0914,0,0
3275,0901,0,0
3275,0902,0,0
3275,0903,0,0
3275,0904,0,0
3275,0905,0,0
3275,0906,0,0
3275,0907,0,0
3275,0908,0,0
3275,0909,0,0
3275,0910,0,0
3275,0911,0,0
3275,0912,0,0
3275,0913,0,0
3275,0914,0,0
3276,0901,0,0
3276,0902,0,0
3276,0903,0,0
3276,0904,0,0
3276,0905,0,0
3276,0906,0,0
3276,0907,0,0
3276,0908,1,0
3276,0909,0,0
3276,0910,0,0
3276,0911,0,0
3276,0912,0,0
3276,0913,0,0
3276,0914,0,0
3277,0901,0,0
3277,0902,0,0
3277,0903,0,0
3277,0904,0,0
3277,0905,0,0
3277,0906,0,0
3277,0907,0,0
3277,0908,0,0
3277,0909,0,0
3277,0910,0,0
3277,0911,0,0
3277,0912,0,0
3277,0913,0,0
3277,0914,0,0
3278,0901,0,0
3278,0902,0,0
3278,0903,0,0
3278,0904,0,0
3278,0905,0,0
3278,0906,0,0
3278,0907,0,0
3278,0908,0,0
3278,0909,0,0
3278,0910,0,0
3278,0911,0,0
3278,0912,0,0
3278,0913,0,0
3278,0914,0,0
3279,0901,0,0
3279,0902,0,0
3279,0903,0,0
3279,0904,0,0
3279,0905,0,0
3279,0906,0,0
3279,0907,0,0
3279,0908,0,0
3279,0909,0,0
3279,0910,0,0
3279,0911,0,0
3279,0912,0,0
3279,0913,0,0
3279,0914,0,0
3280,0901,0,0
3280,0902,0,0
3280,0903,0,0
3280,0904,0,0
3280,0905,0,0
3280,0906,0,0
3280,0907,0,0
3280,0908,0,0
3280,0909,0,0
3280,0910,0,0
3280,0911,0,0
3280,0912,0,0
3280,0913,0,0
3280,0914,0,0
3281,0901,0,0
3281,0902,0,0
3281,0903,0,0
3281,0904,0,0
3281,0905,0,0
3281,0906,0,0
3281,0907,0,0
3281,0908,0,0
3281,0909,0,0
3281,0910,0,0
3281,0911,0,0
3281,0912,0,0
3281,0913,0,0
3281,0914,0,0
3282,0901,0,0
3282,0902,0,0
3282,0903,0,0
3282,0904,0,0
3282,0905,0,0
3282,0906,0,0
3282,0907,0,0
3282,0908,0,0
3282,0909,0,0
3282,0910,0,0
3282,0911,0,0
3282,0912,0,0
3282,0913,0,0
3282,0914,0,0
3283,0901,0,0
3283,0902,0,0
3283,0903,0,0
3283,0904,0,0
3283,0905,0,0
3283,0906,0,0
3283,0907,0,0
3283,0908,0,0
3283,0909,0,0
3283,0910,0,0
3283,0911,0,0
3283,0912,0,0
3283,0913,1,0
3283,0914,0,0
3284,0901,0,0
3284,0902,0,0
3284,0903,0,0
3284,0904,0,0
3284,0905,0,0
3284,0906,0,0
3284,0907,0,0
3284,0908,0,0
3284,0909,0,0
3284,0910,0,0
3284,0911,0,0
3284,0912,0,0
3284,0913,0,0
3284,0914,0,0
3285,0901,0,0
3285,0902,0,0
3285,0903,0,0
3285,0904,0,0
3285,0905,0,0
3285,0906,0,0
3285,0907,0,0
3285,0908,0,0
3285,0909,0,0
3285,0910,0,0
3285,0911,1,0
3285,0912,0,0
3285,0913,0,0
3285,0914,0,0
3286,0901,0,0
3286,0902,0,0
3286,0903,0,0
3286,0904,0,0
3286,0905,0,0
3286,0906,0,0
3286,0907,0,0
3286,0908,0,0
3286,0909,0,0
3286,0910,0,0
3286,0911,0,0
3286,0912,0,0
3286,0913,0,0
3286,0914,0,0
3287,0901,0,0
3287,0902,0,0
3287,0903,0,0
3287,0904,0,0
3287,0905,0,0
3287,0906,0,0
3287,0907,0,0
3287,0908,0,0
3287,0909,0,0
3287,0910,0,0
3287,0911,0,0
3287,0912,0,0
3287,0913,0,0
3287,0914,0,0
3288,0901,0,0
3288,0902,0,0
3288,0903,0,0
3288,0904,0,0
3288,0905,0,0
3288,0906,0,0
3288,0907,0,0
3288,0908,0,0
3288,0909,0,0
3288,0910,0,0
3288,0911,0,0
3288,0912,0,0
3288,0913,0,0
3288,0914,0,0
3289,0901,0,0
3289,0902,0,0
3289,0903,0,0
3289,0904,0,0
3289,0905,0,0
3289,0906,0,0
3289,0907,0,0
3289,0908,0,0
3289,0909,0,0
3289,0910,0,0
3289,0911,0,0
3289,0912,0,0
3289,0913,0,0
3289,0914,0,0
3290,0901,0,0
3290,0902,0,0
3290,0903,0,0
3290,0904,0,0
3290,0905,0,0
3290,0906,0,0
3290,0907,0,0
3290,0908,0,0
3290,0909,0,0
3290,0910,0,0
3290,0911,0,0
3290,0912,0,0
3290,0913,0,0
3290,0914,0,0
3291,0901,0,0
3291,0902,0,0
3291,0903,0,0
3291,0904,0,0
3291,0905,0,0
3291,0906,0,0
3291,0907,0,0
3291,0908,0,0
3291,0909,0,0
3291,0910,0,0
3291,0911,0,0
3291,0912,0,0
3291,0913,0,0
3291,0914,0,0
3292,0901,0,0
3292,0902,0,0
3292,0903,0,0
3292,0904,0,0
3292,0905,0,0
3292,0906,0,0
3292,0907,0,0
3292,0908,0,0
3292,0909,0,0
3292,0910,0,0
3292,0911,0,0
3292,0912,0,0
3292,0913,0,0
3292,0914,0,0
3293,0901,0,0
3293,0902,0,0
3293,0903,0,0
3293,0904,0,0
3293,0905,0,0
3293,0906,0,0
3293,0907,0,0
3293,0908,0,0
3293,0909,0,0
3293,0910,0,0
3293,0911,0,0
3293,0912,0,0
3293,0913,0,0
3293,0914,0,0
3294,0901,0,0
3294,0902,0,0
3294,0903,0,0
3294,0904,0,0
3294,0905,0,0
3294,0906,0,0
3294,0907,0,0
3294,0908,0,0
3294,0909,0,0
3294,0910,0,0
3294,0911,0,0
3294,0912,0,0
3294,0913,0,0
3294,0914,0,0
3295,0901,0,0
3295,0902,0,0
3295,0903,0,0
3295,0904,0,0
3295,0905,0,0
3295,0906,0,0
3295,0907,0,0
3295,0908,0,0
3295,0909,0,0
3295,0910,0,0
3295,0911,0,0
3295,0912,0,0
3295,0913,0,0
3295,0914,0,0
3296,0901,0,0
3296,0902,0,0
3296,0903,0,0
3296,0904,0,0
3296,0905,0,0
3296,0906,0,0
3296,0907,0,0
3296,0908,0,0
3296,0909,0,0
3296,0910,0,0
3296,0911,0,0
3296,0912,0,0
3296,0913,0,0
3296,0914,0,0
3297,0901,0,0
3297,0902,0,0
3297,0903,0,0
3297,0904,0,0
3297,0905,0,0
3297,0906,0,0
3297,0907,0,0
3297,0908,0,0
3297,0909,0,0
3297,0910,0,0
3297,0911,0,0
3297,0912,0,0
3297,0913,0,0
3297,0914,0,0
3298,0901,0,0
3298,0902,0,0
3298,0903,0,0
3298,0904,0,0
3298,0905,0,0
3298,0906,0,0
3298,0907,0,0
3298,0908,0,0
3298,0909,0,0
3298,0910,0,0
3298,0911,0,0
3298,0912,0,0
3298,0913,0,0
3298,0914,0,0
3299,0901,0,0
3299,0902,0,0
3299,0903,0,0
3299,0904,0,0
3299,0905,0,0
3299,0906,0,0
3299,0907,0,0
3299,0908,0,0
3299,0909,0,0
3299,0910,0,0
3299,0911,0,0
3299,0912,0,0
3299,0913,0,0
3299,0914,0,0
3300,0901,0,0
3300,0902,0,0
3300,0903,0,0
3300,0904,0,0
3300,0905,0,0
3300,0906,0,0
3300,0907,0,0
3300,0908,0,0
3300,0909,0,0
3300,0910,0,0
3300,0911,0,0
3300,0912,0,0
3300,0913,0,0
3300,0914,0,0
3301,0901,0,0
3301,0902,0,0
3301,0903,0,0
3301,0904,0,0
3301,0905,0,0
3301,0906,0,0
3301,0907,0,0
3301,0908,0,0
3301,0909,0,0
3301,0910,0,0
3301,0911,0,0
3301,0912,0,0
3301,0913,0,0
3301,0914,0,0
3302,0901,0,0
3302,0902,0,0
3302,0903,0,0
3302,0904,0,0
3302,0905,0,0
3302,0906,0,0
3302,0907,0,0
3302,0908,0,0
3302,0909,0,0
3302,0910,0,0
3302,0911,0,0
3302,0912,0,0
3302,0913,0,0
3302,0914,0,0
3303,0901,0,0
3303,0902,0,0
3303,0903,0,0
3303,0904,0,0
3303,0905,0,0
3303,0906,0,0
3303,0907,0,0
3303,0908,0,0
3303,0909,0,0
3303,0910,0,0
3303,0911,0,0
3303,0912,0,0
3303,0913,0,0
3303,0914,0,0
3304,0901,0,0
3304,0902,0,0
3304,0903,0,0
3304,0904,0,0
3304,0905,0,0
3304,0906,0,0
3304,0907,0,0
3304,0908,0,0
3304,0909,0,0
3304,0910,0,0
3304,0911,0,0
3304,0912,0,0
3304,0913,0,0
3304,0914,0,0
3305,0901,0,0
3305,0902,0,0
3305,0903,0,0
3305,0904,0,0
3305,0905,0,0
3305,0906,0,0
3305,0907,0,0
3305,0908,0,0
3305,0909,0,0
3305,0910,0,0
3305,0911,0,0
3305,0912,0,0
3305,0913,0,0
3305,0914,0,0
3306,0901,0,0
3306,0902,0,0
3306,0903,0,0
3306,0904,0,0
3306,0905,0,0
3306,0906,0,0
3306,0907,0,0
3306,0908,0,0
3306,0909,0,0
3306,0910,0,0
3306,0911,0,0
3306,0912,0,0
3306,0913,0,0
3306,0914,0,0
3307,0901,0,0
3307,0902,0,0
3307,0903,0,0
3307,0904,0,0
3307,0905,0,0
3307,0906,0,0
3307,0907,0,0
3307,0908,0,0
3307,0909,0,0
3307,0910,0,0
3307,0911,0,0
3307,0912,0,0
3307,0913,0,0
3307,0914,0,0
3308,0901,0,0
3308,0902,0,0
3308,0903,0,0
3308,0904,0,0
3308,0905,0,0
3308,0906,0,0
3308,0907,0,0
3308,0908,0,0
3308,0909,0,0
3308,0910,0,0
3308,0911,0,0
3308,0912,0,0
3308,0913,0,0
3308,0914,0,0
3309,0901,0,0
3309,0902,0,0
3309,0903,0,0
3309,0904,0,0
3309,0905,0,0
3309,0906,0,0
3309,0907,0,0
3309,0908,0,0
3309,0909,0,0
3309,0910,0,0
3309,0911,0,0
3309,0912,0,0
3309,0913,0,0
3309,0914,0,0
3310,0901,0,0
3310,0902,0,0
3310,0903,0,0
3310,0904,0,0
3310,0905,0,0
3310,0906,0,0
3310,0907,0,0
3310,0908,0,0
3310,0909,0,0
3310,0910,0,0
3310,0911,0,0
3310,0912,0,0
3310,0913,0,0
3310,0914,0,0
3311,0901,0,0
3311,0902,0,0
3311,0903,0,0
3311,0904,0,0
3311,0905,0,0
3311,0906,0,0
3311,0907,0,0
3311,0908,0,0
3311,0909,0,0
3311,0910,0,0
3311,0911,0,0
3311,0912,0,0
3311,0913,0,0
3311,0914,0,0
3312,0901,0,0
3312,0902,0,0
3312,0903,0,0
3312,0904,0,0
3312,0905,0,0
3312,0906,0,0
3312,0907,0,0
3312,0908,0,0
3312,0909,0,0
3312,0910,0,0
3312,0911,0,0
3312,0912,0,0
3312,0913,0,0
3312,0914,0,0
3313,0901,0,0
3313,0902,0,0
3313,0903,0,0
3313,0904,0,0
3313,0905,0,0
3313,0906,0,0
3313,0907,0,0
3313,0908,0,0
3313,0909,0,0
3313,0910,0,0
3313,0911,0,0
3313,0912,0,0
3313,0913,0,0
3313,0914,0,0
3314,0901,0,0
3314,0902,0,0
3314,0903,0,0
3314,0904,0,0
3314,0905,0,0
3314,0906,0,0
3314,0907,0,0
3314,0908,0,0
3314,0909,0,0
3314,0910,0,0
3314,0911,0,0
3314,0912,0,0
3314,0913,0,0
3314,0914,0,0
3315,0901,0,0
3315,0902,0,0
3315,0903,0,0
3315,0904,0,0
3315,0905,0,0
3315,0906,0,0
3315,0907,0,0
3315,0908,0,0
3315,0909,0,0
3315,0910,0,0
3315,0911,0,0
3315,0912,0,0
3315,0913,0,0
3315,0914,0,0
3316,0901,0,0
3316,0902,0,0
3316,0903,0,0
3316,0904,0,0
3316,0905,0,0
3316,0906,0,0
3316,0907,0,0
3316,0908,0,0
3316,0909,0,0
3316,0910,0,0
3316,0911,0,0
3316,0912,0,0
3316,0913,0,0
3316,0914,0,0
3317,0901,0,0
3317,0902,0,0
3317,0903,0,0
3317,0904,0,0
3317,0905,0,0
3317,0906,0,0
3317,0907,0,0
3317,0908,0,0
3317,0909,0,0
3317,0910,0,0
3317,0911,0,0
3317,0912,0,0
3317,0913,0,0
3317,0914,0,0
3318,0901,0,0
3318,0902,0,0
3318,0903,0,0
3318,0904,0,0
3318,0905,0,0
3318,0906,0,0
3318,0907,0,0
3318,0908,0,0
3318,0909,0,0
3318,0910,0,0
3318,0911,0,0
3318,0912,0,0
3318,0913,0,0
3318,0914,0,0
3319,0901,0,0
3319,0902,0,0
3319,0903,0,0
3319,0904,0,0
3319,0905,0,0
3319,0906,0,0
3319,0907,0,0
3319,0908,0,0
3319,0909,0,0
3319,0910,0,0
3319,0911,0,0
3319,0912,0,0
3319,0913,0,0
3319,0914,0,0
3320,0901,0,0
3320,0902,0,0
3320,0903,0,0
3320,0904,0,0
3320,0905,0,0
3320,0906,0,0
3320,0907,0,0
3320,0908,0,0
3320,0909,0,0
3320,0910,0,0
3320,0911,0,0
3320,0912,0,0
3320,0913,0,0
3320,0914,0,0
3321,0901,0,0
3321,0902,0,0
3321,0903,0,0
3321,0904,0,0
3321,0905,0,0
3321,0906,0,0
3321,0907,0,0
3321,0908,0,0
3321,0909,0,0
3321,0910,0,0
3321,0911,0,0
3321,0912,0,0
3321,0913,0,0
3321,0914,1,0
3322,0901,0,0
3322,0902,0,0
3322,0903,0,0
3322,0904,0,0
3322,0905,0,0
3322,0906,0,0
3322,0907,0,0
3322,0908,0,0
3322,0909,0,0
3322,0910,0,0
3322,0911,0,0
3322,0912,0,0
3322,0913,0,0
3322,0914,0,0
3323,0901,0,0
3323,0902,0,0
3323,0903,0,0
3323,0904,0,0
3323,0905,0,0
3323,0906,0,0
3323,0907,0,0
3323,0908,0,0
3323,0909,0,0
3323,0910,0,0
3323,0911,0,0
3323,0912,0,0
3323,0913,0,0
3323,0914,0,0
3324,0901,0,0
3324,0902,0,0
3324,0903,0,0
3324,0904,0,0
3324,0905,0,0
3324,0906,0,0
3324,0907,0,0
3324,0908,0,0
3324,0909,0,0
3324,0910,0,0
3324,0911,0,0
3324,0912,0,0
3324,0913,0,0
3324,0914,0,0
3325,0901,0,0
3325,0902,0,0
3325,0903,0,0
3325,0904,0,0
3325,0905,0,0
3325,0906,0,0
3325,0907,0,0
3325,0908,0,0
3325,0909,0,0
3325,0910,0,0
3325,0911,0,0
3325,0912,0,0
3325,0913,0,0
3325,0914,0,0
3326,0901,0,0
3326,0902,0,0
3326,0903,0,0
3326,0904,0,0
3326,0905,0,0
3326,0906,0,0
3326,0907,0,0
3326,0908,0,0
3326,0909,0,0
3326,0910,0,0
3326,0911,0,0
3326,0912,0,0
3326,0913,0,0
3326,0914,0,0
3327,0901,0,0
3327,0902,0,0
3327,0903,0,0
3327,0904,0,0
3327,0905,0,0
3327,0906,0,0
3327,0907,0,0
3327,0908,0,0
3327,0909,0,0
3327,0910,0,0
3327,0911,0,0
3327,0912,0,0
3327,0913,0,0
3327,0914,0,0
3328,0901,0,0
3328,0902,0,0
3328,0903,0,0
3328,0904,0,0
3328,0905,0,0
3328,0906,0,0
3328,0907,0,0
3328,0908,0,0
3328,0909,0,0
3328,0910,0,0
3328,0911,0,0
3328,0912,0,0
3328,0913,0,0
3328,0914,0,0
3329,0901,0,0
3329,0902,0,0
3329,0903,0,0
3329,0904,0,0
3329,0905,0,0
3329,0906,0,0
3329,0907,0,0
3329,0908,0,0
3329,0909,0,0
3329,0910,0,0
3329,0911,0,0
3329,0912,0,0
3329,0913,0,0
3329,0914,0,0
3330,0901,0,0
3330,0902,0,0
3330,0903,0,0
3330,0904,0,0
3330,0905,0,0
3330,0906,0,0
3330,0907,0,0
3330,0908,0,0
3330,0909,0,0
3330,0910,0,0
3330,0911,0,0
3330,0912,0,0
3330,0913,0,0
3330,0914,0,0
3331,0901,0,0
3331,0902,0,0
3331,0903,0,0
3331,0904,0,0
3331,0905,0,0
3331,0906,0,0
3331,0907,0,0
3331,0908,0,0
3331,0909,0,0
3331,0910,0,0
3331,0911,0,0
3331,0912,0,0
3331,0913,0,0
3331,0914,0,0
3332,0901,0,0
3332,0902,0,0
3332,0903,0,0
3332,0904,0,0
3332,0905,0,0
3332,0906,0,0
3332,0907,0,0
3332,0908,0,0
3332,0909,0,0
3332,0910,0,0
3332,0911,0,0
3332,0912,0,0
3332,0913,0,0
3332,0914,0,0
3333,0901,0,0
3333,0902,0,0
3333,0903,0,0
3333,0904,0,0
3333,0905,0,0
3333,0906,0,0
3333,0907,0,0
3333,0908,0,0
3333,0909,0,0
3333,0910,0,0
3333,0911,0,0
3333,0912,0,0
3333,0913,0,0
3333,0914,0,0
3334,0901,0,0
3334,0902,0,0
3334,0903,0,0
3334,0904,0,0
3334,0905,0,0
3334,0906,0,0
3334,0907,0,0
3334,0908,0,0
3334,0909,0,0
3334,0910,0,0
3334,0911,0,0
3334,0912,0,0
3334,0913,0,0
3334,0914,0,0
3335,0901,0,0
3335,0902,0,0
3335,0903,0,0
3335,0904,0,0
3335,0905,0,0
3335,0906,0,0
3335,0907,0,0
3335,0908,0,0
3335,0909,0,0
3335,0910,0,0
3335,0911,0,0
3335,0912,0,0
3335,0913,0,0
3335,0914,0,0
3336,0901,0,0
3336,0902,0,0
3336,0903,0,0
3336,0904,0,0
3336,0905,0,0
3336,0906,0,0
3336,0907,0,0
3336,0908,0,0
3336,0909,0,0
3336,0910,0,0
3336,0911,0,0
3336,0912,0,0
3336,0913,0,0
3336,0914,0,0
3337,0901,0,0
3337,0902,0,0
3337,0903,0,0
3337,0904,0,0
3337,0905,0,0
3337,0906,0,0
3337,0907,0,0
3337,0908,0,0
3337,0909,0,0
3337,0910,0,0
3337,0911,0,0
3337,0912,0,0
3337,0913,0,0
3337,0914,0,0
3338,0901,0,0
3338,0902,0,0
3338,0903,0,0
3338,0904,0,0
3338,0905,0,0
3338,0906,0,0
3338,0907,0,0
3338,0908,0,0
3338,0909,0,0
3338,0910,0,0
3338,0911,0,0
3338,0912,0,0
3338,0913,0,0
3338,0914,1,0
3339,0901,0,0
3339,0902,0,0
3339,0903,0,0
3339,0904,0,0
3339,0905,0,0
3339,0906,0,0
3339,0907,0,0
3339,0908,0,0
3339,0909,0,0
3339,0910,0,0
3339,0911,0,0
3339,0912,0,0
3339,0913,0,0
3339,0914,0,0
3340,0901,0,0
3340,0902,0,0
3340,0903,0,0
3340,0904,0,0
3340,0905,0,0
3340,0906,0,0
3340,0907,0,0
3340,0908,0,0
3340,0909,0,0
3340,0910,0,0
3340,0911,0,0
3340,0912,0,0
3340,0913,0,0
3340,0914,0,0
3341,0901,0,0
3341,0902,0,0
3341,0903,0,0
3341,0904,0,0
3341,0905,0,0
3341,0906,0,0
3341,0907,0,0
3341,0908,0,0
3341,0909,0,0
3341,0910,0,0
3341,0911,0,0
3341,0912,0,0
3341,0913,0,0
3341,0914,0,0
3342,0901,0,0
3342,0902,0,0
3342,0903,0,0
3342,0904,0,0
3342,0905,0,0
3342,0906,0,0
3342,0907,0,0
3342,0908,0,0
3342,0909,0,0
3342,0910,0,0
3342,0911,0,0
3342,0912,0,0
3342,0913,0,0
3342,0914,0,0
3343,0901,0,0
3343,0902,0,0
3343,0903,0,0
3343,0904,0,0
3343,0905,0,0
3343,0906,0,0
3343,0907,0,0
3343,0908,0,0
3343,0909,0,0
3343,0910,0,0
3343,0911,0,0
3343,0912,0,0
3343,0913,0,0
3343,0914,0,0
3344,0901,0,0
3344,0902,0,0
3344,0903,0,0
3344,0904,0,0
3344,0905,0,0
3344,0906,0,0
3344,0907,0,0
3344,0908,0,0
3344,0909,0,0
3344,0910,0,0
3344,0911,0,0
3344,0912,0,0
3344,0913,0,0
3344,0914,0,0
3345,0901,0,0
3345,0902,0,0
3345,0903,0,0
3345,0904,0,0
3345,0905,0,0
3345,0906,0,0
3345,0907,0,0
3345,0908,0,0
3345,0909,0,0
3345,0910,0,0
3345,0911,0,0
3345,0912,0,0
3345,0913,0,0
3345,0914,0,0
3346,0901,0,0
3346,0902,0,0
3346,0903,0,0
3346,0904,0,0
3346,0905,0,0
3346,0906,0,0
3346,0907,0,0
3346,0908,0,0
3346,0909,0,0
3346,0910,0,0
3346,0911,0,0
3346,0912,0,0
3346,0913,0,0
3346,0914,0,0
3347,0901,0,0
3347,0902,0,0
3347,0903,0,0
3347,0904,0,0
3347,0905,0,0
3347,0906,0,0
3347,0907,0,0
3347,0908,0,0
3347,0909,0,0
3347,0910,0,0
3347,0911,0,0
3347,0912,0,0
3347,0913,0,0
3347,0914,0,0
3348,0901,0,0
3348,0902,0,0
3348,0903,0,0
3348,0904,0,0
3348,0905,0,0
3348,0906,0,0
3348,0907,0,0
3348,0908,0,0
3348,0909,0,0
3348,0910,0,0
3348,0911,0,0
3348,0912,0,0
3348,0913,0,0
3348,0914,0,0
3349,0901,0,0
3349,0902,0,0
3349,0903,0,0
3349,0904,0,0
3349,0905,0,0
3349,0906,0,0
3349,0907,0,0
3349,0908,0,0
3349,0909,0,0
3349,0910,0,0
3349,0911,0,0
3349,0912,0,0
3349,0913,0,0
3349,0914,0,0
3350,0901,0,0
3350,0902,0,0
3350,0903,0,0
3350,0904,0,0
3350,0905,0,0
3350,0906,0,0
3350,0907,0,0
3350,0908,0,0
3350,0909,0,0
3350,0910,0,0
3350,0911,0,0
3350,0912,0,0
3350,0913,0,0
3350,0914,0,0
3351,0901,0,0
3351,0902,0,0
3351,0903,0,0
3351,0904,0,0
3351,0905,0,0
3351,0906,0,0
3351,0907,0,0
3351,0908,0,0
3351,0909,0,0
3351,0910,0,0
3351,0911,0,0
3351,0912,0,0
3351,0913,0,0
3351,0914,0,0
3352,0901,0,0
3352,0902,0,0
3352,0903,0,0
3352,0904,0,0
3352,0905,0,0
3352,0906,0,0
3352,0907,0,0
3352,0908,0,0
3352,0909,0,0
3352,0910,0,0
3352,0911,0,0
3352,0912,0,0
3352,0913,0,0
3352,0914,0,0
3353,0901,0,0
3353,0902,0,0
3353,0903,0,0
3353,0904,0,0
3353,0905,0,0
3353,0906,0,0
3353,0907,0,0
3353,0908,0,0
3353,0909,0,0
3353,0910,0,0
3353,0911,0,0
3353,0912,0,0
3353,0913,0,0
3353,0914,0,0
3354,0901,0,0
3354,0902,0,0
3354,0903,0,0
3354,0904,0,0
3354,0905,0,0
3354,0906,0,0
3354,0907,0,0
3354,0908,0,0
3354,0909,0,0
3354,0910,0,0
3354,0911,0,0
3354,0912,0,0
3354,0913,0,0
3354,0914,0,0
3355,0901,0,0
3355,0902,0,0
3355,0903,0,0
3355,0904,0,0
3355,0905,0,0
3355,0906,0,0
3355,0907,0,0
3355,0908,0,0
3355,0909,0,0
3355,0910,0,0
3355,0911,0,0
3355,0912,0,0
3355,0913,0,0
3355,0914,0,0
3356,0901,0,0
3356,0902,0,0
3356,0903,0,0
3356,0904,0,0
3356,0905,0,0
3356,0906,0,0
3356,0907,0,0
3356,0908,0,0
3356,0909,0,0
3356,0910,0,0
3356,0911,0,0
3356,0912,0,0
3356,0913,0,0
3356,0914,0,0
3357,0901,0,0
3357,0902,0,0
3357,0903,0,0
3357,0904,0,0
3357,0905,0,0
3357,0906,0,0
3357,0907,0,0
3357,0908,0,0
3357,0909,0,0
3357,0910,0,0
3357,0911,0,0
3357,0912,0,0
3357,0913,0,0
3357,0914,0,0
3358,0901,0,0
3358,0902,0,0
3358,0903,0,0
3358,0904,0,0
3358,0905,0,0
3358,0906,0,0
3358,0907,0,0
3358,0908,0,0
3358,0909,0,0
3358,0910,0,0
3358,0911,0,0
3358,0912,0,0
3358,0913,0,0
3358,0914,0,0
3359,0901,0,0
3359,0902,0,0
3359,0903,0,0
3359,0904,0,0
3359,0905,0,0
3359,0906,0,0
3359,0907,0,0
3359,0908,0,0
3359,0909,0,0
3359,0910,0,0
3359,0911,0,0
3359,0912,0,0
3359,0913,0,0
3359,0914,0,0
3360,0901,0,0
3360,0902,0,0
3360,0903,0,0
3360,0904,0,0
3360,0905,0,0
3360,0906,0,0
3360,0907,0,0
3360,0908,0,0
3360,0909,0,0
3360,0910,0,0
3360,0911,0,0
3360,0912,0,0
3360,0913,0,0
3360,0914,0,0
3361,0901,0,0
3361,0902,0,0
3361,0903,0,0
3361,0904,0,0
3361,0905,0,0
3361,0906,0,0
3361,0907,0,0
3361,0908,0,0
3361,0909,0,0
3361,0910,0,0
3361,0911,0,0
3361,0912,0,0
3361,0913,0,0
3361,0914,0,0
3362,0901,0,0
3362,0902,0,0
3362,0903,0,0
3362,0904,0,0
3362,0905,0,0
3362,0906,0,0
3362,0907,0,0
3362,0908,0,0
3362,0909,0,0
3362,0910,0,0
3362,0911,0,0
3362,0912,0,0
3362,0913,0,0
3362,0914,0,0
3363,0901,0,0
3363,0902,0,0
3363,0903,0,0
3363,0904,0,0
3363,0905,0,0
3363,0906,0,0
3363,0907,0,0
3363,0908,0,0
3363,0909,0,0
3363,0910,0,0
3363,0911,0,0
3363,0912,0,0
3363,0913,0,0
3363,0914,0,0
3364,0901,0,0
3364,0902,0,0
3364,0903,0,0
3364,0904,0,0
3364,0905,0,0
3364,0906,0,0
3364,0907,0,0
3364,0908,0,0
3364,0909,0,0
3364,0910,0,0
3364,0911,0,0
3364,0912,0,0
3364,0913,0,0
3364,0914,0,0
3365,0901,0,0
3365,0902,0,0
3365,0903,0,0
3365,0904,0,0
3365,0905,0,0
3365,0906,0,0
3365,0907,0,0
3365,0908,0,0
3365,0909,0,0
3365,0910,0,0
3365,0911,0,0
3365,0912,0,0
3365,0913,0,0
3365,0914,0,0
3366,0901,0,0
3366,0902,0,0
3366,0903,0,0
3366,0904,0,0
3366,0905,0,0
3366,0906,0,0
3366,0907,0,0
3366,0908,0,0
3366,0909,0,0
3366,0910,0,0
3366,0911,0,0
3366,0912,0,0
3366,0913,0,0
3366,0914,0,0
3367,0901,0,0
3367,0902,0,0
3367,0903,0,0
3367,0904,0,0
3367,0905,0,0
3367,0906,0,0
3367,0907,0,0
3367,0908,0,0
3367,0909,0,0
3367,0910,0,0
3367,0911,0,0
3367,0912,0,0
3367,0913,0,0
3367,0914,0,0
3368,0901,0,0
3368,0902,0,0
3368,0903,0,0
3368,0904,0,0
3368,0905,0,0
3368,0906,0,0
3368,0907,0,0
3368,0908,0,0
3368,0909,0,0
3368,0910,0,0
3368,0911,1,0
3368,0912,0,0
3368,0913,0,0
3368,0914,0,0
3369,0901,0,0
3369,0902,0,0
3369,0903,0,0
3369,0904,0,0
3369,0905,0,0
3369,0906,0,0
3369,0907,0,0
3369,0908,0,0
3369,0909,0,0
3369,0910,0,0
3369,0911,0,0
3369,0912,0,0
3369,0913,0,0
3369,0914,0,0
3370,0901,0,0
3370,0902,0,0
3370,0903,0,0
3370,0904,0,0
3370,0905,0,0
3370,0906,0,0
3370,0907,0,0
3370,0908,0,0
3370,0909,0,0
3370,0910,0,0
3370,0911,0,0
3370,0912,0,0
3370,0913,0,0
3370,0914,0,0
3371,0901,0,0
3371,0902,0,0
3371,0903,0,0
3371,0904,0,0
3371,0905,0,0
3371,0906,0,0
3371,0907,0,0
3371,0908,0,0
3371,0909,0,0
3371,0910,0,0
3371,0911,0,0
3371,0912,0,0
3371,0913,0,0
3371,0914,0,0
3372,0901,0,0
3372,0902,0,0
3372,0903,0,0
3372,0904,0,0
3372,0905,0,0
3372,0906,0,0
3372,0907,0,0
3372,0908,0,0
3372,0909,0,0
3372,0910,0,0
3372,0911,0,0
3372,0912,0,0
3372,0913,0,0
3372,0914,0,0
3373,0901,0,0
3373,0902,0,0
3373,0903,0,0
3373,0904,0,0
3373,0905,0,0
3373,0906,0,0
3373,0907,0,0
3373,0908,0,0
3373,0909,0,0
3373,0910,0,0
3373,0911,0,0
3373,0912,0,0
3373,0913,0,0
3373,0914,1,0
3374,0901,0,0
3374,0902,0,0
3374,0903,0,0
3374,0904,0,0
3374,0905,0,0
3374,0906,0,0
3374,0907,0,0
3374,0908,0,0
3374,0909,0,0
3374,0910,0,0
3374,0911,0,0
3374,0912,0,0
3374,0913,0,0
3374,0914,0,0
3375,0901,0,0
3375,0902,0,0
3375,0903,0,0
3375,0904,0,0
3375,0905,0,0
3375,0906,0,0
3375,0907,0,0
3375,0908,0,0
3375,0909,0,0
3375,0910,0,0
3375,0911,0,0
3375,0912,0,0
3375,0913,0,0
3375,0914,0,0
3376,0901,0,0
3376,0902,0,0
3376,0903,0,0
3376,0904,0,0
3376,0905,0,0
3376,0906,0,0
3376,0907,0,0
3376,0908,0,0
3376,0909,0,0
3376,0910,0,0
3376,0911,0,0
3376,0912,0,0
3376,0913,0,0
3376,0914,0,0
3377,0901,0,0
3377,0902,0,0
3377,0903,0,0
3377,0904,0,0
3377,0905,0,0
3377,0906,0,0
3377,0907,0,0
3377,0908,0,0
3377,0909,0,0
3377,0910,0,0
3377,0911,0,0
3377,0912,0,0
3377,0913,0,0
3377,0914,0,0
3378,0901,0,0
3378,0902,0,0
3378,0903,0,0
3378,0904,0,0
3378,0905,0,0
3378,0906,0,0
3378,0907,0,0
3378,0908,0,0
3378,0909,0,0
3378,0910,0,0
3378,0911,0,0
3378,0912,0,0
3378,0913,0,0
3378,0914,0,0
3379,0901,0,0
3379,0902,0,0
3379,0903,0,0
3379,0904,0,0
3379,0905,0,0
3379,0906,0,0
3379,0907,0,0
3379,0908,0,0
3379,0909,0,0
3379,0910,0,0
3379,0911,0,0
3379,0912,0,0
3379,0913,0,0
3379,0914,0,0
3380,0901,0,0
3380,0902,0,0
3380,0903,0,0
3380,0904,0,0
3380,0905,0,0
3380,0906,1,0
3380,0907,0,0
3380,0908,0,0
3380,0909,0,0
3380,0910,0,0
3380,0911,0,0
3380,0912,0,0
3380,0913,0,0
3380,0914,0,0
3381,0901,0,0
3381,0902,0,0
3381,0903,0,0
3381,0904,0,0
3381,0905,0,0
3381,0906,0,0
3381,0907,0,0
3381,0908,0,0
3381,0909,0,0
3381,0910,0,0
3381,0911,0,0
3381,0912,0,0
3381,0913,0,0
3381,0914,0,0
3382,0901,0,0
3382,0902,0,0
3382,0903,0,0
3382,0904,0,0
3382,0905,0,0
3382,0906,0,0
3382,0907,0,0
3382,0908,0,0
3382,0909,0,0
3382,0910,0,0
3382,0911,0,0
3382,0912,0,0
3382,0913,0,0
3382,0914,0,0
3383,0901,0,0
3383,0902,0,0
3383,0903,0,0
3383,0904,0,0
3383,0905,0,0
3383,0906,0,0
3383,0907,0,0
3383,0908,0,0
3383,0909,0,0
3383,0910,0,0
3383,0911,0,0
3383,0912,0,0
3383,0913,0,0
3383,0914,0,0
3384,0901,0,0
3384,0902,0,0
3384,0903,0,0
3384,0904,0,0
3384,0905,0,0
3384,0906,0,0
3384,0907,0,0
3384,0908,0,0
3384,0909,0,0
3384,0910,0,0
3384,0911,0,0
3384,0912,0,0
3384,0913,0,0
3384,0914,0,0
3385,0901,0,0
3385,0902,0,0
3385,0903,0,0
3385,0904,0,0
3385,0905,0,0
3385,0906,0,0
3385,0907,0,0
3385,0908,0,0
3385,0909,0,0
3385,0910,0,0
3385,0911,0,0
3385,0912,0,0
3385,0913,0,0
3385,0914,0,0
3386,0901,0,0
3386,0902,0,0
3386,0903,0,0
3386,0904,0,0
3386,0905,0,0
3386,0906,0,0
3386,0907,0,0
3386,0908,0,0
3386,0909,0,0
3386,0910,0,0
3386,0911,0,0
3386,0912,0,0
3386,0913,0,0
3386,0914,0,0
3387,0901,0,0
3387,0902,0,0
3387,0903,0,0
3387,0904,0,0
3387,0905,0,0
3387,0906,0,0
3387,0907,0,0
3387,0908,0,0
3387,0909,0,0
3387,0910,0,0
3387,0911,0,0
3387,0912,0,0
3387,0913,0,0
3387,0914,0,0
3388,0901,0,0
3388,0902,0,0
3388,0903,0,0
3388,0904,0,0
3388,0905,0,0
3388,0906,0,0
3388,0907,0,0
3388,0908,0,0
3388,0909,0,0
3388,0910,0,0
3388,0911,0,0
3388,0912,0,0
3388,0913,0,0
3388,0914,0,0
3389,0901,0,0
3389,0902,0,0
3389,0903,0,0
3389,0904,0,0
3389,0905,0,0
3389,0906,0,0
3389,0907,0,0
3389,0908,0,0
3389,0909,0,0
3389,0910,0,0
3389,0911,0,0
3389,0912,0,0
3389,0913,0,0
3389,0914,0,0
3390,0901,0,0
3390,0902,0,0
3390,0903,0,0
3390,0904,0,0
3390,0905,0,0
3390,0906,0,0
3390,0907,0,0
3390,0908,0,0
3390,0909,0,0
3390,0910,0,0
3390,0911,0,0
3390,0912,0,0
3390,0913,0,0
3390,0914,0,0
3391,0901,0,0
3391,0902,0,0
3391,0903,0,0
3391,0904,0,0
3391,0905,0,0
3391,0906,0,0
3391,0907,0,0
3391,0908,0,0
3391,0909,0,0
3391,0910,0,0
3391,0911,0,0
3391,0912,0,0
3391,0913,0,0
3391,0914,0,0
3392,0901,0,0
3392,0902,0,0
3392,0903,0,0
3392,0904,0,0
3392,0905,0,0
3392,0906,0,0
3392,0907,0,0
3392,0908,0,0
3392,0909,0,0
3392,0910,0,0
3392,0911,0,0
3392,0912,0,0
3392,0913,0,0
3392,0914,0,0
3393,0901,0,0
3393,0902,0,0
3393,0903,0,0
3393,0904,0,0
3393,0905,0,0
3393,0906,0,0
3393,0907,0,0
3393,0908,0,0
3393,0909,0,0
3393,0910,0,0
3393,0911,0,0
3393,0912,0,0
3393,0913,0,0
3393,0914,0,0
3394,0901,0,0
3394,0902,0,0
3394,0903,0,0
3394,0904,0,0
3394,0905,0,0
3394,0906,0,0
3394,0907,0,0
3394,0908,0,0
3394,0909,0,0
3394,0910,0,0
3394,0911,0,0
3394,0912,0,0
3394,0913,0,0
3394,0914,0,0
3395,0901,0,0
3395,0902,0,0
3395,0903,0,0
3395,0904,0,0
3395,0905,0,0
3395,0906,0,0
3395,0907,0,0
3395,0908,0,0
3395,0909,0,0
3395,0910,0,0
3395,0911,0,0
3395,0912,0,0
3395,0913,0,0
3395,0914,0,0
3396,0901,0,0
3396,0902,0,0
3396,0903,0,0
3396,0904,0,0
3396,0905,0,0
3396,0906,0,0
3396,0907,0,0
3396,0908,0,0
3396,0909,0,0
3396,0910,0,0
3396,0911,0,0
3396,0912,0,0
3396,0913,0,0
3396,0914,0,0
3397,0901,0,0
3397,0902,0,0
3397,0903,0,0
3397,0904,0,0
3397,0905,0,0
3397,0906,0,0
3397,0907,0,0
3397,0908,0,0
3397,0909,0,0
3397,0910,0,0
3397,0911,0,0
3397,0912,0,0
3397,0913,0,0
3397,0914,0,0
3398,0901,0,0
3398,0902,0,0
3398,0903,0,0
3398,0904,0,0
3398,0905,0,0
3398,0906,0,0
3398,0907,0,0
3398,0908,0,0
3398,0909,0,0
3398,0910,0,0
3398,0911,0,0
3398,0912,0,0
3398,0913,0,0
3398,0914,0,0
3399,0901,0,0
3399,0902,0,0
3399,0903,0,0
3399,0904,0,0
3399,0905,0,0
3399,0906,0,0
3399,0907,0,0
3399,0908,0,0
3399,0909,0,0
3399,0910,0,0
3399,0911,0,0
3399,0912,0,0
3399,0913,0,0
3399,0914,0,0
3400,0901,0,0
3400,0902,0,0
3400,0903,0,0
3400,0904,0,0
3400,0905,0,0
3400,0906,0,0
3400,0907,0,0
3400,0908,0,0
3400,0909,0,0
3400,0910,0,0
3400,0911,0,0
3400,0912,0,0
3400,0913,1,0
3400,0914,0,0
3401,0901,0,0
3401,0902,0,0
3401,0903,0,0
3401,0904,0,0
3401,0905,0,0
3401,0906,0,0
3401,0907,0,0
3401,0908,0,0
3401,0909,0,0
3401,0910,0,0
3401,0911,0,0
3401,0912,0,0
3401,0913,0,0
3401,0914,0,0
3402,0901,0,0
3402,0902,0,0
3402,0903,0,0
3402,0904,0,0
3402,0905,0,0
3402,0906,0,0
3402,0907,0,0
3402,0908,0,0
3402,0909,0,0
3402,0910,0,0
3402,0911,0,0
3402,0912,0,0
3402,0913,0,0
3402,0914,0,0
3403,0901,0,0
3403,0902,0,0
3403,0903,0,0
3403,0904,0,0
3403,0905,0,0
3403,0906,0,0
3403,0907,0,0
3403,0908,0,0
3403,0909,0,0
3403,0910,0,0
3403,0911,0,0
3403,0912,0,0
3403,0913,0,0
3403,0914,0,0
3404,0901,0,0
3404,0902,0,0
3404,0903,0,0
3404,0904,0,0
3404,0905,0,0
3404,0906,0,0
3404,0907,0,0
3404,0908,0,0
3404,0909,0,0
3404,0910,0,0
3404,0911,0,0
3404,0912,0,0
3404,0913,0,0
3404,0914,0,0
3405,0901,0,0
3405,0902,0,0
3405,0903,0,0
3405,0904,0,0
3405,0905,0,0
3405,0906,0,0
3405,0907,0,0
3405,0908,0,0
3405,0909,0,0
3405,0910,0,0
3405,0911,0,0
3405,0912,0,0
3405,0913,0,0
3405,0914,0,0
3406,0901,0,0
3406,0902,0,0
3406,0903,0,0
3406,0904,0,0
3406,0905,0,0
3406,0906,0,0
3406,0907,0,0
3406,0908,0,0
3406,0909,0,0
3406,0910,0,0
3406,0911,0,0
3406,0912,0,0
3406,0913,0,0
3406,0914,0,0
3407,0901,0,0
3407,0902,0,0
3407,0903,0,0
3407,0904,0,0
3407,0905,0,0
3407,0906,0,0
3407,0907,0,0
3407,0908,0,0
3407,0909,0,0
3407,0910,0,0
3407,0911,0,0
3407,0912,0,0
3407,0913,0,0
3407,0914,0,0
3408,0901,0,0
3408,0902,0,0
3408,0903,0,0
3408,0904,0,0
3408,0905,0,0
3408,0906,0,0
3408,0907,0,0
3408,0908,0,0
3408,0909,0,0
3408,0910,0,0
3408,0911,0,0
3408,0912,0,0
3408,0913,0,0
3408,0914,0,0
3409,0901,0,0
3409,0902,0,0
3409,0903,0,0
3409,0904,0,0
3409,0905,0,0
3409,0906,0,0
3409,0907,0,0
3409,0908,0,0
3409,0909,0,0
3409,0910,0,0
3409,0911,0,0
3409,0912,0,0
3409,0913,0,0
3409,0914,0,0
3410,0901,0,0
3410,0902,0,0
3410,0903,0,0
3410,0904,0,0
3410,0905,0,0
3410,0906,0,0
3410,0907,0,0
3410,0908,0,0
3410,0909,0,0
3410,0910,0,0
3410,0911,0,0
3410,0912,0,0
3410,0913,0,0
3410,0914,0,0
3411,0901,0,0
3411,0902,0,0
3411,0903,0,0
3411,0904,0,0
3411,0905,0,0
3411,0906,0,0
3411,0907,0,0
3411,0908,0,0
3411,0909,0,0
3411,0910,0,0
3411,0911,0,0
3411,0912,0,0
3411,0913,0,0
3411,0914,0,0
3412,0901,0,0
3412,0902,0,0
3412,0903,0,0
3412,0904,0,0
3412,0905,0,0
3412,0906,0,0
3412,0907,0,0
3412,0908,0,0
3412,0909,0,0
3412,0910,0,0
3412,0911,0,0
3412,0912,0,0
3412,0913,0,0
3412,0914,1,0
3413,0901,0,0
3413,0902,0,0
3413,0903,0,0
3413,0904,0,0
3413,0905,0,0
3413,0906,0,0
3413,0907,0,0
3413,0908,0,0
3413,0909,0,0
3413,0910,0,0
3413,0911,0,0
3413,0912,0,0
3413,0913,0,0
3413,0914,0,0
3414,0901,0,0
3414,0902,0,0
3414,0903,0,0
3414,0904,0,0
3414,0905,0,0
3414,0906,0,0
3414,0907,0,0
3414,0908,0,0
3414,0909,0,0
3414,0910,0,0
3414,0911,0,0
3414,0912,0,0
3414,0913,0,0
3414,0914,0,0
3415,0901,0,0
3415,0902,0,0
3415,0903,0,0
3415,0904,0,0
3415,0905,0,0
3415,0906,0,0
3415,0907,0,0
3415,0908,0,0
3415,0909,0,0
3415,0910,0,0
3415,0911,0,0
3415,0912,0,0
3415,0913,0,0
3415,0914,0,0
3416,0901,0,0
3416,0902,0,0
3416,0903,0,0
3416,0904,0,0
3416,0905,0,0
3416,0906,0,0
3416,0907,0,0
3416,0908,0,0
3416,0909,0,0
3416,0910,0,0
3416,0911,0,0
3416,0912,0,0
3416,0913,0,0
3416,0914,0,0
3417,0901,0,0
3417,0902,0,0
3417,0903,0,0
3417,0904,0,0
3417,0905,0,0
3417,0906,0,0
3417,0907,0,0
3417,0908,0,0
3417,0909,0,0
3417,0910,0,0
3417,0911,0,0
3417,0912,0,0
3417,0913,0,0
3417,0914,0,0
3418,0901,0,0
3418,0902,0,0
3418,0903,0,0
3418,0904,0,0
3418,0905,0,0
3418,0906,0,0
3418,0907,0,0
3418,0908,0,0
3418,0909,0,0
3418,0910,0,0
3418,0911,0,0
3418,0912,0,0
3418,0913,0,0
3418,0914,0,0
3419,0901,0,0
3419,0902,0,0
3419,0903,0,0
3419,0904,0,0
3419,0905,0,0
3419,0906,0,0
3419,0907,0,0
3419,0908,0,0
3419,0909,0,0
3419,0910,0,0
3419,0911,0,0
3419,0912,0,0
3419,0913,0,0
3419,0914,0,0
3420,0901,0,0
3420,0902,0,0
3420,0903,0,0
3420,0904,0,0
3420,0905,0,0
3420,0906,0,0
3420,0907,0,0
3420,0908,0,0
3420,0909,0,0
3420,0910,0,0
3420,0911,0,0
3420,0912,0,0
3420,0913,0,0
3420,0914,0,0
3421,0901,0,0
3421,0902,0,0
3421,0903,0,0
3421,0904,0,0
3421,0905,0,0
3421,0906,0,0
3421,0907,0,0
3421,0908,0,0
3421,0909,0,0
3421,0910,0,0
3421,0911,0,0
3421,0912,0,0
3421,0913,0,0
3421,0914,0,0
3422,0901,0,0
3422,0902,0,0
3422,0903,0,0
3422,0904,0,0
3422,0905,0,0
3422,0906,0,0
3422,0907,0,0
3422,0908,0,0
3422,0909,1,0
3422,0910,1,0
3422,0911,0,0
3422,0912,0,0
3422,0913,0,0
3422,0914,0,0
3423,0901,0,0
3423,0902,0,0
3423,0903,0,0
3423,0904,0,0
3423,0905,0,0
3423,0906,0,0
3423,0907,0,0
3423,0908,0,0
3423,0909,0,0
3423,0910,0,0
3423,0911,0,0
3423,0912,0,0
3423,0913,0,0
3423,0914,0,0
3424,0901,0,0
3424,0902,0,0
3424,0903,0,0
3424,0904,0,0
3424,0905,0,0
3424,0906,0,0
3424,0907,0,0
3424,0908,0,0
3424,0909,0,0
3424,0910,0,0
3424,0911,0,0
3424,0912,0,0
3424,0913,0,0
3424,0914,0,0
3425,0901,0,0
3425,0902,0,0
3425,0903,0,0
3425,0904,0,0
3425,0905,0,0
3425,0906,0,0
3425,0907,0,0
3425,0908,0,0
3425,0909,0,0
3425,0910,0,0
3425,0911,0,0
3425,0912,0,0
3425,0913,0,0
3425,0914,0,0
3426,0901,0,0
3426,0902,0,0
3426,0903,0,0
3426,0904,0,0
3426,0905,0,0
3426,0906,0,0
3426,0907,0,0
3426,0908,0,0
3426,0909,0,0
3426,0910,0,0
3426,0911,0,0
3426,0912,0,0
3426,0913,0,0
3426,0914,0,0
3427,0901,0,0
3427,0902,0,0
3427,0903,0,0
3427,0904,0,0
3427,0905,0,0
3427,0906,0,0
3427,0907,0,0
3427,0908,0,0
3427,0909,0,0
3427,0910,0,0
3427,0911,0,0
3427,0912,0,0
3427,0913,0,0
3427,0914,0,0
3428,0901,0,0
3428,0902,0,0
3428,0903,0,0
3428,0904,0,0
3428,0905,0,0
3428,0906,0,0
3428,0907,0,0
3428,0908,0,0
3428,0909,0,0
3428,0910,0,0
3428,0911,0,0
3428,0912,0,0
3428,0913,0,0
3428,0914,0,0
3429,0901,0,0
3429,0902,0,0
3429,0903,0,0
3429,0904,0,0
3429,0905,0,0
3429,0906,0,0
3429,0907,0,0
3429,0908,0,0
3429,0909,0,0
3429,0910,0,0
3429,0911,0,0
3429,0912,1,0
3429,0913,0,0
3429,0914,0,0
3430,0901,0,0
3430,0902,0,0
3430,0903,0,0
3430,0904,0,0
3430,0905,0,0
3430,0906,0,0
3430,0907,0,0
3430,0908,0,0
3430,0909,0,0
3430,0910,0,0
3430,0911,0,0
3430,0912,0,0
3430,0913,0,0
3430,0914,1,0
3431,0901,0,0
3431,0902,0,0
3431,0903,0,0
3431,0904,0,0
3431,0905,0,0
3431,0906,0,0
3431,0907,0,0
3431,0908,0,0
3431,0909,0,0
3431,0910,0,0
3431,0911,0,0
3431,0912,0,0
3431,0913,0,0
3431,0914,0,0
3432,0901,0,0
3432,0902,0,0
3432,0903,0,0
3432,0904,0,0
3432,0905,0,0
3432,0906,0,0
3432,0907,0,0
3432,0908,0,0
3432,0909,0,0
3432,0910,0,0
3432,0911,0,0
3432,0912,0,0
3432,0913,0,0
3432,0914,0,0
3433,0901,0,0
3433,0902,0,0
3433,0903,0,0
3433,0904,0,0
3433,0905,0,0
3433,0906,0,0
3433,0907,0,0
3433,0908,0,0
3433,0909,0,0
3433,0910,0,0
3433,0911,0,0
3433,0912,0,0
3433,0913,0,0
3433,0914,0,0
3434,0901,0,0
3434,0902,0,0
3434,0903,0,0
3434,0904,0,0
3434,0905,0,0
3434,0906,0,0
3434,0907,0,0
3434,0908,0,0
3434,0909,0,0
3434,0910,0,0
3434,0911,0,0
3434,0912,0,0
3434,0913,0,0
3434,0914,0,0
3435,0901,0,0
3435,0902,0,0
3435,0903,0,0
3435,0904,0,0
3435,0905,0,0
3435,0906,0,0
3435,0907,0,0
3435,0908,0,0
3435,0909,0,0
3435,0910,0,0
3435,0911,0,0
3435,0912,0,0
3435,0913,1,0
3435,0914,0,0
3436,0901,0,0
3436,0902,0,0
3436,0903,0,0
3436,0904,0,0
3436,0905,0,0
3436,0906,0,0
3436,0907,0,0
3436,0908,0,0
3436,0909,0,0
3436,0910,0,0
3436,0911,0,0
3436,0912,0,0
3436,0913,0,0
3436,0914,0,0
3437,0901,0,0
3437,0902,0,0
3437,0903,0,0
3437,0904,0,0
3437,0905,0,0
3437,0906,0,0
3437,0907,0,0
3437,0908,0,0
3437,0909,0,0
3437,0910,0,0
3437,0911,0,0
3437,0912,0,0
3437,0913,0,0
3437,0914,0,0
3438,0901,0,0
3438,0902,0,0
3438,0903,0,0
3438,0904,0,0
3438,0905,0,0
3438,0906,0,0
3438,0907,0,0
3438,0908,0,0
3438,0909,0,0
3438,0910,0,0
3438,0911,0,0
3438,0912,0,0
3438,0913,0,0
3438,0914,0,0
3439,0901,0,0
3439,0902,0,0
3439,0903,0,0
3439,0904,0,0
3439,0905,0,0
3439,0906,0,0
3439,0907,0,0
3439,0908,0,0
3439,0909,0,0
3439,0910,0,0
3439,0911,0,0
3439,0912,0,0
3439,0913,0,0
3439,0914,0,0
3440,0901,0,0
3440,0902,0,0
3440,0903,0,0
3440,0904,0,0
3440,0905,0,0
3440,0906,0,0
3440,0907,0,0
3440,0908,0,0
3440,0909,0,0
3440,0910,0,0
3440,0911,0,0
3440,0912,0,0
3440,0913,0,0
3440,0914,0,0
3441,0901,0,0
3441,0902,0,0
3441,0903,0,0
3441,0904,0,0
3441,0905,0,0
3441,0906,0,0
3441,0907,0,0
3441,0908,0,0
3441,0909,0,0
3441,0910,0,0
3441,0911,0,0
3441,0912,0,0
3441,0913,0,0
3441,0914,0,0
3442,0901,0,0
3442,0902,0,0
3442,0903,0,0
3442,0904,0,0
3442,0905,0,0
3442,0906,0,0
3442,0907,0,0
3442,0908,0,0
3442,0909,0,0
3442,0910,0,0
3442,0911,0,0
3442,0912,0,0
3442,0913,0,0
3442,0914,0,0
3443,0901,0,0
3443,0902,0,0
3443,0903,0,0
3443,0904,0,0
3443,0905,0,0
3443,0906,0,0
3443,0907,0,0
3443,0908,0,0
3443,0909,0,0
3443,0910,0,0
3443,0911,0,0
3443,0912,0,0
3443,0913,0,0
3443,0914,0,0
3444,0901,0,0
3444,0902,0,0
3444,0903,0,0
3444,0904,0,0
3444,0905,0,0
3444,0906,0,0
3444,0907,0,0
3444,0908,0,0
3444,0909,0,0
3444,0910,0,0
3444,0911,0,0
3444,0912,0,0
3444,0913,0,0
3444,0914,0,0
3445,0901,0,0
3445,0902,0,0
3445,0903,0,0
3445,0904,0,0
3445,0905,0,0
3445,0906,0,0
3445,0907,0,0
3445,0908,0,0
3445,0909,0,0
3445,0910,0,0
3445,0911,0,0
3445,0912,0,0
3445,0913,0,0
3445,0914,0,0
3446,0901,0,0
3446,0902,0,0
3446,0903,0,0
3446,0904,0,0
3446,0905,0,0
3446,0906,0,0
3446,0907,0,0
3446,0908,0,0
3446,0909,0,0
3446,0910,0,0
3446,0911,0,0
3446,0912,0,0
3446,0913,0,0
3446,0914,0,0
3447,0901,0,0
3447,0902,0,0
3447,0903,0,0
3447,0904,0,0
3447,0905,0,0
3447,0906,0,0
3447,0907,0,0
3447,0908,0,0
3447,0909,0,0
3447,0910,0,0
3447,0911,0,0
3447,0912,0,0
3447,0913,0,0
3447,0914,0,0
3448,0901,0,0
3448,0902,0,0
3448,0903,0,0
3448,0904,0,0
3448,0905,0,0
3448,0906,0,0
3448,0907,0,0
3448,0908,0,0
3448,0909,0,0
3448,0910,0,0
3448,0911,0,0
3448,0912,0,0
3448,0913,0,0
3448,0914,0,0
3449,0901,0,0
3449,0902,0,0
3449,0903,0,0
3449,0904,0,0
3449,0905,0,0
3449,0906,0,0
3449,0907,0,0
3449,0908,0,0
3449,0909,0,0
3449,0910,0,0
3449,0911,0,0
3449,0912,0,0
3449,0913,0,0
3449,0914,0,0
3450,0901,0,0
3450,0902,0,0
3450,0903,0,0
3450,0904,0,0
3450,0905,0,0
3450,0906,0,0
3450,0907,0,0
3450,0908,0,0
3450,0909,0,0
3450,0910,0,0
3450,0911,0,0
3450,0912,0,0
3450,0913,0,0
3450,0914,0,0
3451,0901,0,0
3451,0902,0,0
3451,0903,0,0
3451,0904,0,0
3451,0905,0,0
3451,0906,0,0
3451,0907,0,0
3451,0908,0,0
3451,0909,0,0
3451,0910,0,0
3451,0911,0,0
3451,0912,0,0
3451,0913,0,0
3451,0914,0,0
3452,0901,0,0
3452,0902,0,0
3452,0903,0,0
3452,0904,0,0
3452,0905,0,0
3452,0906,0,0
3452,0907,0,0
3452,0908,0,0
3452,0909,0,0
3452,0910,0,0
3452,0911,0,0
3452,0912,0,0
3452,0913,0,0
3452,0914,0,0
3453,0901,0,0
3453,0902,0,0
3453,0903,0,0
3453,0904,0,0
3453,0905,0,0
3453,0906,0,0
3453,0907,0,0
3453,0908,0,0
3453,0909,0,0
3453,0910,0,0
3453,0911,0,0
3453,0912,0,0
3453,0913,0,0
3453,0914,0,0
3454,0901,0,0
3454,0902,0,0
3454,0903,0,0
3454,0904,0,0
3454,0905,0,0
3454,0906,0,0
3454,0907,0,0
3454,0908,0,0
3454,0909,0,0
3454,0910,0,0
3454,0911,0,0
3454,0912,0,0
3454,0913,0,0
3454,0914,0,0
3455,0901,0,0
3455,0902,0,0
3455,0903,0,0
3455,0904,0,0
3455,0905,0,0
3455,0906,0,0
3455,0907,0,0
3455,0908,0,0
3455,0909,0,0
3455,0910,0,0
3455,0911,0,0
3455,0912,0,0
3455,0913,0,0
3455,0914,0,0
3456,0901,0,0
3456,0902,0,0
3456,0903,0,0
3456,0904,0,0
3456,0905,0,0
3456,0906,0,0
3456,0907,0,0
3456,0908,0,0
3456,0909,0,0
3456,0910,0,0
3456,0911,0,0
3456,0912,0,0
3456,0913,0,0
3456,0914,0,0
3457,0901,0,0
3457,0902,0,0
3457,0903,0,0
3457,0904,0,0
3457,0905,0,0
3457,0906,0,0
3457,0907,0,0
3457,0908,0,0
3457,0909,0,0
3457,0910,0,0
3457,0911,0,0
3457,0912,0,0
3457,0913,0,0
3457,0914,0,0
3458,0901,0,0
3458,0902,0,0
3458,0903,0,0
3458,0904,0,0
3458,0905,0,0
3458,0906,0,0
3458,0907,0,0
3458,0908,0,0
3458,0909,0,0
3458,0910,0,0
3458,0911,0,0
3458,0912,0,0
3458,0913,0,0
3458,0914,0,0
3459,0901,0,0
3459,0902,0,0
3459,0903,0,0
3459,0904,0,0
3459,0905,0,0
3459,0906,0,0
3459,0907,0,0
3459,0908,0,0
3459,0909,0,0
3459,0910,0,0
3459,0911,0,0
3459,0912,0,0
3459,0913,0,0
3459,0914,0,0
3460,0901,0,0
3460,0902,0,0
3460,0903,0,0
3460,0904,0,0
3460,0905,0,0
3460,0906,0,0
3460,0907,0,0
3460,0908,0,0
3460,0909,0,0
3460,0910,0,0
3460,0911,0,0
3460,0912,0,0
3460,0913,0,0
3460,0914,0,0
3461,0901,0,0
3461,0902,0,0
3461,0903,0,0
3461,0904,0,0
3461,0905,0,0
3461,0906,0,0
3461,0907,0,0
3461,0908,0,0
3461,0909,0,0
3461,0910,0,0
3461,0911,0,0
3461,0912,0,0
3461,0913,0,0
3461,0914,0,0
3462,0901,0,0
3462,0902,0,0
3462,0903,0,0
3462,0904,0,0
3462,0905,0,0
3462,0906,0,0
3462,0907,0,0
3462,0908,0,0
3462,0909,0,0
3462,0910,0,0
3462,0911,0,0
3462,0912,0,0
3462,0913,0,0
3462,0914,0,0
3463,0901,0,0
3463,0902,0,0
3463,0903,0,0
3463,0904,0,0
3463,0905,0,0
3463,0906,0,0
3463,0907,0,0
3463,0908,0,0
3463,0909,0,0
3463,0910,0,0
3463,0911,0,0
3463,0912,0,0
3463,0913,0,0
3463,0914,0,0
3464,0901,0,0
3464,0902,0,0
3464,0903,0,0
3464,0904,0,0
3464,0905,0,0
3464,0906,0,0
3464,0907,0,0
3464,0908,0,0
3464,0909,0,0
3464,0910,0,0
3464,0911,0,0
3464,0912,0,0
3464,0913,0,0
3464,0914,1,0
3465,0901,0,0
3465,0902,0,0
3465,0903,0,0
3465,0904,0,0
3465,0905,0,0
3465,0906,0,0
3465,0907,0,0
3465,0908,0,0
3465,0909,0,0
3465,0910,0,0
3465,0911,0,0
3465,0912,0,0
3465,0913,0,0
3465,0914,0,0
3466,0901,0,0
3466,0902,0,0
3466,0903,0,0
3466,0904,0,0
3466,0905,0,0
3466,0906,0,0
3466,0907,0,0
3466,0908,0,0
3466,0909,0,0
3466,0910,0,0
3466,0911,0,0
3466,0912,0,0
3466,0913,0,0
3466,0914,0,0
3467,0901,0,0
3467,0902,0,0
3467,0903,0,0
3467,0904,0,0
3467,0905,0,0
3467,0906,0,0
3467,0907,0,0
3467,0908,0,0
3467,0909,0,0
3467,0910,0,0
3467,0911,0,0
3467,0912,0,0
3467,0913,0,0
3467,0914,0,0
3468,0901,0,0
3468,0902,0,0
3468,0903,0,0
3468,0904,0,0
3468,0905,0,0
3468,0906,0,0
3468,0907,0,0
3468,0908,0,0
3468,0909,0,0
3468,0910,0,0
3468,0911,0,0
3468,0912,0,0
3468,0913,0,0
3468,0914,0,0
3469,0901,0,0
3469,0902,0,0
3469,0903,0,0
3469,0904,0,0
3469,0905,0,0
3469,0906,0,0
3469,0907,0,0
3469,0908,0,0
3469,0909,0,0
3469,0910,0,0
3469,0911,0,0
3469,0912,0,0
3469,0913,0,0
3469,0914,0,0
3470,0901,0,0
3470,0902,0,0
3470,0903,0,0
3470,0904,0,0
3470,0905,0,0
3470,0906,0,0
3470,0907,0,0
3470,0908,0,0
3470,0909,0,0
3470,0910,0,0
3470,0911,0,0
3470,0912,0,0
3470,0913,0,0
3470,0914,0,0
3471,0901,0,0
3471,0902,0,0
3471,0903,0,0
3471,0904,0,0
3471,0905,0,0
3471,0906,0,0
3471,0907,0,0
3471,0908,0,0
3471,0909,0,0
3471,0910,0,0
3471,0911,0,0
3471,0912,0,0
3471,0913,0,0
3471,0914,0,0
3472,0901,0,0
3472,0902,0,0
3472,0903,0,0
3472,0904,0,0
3472,0905,0,0
3472,0906,0,0
3472,0907,0,0
3472,0908,0,0
3472,0909,0,0
3472,0910,0,0
3472,0911,0,0
3472,0912,0,0
3472,0913,0,0
3472,0914,0,0
3473,0901,0,0
3473,0902,0,0
3473,0903,0,0
3473,0904,0,0
3473,0905,0,0
3473,0906,0,0
3473,0907,0,0
3473,0908,0,0
3473,0909,0,0
3473,0910,0,0
3473,0911,0,0
3473,0912,0,0
3473,0913,0,0
3473,0914,0,0
3474,0901,0,0
3474,0902,0,0
3474,0903,0,0
3474,0904,0,0
3474,0905,0,0
3474,0906,0,0
3474,0907,0,0
3474,0908,0,0
3474,0909,0,0
3474,0910,0,0
3474,0911,0,0
3474,0912,0,0
3474,0913,0,0
3474,0914,0,0
3475,0901,0,0
3475,0902,0,0
3475,0903,0,0
3475,0904,0,0
3475,0905,0,0
3475,0906,0,0
3475,0907,0,0
3475,0908,0,0
3475,0909,0,0
3475,0910,0,0
3475,0911,0,0
3475,0912,0,0
3475,0913,0,0
3475,0914,0,0
3476,0901,0,0
3476,0902,0,0
3476,0903,0,0
3476,0904,0,0
3476,0905,0,0
3476,0906,0,0
3476,0907,0,0
3476,0908,0,0
3476,0909,0,0
3476,0910,0,0
3476,0911,0,0
3476,0912,0,0
3476,0913,0,0
3476,0914,0,0
3477,0901,0,0
3477,0902,0,0
3477,0903,0,0
3477,0904,0,0
3477,0905,0,0
3477,0906,0,0
3477,0907,0,0
3477,0908,0,0
3477,0909,0,0
3477,0910,1,0
3477,0911,0,0
3477,0912,0,0
3477,0913,0,0
3477,0914,0,0
3478,0901,0,0
3478,0902,0,0
3478,0903,0,0
3478,0904,0,0
3478,0905,0,0
3478,0906,0,0
3478,0907,0,0
3478,0908,0,0
3478,0909,0,0
3478,0910,0,0
3478,0911,0,0
3478,0912,0,0
3478,0913,0,0
3478,0914,0,0
3479,0901,0,0
3479,0902,0,0
3479,0903,0,0
3479,0904,0,0
3479,0905,0,0
3479,0906,0,0
3479,0907,0,0
3479,0908,0,0
3479,0909,0,0
3479,0910,0,0
3479,0911,0,0
3479,0912,0,0
3479,0913,0,0
3479,0914,0,0
3480,0901,0,0
3480,0902,0,0
3480,0903,0,0
3480,0904,0,0
3480,0905,0,0
3480,0906,0,0
3480,0907,0,0
3480,0908,0,0
3480,0909,0,0
3480,0910,0,0
3480,0911,0,0
3480,0912,0,0
3480,0913,0,0
3480,0914,0,0
3481,0901,0,0
3481,0902,0,0
3481,0903,0,0
3481,0904,0,0
3481,0905,0,0
3481,0906,0,0
3481,0907,0,0
3481,0908,0,0
3481,0909,0,0
3481,0910,0,0
3481,0911,0,0
3481,0912,0,0
3481,0913,0,0
3481,0914,0,0
3482,0901,0,0
3482,0902,0,0
3482,0903,0,0
3482,0904,0,0
3482,0905,0,0
3482,0906,0,0
3482,0907,0,0
3482,0908,0,0
3482,0909,0,0
3482,0910,0,0
3482,0911,0,0
3482,0912,0,0
3482,0913,0,0
3482,0914,0,0
3483,0901,0,0
3483,0902,0,0
3483,0903,0,0
3483,0904,0,0
3483,0905,0,0
3483,0906,0,0
3483,0907,0,0
3483,0908,0,0
3483,0909,0,0
3483,0910,0,0
3483,0911,0,0
3483,0912,0,0
3483,0913,0,0
3483,0914,0,0
3484,0901,0,0
3484,0902,0,0
3484,0903,0,0
3484,0904,0,0
3484,0905,0,0
3484,0906,0,0
3484,0907,0,0
3484,0908,0,0
3484,0909,0,0
3484,0910,0,0
3484,0911,0,0
3484,0912,0,0
3484,0913,0,0
3484,0914,0,0
3485,0901,0,0
3485,0902,0,0
3485,0903,0,0
3485,0904,0,0
3485,0905,0,0
3485,0906,0,0
3485,0907,0,0
3485,0908,0,0
3485,0909,0,0
3485,0910,0,0
3485,0911,0,0
3485,0912,0,0
3485,0913,0,0
3485,0914,0,0
3486,0901,0,0
3486,0902,0,0
3486,0903,0,0
3486,0904,0,0
3486,0905,0,0
3486,0906,0,0
3486,0907,0,0
3486,0908,0,0
3486,0909,0,0
3486,0910,0,0
3486,0911,0,0
3486,0912,0,0
3486,0913,0,0
3486,0914,0,0
3487,0901,0,0
3487,0902,0,0
3487,0903,0,0
3487,0904,0,0
3487,0905,0,0
3487,0906,0,0
3487,0907,0,0
3487,0908,0,0
3487,0909,0,0
3487,0910,0,0
3487,0911,0,0
3487,0912,0,0
3487,0913,0,0
3487,0914,0,0
3488,0901,0,0
3488,0902,0,0
3488,0903,0,0
3488,0904,0,0
3488,0905,0,0
3488,0906,0,0
3488,0907,0,0
3488,0908,0,0
3488,0909,0,0
3488,0910,0,0
3488,0911,0,0
3488,0912,0,0
3488,0913,0,0
3488,0914,0,0
3489,0901,0,0
3489,0902,0,0
3489,0903,0,0
3489,0904,0,0
3489,0905,0,0
3489,0906,0,0
3489,0907,0,0
3489,0908,0,0
3489,0909,0,0
3489,0910,0,0
3489,0911,0,0
3489,0912,0,0
3489,0913,0,0
3489,0914,0,0
3490,0901,0,0
3490,0902,0,0
3490,0903,0,0
3490,0904,0,0
3490,0905,0,0
3490,0906,0,0
3490,0907,0,0
3490,0908,0,0
3490,0909,0,0
3490,0910,0,0
3490,0911,0,0
3490,0912,0,0
3490,0913,0,0
3490,0914,0,0
3491,0901,0,0
3491,0902,0,0
3491,0903,0,0
3491,0904,0,0
3491,0905,0,0
3491,0906,0,0
3491,0907,0,0
3491,0908,0,0
3491,0909,0,0
3491,0910,0,0
3491,0911,0,0
3491,0912,0,0
3491,0913,0,0
3491,0914,0,0
3492,0901,0,0
3492,0902,0,0
3492,0903,0,0
3492,0904,0,0
3492,0905,0,0
3492,0906,0,0
3492,0907,0,0
3492,0908,0,0
3492,0909,0,0
3492,0910,0,0
3492,0911,0,0
3492,0912,0,0
3492,0913,0,0
3492,0914,0,0
3493,0901,0,0
3493,0902,0,0
3493,0903,0,0
3493,0904,0,0
3493,0905,0,0
3493,0906,0,0
3493,0907,0,0
3493,0908,0,0
3493,0909,0,0
3493,0910,0,0
3493,0911,0,0
3493,0912,0,0
3493,0913,0,0
3493,0914,0,0
3494,0901,0,0
3494,0902,0,0
3494,0903,0,0
3494,0904,0,0
3494,0905,0,0
3494,0906,0,0
3494,0907,0,0
3494,0908,0,0
3494,0909,0,0
3494,0910,0,0
3494,0911,0,0
3494,0912,0,0
3494,0913,0,0
3494,0914,0,0
3495,0901,0,0
3495,0902,0,0
3495,0903,0,0
3495,0904,0,0
3495,0905,0,0
3495,0906,0,0
3495,0907,0,0
3495,0908,0,0
3495,0909,0,0
3495,0910,0,0
3495,0911,0,0
3495,0912,0,0
3495,0913,0,0
3495,0914,0,0
3496,0901,0,0
3496,0902,0,0
3496,0903,0,0
3496,0904,0,0
3496,0905,0,0
3496,0906,0,0
3496,0907,0,0
3496,0908,0,0
3496,0909,0,0
3496,0910,0,0
3496,0911,0,0
3496,0912,0,0
3496,0913,0,0
3496,0914,0,0
3497,0901,0,0
3497,0902,0,0
3497,0903,0,0
3497,0904,0,0
3497,0905,0,0
3497,0906,0,0
3497,0907,0,0
3497,0908,0,0
3497,0909,0,0
3497,0910,0,0
3497,0911,0,0
3497,0912,0,0
3497,0913,0,0
3497,0914,0,0
3498,0901,0,0
3498,0902,0,0
3498,0903,0,0
3498,0904,0,0
3498,0905,0,0
3498,0906,0,0
3498,0907,0,0
3498,0908,0,0
3498,0909,0,0
3498,0910,0,0
3498,0911,0,0
3498,0912,0,0
3498,0913,0,0
3498,0914,0,0
3499,0901,0,0
3499,0902,0,0
3499,0903,0,0
3499,0904,0,0
3499,0905,0,0
3499,0906,0,0
3499,0907,0,0
3499,0908,0,0
3499,0909,0,0
3499,0910,0,0
3499,0911,0,0
3499,0912,0,0
3499,0913,0,0
3499,0914,0,0
3500,0901,0,0
3500,0902,0,0
3500,0903,0,0
3500,0904,0,0
3500,0905,0,0
3500,0906,0,0
3500,0907,0,0
3500,0908,0,0
3500,0909,0,0
3500,0910,0,0
3500,0911,0,0
3500,0912,0,0
3500,0913,0,0
3500,0914,0,0
3501,0901,0,0
3501,0902,0,0
3501,0903,0,0
3501,0904,0,0
3501,0905,0,0
3501,0906,0,0
3501,0907,0,0
3501,0908,0,0
3501,0909,0,0
3501,0910,0,0
3501,0911,0,0
3501,0912,0,0
3501,0913,0,0
3501,0914,0,0
3502,0901,0,0
3502,0902,0,0
3502,0903,0,0
3502,0904,0,0
3502,0905,0,0
3502,0906,0,0
3502,0907,0,0
3502,0908,0,0
3502,0909,0,0
3502,0910,0,0
3502,0911,0,0
3502,0912,0,0
3502,0913,0,0
3502,0914,0,0
3503,0901,0,0
3503,0902,0,0
3503,0903,0,0
3503,0904,0,0
3503,0905,0,0
3503,0906,0,0
3503,0907,0,0
3503,0908,0,0
3503,0909,0,0
3503,0910,0,0
3503,0911,0,0
3503,0912,0,0
3503,0913,0,0
3503,0914,0,0
3504,0901,0,0
3504,0902,0,0
3504,0903,0,0
3504,0904,0,0
3504,0905,0,0
3504,0906,0,0
3504,0907,0,0
3504,0908,0,0
3504,0909,0,0
3504,0910,0,0
3504,0911,0,0
3504,0912,0,0
3504,0913,0,0
3504,0914,0,0
3505,0901,0,0
3505,0902,0,0
3505,0903,0,0
3505,0904,0,0
3505,0905,0,0
3505,0906,0,0
3505,0907,0,0
3505,0908,0,0
3505,0909,0,0
3505,0910,0,0
3505,0911,0,0
3505,0912,0,0
3505,0913,0,0
3505,0914,0,0
3506,0901,0,0
3506,0902,0,0
3506,0903,0,0
3506,0904,0,0
3506,0905,0,0
3506,0906,0,0
3506,0907,0,0
3506,0908,0,0
3506,0909,0,0
3506,0910,0,0
3506,0911,0,0
3506,0912,0,0
3506,0913,0,0
3506,0914,0,0
3507,0901,0,0
3507,0902,0,0
3507,0903,0,0
3507,0904,0,0
3507,0905,0,0
3507,0906,0,0
3507,0907,0,0
3507,0908,0,0
3507,0909,0,0
3507,0910,0,0
3507,0911,0,0
3507,0912,0,0
3507,0913,0,0
3507,0914,0,0
3508,0901,0,0
3508,0902,0,0
3508,0903,0,0
3508,0904,0,0
3508,0905,0,0
3508,0906,0,0
3508,0907,0,0
3508,0908,0,0
3508,0909,0,0
3508,0910,0,0
3508,0911,0,0
3508,0912,0,0
3508,0913,0,0
3508,0914,0,0
3509,0901,0,0
3509,0902,0,0
3509,0903,0,0
3509,0904,0,0
3509,0905,0,0
3509,0906,0,0
3509,0907,0,0
3509,0908,0,0
3509,0909,0,0
3509,0910,0,0
3509,0911,0,0
3509,0912,0,0
3509,0913,1,0
3509,0914,0,0
3510,0901,0,0
3510,0902,0,0
3510,0903,0,0
3510,0904,0,0
3510,0905,0,0
3510,0906,0,0
3510,0907,0,0
3510,0908,0,0
3510,0909,0,0
3510,0910,0,0
3510,0911,0,0
3510,0912,0,0
3510,0913,0,0
3510,0914,0,0
3511,0901,0,0
3511,0902,0,0
3511,0903,0,0
3511,0904,0,0
3511,0905,0,0
3511,0906,0,0
3511,0907,0,0
3511,0908,0,0
3511,0909,0,0
3511,0910,0,0
3511,0911,0,0
3511,0912,0,0
3511,0913,0,0
3511,0914,0,0
3512,0901,0,0
3512,0902,0,0
3512,0903,0,0
3512,0904,0,0
3512,0905,0,0
3512,0906,0,0
3512,0907,0,0
3512,0908,0,0
3512,0909,0,0
3512,0910,0,0
3512,0911,0,0
3512,0912,0,0
3512,0913,0,0
3512,0914,0,0
3513,0901,0,0
3513,0902,0,0
3513,0903,0,0
3513,0904,0,0
3513,0905,0,0
3513,0906,0,0
3513,0907,0,0
3513,0908,0,0
3513,0909,0,0
3513,0910,0,0
3513,0911,0,0
3513,0912,0,0
3513,0913,0,0
3513,0914,0,0
3514,0901,0,0
3514,0902,0,0
3514,0903,0,0
3514,0904,0,0
3514,0905,0,0
3514,0906,0,0
3514,0907,0,0
3514,0908,0,0
3514,0909,0,0
3514,0910,0,0
3514,0911,0,0
3514,0912,0,0
3514,0913,0,0
3514,0914,0,0
3515,0901,0,0
3515,0902,0,0
3515,0903,0,0
3515,0904,0,0
3515,0905,0,0
3515,0906,0,0
3515,0907,0,0
3515,0908,0,0
3515,0909,0,0
3515,0910,0,0
3515,0911,0,0
3515,0912,1,0
3515,0913,0,0
3515,0914,0,0
3516,0901,0,0
3516,0902,0,0
3516,0903,0,0
3516,0904,0,0
3516,0905,0,0
3516,0906,0,0
3516,0907,0,0
3516,0908,0,0
3516,0909,0,0
3516,0910,0,0
3516,0911,0,0
3516,0912,0,0
3516,0913,0,0
3516,0914,0,0
3517,0901,0,0
3517,0902,0,0
3517,0903,0,0
3517,0904,0,0
3517,0905,0,0
3517,0906,0,0
3517,0907,0,0
3517,0908,0,0
3517,0909,0,0
3517,0910,0,0
3517,0911,0,0
3517,0912,0,0
3517,0913,0,0
3517,0914,0,0
3518,0901,0,0
3518,0902,0,0
3518,0903,0,0
3518,0904,0,0
3518,0905,0,0
3518,0906,0,0
3518,0907,0,0
3518,0908,0,0
3518,0909,0,0
3518,0910,0,0
3518,0911,0,0
3518,0912,0,0
3518,0913,0,0
3518,0914,0,0
3519,0901,0,0
3519,0902,0,0
3519,0903,0,0
3519,0904,0,0
3519,0905,0,0
3519,0906,0,0
3519,0907,0,0
3519,0908,0,0
3519,0909,0,0
3519,0910,0,0
3519,0911,0,0
3519,0912,0,0
3519,0913,0,0
3519,0914,0,0
3520,0901,0,0
3520,0902,0,0
3520,0903,0,0
3520,0904,0,0
3520,0905,0,0
3520,0906,0,0
3520,0907,0,0
3520,0908,0,0
3520,0909,0,0
3520,0910,0,0
3520,0911,0,0
3520,0912,0,0
3520,0913,0,0
3520,0914,0,0
3521,0901,0,0
3521,0902,0,0
3521,0903,0,0
3521,0904,0,0
3521,0905,0,0
3521,0906,0,0
3521,0907,0,0
3521,0908,0,0
3521,0909,0,0
3521,0910,0,0
3521,0911,0,0
3521,0912,0,0
3521,0913,0,0
3521,0914,0,0
3522,0901,0,0
3522,0902,0,0
3522,0903,0,0
3522,0904,0,0
3522,0905,0,0
3522,0906,0,0
3522,0907,0,0
3522,0908,0,0
3522,0909,0,0
3522,0910,0,0
3522,0911,0,0
3522,0912,0,0
3522,0913,0,0
3522,0914,0,0
3523,0901,0,0
3523,0902,0,0
3523,0903,0,0
3523,0904,0,0
3523,0905,0,0
3523,0906,0,0
3523,0907,0,0
3523,0908,0,0
3523,0909,0,0
3523,0910,0,0
3523,0911,0,0
3523,0912,0,0
3523,0913,0,0
3523,0914,0,0
3524,0901,0,0
3524,0902,0,0
3524,0903,0,0
3524,0904,0,0
3524,0905,0,0
3524,0906,0,0
3524,0907,0,0
3524,0908,0,0
3524,0909,0,0
3524,0910,0,0
3524,0911,0,0
3524,0912,0,0
3524,0913,0,0
3524,0914,0,0
3525,0901,0,0
3525,0902,0,0
3525,0903,0,0
3525,0904,0,0
3525,0905,0,0
3525,0906,0,0
3525,0907,0,0
3525,0908,0,0
3525,0909,0,0
3525,0910,0,0
3525,0911,0,0
3525,0912,0,0
3525,0913,0,0
3525,0914,0,0
3526,0901,0,0
3526,0902,0,0
3526,0903,0,0
3526,0904,0,0
3526,0905,0,0
3526,0906,0,0
3526,0907,0,0
3526,0908,0,0
3526,0909,0,0
3526,0910,0,0
3526,0911,0,0
3526,0912,0,0
3526,0913,0,0
3526,0914,0,0
3527,0901,0,0
3527,0902,0,0
3527,0903,0,0
3527,0904,0,0
3527,0905,0,0
3527,0906,0,0
3527,0907,0,0
3527,0908,0,0
3527,0909,0,0
3527,0910,0,0
3527,0911,0,0
3527,0912,0,0
3527,0913,0,0
3527,0914,0,0
3528,0901,0,0
3528,0902,0,0
3528,0903,0,0
3528,0904,0,0
3528,0905,0,0
3528,0906,0,0
3528,0907,0,0
3528,0908,0,0
3528,0909,0,0
3528,0910,0,0
3528,0911,0,0
3528,0912,0,0
3528,0913,1,0
3528,0914,0,0
3529,0901,0,0
3529,0902,0,0
3529,0903,0,0
3529,0904,0,0
3529,0905,0,0
3529,0906,0,0
3529,0907,0,0
3529,0908,0,0
3529,0909,0,0
3529,0910,0,0
3529,0911,0,0
3529,0912,0,0
3529,0913,0,0
3529,0914,0,0
3530,0901,0,0
3530,0902,0,0
3530,0903,0,0
3530,0904,0,0
3530,0905,0,0
3530,0906,0,0
3530,0907,0,0
3530,0908,0,0
3530,0909,0,0
3530,0910,0,0
3530,0911,0,0
3530,0912,0,0
3530,0913,0,0
3530,0914,0,0
3531,0901,0,0
3531,0902,0,0
3531,0903,0,0
3531,0904,0,0
3531,0905,0,0
3531,0906,0,0
3531,0907,0,0
3531,0908,1,0
3531,0909,0,0
3531,0910,0,0
3531,0911,0,0
3531,0912,0,0
3531,0913,0,0
3531,0914,0,0
3532,0901,0,0
3532,0902,0,0
3532,0903,0,0
3532,0904,0,0
3532,0905,0,0
3532,0906,0,0
3532,0907,0,0
3532,0908,0,0
3532,0909,0,0
3532,0910,0,0
3532,0911,0,0
3532,0912,0,0
3532,0913,0,0
3532,0914,0,0
3533,0901,0,0
3533,0902,0,0
3533,0903,0,0
3533,0904,0,0
3533,0905,0,0
3533,0906,0,0
3533,0907,0,0
3533,0908,0,0
3533,0909,0,0
3533,0910,0,0
3533,0911,0,0
3533,0912,0,0
3533,0913,0,0
3533,0914,0,0
3534,0901,0,0
3534,0902,0,0
3534,0903,0,0
3534,0904,0,0
3534,0905,0,0
3534,0906,0,0
3534,0907,0,0
3534,0908,0,0
3534,0909,0,0
3534,0910,0,0
3534,0911,0,0
3534,0912,0,0
3534,0913,0,0
3534,0914,0,0
3535,0901,0,0
3535,0902,0,0
3535,0903,0,0
3535,0904,0,0
3535,0905,0,0
3535,0906,0,0
3535,0907,0,0
3535,0908,0,0
3535,0909,0,0
3535,0910,0,0
3535,0911,0,0
3535,0912,0,0
3535,0913,0,0
3535,0914,0,0
3536,0901,0,0
3536,0902,0,0
3536,0903,0,0
3536,0904,0,0
3536,0905,0,0
3536,0906,0,0
3536,0907,0,0
3536,0908,0,0
3536,0909,0,0
3536,0910,0,0
3536,0911,0,0
3536,0912,0,0
3536,0913,0,0
3536,0914,0,0
3537,0901,0,0
3537,0902,0,0
3537,0903,0,0
3537,0904,0,0
3537,0905,0,0
3537,0906,0,0
3537,0907,0,0
3537,0908,0,0
3537,0909,0,0
3537,0910,0,0
3537,0911,0,0
3537,0912,0,0
3537,0913,0,0
3537,0914,0,0
3538,0901,0,0
3538,0902,0,0
3538,0903,0,0
3538,0904,0,0
3538,0905,0,0
3538,0906,0,0
3538,0907,0,0
3538,0908,0,0
3538,0909,0,0
3538,0910,0,0
3538,0911,0,0
3538,0912,0,0
3538,0913,0,0
3538,0914,0,0
3539,0901,0,0
3539,0902,0,0
3539,0903,0,0
3539,0904,0,0
3539,0905,0,0
3539,0906,0,0
3539,0907,0,0
3539,0908,0,0
3539,0909,0,0
3539,0910,0,0
3539,0911,0,0
3539,0912,0,0
3539,0913,0,0
3539,0914,0,0
3540,0901,0,0
3540,0902,0,0
3540,0903,0,0
3540,0904,0,0
3540,0905,0,0
3540,0906,0,0
3540,0907,0,0
3540,0908,0,0
3540,0909,0,0
3540,0910,0,0
3540,0911,0,0
3540,0912,0,0
3540,0913,0,0
3540,0914,0,0
3541,0901,0,0
3541,0902,0,0
3541,0903,0,0
3541,0904,0,0
3541,0905,0,0
3541,0906,0,0
3541,0907,0,0
3541,0908,0,0
3541,0909,0,0
3541,0910,0,0
3541,0911,0,0
3541,0912,0,0
3541,0913,0,0
3541,0914,0,0
3542,0901,0,0
3542,0902,0,0
3542,0903,0,0
3542,0904,0,0
3542,0905,0,0
3542,0906,0,0
3542,0907,0,0
3542,0908,0,0
3542,0909,0,0
3542,0910,0,0
3542,0911,0,0
3542,0912,0,0
3542,0913,0,0
3542,0914,0,0
3543,0901,0,0
3543,0902,0,0
3543,0903,0,0
3543,0904,0,0
3543,0905,0,0
3543,0906,0,0
3543,0907,0,0
3543,0908,0,0
3543,0909,0,0
3543,0910,0,0
3543,0911,0,0
3543,0912,0,0
3543,0913,0,0
3543,0914,0,0
3544,0901,0,0
3544,0902,0,0
3544,0903,0,0
3544,0904,0,0
3544,0905,0,0
3544,0906,0,0
3544,0907,0,0
3544,0908,0,0
3544,0909,0,0
3544,0910,0,0
3544,0911,0,0
3544,0912,0,0
3544,0913,0,0
3544,0914,0,0
3545,0901,0,0
3545,0902,0,0
3545,0903,0,0
3545,0904,0,0
3545,0905,0,0
3545,0906,0,0
3545,0907,0,0
3545,0908,0,0
3545,0909,0,0
3545,0910,0,0
3545,0911,0,0
3545,0912,0,0
3545,0913,0,0
3545,0914,0,0
3546,0901,0,0
3546,0902,0,0
3546,0903,0,0
3546,0904,0,0
3546,0905,0,0
3546,0906,0,0
3546,0907,0,0
3546,0908,0,0
3546,0909,0,0
3546,0910,0,0
3546,0911,0,0
3546,0912,0,0
3546,0913,0,0
3546,0914,0,0
3547,0901,0,0
3547,0902,0,0
3547,0903,0,0
3547,0904,0,0
3547,0905,0,0
3547,0906,0,0
3547,0907,0,0
3547,0908,0,0
3547,0909,0,0
3547,0910,0,0
3547,0911,0,0
3547,0912,0,0
3547,0913,0,0
3547,0914,0,0
3548,0901,0,0
3548,0902,0,0
3548,0903,0,0
3548,0904,0,0
3548,0905,0,0
3548,0906,0,0
3548,0907,0,0
3548,0908,0,0
3548,0909,0,0
3548,0910,0,0
3548,0911,0,0
3548,0912,0,0
3548,0913,0,0
3548,0914,0,0
3549,0901,0,0
3549,0902,0,0
3549,0903,0,0
3549,0904,0,0
3549,0905,0,0
3549,0906,0,0
3549,0907,0,0
3549,0908,0,0
3549,0909,0,0
3549,0910,0,0
3549,0911,0,0
3549,0912,0,0
3549,0913,0,0
3549,0914,0,0
3550,0901,0,0
3550,0902,0,0
3550,0903,0,0
3550,0904,0,0
3550,0905,0,0
3550,0906,0,0
3550,0907,0,0
3550,0908,0,0
3550,0909,0,0
3550,0910,0,0
3550,0911,0,0
3550,0912,0,0
3550,0913,0,0
3550,0914,0,0
3551,0901,0,0
3551,0902,0,0
3551,0903,0,0
3551,0904,0,0
3551,0905,0,0
3551,0906,0,0
3551,0907,0,0
3551,0908,0,0
3551,0909,0,0
3551,0910,0,0
3551,0911,0,0
3551,0912,0,0
3551,0913,0,0
3551,0914,0,0
3552,0901,0,0
3552,0902,0,0
3552,0903,0,0
3552,0904,0,0
3552,0905,0,0
3552,0906,0,0
3552,0907,0,0
3552,0908,0,0
3552,0909,0,0
3552,0910,0,0
3552,0911,0,0
3552,0912,0,0
3552,0913,0,0
3552,0914,0,0
3553,0901,0,0
3553,0902,0,0
3553,0903,0,0
3553,0904,0,0
3553,0905,0,0
3553,0906,0,0
3553,0907,0,0
3553,0908,0,0
3553,0909,0,0
3553,0910,0,0
3553,0911,0,0
3553,0912,0,0
3553,0913,0,0
3553,0914,0,0
3554,0901,0,0
3554,0902,0,0
3554,0903,0,0
3554,0904,0,0
3554,0905,0,0
3554,0906,0,0
3554,0907,0,0
3554,0908,0,0
3554,0909,0,0
3554,0910,0,0
3554,0911,0,0
3554,0912,0,0
3554,0913,0,0
3554,0914,0,0
3555,0901,0,0
3555,0902,0,0
3555,0903,0,0
3555,0904,0,0
3555,0905,0,0
3555,0906,0,0
3555,0907,0,0
3555,0908,0,0
3555,0909,0,0
3555,0910,0,0
3555,0911,0,0
3555,0912,0,0
3555,0913,0,0
3555,0914,0,0
3556,0901,0,0
3556,0902,0,0
3556,0903,0,0
3556,0904,0,0
3556,0905,0,0
3556,0906,0,0
3556,0907,0,0
3556,0908,0,0
3556,0909,0,0
3556,0910,0,0
3556,0911,0,0
3556,0912,0,0
3556,0913,0,0
3556,0914,0,0
3557,0901,0,0
3557,0902,0,0
3557,0903,0,0
3557,0904,0,0
3557,0905,0,0
3557,0906,0,0
3557,0907,0,0
3557,0908,0,0
3557,0909,0,0
3557,0910,0,0
3557,0911,1,0
3557,0912,0,0
3557,0913,0,0
3557,0914,0,0
3558,0901,0,0
3558,0902,0,0
3558,0903,0,0
3558,0904,0,0
3558,0905,0,0
3558,0906,0,0
3558,0907,0,0
3558,0908,0,0
3558,0909,0,0
3558,0910,0,0
3558,0911,0,0
3558,0912,0,0
3558,0913,0,0
3558,0914,0,0
3559,0901,0,0
3559,0902,0,0
3559,0903,0,0
3559,0904,0,0
3559,0905,0,0
3559,0906,0,0
3559,0907,0,0
3559,0908,0,0
3559,0909,0,0
3559,0910,0,0
3559,0911,0,0
3559,0912,0,0
3559,0913,0,0
3559,0914,0,0
3560,0901,0,0
3560,0902,0,0
3560,0903,0,0
3560,0904,0,0
3560,0905,0,0
3560,0906,0,0
3560,0907,0,0
3560,0908,0,0
3560,0909,0,0
3560,0910,0,0
3560,0911,0,0
3560,0912,0,0
3560,0913,0,0
3560,0914,0,0
3561,0901,0,0
3561,0902,0,0
3561,0903,0,0
3561,0904,0,0
3561,0905,0,0
3561,0906,0,0
3561,0907,0,0
3561,0908,0,0
3561,0909,0,0
3561,0910,0,0
3561,0911,0,0
3561,0912,0,0
3561,0913,0,0
3561,0914,0,0
3562,0901,0,0
3562,0902,0,0
3562,0903,0,0
3562,0904,0,0
3562,0905,0,0
3562,0906,0,0
3562,0907,0,0
3562,0908,0,0
3562,0909,0,0
3562,0910,0,0
3562,0911,0,0
3562,0912,0,0
3562,0913,0,0
3562,0914,0,0
3563,0901,0,0
3563,0902,0,0
3563,0903,0,0
3563,0904,0,0
3563,0905,0,0
3563,0906,0,0
3563,0907,0,0
3563,0908,0,0
3563,0909,0,0
3563,0910,0,0
3563,0911,0,0
3563,0912,0,0
3563,0913,0,0
3563,0914,0,0
3564,0901,0,0
3564,0902,0,0
3564,0903,0,0
3564,0904,0,0
3564,0905,0,0
3564,0906,0,0
3564,0907,0,0
3564,0908,0,0
3564,0909,0,0
3564,0910,0,0
3564,0911,0,0
3564,0912,0,0
3564,0913,0,0
3564,0914,0,0
3565,0901,0,0
3565,0902,0,0
3565,0903,0,0
3565,0904,0,0
3565,0905,0,0
3565,0906,0,0
3565,0907,0,0
3565,0908,0,0
3565,0909,0,0
3565,0910,0,0
3565,0911,0,0
3565,0912,0,0
3565,0913,0,0
3565,0914,0,0
3566,0901,0,0
3566,0902,0,0
3566,0903,0,0
3566,0904,0,0
3566,0905,0,0
3566,0906,0,0
3566,0907,0,0
3566,0908,0,0
3566,0909,0,0
3566,0910,0,0
3566,0911,0,0
3566,0912,0,0
3566,0913,0,0
3566,0914,0,0
3567,0901,0,0
3567,0902,0,0
3567,0903,0,0
3567,0904,0,0
3567,0905,0,0
3567,0906,0,0
3567,0907,0,0
3567,0908,0,0
3567,0909,0,0
3567,0910,0,0
3567,0911,0,0
3567,0912,0,0
3567,0913,0,0
3567,0914,0,0
3568,0901,0,0
3568,0902,0,0
3568,0903,0,0
3568,0904,0,0
3568,0905,0,0
3568,0906,0,0
3568,0907,0,0
3568,0908,0,0
3568,0909,0,0
3568,0910,0,0
3568,0911,0,0
3568,0912,0,0
3568,0913,0,0
3568,0914,0,0
3569,0901,0,0
3569,0902,0,0
3569,0903,0,0
3569,0904,0,0
3569,0905,0,0
3569,0906,0,0
3569,0907,0,0
3569,0908,0,0
3569,0909,0,0
3569,0910,0,0
3569,0911,0,0
3569,0912,0,0
3569,0913,0,0
3569,0914,0,0
3570,0901,0,0
3570,0902,0,0
3570,0903,0,0
3570,0904,0,0
3570,0905,0,0
3570,0906,0,0
3570,0907,0,0
3570,0908,0,0
3570,0909,0,0
3570,0910,0,0
3570,0911,0,0
3570,0912,0,0
3570,0913,0,0
3570,0914,0,0
3571,0901,0,0
3571,0902,0,0
3571,0903,0,0
3571,0904,0,0
3571,0905,0,0
3571,0906,0,0
3571,0907,0,0
3571,0908,0,0
3571,0909,0,0
3571,0910,0,0
3571,0911,0,0
3571,0912,0,0
3571,0913,0,0
3571,0914,0,0
3572,0901,0,0
3572,0902,0,0
3572,0903,0,0
3572,0904,0,0
3572,0905,0,0
3572,0906,0,0
3572,0907,0,0
3572,0908,0,0
3572,0909,0,0
3572,0910,0,0
3572,0911,0,0
3572,0912,0,0
3572,0913,0,0
3572,0914,0,0
3573,0901,0,0
3573,0902,0,0
3573,0903,0,0
3573,0904,0,0
3573,0905,0,0
3573,0906,0,0
3573,0907,0,0
3573,0908,0,0
3573,0909,0,0
3573,0910,0,0
3573,0911,0,0
3573,0912,0,0
3573,0913,0,0
3573,0914,0,0
3574,0901,0,0
3574,0902,0,0
3574,0903,0,0
3574,0904,0,0
3574,0905,0,0
3574,0906,0,0
3574,0907,0,0
3574,0908,0,0
3574,0909,0,0
3574,0910,0,0
3574,0911,0,0
3574,0912,0,0
3574,0913,0,0
3574,0914,0,0
3575,0901,0,0
3575,0902,0,0
3575,0903,0,0
3575,0904,0,0
3575,0905,0,0
3575,0906,0,0
3575,0907,0,0
3575,0908,0,0
3575,0909,0,0
3575,0910,0,0
3575,0911,0,0
3575,0912,0,0
3575,0913,0,0
3575,0914,0,0
3576,0901,0,0
3576,0902,0,0
3576,0903,0,0
3576,0904,0,0
3576,0905,0,0
3576,0906,0,0
3576,0907,0,0
3576,0908,0,0
3576,0909,0,0
3576,0910,0,0
3576,0911,0,0
3576,0912,0,0
3576,0913,0,0
3576,0914,0,0
3577,0901,0,0
3577,0902,0,0
3577,0903,0,0
3577,0904,0,0
3577,0905,0,0
3577,0906,0,0
3577,0907,0,0
3577,0908,0,0
3577,0909,0,0
3577,0910,0,0
3577,0911,0,0
3577,0912,0,0
3577,0913,0,0
3577,0914,0,0
3578,0901,0,0
3578,0902,0,0
3578,0903,0,0
3578,0904,0,0
3578,0905,0,0
3578,0906,0,0
3578,0907,0,0
3578,0908,0,0
3578,0909,0,0
3578,0910,0,0
3578,0911,0,0
3578,0912,0,0
3578,0913,0,0
3578,0914,0,0
3579,0901,0,0
3579,0902,0,0
3579,0903,0,0
3579,0904,0,0
3579,0905,0,0
3579,0906,0,0
3579,0907,0,0
3579,0908,0,0
3579,0909,0,0
3579,0910,0,0
3579,0911,0,0
3579,0912,0,0
3579,0913,0,0
3579,0914,0,0
3580,0901,0,0
3580,0902,0,0
3580,0903,0,0
3580,0904,0,0
3580,0905,0,0
3580,0906,0,0
3580,0907,0,0
3580,0908,0,0
3580,0909,0,0
3580,0910,0,0
3580,0911,0,0
3580,0912,0,0
3580,0913,0,0
3580,0914,0,0
3581,0901,0,0
3581,0902,0,0
3581,0903,0,0
3581,0904,0,0
3581,0905,0,0
3581,0906,0,0
3581,0907,0,0
3581,0908,0,0
3581,0909,0,0
3581,0910,0,0
3581,0911,0,0
3581,0912,0,0
3581,0913,0,0
3581,0914,0,0
3582,0901,0,0
3582,0902,0,0
3582,0903,0,0
3582,0904,0,0
3582,0905,0,0
3582,0906,0,0
3582,0907,0,0
3582,0908,0,0
3582,0909,0,0
3582,0910,0,0
3582,0911,0,0
3582,0912,0,0
3582,0913,0,0
3582,0914,0,0
3583,0901,0,0
3583,0902,0,0
3583,0903,0,0
3583,0904,0,0
3583,0905,0,0
3583,0906,0,0
3583,0907,0,0
3583,0908,0,0
3583,0909,0,0
3583,0910,0,0
3583,0911,0,0
3583,0912,0,0
3583,0913,0,0
3583,0914,0,0
3584,0901,0,0
3584,0902,0,0
3584,0903,0,0
3584,0904,0,0
3584,0905,0,0
3584,0906,0,0
3584,0907,0,0
3584,0908,0,0
3584,0909,0,0
3584,0910,0,0
3584,0911,0,0
3584,0912,0,0
3584,0913,0,0
3584,0914,0,0
3585,0901,0,0
3585,0902,0,0
3585,0903,0,0
3585,0904,0,0
3585,0905,0,0
3585,0906,0,0
3585,0907,0,0
3585,0908,0,0
3585,0909,0,0
3585,0910,0,0
3585,0911,0,0
3585,0912,0,0
3585,0913,0,0
3585,0914,0,0
3586,0901,0,0
3586,0902,0,0
3586,0903,0,0
3586,0904,0,0
3586,0905,0,0
3586,0906,0,0
3586,0907,0,0
3586,0908,0,0
3586,0909,0,0
3586,0910,0,0
3586,0911,1,0
3586,0912,0,0
3586,0913,0,0
3586,0914,0,0
3587,0901,0,0
3587,0902,0,0
3587,0903,0,0
3587,0904,0,0
3587,0905,0,0
3587,0906,0,0
3587,0907,0,0
3587,0908,0,0
3587,0909,0,0
3587,0910,0,0
3587,0911,0,0
3587,0912,0,0
3587,0913,0,0
3587,0914,0,0
3588,0901,0,0
3588,0902,0,0
3588,0903,0,0
3588,0904,0,0
3588,0905,0,0
3588,0906,0,0
3588,0907,0,0
3588,0908,0,0
3588,0909,0,0
3588,0910,0,0
3588,0911,0,0
3588,0912,0,0
3588,0913,1,0
3588,0914,0,0
3589,0901,0,0
3589,0902,0,0
3589,0903,0,0
3589,0904,0,0
3589,0905,0,0
3589,0906,0,0
3589,0907,0,0
3589,0908,0,0
3589,0909,0,0
3589,0910,0,0
3589,0911,0,0
3589,0912,0,0
3589,0913,0,0
3589,0914,0,0
3590,0901,0,0
3590,0902,0,0
3590,0903,0,0
3590,0904,0,0
3590,0905,0,0
3590,0906,0,0
3590,0907,0,0
3590,0908,0,0
3590,0909,0,0
3590,0910,0,0
3590,0911,0,0
3590,0912,0,0
3590,0913,0,0
3590,0914,0,0
3591,0901,0,0
3591,0902,0,0
3591,0903,0,0
3591,0904,0,0
3591,0905,0,0
3591,0906,0,0
3591,0907,0,0
3591,0908,0,0
3591,0909,0,0
3591,0910,0,0
3591,0911,0,0
3591,0912,0,0
3591,0913,0,0
3591,0914,0,0
3592,0901,0,0
3592,0902,0,0
3592,0903,0,0
3592,0904,0,0
3592,0905,0,0
3592,0906,0,0
3592,0907,0,0
3592,0908,0,0
3592,0909,0,0
3592,0910,0,0
3592,0911,0,0
3592,0912,0,0
3592,0913,1,0
3592,0914,0,0
3593,0901,0,0
3593,0902,0,0
3593,0903,0,0
3593,0904,0,0
3593,0905,0,0
3593,0906,0,0
3593,0907,0,0
3593,0908,0,0
3593,0909,0,0
3593,0910,0,0
3593,0911,0,0
3593,0912,0,0
3593,0913,0,0
3593,0914,0,0
3594,0901,0,0
3594,0902,0,0
3594,0903,0,0
3594,0904,0,0
3594,0905,0,0
3594,0906,0,0
3594,0907,0,0
3594,0908,0,0
3594,0909,0,0
3594,0910,0,0
3594,0911,0,0
3594,0912,0,0
3594,0913,0,0
3594,0914,0,0
3595,0901,0,0
3595,0902,0,0
3595,0903,0,0
3595,0904,0,0
3595,0905,0,0
3595,0906,0,0
3595,0907,0,0
3595,0908,0,0
3595,0909,0,0
3595,0910,0,0
3595,0911,0,0
3595,0912,0,0
3595,0913,0,0
3595,0914,0,0
3596,0901,0,0
3596,0902,0,0
3596,0903,0,0
3596,0904,0,0
3596,0905,0,0
3596,0906,0,0
3596,0907,0,0
3596,0908,0,0
3596,0909,0,0
3596,0910,0,0
3596,0911,0,0
3596,0912,0,0
3596,0913,0,0
3596,0914,0,0
3597,0901,0,0
3597,0902,0,0
3597,0903,0,0
3597,0904,0,0
3597,0905,0,0
3597,0906,0,0
3597,0907,0,0
3597,0908,0,0
3597,0909,0,0
3597,0910,0,0
3597,0911,0,0
3597,0912,0,0
3597,0913,0,0
3597,0914,0,0
3598,0901,0,0
3598,0902,0,0
3598,0903,0,0
3598,0904,0,0
3598,0905,0,0
3598,0906,0,0
3598,0907,0,0
3598,0908,0,0
3598,0909,0,0
3598,0910,0,0
3598,0911,0,0
3598,0912,0,0
3598,0913,0,0
3598,0914,0,0
3599,0901,0,0
3599,0902,0,0
3599,0903,0,0
3599,0904,0,0
3599,0905,0,0
3599,0906,0,0
3599,0907,0,0
3599,0908,0,0
3599,0909,0,0
3599,0910,0,0
3599,0911,0,0
3599,0912,0,0
3599,0913,0,0
3599,0914,0,0
3600,0901,0,0
3600,0902,0,0
3600,0903,0,0
3600,0904,0,0
3600,0905,0,0
3600,0906,0,0
3600,0907,0,0
3600,0908,0,0
3600,0909,0,0
3600,0910,0,0
3600,0911,0,0
3600,0912,0,0
3600,0913,0,0
3600,0914,0,0
3601,0901,0,0
3601,0902,0,0
3601,0903,0,0
3601,0904,0,0
3601,0905,0,0
3601,0906,0,0
3601,0907,0,0
3601,0908,0,0
3601,0909,0,0
3601,0910,0,0
3601,0911,0,0
3601,0912,0,0
3601,0913,0,0
3601,0914,0,0
3602,0901,0,0
3602,0902,0,0
3602,0903,0,0
3602,0904,0,0
3602,0905,0,0
3602,0906,0,0
3602,0907,0,0
3602,0908,0,0
3602,0909,0,0
3602,0910,0,0
3602,0911,0,0
3602,0912,0,0
3602,0913,1,0
3602,0914,0,0
3603,0901,0,0
3603,0902,0,0
3603,0903,0,0
3603,0904,0,0
3603,0905,0,0
3603,0906,0,0
3603,0907,0,0
3603,0908,0,0
3603,0909,0,0
3603,0910,0,0
3603,0911,0,0
3603,0912,0,0
3603,0913,0,0
3603,0914,0,0
3604,0901,0,0
3604,0902,0,0
3604,0903,0,0
3604,0904,0,0
3604,0905,0,0
3604,0906,0,0
3604,0907,0,0
3604,0908,0,0
3604,0909,0,0
3604,0910,0,0
3604,0911,0,0
3604,0912,0,0
3604,0913,0,0
3604,0914,0,0
3605,0901,0,0
3605,0902,0,0
3605,0903,0,0
3605,0904,0,0
3605,0905,0,0
3605,0906,0,0
3605,0907,0,0
3605,0908,0,0
3605,0909,0,0
3605,0910,0,0
3605,0911,0,0
3605,0912,0,0
3605,0913,0,0
3605,0914,0,0
3606,0901,0,0
3606,0902,0,0
3606,0903,0,0
3606,0904,0,0
3606,0905,0,0
3606,0906,0,0
3606,0907,0,0
3606,0908,0,0
3606,0909,0,0
3606,0910,0,0
3606,0911,0,0
3606,0912,0,0
3606,0913,0,0
3606,0914,0,0
3607,0901,0,0
3607,0902,0,0
3607,0903,0,0
3607,0904,0,0
3607,0905,0,0
3607,0906,0,0
3607,0907,0,0
3607,0908,0,0
3607,0909,0,0
3607,0910,0,0
3607,0911,0,0
3607,0912,0,0
3607,0913,0,0
3607,0914,0,0
3608,0901,0,0
3608,0902,0,0
3608,0903,0,0
3608,0904,0,0
3608,0905,0,0
3608,0906,0,0
3608,0907,0,0
3608,0908,0,0
3608,0909,0,0
3608,0910,0,0
3608,0911,0,0
3608,0912,0,0
3608,0913,0,0
3608,0914,0,0
3609,0901,0,0
3609,0902,0,0
3609,0903,0,0
3609,0904,0,0
3609,0905,0,0
3609,0906,0,0
3609,0907,0,0
3609,0908,0,0
3609,0909,0,0
3609,0910,0,0
3609,0911,0,0
3609,0912,0,0
3609,0913,0,0
3609,0914,0,0
3610,0901,0,0
3610,0902,0,0
3610,0903,0,0
3610,0904,0,0
3610,0905,0,0
3610,0906,0,0
3610,0907,0,0
3610,0908,0,0
3610,0909,0,0
3610,0910,0,0
3610,0911,0,0
3610,0912,0,0
3610,0913,0,0
3610,0914,0,0
3611,0901,0,0
3611,0902,0,0
3611,0903,0,0
3611,0904,0,0
3611,0905,0,0
3611,0906,0,0
3611,0907,0,0
3611,0908,0,0
3611,0909,0,0
3611,0910,0,0
3611,0911,0,0
3611,0912,0,0
3611,0913,0,0
3611,0914,0,0
3612,0901,0,0
3612,0902,0,0
3612,0903,0,0
3612,0904,0,0
3612,0905,0,0
3612,0906,0,0
3612,0907,0,0
3612,0908,0,0
3612,0909,0,0
3612,0910,0,0
3612,0911,0,0
3612,0912,0,0
3612,0913,0,0
3612,0914,0,0
3613,0901,0,0
3613,0902,0,0
3613,0903,0,0
3613,0904,0,0
3613,0905,0,0
3613,0906,0,0
3613,0907,0,0
3613,0908,0,0
3613,0909,0,0
3613,0910,0,0
3613,0911,0,0
3613,0912,0,0
3613,0913,0,0
3613,0914,0,0
3614,0901,0,0
3614,0902,0,0
3614,0903,0,0
3614,0904,0,0
3614,0905,0,0
3614,0906,0,0
3614,0907,0,0
3614,0908,0,0
3614,0909,0,0
3614,0910,0,0
3614,0911,0,0
3614,0912,0,0
3614,0913,0,0
3614,0914,0,0
3615,0901,0,0
3615,0902,0,0
3615,0903,0,0
3615,0904,0,0
3615,0905,0,0
3615,0906,0,0
3615,0907,0,0
3615,0908,0,0
3615,0909,0,0
3615,0910,0,0
3615,0911,0,0
3615,0912,0,0
3615,0913,0,0
3615,0914,0,0
3616,0901,0,0
3616,0902,0,0
3616,0903,0,0
3616,0904,0,0
3616,0905,0,0
3616,0906,0,0
3616,0907,0,0
3616,0908,0,0
3616,0909,0,0
3616,0910,0,0
3616,0911,0,0
3616,0912,0,0
3616,0913,0,0
3616,0914,0,0
3617,0901,0,0
3617,0902,0,0
3617,0903,0,0
3617,0904,0,0
3617,0905,0,0
3617,0906,0,0
3617,0907,0,0
3617,0908,0,0
3617,0909,0,0
3617,0910,0,0
3617,0911,0,0
3617,0912,0,0
3617,0913,0,0
3617,0914,0,0
3618,0901,0,0
3618,0902,0,0
3618,0903,0,0
3618,0904,0,0
3618,0905,0,0
3618,0906,0,0
3618,0907,0,0
3618,0908,0,0
3618,0909,0,0
3618,0910,0,0
3618,0911,0,0
3618,0912,0,0
3618,0913,0,0
3618,0914,0,0
3619,0901,0,0
3619,0902,0,0
3619,0903,0,0
3619,0904,0,0
3619,0905,0,0
3619,0906,0,0
3619,0907,0,0
3619,0908,0,0
3619,0909,0,0
3619,0910,0,0
3619,0911,0,0
3619,0912,0,0
3619,0913,0,0
3619,0914,0,0
3620,0901,0,0
3620,0902,0,0
3620,0903,0,0
3620,0904,0,0
3620,0905,0,0
3620,0906,0,0
3620,0907,0,0
3620,0908,0,0
3620,0909,0,0
3620,0910,0,0
3620,0911,0,0
3620,0912,0,0
3620,0913,0,0
3620,0914,0,0
3621,0901,0,0
3621,0902,0,0
3621,0903,0,0
3621,0904,0,0
3621,0905,0,0
3621,0906,0,0
3621,0907,0,0
3621,0908,0,0
3621,0909,0,0
3621,0910,0,0
3621,0911,0,0
3621,0912,0,0
3621,0913,0,0
3621,0914,0,0
3622,0901,0,0
3622,0902,0,0
3622,0903,0,0
3622,0904,0,0
3622,0905,0,0
3622,0906,0,0
3622,0907,0,0
3622,0908,0,0
3622,0909,0,0
3622,0910,0,0
3622,0911,0,0
3622,0912,0,0
3622,0913,0,0
3622,0914,0,0
3623,0901,0,0
3623,0902,0,0
3623,0903,0,0
3623,0904,0,0
3623,0905,0,0
3623,0906,0,0
3623,0907,0,0
3623,0908,0,0
3623,0909,0,0
3623,0910,0,0
3623,0911,0,0
3623,0912,0,0
3623,0913,0,0
3623,0914,0,0
3624,0901,0,0
3624,0902,0,0
3624,0903,0,0
3624,0904,0,0
3624,0905,0,0
3624,0906,0,0
3624,0907,0,0
3624,0908,0,0
3624,0909,0,0
3624,0910,0,0
3624,0911,1,0
3624,0912,0,0
3624,0913,0,0
3624,0914,0,0
3625,0901,0,0
3625,0902,0,0
3625,0903,0,0
3625,0904,0,0
3625,0905,0,0
3625,0906,0,0
3625,0907,0,0
3625,0908,0,0
3625,0909,0,0
3625,0910,0,0
3625,0911,0,0
3625,0912,0,0
3625,0913,0,0
3625,0914,0,0
3626,0901,0,0
3626,0902,0,0
3626,0903,0,0
3626,0904,0,0
3626,0905,0,0
3626,0906,0,0
3626,0907,0,0
3626,0908,0,0
3626,0909,0,0
3626,0910,0,0
3626,0911,0,0
3626,0912,0,0
3626,0913,0,0
3626,0914,0,0
3627,0901,0,0
3627,0902,0,0
3627,0903,0,0
3627,0904,0,0
3627,0905,0,0
3627,0906,0,0
3627,0907,0,0
3627,0908,0,0
3627,0909,0,0
3627,0910,0,0
3627,0911,0,0
3627,0912,0,0
3627,0913,0,0
3627,0914,0,0
3628,0901,0,0
3628,0902,0,0
3628,0903,0,0
3628,0904,0,0
3628,0905,0,0
3628,0906,0,0
3628,0907,0,0
3628,0908,0,0
3628,0909,0,0
3628,0910,0,0
3628,0911,0,0
3628,0912,0,0
3628,0913,0,0
3628,0914,0,0
3629,0901,0,0
3629,0902,0,0
3629,0903,0,0
3629,0904,0,0
3629,0905,0,0
3629,0906,0,0
3629,0907,0,0
3629,0908,0,0
3629,0909,0,0
3629,0910,0,0
3629,0911,0,0
3629,0912,0,0
3629,0913,0,0
3629,0914,0,0
3630,0901,0,0
3630,0902,0,0
3630,0903,0,0
3630,0904,0,0
3630,0905,0,0
3630,0906,0,0
3630,0907,0,0
3630,0908,0,0
3630,0909,0,0
3630,0910,0,0
3630,0911,0,0
3630,0912,0,0
3630,0913,0,0
3630,0914,0,0
3631,0901,0,0
3631,0902,0,0
3631,0903,0,0
3631,0904,0,0
3631,0905,0,0
3631,0906,0,0
3631,0907,0,0
3631,0908,0,0
3631,0909,0,0
3631,0910,0,0
3631,0911,0,0
3631,0912,0,0
3631,0913,0,0
3631,0914,0,0
3632,0901,0,0
3632,0902,0,0
3632,0903,0,0
3632,0904,0,0
3632,0905,0,0
3632,0906,0,0
3632,0907,0,0
3632,0908,0,0
3632,0909,0,0
3632,0910,0,0
3632,0911,0,0
3632,0912,0,0
3632,0913,0,0
3632,0914,0,0
3633,0901,0,0
3633,0902,0,0
3633,0903,0,0
3633,0904,0,0
3633,0905,0,0
3633,0906,0,0
3633,0907,0,0
3633,0908,0,0
3633,0909,0,0
3633,0910,0,0
3633,0911,0,0
3633,0912,1,0
3633,0913,0,0
3633,0914,0,0
3634,0901,0,0
3634,0902,0,0
3634,0903,0,0
3634,0904,0,0
3634,0905,0,0
3634,0906,0,0
3634,0907,0,0
3634,0908,0,0
3634,0909,0,0
3634,0910,0,0
3634,0911,0,0
3634,0912,0,0
3634,0913,0,0
3634,0914,0,0
3635,0901,0,0
3635,0902,0,0
3635,0903,0,0
3635,0904,0,0
3635,0905,0,0
3635,0906,0,0
3635,0907,0,0
3635,0908,0,0
3635,0909,0,0
3635,0910,0,0
3635,0911,0,0
3635,0912,0,0
3635,0913,0,0
3635,0914,0,0
3636,0901,0,0
3636,0902,0,0
3636,0903,0,0
3636,0904,0,0
3636,0905,0,0
3636,0906,0,0
3636,0907,0,0
3636,0908,0,0
3636,0909,0,0
3636,0910,0,0
3636,0911,0,0
3636,0912,0,0
3636,0913,0,0
3636,0914,0,0
3637,0901,0,0
3637,0902,0,0
3637,0903,0,0
3637,0904,0,0
3637,0905,0,0
3637,0906,0,0
3637,0907,0,0
3637,0908,0,0
3637,0909,0,0
3637,0910,0,0
3637,0911,0,0
3637,0912,0,0
3637,0913,0,0
3637,0914,0,0
3638,0901,0,0
3638,0902,0,0
3638,0903,0,0
3638,0904,0,0
3638,0905,0,0
3638,0906,0,0
3638,0907,0,0
3638,0908,0,0
3638,0909,0,0
3638,0910,0,0
3638,0911,0,0
3638,0912,0,0
3638,0913,0,0
3638,0914,0,0
3639,0901,0,0
3639,0902,0,0
3639,0903,0,0
3639,0904,0,0
3639,0905,0,0
3639,0906,0,0
3639,0907,0,0
3639,0908,0,0
3639,0909,0,0
3639,0910,0,0
3639,0911,0,0
3639,0912,0,0
3639,0913,0,0
3639,0914,0,0
3640,0901,0,0
3640,0902,0,0
3640,0903,0,0
3640,0904,0,0
3640,0905,0,0
3640,0906,0,0
3640,0907,0,0
3640,0908,0,0
3640,0909,0,0
3640,0910,0,0
3640,0911,0,0
3640,0912,0,0
3640,0913,0,0
3640,0914,0,0
3641,0901,0,0
3641,0902,0,0
3641,0903,0,0
3641,0904,0,0
3641,0905,0,0
3641,0906,0,0
3641,0907,0,0
3641,0908,0,0
3641,0909,0,0
3641,0910,0,0
3641,0911,0,0
3641,0912,0,0
3641,0913,0,0
3641,0914,0,0
3642,0901,0,0
3642,0902,0,0
3642,0903,0,0
3642,0904,0,0
3642,0905,0,0
3642,0906,0,0
3642,0907,0,0
3642,0908,0,0
3642,0909,0,0
3642,0910,0,0
3642,0911,0,0
3642,0912,0,0
3642,0913,0,0
3642,0914,0,0
3643,0901,0,0
3643,0902,0,0
3643,0903,0,0
3643,0904,0,0
3643,0905,0,0
3643,0906,0,0
3643,0907,0,0
3643,0908,0,0
3643,0909,0,0
3643,0910,0,0
3643,0911,0,0
3643,0912,0,0
3643,0913,0,0
3643,0914,0,0
3644,0901,0,0
3644,0902,0,0
3644,0903,0,0
3644,0904,0,0
3644,0905,0,0
3644,0906,0,0
3644,0907,0,0
3644,0908,0,0
3644,0909,0,0
3644,0910,0,0
3644,0911,0,0
3644,0912,0,0
3644,0913,0,0
3644,0914,0,0
3645,0901,0,0
3645,0902,0,0
3645,0903,0,0
3645,0904,0,0
3645,0905,0,0
3645,0906,0,0
3645,0907,0,0
3645,0908,0,0
3645,0909,0,0
3645,0910,1,0
3645,0911,0,0
3645,0912,0,0
3645,0913,0,0
3645,0914,0,0
3646,0901,0,0
3646,0902,0,0
3646,0903,0,0
3646,0904,0,0
3646,0905,0,0
3646,0906,0,0
3646,0907,0,0
3646,0908,0,0
3646,0909,0,0
3646,0910,0,0
3646,0911,0,0
3646,0912,0,0
3646,0913,0,0
3646,0914,0,0
3647,0901,0,0
3647,0902,0,0
3647,0903,0,0
3647,0904,0,0
3647,0905,0,0
3647,0906,0,0
3647,0907,0,0
3647,0908,0,0
3647,0909,0,0
3647,0910,0,0
3647,0911,0,0
3647,0912,0,0
3647,0913,0,0
3647,0914,0,0
3648,0901,0,0
3648,0902,0,0
3648,0903,0,0
3648,0904,0,0
3648,0905,0,0
3648,0906,0,0
3648,0907,0,0
3648,0908,0,0
3648,0909,0,0
3648,0910,0,0
3648,0911,0,0
3648,0912,0,0
3648,0913,0,0
3648,0914,0,0
3649,0901,0,0
3649,0902,0,0
3649,0903,0,0
3649,0904,0,0
3649,0905,0,0
3649,0906,0,0
3649,0907,0,0
3649,0908,0,0
3649,0909,0,0
3649,0910,0,0
3649,0911,0,0
3649,0912,0,0
3649,0913,0,0
3649,0914,0,0
3650,0901,0,0
3650,0902,0,0
3650,0903,0,0
3650,0904,0,0
3650,0905,0,0
3650,0906,0,0
3650,0907,0,0
3650,0908,0,0
3650,0909,0,0
3650,0910,0,0
3650,0911,0,0
3650,0912,0,0
3650,0913,0,0
3650,0914,0,0
3651,0901,0,0
3651,0902,0,0
3651,0903,0,0
3651,0904,0,0
3651,0905,0,0
3651,0906,0,0
3651,0907,0,0
3651,0908,0,0
3651,0909,0,0
3651,0910,0,0
3651,0911,0,0
3651,0912,0,0
3651,0913,0,0
3651,0914,0,0
3652,0901,0,0
3652,0902,0,0
3652,0903,0,0
3652,0904,0,0
3652,0905,0,0
3652,0906,0,0
3652,0907,0,0
3652,0908,0,0
3652,0909,0,0
3652,0910,0,0
3652,0911,0,0
3652,0912,0,0
3652,0913,0,0
3652,0914,0,0
3653,0901,0,0
3653,0902,0,0
3653,0903,0,0
3653,0904,0,0
3653,0905,0,0
3653,0906,0,0
3653,0907,0,0
3653,0908,0,0
3653,0909,0,0
3653,0910,0,0
3653,0911,0,0
3653,0912,0,0
3653,0913,0,0
3653,0914,0,0
3654,0901,0,0
3654,0902,0,0
3654,0903,0,0
3654,0904,0,0
3654,0905,0,0
3654,0906,0,0
3654,0907,0,0
3654,0908,0,0
3654,0909,0,0
3654,0910,0,0
3654,0911,0,0
3654,0912,0,0
3654,0913,0,0
3654,0914,0,0
3655,0901,0,0
3655,0902,0,0
3655,0903,0,0
3655,0904,0,0
3655,0905,0,0
3655,0906,0,0
3655,0907,0,0
3655,0908,0,0
3655,0909,0,0
3655,0910,0,0
3655,0911,0,0
3655,0912,0,0
3655,0913,0,0
3655,0914,0,0
3656,0901,0,0
3656,0902,0,0
3656,0903,0,0
3656,0904,0,0
3656,0905,0,0
3656,0906,0,0
3656,0907,0,0
3656,0908,0,0
3656,0909,0,0
3656,0910,0,0
3656,0911,0,0
3656,0912,0,0
3656,0913,0,0
3656,0914,0,0
3657,0901,0,0
3657,0902,0,0
3657,0903,0,0
3657,0904,0,0
3657,0905,0,0
3657,0906,0,0
3657,0907,0,0
3657,0908,0,0
3657,0909,0,0
3657,0910,0,0
3657,0911,0,0
3657,0912,0,0
3657,0913,0,0
3657,0914,0,0
3658,0901,0,0
3658,0902,0,0
3658,0903,0,0
3658,0904,0,0
3658,0905,0,0
3658,0906,0,0
3658,0907,0,0
3658,0908,0,0
3658,0909,0,0
3658,0910,0,0
3658,0911,0,0
3658,0912,0,0
3658,0913,0,0
3658,0914,0,0
3659,0901,0,0
3659,0902,0,0
3659,0903,0,0
3659,0904,0,0
3659,0905,0,0
3659,0906,0,0
3659,0907,0,0
3659,0908,0,0
3659,0909,0,0
3659,0910,0,0
3659,0911,0,0
3659,0912,0,0
3659,0913,0,0
3659,0914,0,0
3660,0901,0,0
3660,0902,0,0
3660,0903,0,0
3660,0904,0,0
3660,0905,0,0
3660,0906,0,0
3660,0907,0,0
3660,0908,0,0
3660,0909,0,0
3660,0910,0,0
3660,0911,0,0
3660,0912,0,0
3660,0913,0,0
3660,0914,0,0
3661,0901,0,0
3661,0902,0,0
3661,0903,0,0
3661,0904,0,0
3661,0905,0,0
3661,0906,0,0
3661,0907,0,0
3661,0908,0,0
3661,0909,0,0
3661,0910,0,0
3661,0911,0,0
3661,0912,0,0
3661,0913,0,0
3661,0914,0,0
3662,0901,0,0
3662,0902,0,0
3662,0903,0,0
3662,0904,0,0
3662,0905,0,0
3662,0906,0,0
3662,0907,0,0
3662,0908,0,0
3662,0909,0,0
3662,0910,0,0
3662,0911,0,0
3662,0912,0,0
3662,0913,0,0
3662,0914,0,0
3663,0901,0,0
3663,0902,0,0
3663,0903,0,0
3663,0904,0,0
3663,0905,0,0
3663,0906,0,0
3663,0907,0,0
3663,0908,1,0
3663,0909,0,0
3663,0910,0,0
3663,0911,0,0
3663,0912,0,0
3663,0913,0,0
3663,0914,0,0
3664,0901,0,0
3664,0902,0,0
3664,0903,0,0
3664,0904,0,0
3664,0905,0,0
3664,0906,0,0
3664,0907,0,0
3664,0908,0,0
3664,0909,0,0
3664,0910,0,0
3664,0911,0,0
3664,0912,0,0
3664,0913,0,0
3664,0914,0,0
3665,0901,0,0
3665,0902,0,0
3665,0903,0,0
3665,0904,0,0
3665,0905,0,0
3665,0906,0,0
3665,0907,0,0
3665,0908,0,0
3665,0909,0,0
3665,0910,0,0
3665,0911,0,0
3665,0912,0,0
3665,0913,0,0
3665,0914,0,0
3666,0901,0,0
3666,0902,0,0
3666,0903,0,0
3666,0904,0,0
3666,0905,0,0
3666,0906,0,0
3666,0907,0,0
3666,0908,0,0
3666,0909,0,0
3666,0910,0,0
3666,0911,0,0
3666,0912,0,0
3666,0913,0,0
3666,0914,0,0
3667,0901,0,0
3667,0902,0,0
3667,0903,0,0
3667,0904,0,0
3667,0905,0,0
3667,0906,0,0
3667,0907,0,0
3667,0908,0,0
3667,0909,0,0
3667,0910,0,0
3667,0911,0,0
3667,0912,0,0
3667,0913,0,0
3667,0914,0,0
3668,0901,0,0
3668,0902,0,0
3668,0903,0,0
3668,0904,0,0
3668,0905,0,0
3668,0906,0,0
3668,0907,0,0
3668,0908,0,0
3668,0909,0,0
3668,0910,0,0
3668,0911,0,0
3668,0912,0,0
3668,0913,0,0
3668,0914,0,0
3669,0901,0,0
3669,0902,0,0
3669,0903,0,0
3669,0904,0,0
3669,0905,0,0
3669,0906,0,0
3669,0907,0,0
3669,0908,0,0
3669,0909,0,0
3669,0910,0,0
3669,0911,0,0
3669,0912,0,0
3669,0913,0,0
3669,0914,0,0
3670,0901,0,0
3670,0902,0,0
3670,0903,0,0
3670,0904,0,0
3670,0905,0,0
3670,0906,0,0
3670,0907,0,0
3670,0908,0,0
3670,0909,0,0
3670,0910,0,0
3670,0911,0,0
3670,0912,0,0
3670,0913,0,0
3670,0914,0,0
3671,0901,0,0
3671,0902,0,0
3671,0903,0,0
3671,0904,0,0
3671,0905,0,0
3671,0906,0,0
3671,0907,0,0
3671,0908,0,0
3671,0909,0,0
3671,0910,0,0
3671,0911,0,0
3671,0912,0,0
3671,0913,0,0
3671,0914,0,0
3672,0901,0,0
3672,0902,0,0
3672,0903,0,0
3672,0904,0,0
3672,0905,0,0
3672,0906,0,0
3672,0907,0,0
3672,0908,0,0
3672,0909,0,0
3672,0910,0,0
3672,0911,0,0
3672,0912,0,0
3672,0913,0,0
3672,0914,0,0
3673,0901,0,0
3673,0902,0,0
3673,0903,0,0
3673,0904,0,0
3673,0905,0,0
3673,0906,0,0
3673,0907,0,0
3673,0908,0,0
3673,0909,0,0
3673,0910,0,0
3673,0911,0,0
3673,0912,0,0
3673,0913,0,0
3673,0914,0,0
3674,0901,0,0
3674,0902,0,0
3674,0903,0,0
3674,0904,0,0
3674,0905,0,0
3674,0906,0,0
3674,0907,0,0
3674,0908,0,0
3674,0909,0,0
3674,0910,0,0
3674,0911,0,0
3674,0912,0,0
3674,0913,0,0
3674,0914,0,0
3675,0901,0,0
3675,0902,0,0
3675,0903,0,0
3675,0904,0,0
3675,0905,0,0
3675,0906,0,0
3675,0907,0,0
3675,0908,0,0
3675,0909,0,0
3675,0910,0,0
3675,0911,0,0
3675,0912,0,0
3675,0913,0,0
3675,0914,0,0
3676,0901,0,0
3676,0902,0,0
3676,0903,0,0
3676,0904,0,0
3676,0905,0,0
3676,0906,0,0
3676,0907,0,0
3676,0908,0,0
3676,0909,0,0
3676,0910,0,0
3676,0911,0,0
3676,0912,0,0
3676,0913,0,0
3676,0914,0,0
3677,0901,0,0
3677,0902,0,0
3677,0903,0,0
3677,0904,0,0
3677,0905,0,0
3677,0906,0,0
3677,0907,0,0
3677,0908,0,0
3677,0909,0,0
3677,0910,0,0
3677,0911,0,0
3677,0912,0,0
3677,0913,0,0
3677,0914,0,0
3678,0901,0,0
3678,0902,0,0
3678,0903,0,0
3678,0904,0,0
3678,0905,0,0
3678,0906,0,0
3678,0907,0,0
3678,0908,0,0
3678,0909,0,0
3678,0910,0,0
3678,0911,0,0
3678,0912,0,0
3678,0913,0,0
3678,0914,0,0
3679,0901,0,0
3679,0902,0,0
3679,0903,0,0
3679,0904,0,0
3679,0905,0,0
3679,0906,0,0
3679,0907,0,0
3679,0908,0,0
3679,0909,0,0
3679,0910,0,0
3679,0911,0,0
3679,0912,0,0
3679,0913,0,0
3679,0914,0,0
3680,0901,0,0
3680,0902,0,0
3680,0903,0,0
3680,0904,0,0
3680,0905,0,0
3680,0906,0,0
3680,0907,0,0
3680,0908,0,0
3680,0909,0,0
3680,0910,0,0
3680,0911,0,0
3680,0912,0,0
3680,0913,0,0
3680,0914,0,0
3681,0901,0,0
3681,0902,0,0
3681,0903,0,0
3681,0904,0,0
3681,0905,0,0
3681,0906,0,0
3681,0907,0,0
3681,0908,0,0
3681,0909,0,0
3681,0910,0,0
3681,0911,0,0
3681,0912,0,0
3681,0913,0,0
3681,0914,0,0
3682,0901,1,0
3682,0902,0,0
3682,0903,0,0
3682,0904,0,0
3682,0905,0,0
3682,0906,0,0
3682,0907,0,0
3682,0908,0,0
3682,0909,0,0
3682,0910,0,0
3682,0911,0,0
3682,0912,0,0
3682,0913,0,0
3682,0914,0,0
3683,0901,0,0
3683,0902,0,0
3683,0903,0,0
3683,0904,0,0
3683,0905,0,0
3683,0906,0,0
3683,0907,0,0
3683,0908,0,0
3683,0909,0,0
3683,0910,0,0
3683,0911,0,0
3683,0912,0,0
3683,0913,0,0
3683,0914,0,0
3684,0901,0,0
3684,0902,0,0
3684,0903,0,0
3684,0904,0,0
3684,0905,0,0
3684,0906,0,0
3684,0907,0,0
3684,0908,0,0
3684,0909,0,0
3684,0910,0,0
3684,0911,0,0
3684,0912,0,0
3684,0913,0,0
3684,0914,0,0
3685,0901,0,0
3685,0902,0,0
3685,0903,0,0
3685,0904,0,0
3685,0905,0,0
3685,0906,0,0
3685,0907,0,0
3685,0908,0,0
3685,0909,0,0
3685,0910,0,0
3685,0911,0,0
3685,0912,0,0
3685,0913,0,0
3685,0914,0,0
3686,0901,0,0
3686,0902,0,0
3686,0903,0,0
3686,0904,0,0
3686,0905,0,0
3686,0906,0,0
3686,0907,0,0
3686,0908,0,0
3686,0909,0,0
3686,0910,0,0
3686,0911,0,0
3686,0912,0,0
3686,0913,0,0
3686,0914,0,0
3687,0901,0,0
3687,0902,0,0
3687,0903,0,0
3687,0904,0,0
3687,0905,0,0
3687,0906,0,0
3687,0907,0,0
3687,0908,0,0
3687,0909,0,0
3687,0910,0,0
3687,0911,0,0
3687,0912,0,0
3687,0913,0,0
3687,0914,0,0
3688,0901,0,0
3688,0902,0,0
3688,0903,0,0
3688,0904,0,0
3688,0905,0,0
3688,0906,0,0
3688,0907,0,0
3688,0908,0,0
3688,0909,0,0
3688,0910,0,0
3688,0911,0,0
3688,0912,0,0
3688,0913,0,0
3688,0914,0,0
3689,0901,0,0
3689,0902,0,0
3689,0903,0,0
3689,0904,0,0
3689,0905,0,0
3689,0906,0,0
3689,0907,0,0
3689,0908,0,0
3689,0909,0,0
3689,0910,0,0
3689,0911,0,0
3689,0912,0,0
3689,0913,0,0
3689,0914,0,0
3690,0901,0,0
3690,0902,0,0
3690,0903,0,0
3690,0904,0,0
3690,0905,0,0
3690,0906,0,0
3690,0907,0,0
3690,0908,0,0
3690,0909,0,0
3690,0910,0,0
3690,0911,0,0
3690,0912,0,0
3690,0913,0,0
3690,0914,0,0
3691,0901,0,0
3691,0902,0,0
3691,0903,0,0
3691,0904,0,0
3691,0905,0,0
3691,0906,0,0
3691,0907,0,0
3691,0908,0,0
3691,0909,0,0
3691,0910,0,0
3691,0911,0,0
3691,0912,0,0
3691,0913,0,0
3691,0914,0,0
3692,0901,0,0
3692,0902,0,0
3692,0903,0,0
3692,0904,0,0
3692,0905,0,0
3692,0906,0,0
3692,0907,0,0
3692,0908,0,0
3692,0909,0,0
3692,0910,0,0
3692,0911,0,0
3692,0912,0,0
3692,0913,0,0
3692,0914,0,0
3693,0901,0,0
3693,0902,0,0
3693,0903,0,0
3693,0904,0,0
3693,0905,0,0
3693,0906,0,0
3693,0907,0,0
3693,0908,0,0
3693,0909,0,0
3693,0910,0,0
3693,0911,0,0
3693,0912,0,0
3693,0913,0,0
3693,0914,0,0
3694,0901,0,0
3694,0902,0,0
3694,0903,0,0
3694,0904,0,0
3694,0905,0,0
3694,0906,0,0
3694,0907,0,0
3694,0908,0,0
3694,0909,0,0
3694,0910,0,0
3694,0911,0,0
3694,0912,0,0
3694,0913,0,0
3694,0914,0,0
3695,0901,0,0
3695,0902,0,0
3695,0903,0,0
3695,0904,0,0
3695,0905,0,0
3695,0906,0,0
3695,0907,0,0
3695,0908,0,0
3695,0909,0,0
3695,0910,0,0
3695,0911,0,0
3695,0912,0,0
3695,0913,0,0
3695,0914,0,0
3696,0901,0,0
3696,0902,0,0
3696,0903,0,0
3696,0904,0,0
3696,0905,0,0
3696,0906,0,0
3696,0907,0,0
3696,0908,0,0
3696,0909,0,0
3696,0910,0,0
3696,0911,0,0
3696,0912,0,0
3696,0913,0,0
3696,0914,0,0
3697,0901,0,0
3697,0902,0,0
3697,0903,0,0
3697,0904,0,0
3697,0905,0,0
3697,0906,0,0
3697,0907,0,0
3697,0908,0,0
3697,0909,0,0
3697,0910,0,0
3697,0911,0,0
3697,0912,0,0
3697,0913,0,0
3697,0914,0,0
3698,0901,0,0
3698,0902,0,0
3698,0903,0,0
3698,0904,0,0
3698,0905,0,0
3698,0906,0,0
3698,0907,0,0
3698,0908,0,0
3698,0909,0,0
3698,0910,0,0
3698,0911,0,0
3698,0912,0,0
3698,0913,0,0
3698,0914,0,0
3699,0901,0,0
3699,0902,0,0
3699,0903,0,0
3699,0904,0,0
3699,0905,0,0
3699,0906,0,0
3699,0907,0,0
3699,0908,0,0
3699,0909,0,0
3699,0910,0,0
3699,0911,0,0
3699,0912,0,0
3699,0913,0,0
3699,0914,0,0
3700,0901,0,0
3700,0902,0,0
3700,0903,0,0
3700,0904,0,0
3700,0905,0,0
3700,0906,0,0
3700,0907,0,0
3700,0908,0,0
3700,0909,0,0
3700,0910,0,0
3700,0911,0,0
3700,0912,0,0
3700,0913,0,0
3700,0914,0,0
3701,0901,0,0
3701,0902,0,0
3701,0903,0,0
3701,0904,0,0
3701,0905,0,0
3701,0906,0,0
3701,0907,0,0
3701,0908,0,0
3701,0909,0,0
3701,0910,0,0
3701,0911,0,0
3701,0912,0,0
3701,0913,0,0
3701,0914,0,0
3702,0901,0,0
3702,0902,0,0
3702,0903,0,0
3702,0904,0,0
3702,0905,0,0
3702,0906,0,0
3702,0907,0,0
3702,0908,0,0
3702,0909,0,0
3702,0910,0,0
3702,0911,0,0
3702,0912,0,0
3702,0913,0,0
3702,0914,0,0
3703,0901,0,0
3703,0902,0,0
3703,0903,0,0
3703,0904,0,0
3703,0905,0,0
3703,0906,0,0
3703,0907,0,0
3703,0908,0,0
3703,0909,0,0
3703,0910,0,0
3703,0911,0,0
3703,0912,0,0
3703,0913,0,0
3703,0914,0,0
3704,0901,0,0
3704,0902,0,0
3704,0903,0,0
3704,0904,0,0
3704,0905,0,0
3704,0906,0,0
3704,0907,0,0
3704,0908,0,0
3704,0909,0,0
3704,0910,0,0
3704,0911,0,0
3704,0912,0,0
3704,0913,0,0
3704,0914,0,0
3705,0901,0,0
3705,0902,0,0
3705,0903,0,0
3705,0904,0,0
3705,0905,0,0
3705,0906,0,0
3705,0907,0,0
3705,0908,0,0
3705,0909,0,0
3705,0910,0,0
3705,0911,0,0
3705,0912,0,0
3705,0913,0,0
3705,0914,0,0
3706,0901,0,0
3706,0902,0,0
3706,0903,0,0
3706,0904,0,0
3706,0905,0,0
3706,0906,0,0
3706,0907,0,0
3706,0908,0,0
3706,0909,0,0
3706,0910,0,0
3706,0911,0,0
3706,0912,0,0
3706,0913,0,0
3706,0914,0,0
3707,0901,0,0
3707,0902,0,0
3707,0903,0,0
3707,0904,0,0
3707,0905,0,0
3707,0906,0,0
3707,0907,0,0
3707,0908,0,0
3707,0909,0,0
3707,0910,0,0
3707,0911,0,0
3707,0912,0,0
3707,0913,0,0
3707,0914,0,0
3708,0901,0,0
3708,0902,0,0
3708,0903,0,0
3708,0904,0,0
3708,0905,0,0
3708,0906,0,0
3708,0907,0,0
3708,0908,0,0
3708,0909,0,0
3708,0910,0,0
3708,0911,0,0
3708,0912,0,0
3708,0913,0,0
3708,0914,0,0
3709,0901,0,0
3709,0902,0,0
3709,0903,0,0
3709,0904,0,0
3709,0905,0,0
3709,0906,0,0
3709,0907,0,0
3709,0908,0,0
3709,0909,0,0
3709,0910,0,0
3709,0911,0,0
3709,0912,0,0
3709,0913,0,0
3709,0914,0,0
3710,0901,0,0
3710,0902,0,0
3710,0903,0,0
3710,0904,0,0
3710,0905,0,0
3710,0906,0,0
3710,0907,0,0
3710,0908,0,0
3710,0909,0,0
3710,0910,0,0
3710,0911,0,0
3710,0912,0,0
3710,0913,0,0
3710,0914,0,0
3711,0901,0,0
3711,0902,0,0
3711,0903,0,0
3711,0904,0,0
3711,0905,0,0
3711,0906,0,0
3711,0907,0,0
3711,0908,0,0
3711,0909,0,0
3711,0910,0,0
3711,0911,0,0
3711,0912,0,0
3711,0913,0,0
3711,0914,0,0
3712,0901,0,0
3712,0902,0,0
3712,0903,0,0
3712,0904,0,0
3712,0905,0,0
3712,0906,0,0
3712,0907,0,0
3712,0908,0,0
3712,0909,0,0
3712,0910,0,0
3712,0911,0,0
3712,0912,0,0
3712,0913,0,0
3712,0914,0,0
3713,0901,0,0
3713,0902,0,0
3713,0903,0,0
3713,0904,0,0
3713,0905,0,0
3713,0906,0,0
3713,0907,0,0
3713,0908,0,0
3713,0909,0,0
3713,0910,0,0
3713,0911,0,0
3713,0912,0,0
3713,0913,0,0
3713,0914,0,0
3714,0901,0,0
3714,0902,0,0
3714,0903,0,0
3714,0904,0,0
3714,0905,0,0
3714,0906,0,0
3714,0907,0,0
3714,0908,0,0
3714,0909,0,0
3714,0910,0,0
3714,0911,0,0
3714,0912,0,0
3714,0913,0,0
3714,0914,0,0
3715,0901,0,0
3715,0902,0,0
3715,0903,0,0
3715,0904,0,0
3715,0905,0,0
3715,0906,0,0
3715,0907,0,0
3715,0908,0,0
3715,0909,0,0
3715,0910,0,0
3715,0911,0,0
3715,0912,0,0
3715,0913,0,0
3715,0914,0,0
3716,0901,0,0
3716,0902,0,0
3716,0903,0,0
3716,0904,0,0
3716,0905,0,0
3716,0906,0,0
3716,0907,0,0
3716,0908,0,0
3716,0909,0,0
3716,0910,0,0
3716,0911,0,0
3716,0912,0,0
3716,0913,0,0
3716,0914,0,0
3717,0901,0,0
3717,0902,0,0
3717,0903,0,0
3717,0904,0,0
3717,0905,0,0
3717,0906,0,0
3717,0907,0,0
3717,0908,0,0
3717,0909,0,0
3717,0910,0,0
3717,0911,0,0
3717,0912,0,0
3717,0913,0,0
3717,0914,0,0
3718,0901,0,0
3718,0902,0,0
3718,0903,0,0
3718,0904,0,0
3718,0905,0,0
3718,0906,0,0
3718,0907,0,0
3718,0908,0,0
3718,0909,0,0
3718,0910,0,0
3718,0911,0,0
3718,0912,0,0
3718,0913,0,0
3718,0914,0,0
3719,0901,0,0
3719,0902,0,0
3719,0903,0,0
3719,0904,0,0
3719,0905,0,0
3719,0906,0,0
3719,0907,0,0
3719,0908,0,0
3719,0909,0,0
3719,0910,0,0
3719,0911,0,0
3719,0912,0,0
3719,0913,0,0
3719,0914,0,0
3720,0901,0,0
3720,0902,0,0
3720,0903,0,0
3720,0904,0,0
3720,0905,0,0
3720,0906,0,0
3720,0907,0,0
3720,0908,0,0
3720,0909,0,0
3720,0910,0,0
3720,0911,0,0
3720,0912,0,0
3720,0913,0,0
3720,0914,0,0
3721,0901,0,0
3721,0902,0,0
3721,0903,0,0
3721,0904,0,0
3721,0905,0,0
3721,0906,0,0
3721,0907,0,0
3721,0908,0,0
3721,0909,0,0
3721,0910,0,0
3721,0911,0,0
3721,0912,0,0
3721,0913,0,0
3721,0914,0,0
3722,0901,0,0
3722,0902,0,0
3722,0903,0,0
3722,0904,0,0
3722,0905,0,0
3722,0906,0,0
3722,0907,0,0
3722,0908,0,0
3722,0909,0,0
3722,0910,0,0
3722,0911,0,0
3722,0912,0,0
3722,0913,0,0
3722,0914,0,0
3723,0901,0,0
3723,0902,0,0
3723,0903,0,0
3723,0904,0,0
3723,0905,0,0
3723,0906,0,0
3723,0907,0,0
3723,0908,0,0
3723,0909,0,0
3723,0910,0,0
3723,0911,0,0
3723,0912,0,0
3723,0913,0,0
3723,0914,0,0
3724,0901,0,0
3724,0902,0,0
3724,0903,0,0
3724,0904,0,0
3724,0905,0,0
3724,0906,0,0
3724,0907,0,0
3724,0908,0,0
3724,0909,0,0
3724,0910,0,0
3724,0911,0,0
3724,0912,0,0
3724,0913,0,0
3724,0914,0,0
3725,0901,0,0
3725,0902,0,0
3725,0903,0,0
3725,0904,0,0
3725,0905,0,0
3725,0906,0,0
3725,0907,0,0
3725,0908,0,0
3725,0909,0,0
3725,0910,0,0
3725,0911,0,0
3725,0912,0,0
3725,0913,0,0
3725,0914,0,0
3726,0901,0,0
3726,0902,0,0
3726,0903,0,0
3726,0904,0,0
3726,0905,0,0
3726,0906,0,0
3726,0907,0,0
3726,0908,0,0
3726,0909,0,0
3726,0910,0,0
3726,0911,0,0
3726,0912,0,0
3726,0913,0,0
3726,0914,0,0
3727,0901,0,0
3727,0902,0,0
3727,0903,0,0
3727,0904,0,0
3727,0905,0,0
3727,0906,0,0
3727,0907,0,0
3727,0908,0,0
3727,0909,0,0
3727,0910,0,0
3727,0911,0,0
3727,0912,0,0
3727,0913,0,0
3727,0914,0,0
3728,0901,0,0
3728,0902,0,0
3728,0903,0,0
3728,0904,0,0
3728,0905,0,0
3728,0906,0,0
3728,0907,0,0
3728,0908,0,0
3728,0909,0,0
3728,0910,0,0
3728,0911,0,0
3728,0912,0,0
3728,0913,0,0
3728,0914,0,0
3729,0901,0,0
3729,0902,0,0
3729,0903,0,0
3729,0904,0,0
3729,0905,0,0
3729,0906,0,0
3729,0907,0,0
3729,0908,0,0
3729,0909,0,0
3729,0910,0,0
3729,0911,0,0
3729,0912,0,0
3729,0913,0,0
3729,0914,0,0
3730,0901,0,0
3730,0902,0,0
3730,0903,0,0
3730,0904,0,0
3730,0905,0,0
3730,0906,0,0
3730,0907,0,0
3730,0908,0,0
3730,0909,0,0
3730,0910,0,0
3730,0911,0,0
3730,0912,0,0
3730,0913,0,0
3730,0914,0,0
3731,0901,0,0
3731,0902,0,0
3731,0903,0,0
3731,0904,0,0
3731,0905,0,0
3731,0906,0,0
3731,0907,0,0
3731,0908,0,0
3731,0909,0,0
3731,0910,0,0
3731,0911,0,0
3731,0912,0,0
3731,0913,0,0
3731,0914,0,0
3732,0901,0,0
3732,0902,0,0
3732,0903,0,0
3732,0904,0,0
3732,0905,0,0
3732,0906,0,0
3732,0907,0,0
3732,0908,0,0
3732,0909,0,0
3732,0910,0,0
3732,0911,0,0
3732,0912,0,0
3732,0913,0,0
3732,0914,0,0
3733,0901,0,0
3733,0902,0,0
3733,0903,0,0
3733,0904,0,0
3733,0905,0,0
3733,0906,0,0
3733,0907,0,0
3733,0908,0,0
3733,0909,0,0
3733,0910,0,0
3733,0911,0,0
3733,0912,0,0
3733,0913,0,0
3733,0914,0,0
3734,0901,0,0
3734,0902,0,0
3734,0903,0,0
3734,0904,0,0
3734,0905,0,0
3734,0906,0,0
3734,0907,0,0
3734,0908,0,0
3734,0909,0,0
3734,0910,0,0
3734,0911,0,0
3734,0912,0,0
3734,0913,0,0
3734,0914,0,0
3735,0901,0,0
3735,0902,0,0
3735,0903,0,0
3735,0904,0,0
3735,0905,0,0
3735,0906,0,0
3735,0907,0,0
3735,0908,0,0
3735,0909,0,0
3735,0910,0,0
3735,0911,1,0
3735,0912,1,0
3735,0913,0,0
3735,0914,0,0
3736,0901,0,0
3736,0902,0,0
3736,0903,0,0
3736,0904,0,0
3736,0905,0,0
3736,0906,0,0
3736,0907,0,0
3736,0908,0,0
3736,0909,0,0
3736,0910,0,0
3736,0911,0,0
3736,0912,0,0
3736,0913,0,0
3736,0914,0,0
3737,0901,0,0
3737,0902,0,0
3737,0903,0,0
3737,0904,0,0
3737,0905,0,0
3737,0906,0,0
3737,0907,0,0
3737,0908,0,0
3737,0909,0,0
3737,0910,0,0
3737,0911,0,0
3737,0912,0,0
3737,0913,0,0
3737,0914,0,0
3738,0901,0,0
3738,0902,0,0
3738,0903,0,0
3738,0904,0,0
3738,0905,0,0
3738,0906,0,0
3738,0907,0,0
3738,0908,0,0
3738,0909,0,0
3738,0910,0,0
3738,0911,0,0
3738,0912,0,0
3738,0913,0,0
3738,0914,0,0
3739,0901,0,0
3739,0902,0,0
3739,0903,0,0
3739,0904,0,0
3739,0905,0,0
3739,0906,0,0
3739,0907,0,0
3739,0908,0,0
3739,0909,0,0
3739,0910,0,0
3739,0911,0,0
3739,0912,0,0
3739,0913,0,0
3739,0914,0,0
3740,0901,0,0
3740,0902,0,0
3740,0903,0,0
3740,0904,0,0
3740,0905,0,0
3740,0906,0,0
3740,0907,0,0
3740,0908,0,0
3740,0909,0,0
3740,0910,0,0
3740,0911,0,0
3740,0912,0,0
3740,0913,0,0
3740,0914,0,0
3741,0901,0,0
3741,0902,0,0
3741,0903,0,0
3741,0904,0,0
3741,0905,0,0
3741,0906,0,0
3741,0907,0,0
3741,0908,0,0
3741,0909,0,0
3741,0910,0,0
3741,0911,0,0
3741,0912,0,0
3741,0913,0,0
3741,0914,0,0
3742,0901,0,0
3742,0902,0,0
3742,0903,0,0
3742,0904,0,0
3742,0905,0,0
3742,0906,0,0
3742,0907,0,0
3742,0908,0,0
3742,0909,0,0
3742,0910,0,0
3742,0911,0,0
3742,0912,0,0
3742,0913,0,0
3742,0914,0,0
3743,0901,0,0
3743,0902,0,0
3743,0903,0,0
3743,0904,0,0
3743,0905,0,0
3743,0906,0,0
3743,0907,0,0
3743,0908,0,0
3743,0909,0,0
3743,0910,0,0
3743,0911,0,0
3743,0912,0,0
3743,0913,0,0
3743,0914,0,0
3744,0901,1,0
3744,0902,0,0
3744,0903,0,0
3744,0904,0,0
3744,0905,0,0
3744,0906,0,0
3744,0907,0,0
3744,0908,0,0
3744,0909,0,0
3744,0910,0,0
3744,0911,0,0
3744,0912,0,0
3744,0913,0,0
3744,0914,0,0
3745,0901,0,0
3745,0902,0,0
3745,0903,0,0
3745,0904,0,0
3745,0905,0,0
3745,0906,0,0
3745,0907,0,0
3745,0908,0,0
3745,0909,0,0
3745,0910,0,0
3745,0911,0,0
3745,0912,0,0
3745,0913,0,0
3745,0914,0,0
3746,0901,0,0
3746,0902,0,0
3746,0903,0,0
3746,0904,0,0
3746,0905,0,0
3746,0906,0,0
3746,0907,0,0
3746,0908,0,0
3746,0909,0,0
3746,0910,0,0
3746,0911,0,0
3746,0912,0,0
3746,0913,1,0
3746,0914,0,0
3747,0901,0,0
3747,0902,0,0
3747,0903,0,0
3747,0904,0,0
3747,0905,0,0
3747,0906,0,0
3747,0907,0,0
3747,0908,0,0
3747,0909,0,0
3747,0910,0,0
3747,0911,0,0
3747,0912,0,0
3747,0913,0,0
3747,0914,0,0
3748,0901,0,0
3748,0902,0,0
3748,0903,0,0
3748,0904,0,0
3748,0905,0,0
3748,0906,0,0
3748,0907,0,0
3748,0908,0,0
3748,0909,0,0
3748,0910,0,0
3748,0911,0,0
3748,0912,0,0
3748,0913,0,0
3748,0914,0,0
3749,0901,0,0
3749,0902,0,0
3749,0903,0,0
3749,0904,0,0
3749,0905,0,0
3749,0906,0,0
3749,0907,0,0
3749,0908,0,0
3749,0909,0,0
3749,0910,0,0
3749,0911,0,0
3749,0912,0,0
3749,0913,0,0
3749,0914,0,0
3750,0901,0,0
3750,0902,0,0
3750,0903,0,0
3750,0904,0,0
3750,0905,0,0
3750,0906,0,0
3750,0907,0,0
3750,0908,0,0
3750,0909,0,0
3750,0910,0,0
3750,0911,0,0
3750,0912,0,0
3750,0913,0,0
3750,0914,0,0
3751,0901,0,0
3751,0902,0,0
3751,0903,0,0
3751,0904,0,0
3751,0905,0,0
3751,0906,0,0
3751,0907,0,0
3751,0908,0,0
3751,0909,0,0
3751,0910,0,0
3751,0911,0,0
3751,0912,0,0
3751,0913,0,0
3751,0914,0,0
3752,0901,0,0
3752,0902,0,0
3752,0903,0,0
3752,0904,0,0
3752,0905,0,0
3752,0906,0,0
3752,0907,0,0
3752,0908,0,0
3752,0909,0,0
3752,0910,0,0
3752,0911,0,0
3752,0912,0,0
3752,0913,0,0
3752,0914,0,0
3753,0901,0,0
3753,0902,0,0
3753,0903,0,0
3753,0904,0,0
3753,0905,0,0
3753,0906,0,0
3753,0907,0,0
3753,0908,0,0
3753,0909,0,0
3753,0910,0,0
3753,0911,0,0
3753,0912,0,0
3753,0913,0,0
3753,0914,0,0
3754,0901,0,0
3754,0902,0,0
3754,0903,0,0
3754,0904,0,0
3754,0905,0,0
3754,0906,0,0
3754,0907,0,0
3754,0908,0,0
3754,0909,0,0
3754,0910,0,0
3754,0911,0,0
3754,0912,0,0
3754,0913,0,0
3754,0914,0,0
3755,0901,0,0
3755,0902,0,0
3755,0903,0,0
3755,0904,0,0
3755,0905,0,0
3755,0906,0,0
3755,0907,0,0
3755,0908,1,0
3755,0909,0,0
3755,0910,0,0
3755,0911,0,0
3755,0912,0,0
3755,0913,0,0
3755,0914,0,0
3756,0901,0,0
3756,0902,0,0
3756,0903,0,0
3756,0904,0,0
3756,0905,0,0
3756,0906,0,0
3756,0907,0,0
3756,0908,0,0
3756,0909,0,0
3756,0910,0,0
3756,0911,0,0
3756,0912,0,0
3756,0913,0,0
3756,0914,0,0
3757,0901,0,0
3757,0902,0,0
3757,0903,0,0
3757,0904,0,0
3757,0905,0,0
3757,0906,0,0
3757,0907,0,0
3757,0908,0,0
3757,0909,0,0
3757,0910,0,0
3757,0911,0,0
3757,0912,0,0
3757,0913,0,0
3757,0914,0,0
3758,0901,0,0
3758,0902,0,0
3758,0903,0,0
3758,0904,0,0
3758,0905,0,0
3758,0906,0,0
3758,0907,0,0
3758,0908,0,0
3758,0909,0,0
3758,0910,0,0
3758,0911,0,0
3758,0912,0,0
3758,0913,0,0
3758,0914,0,0
3759,0901,0,0
3759,0902,0,0
3759,0903,0,0
3759,0904,0,0
3759,0905,0,0
3759,0906,0,0
3759,0907,0,0
3759,0908,0,0
3759,0909,0,0
3759,0910,0,0
3759,0911,0,0
3759,0912,0,0
3759,0913,0,0
3759,0914,0,0
3760,0901,0,0
3760,0902,0,0
3760,0903,0,0
3760,0904,0,0
3760,0905,0,0
3760,0906,0,0
3760,0907,0,0
3760,0908,0,0
3760,0909,0,0
3760,0910,0,0
3760,0911,0,0
3760,0912,0,0
3760,0913,0,0
3760,0914,0,0
3761,0901,0,0
3761,0902,0,0
3761,0903,0,0
3761,0904,0,0
3761,0905,0,0
3761,0906,0,0
3761,0907,0,0
3761,0908,0,0
3761,0909,0,0
3761,0910,0,0
3761,0911,0,0
3761,0912,0,0
3761,0913,0,0
3761,0914,0,0
3762,0901,0,0
3762,0902,0,0
3762,0903,0,0
3762,0904,0,0
3762,0905,0,0
3762,0906,0,0
3762,0907,0,0
3762,0908,0,0
3762,0909,0,0
3762,0910,0,0
3762,0911,0,0
3762,0912,0,0
3762,0913,0,0
3762,0914,0,0
3763,0901,0,0
3763,0902,0,0
3763,0903,0,0
3763,0904,0,0
3763,0905,0,0
3763,0906,0,0
3763,0907,0,0
3763,0908,1,0
3763,0909,0,0
3763,0910,0,0
3763,0911,0,0
3763,0912,0,0
3763,0913,0,0
3763,0914,0,0
3764,0901,0,0
3764,0902,0,0
3764,0903,0,0
3764,0904,0,0
3764,0905,0,0
3764,0906,0,0
3764,0907,0,0
3764,0908,0,0
3764,0909,0,0
3764,0910,0,0
3764,0911,0,0
3764,0912,0,0
3764,0913,0,0
3764,0914,0,0
3765,0901,0,0
3765,0902,0,0
3765,0903,0,0
3765,0904,0,0
3765,0905,0,0
3765,0906,0,0
3765,0907,0,0
3765,0908,0,0
3765,0909,0,0
3765,0910,0,0
3765,0911,0,0
3765,0912,0,0
3765,0913,0,0
3765,0914,0,0
3766,0901,0,0
3766,0902,0,0
3766,0903,0,0
3766,0904,0,0
3766,0905,0,0
3766,0906,0,0
3766,0907,0,0
3766,0908,0,0
3766,0909,0,0
3766,0910,0,0
3766,0911,0,0
3766,0912,0,0
3766,0913,0,0
3766,0914,0,0
3767,0901,0,0
3767,0902,0,0
3767,0903,0,0
3767,0904,0,0
3767,0905,0,0
3767,0906,0,0
3767,0907,0,0
3767,0908,0,0
3767,0909,0,0
3767,0910,0,0
3767,0911,0,0
3767,0912,0,0
3767,0913,0,0
3767,0914,0,0
3768,0901,0,0
3768,0902,0,0
3768,0903,0,0
3768,0904,0,0
3768,0905,0,0
3768,0906,0,0
3768,0907,0,0
3768,0908,0,0
3768,0909,0,0
3768,0910,0,0
3768,0911,0,0
3768,0912,0,0
3768,0913,0,0
3768,0914,0,0
3769,0901,0,0
3769,0902,0,0
3769,0903,0,0
3769,0904,0,0
3769,0905,0,0
3769,0906,0,0
3769,0907,0,0
3769,0908,0,0
3769,0909,0,0
3769,0910,0,0
3769,0911,0,0
3769,0912,0,0
3769,0913,0,0
3769,0914,0,0
3770,0901,0,0
3770,0902,0,0
3770,0903,0,0
3770,0904,0,0
3770,0905,0,0
3770,0906,0,0
3770,0907,0,0
3770,0908,0,0
3770,0909,0,0
3770,0910,0,0
3770,0911,0,0
3770,0912,0,0
3770,0913,0,0
3770,0914,0,0
3771,0901,0,0
3771,0902,0,0
3771,0903,0,0
3771,0904,0,0
3771,0905,0,0
3771,0906,0,0
3771,0907,0,0
3771,0908,0,0
3771,0909,0,0
3771,0910,0,0
3771,0911,0,0
3771,0912,0,0
3771,0913,0,0
3771,0914,0,0
3772,0901,0,0
3772,0902,0,0
3772,0903,0,0
3772,0904,0,0
3772,0905,0,0
3772,0906,0,0
3772,0907,0,0
3772,0908,0,0
3772,0909,0,0
3772,0910,0,0
3772,0911,0,0
3772,0912,0,0
3772,0913,0,0
3772,0914,0,0
3773,0901,0,0
3773,0902,0,0
3773,0903,0,0
3773,0904,0,0
3773,0905,0,0
3773,0906,0,0
3773,0907,0,0
3773,0908,0,0
3773,0909,0,0
3773,0910,0,0
3773,0911,0,0
3773,0912,0,0
3773,0913,0,0
3773,0914,0,0
3774,0901,0,0
3774,0902,0,0
3774,0903,0,0
3774,0904,0,0
3774,0905,0,0
3774,0906,0,0
3774,0907,0,0
3774,0908,0,0
3774,0909,0,0
3774,0910,0,0
3774,0911,0,0
3774,0912,0,0
3774,0913,0,0
3774,0914,0,0
3775,0901,0,0
3775,0902,0,0
3775,0903,0,0
3775,0904,0,0
3775,0905,0,0
3775,0906,0,0
3775,0907,0,0
3775,0908,0,0
3775,0909,0,0
3775,0910,0,0
3775,0911,0,0
3775,0912,0,0
3775,0913,0,0
3775,0914,0,0
3776,0901,0,0
3776,0902,0,0
3776,0903,0,0
3776,0904,0,0
3776,0905,0,0
3776,0906,0,0
3776,0907,0,0
3776,0908,0,0
3776,0909,0,0
3776,0910,0,0
3776,0911,0,0
3776,0912,0,0
3776,0913,0,0
3776,0914,0,0
3777,0901,0,0
3777,0902,0,0
3777,0903,0,0
3777,0904,0,0
3777,0905,0,0
3777,0906,0,0
3777,0907,0,0
3777,0908,0,0
3777,0909,0,0
3777,0910,0,0
3777,0911,0,0
3777,0912,0,0
3777,0913,0,0
3777,0914,0,0
3778,0901,0,0
3778,0902,0,0
3778,0903,0,0
3778,0904,0,0
3778,0905,0,0
3778,0906,0,0
3778,0907,0,0
3778,0908,0,0
3778,0909,0,0
3778,0910,0,0
3778,0911,0,0
3778,0912,0,0
3778,0913,0,0
3778,0914,0,0
3779,0901,0,0
3779,0902,0,0
3779,0903,0,0
3779,0904,0,0
3779,0905,0,0
3779,0906,0,0
3779,0907,0,0
3779,0908,0,0
3779,0909,0,0
3779,0910,0,0
3779,0911,0,0
3779,0912,0,0
3779,0913,0,0
3779,0914,0,0
3780,0901,0,0
3780,0902,0,0
3780,0903,0,0
3780,0904,0,0
3780,0905,0,0
3780,0906,0,0
3780,0907,0,0
3780,0908,0,0
3780,0909,0,0
3780,0910,0,0
3780,0911,0,0
3780,0912,0,0
3780,0913,0,0
3780,0914,0,0
3781,0901,0,0
3781,0902,0,0
3781,0903,0,0
3781,0904,0,0
3781,0905,0,0
3781,0906,0,0
3781,0907,0,0
3781,0908,0,0
3781,0909,0,0
3781,0910,0,0
3781,0911,0,0
3781,0912,0,0
3781,0913,0,0
3781,0914,0,0
3782,0901,0,0
3782,0902,0,0
3782,0903,0,0
3782,0904,0,0
3782,0905,0,0
3782,0906,0,0
3782,0907,0,0
3782,0908,0,0
3782,0909,0,0
3782,0910,0,0
3782,0911,0,0
3782,0912,0,0
3782,0913,0,0
3782,0914,0,0
3783,0901,0,0
3783,0902,0,0
3783,0903,0,0
3783,0904,0,0
3783,0905,0,0
3783,0906,0,0
3783,0907,0,0
3783,0908,0,0
3783,0909,0,0
3783,0910,0,0
3783,0911,0,0
3783,0912,0,0
3783,0913,0,0
3783,0914,0,0
3784,0901,0,0
3784,0902,0,0
3784,0903,0,0
3784,0904,0,0
3784,0905,0,0
3784,0906,0,0
3784,0907,0,0
3784,0908,0,0
3784,0909,0,0
3784,0910,0,0
3784,0911,0,0
3784,0912,0,0
3784,0913,0,0
3784,0914,0,0
3785,0901,0,0
3785,0902,0,0
3785,0903,0,0
3785,0904,0,0
3785,0905,0,0
3785,0906,0,0
3785,0907,0,0
3785,0908,0,0
3785,0909,0,0
3785,0910,0,0
3785,0911,0,0
3785,0912,0,0
3785,0913,0,0
3785,0914,0,0
3786,0901,0,0
3786,0902,0,0
3786,0903,0,0
3786,0904,0,0
3786,0905,0,0
3786,0906,0,0
3786,0907,0,0
3786,0908,0,0
3786,0909,0,0
3786,0910,0,0
3786,0911,0,0
3786,0912,0,0
3786,0913,0,0
3786,0914,0,0
3787,0901,0,0
3787,0902,0,0
3787,0903,0,0
3787,0904,0,0
3787,0905,0,0
3787,0906,0,0
3787,0907,0,0
3787,0908,0,0
3787,0909,0,0
3787,0910,0,0
3787,0911,0,0
3787,0912,0,0
3787,0913,0,0
3787,0914,0,0
3788,0901,0,0
3788,0902,0,0
3788,0903,0,0
3788,0904,0,0
3788,0905,0,0
3788,0906,0,0
3788,0907,0,0
3788,0908,0,0
3788,0909,0,0
3788,0910,0,0
3788,0911,0,0
3788,0912,0,0
3788,0913,0,0
3788,0914,0,0
3789,0901,0,0
3789,0902,0,0
3789,0903,0,0
3789,0904,0,0
3789,0905,0,0
3789,0906,0,0
3789,0907,0,0
3789,0908,0,0
3789,0909,0,0
3789,0910,0,0
3789,0911,0,0
3789,0912,0,0
3789,0913,0,0
3789,0914,0,0
3790,0901,0,0
3790,0902,0,0
3790,0903,0,0
3790,0904,0,0
3790,0905,0,0
3790,0906,0,0
3790,0907,0,0
3790,0908,0,0
3790,0909,0,0
3790,0910,0,0
3790,0911,0,0
3790,0912,0,0
3790,0913,0,0
3790,0914,0,0
3791,0901,0,0
3791,0902,0,0
3791,0903,0,0
3791,0904,0,0
3791,0905,0,0
3791,0906,0,0
3791,0907,0,0
3791,0908,0,0
3791,0909,0,0
3791,0910,0,0
3791,0911,0,0
3791,0912,0,0
3791,0913,0,0
3791,0914,0,0
3792,0901,0,0
3792,0902,0,0
3792,0903,0,0
3792,0904,0,0
3792,0905,0,0
3792,0906,0,0
3792,0907,0,0
3792,0908,0,0
3792,0909,0,0
3792,0910,0,0
3792,0911,0,0
3792,0912,0,0
3792,0913,0,0
3792,0914,0,0
3793,0901,0,0
3793,0902,0,0
3793,0903,0,0
3793,0904,0,0
3793,0905,0,0
3793,0906,0,0
3793,0907,0,0
3793,0908,0,0
3793,0909,0,0
3793,0910,0,0
3793,0911,0,0
3793,0912,0,0
3793,0913,0,0
3793,0914,0,0
3794,0901,0,0
3794,0902,0,0
3794,0903,0,0
3794,0904,0,0
3794,0905,0,0
3794,0906,0,0
3794,0907,0,0
3794,0908,0,0
3794,0909,0,0
3794,0910,0,0
3794,0911,0,0
3794,0912,0,0
3794,0913,0,0
3794,0914,0,0
3795,0901,0,0
3795,0902,0,0
3795,0903,0,0
3795,0904,0,0
3795,0905,0,0
3795,0906,0,0
3795,0907,0,0
3795,0908,0,0
3795,0909,0,0
3795,0910,0,0
3795,0911,0,0
3795,0912,0,0
3795,0913,0,0
3795,0914,0,0
3796,0901,0,0
3796,0902,0,0
3796,0903,0,0
3796,0904,0,0
3796,0905,0,0
3796,0906,0,0
3796,0907,0,0
3796,0908,0,0
3796,0909,0,0
3796,0910,0,0
3796,0911,0,0
3796,0912,0,0
3796,0913,0,0
3796,0914,0,0
3797,0901,0,0
3797,0902,0,0
3797,0903,0,0
3797,0904,0,0
3797,0905,0,0
3797,0906,0,0
3797,0907,0,0
3797,0908,0,0
3797,0909,0,0
3797,0910,0,0
3797,0911,0,0
3797,0912,0,0
3797,0913,0,0
3797,0914,0,0
3798,0901,0,0
3798,0902,0,0
3798,0903,0,0
3798,0904,0,0
3798,0905,0,0
3798,0906,0,0
3798,0907,0,0
3798,0908,0,0
3798,0909,0,0
3798,0910,0,0
3798,0911,0,0
3798,0912,0,0
3798,0913,0,0
3798,0914,0,0
3799,0901,0,0
3799,0902,0,0
3799,0903,0,0
3799,0904,0,0
3799,0905,0,0
3799,0906,0,0
3799,0907,0,0
3799,0908,0,0
3799,0909,0,0
3799,0910,0,0
3799,0911,0,0
3799,0912,0,0
3799,0913,0,0
3799,0914,0,0
3800,0901,0,0
3800,0902,0,0
3800,0903,0,0
3800,0904,0,0
3800,0905,0,0
3800,0906,0,0
3800,0907,0,0
3800,0908,0,0
3800,0909,0,0
3800,0910,0,0
3800,0911,0,0
3800,0912,0,0
3800,0913,0,0
3800,0914,0,0
3801,0901,0,0
3801,0902,0,0
3801,0903,0,0
3801,0904,0,0
3801,0905,0,0
3801,0906,0,0
3801,0907,0,0
3801,0908,0,0
3801,0909,0,0
3801,0910,0,0
3801,0911,0,0
3801,0912,0,0
3801,0913,0,0
3801,0914,0,0
3802,0901,0,0
3802,0902,0,0
3802,0903,0,0
3802,0904,0,0
3802,0905,0,0
3802,0906,0,0
3802,0907,0,0
3802,0908,0,0
3802,0909,0,0
3802,0910,0,0
3802,0911,0,0
3802,0912,0,0
3802,0913,0,0
3802,0914,0,0
3803,0901,0,0
3803,0902,0,0
3803,0903,0,0
3803,0904,0,0
3803,0905,0,0
3803,0906,0,0
3803,0907,0,0
3803,0908,0,0
3803,0909,0,0
3803,0910,0,0
3803,0911,0,0
3803,0912,0,0
3803,0913,0,0
3803,0914,0,0
3804,0901,0,0
3804,0902,0,0
3804,0903,0,0
3804,0904,0,0
3804,0905,0,0
3804,0906,0,0
3804,0907,0,0
3804,0908,0,0
3804,0909,0,0
3804,0910,0,0
3804,0911,0,0
3804,0912,0,0
3804,0913,0,0
3804,0914,0,0
3805,0901,0,0
3805,0902,0,0
3805,0903,0,0
3805,0904,0,0
3805,0905,0,0
3805,0906,0,0
3805,0907,0,0
3805,0908,0,0
3805,0909,0,0
3805,0910,0,0
3805,0911,0,0
3805,0912,0,0
3805,0913,0,0
3805,0914,0,0
3806,0901,0,0
3806,0902,0,0
3806,0903,0,0
3806,0904,0,0
3806,0905,0,0
3806,0906,0,0
3806,0907,0,0
3806,0908,0,0
3806,0909,0,0
3806,0910,0,0
3806,0911,0,0
3806,0912,0,0
3806,0913,0,0
3806,0914,0,0
3807,0901,0,0
3807,0902,0,0
3807,0903,0,0
3807,0904,0,0
3807,0905,0,0
3807,0906,0,0
3807,0907,1,0
3807,0908,0,0
3807,0909,0,0
3807,0910,0,0
3807,0911,0,0
3807,0912,0,0
3807,0913,0,0
3807,0914,0,0
3808,0901,0,0
3808,0902,0,0
3808,0903,0,0
3808,0904,0,0
3808,0905,0,0
3808,0906,0,0
3808,0907,0,0
3808,0908,0,0
3808,0909,0,0
3808,0910,0,0
3808,0911,0,0
3808,0912,0,0
3808,0913,0,0
3808,0914,0,0
3809,0901,0,0
3809,0902,0,0
3809,0903,0,0
3809,0904,0,0
3809,0905,0,0
3809,0906,0,0
3809,0907,0,0
3809,0908,0,0
3809,0909,0,0
3809,0910,0,0
3809,0911,1,0
3809,0912,0,0
3809,0913,0,0
3809,0914,0,0
3810,0901,0,0
3810,0902,0,0
3810,0903,0,0
3810,0904,0,0
3810,0905,0,0
3810,0906,0,0
3810,0907,0,0
3810,0908,0,0
3810,0909,0,0
3810,0910,0,0
3810,0911,0,0
3810,0912,0,0
3810,0913,0,0
3810,0914,0,0
3811,0901,0,0
3811,0902,0,0
3811,0903,0,0
3811,0904,0,0
3811,0905,0,0
3811,0906,0,0
3811,0907,0,0
3811,0908,0,0
3811,0909,0,0
3811,0910,0,0
3811,0911,0,0
3811,0912,0,0
3811,0913,0,0
3811,0914,0,0
3812,0901,0,0
3812,0902,0,0
3812,0903,0,0
3812,0904,0,0
3812,0905,0,0
3812,0906,0,0
3812,0907,0,0
3812,0908,0,0
3812,0909,0,0
3812,0910,0,0
3812,0911,0,0
3812,0912,0,0
3812,0913,0,0
3812,0914,0,0
3813,0901,0,0
3813,0902,0,0
3813,0903,0,0
3813,0904,0,0
3813,0905,0,0
3813,0906,0,0
3813,0907,0,0
3813,0908,0,0
3813,0909,0,0
3813,0910,0,0
3813,0911,0,0
3813,0912,0,0
3813,0913,0,0
3813,0914,0,0
3814,0901,0,0
3814,0902,0,0
3814,0903,0,0
3814,0904,0,0
3814,0905,0,0
3814,0906,0,0
3814,0907,0,0
3814,0908,0,0
3814,0909,0,0
3814,0910,0,0
3814,0911,0,0
3814,0912,0,0
3814,0913,0,0
3814,0914,0,0
3815,0901,0,0
3815,0902,0,0
3815,0903,0,0
3815,0904,0,0
3815,0905,0,0
3815,0906,0,0
3815,0907,0,0
3815,0908,0,0
3815,0909,0,0
3815,0910,0,0
3815,0911,0,0
3815,0912,0,0
3815,0913,0,0
3815,0914,0,0
3816,0901,0,0
3816,0902,0,0
3816,0903,0,0
3816,0904,0,0
3816,0905,0,0
3816,0906,0,0
3816,0907,0,0
3816,0908,0,0
3816,0909,0,0
3816,0910,0,0
3816,0911,0,0
3816,0912,0,0
3816,0913,0,0
3816,0914,0,0
3817,0901,0,0
3817,0902,0,0
3817,0903,0,0
3817,0904,0,0
3817,0905,0,0
3817,0906,0,0
3817,0907,0,0
3817,0908,0,0
3817,0909,0,0
3817,0910,0,0
3817,0911,0,0
3817,0912,0,0
3817,0913,0,0
3817,0914,0,0
3818,0901,0,0
3818,0902,0,0
3818,0903,0,0
3818,0904,0,0
3818,0905,0,0
3818,0906,0,0
3818,0907,0,0
3818,0908,0,0
3818,0909,0,0
3818,0910,0,0
3818,0911,0,0
3818,0912,0,0
3818,0913,0,0
3818,0914,0,0
3819,0901,0,0
3819,0902,0,0
3819,0903,0,0
3819,0904,0,0
3819,0905,0,0
3819,0906,0,0
3819,0907,0,0
3819,0908,0,0
3819,0909,0,0
3819,0910,0,0
3819,0911,0,0
3819,0912,0,0
3819,0913,0,0
3819,0914,0,0
3820,0901,0,0
3820,0902,0,0
3820,0903,0,0
3820,0904,0,0
3820,0905,0,0
3820,0906,0,0
3820,0907,0,0
3820,0908,0,0
3820,0909,0,0
3820,0910,0,0
3820,0911,0,0
3820,0912,0,0
3820,0913,0,0
3820,0914,0,0
3821,0901,0,0
3821,0902,0,0
3821,0903,0,0
3821,0904,0,0
3821,0905,0,0
3821,0906,0,0
3821,0907,0,0
3821,0908,0,0
3821,0909,0,0
3821,0910,0,0
3821,0911,0,0
3821,0912,0,0
3821,0913,0,0
3821,0914,0,0
3822,0901,0,0
3822,0902,0,0
3822,0903,0,0
3822,0904,0,0
3822,0905,0,0
3822,0906,0,0
3822,0907,0,0
3822,0908,0,0
3822,0909,0,0
3822,0910,0,0
3822,0911,0,0
3822,0912,0,0
3822,0913,0,0
3822,0914,0,0
3823,0901,0,0
3823,0902,0,0
3823,0903,0,0
3823,0904,0,0
3823,0905,0,0
3823,0906,0,0
3823,0907,0,0
3823,0908,0,0
3823,0909,0,0
3823,0910,0,0
3823,0911,0,0
3823,0912,0,0
3823,0913,0,0
3823,0914,0,0
3824,0901,0,0
3824,0902,0,0
3824,0903,0,0
3824,0904,0,0
3824,0905,0,0
3824,0906,0,0
3824,0907,0,0
3824,0908,0,0
3824,0909,0,0
3824,0910,0,0
3824,0911,0,0
3824,0912,0,0
3824,0913,0,0
3824,0914,0,0
3825,0901,0,0
3825,0902,0,0
3825,0903,0,0
3825,0904,0,0
3825,0905,0,0
3825,0906,0,0
3825,0907,0,0
3825,0908,1,0
3825,0909,0,0
3825,0910,0,0
3825,0911,0,0
3825,0912,0,0
3825,0913,0,0
3825,0914,0,0
3826,0901,0,0
3826,0902,0,0
3826,0903,0,0
3826,0904,0,0
3826,0905,0,0
3826,0906,0,0
3826,0907,0,0
3826,0908,0,0
3826,0909,0,0
3826,0910,0,0
3826,0911,0,0
3826,0912,0,0
3826,0913,0,0
3826,0914,0,0
3827,0901,0,0
3827,0902,0,0
3827,0903,0,0
3827,0904,0,0
3827,0905,0,0
3827,0906,0,0
3827,0907,0,0
3827,0908,1,0
3827,0909,0,0
3827,0910,0,0
3827,0911,1,0
3827,0912,0,0
3827,0913,0,0
3827,0914,0,0
3828,0901,0,0
3828,0902,0,0
3828,0903,0,0
3828,0904,0,0
3828,0905,0,0
3828,0906,0,0
3828,0907,0,0
3828,0908,0,0
3828,0909,0,0
3828,0910,0,0
3828,0911,0,0
3828,0912,0,0
3828,0913,0,0
3828,0914,0,0
3829,0901,0,0
3829,0902,0,0
3829,0903,0,0
3829,0904,0,0
3829,0905,0,0
3829,0906,0,0
3829,0907,0,0
3829,0908,0,0
3829,0909,0,0
3829,0910,0,0
3829,0911,0,0
3829,0912,0,0
3829,0913,0,0
3829,0914,0,0
3830,0901,0,0
3830,0902,0,0
3830,0903,0,0
3830,0904,0,0
3830,0905,0,0
3830,0906,0,0
3830,0907,0,0
3830,0908,0,0
3830,0909,0,0
3830,0910,0,0
3830,0911,0,0
3830,0912,0,0
3830,0913,0,0
3830,0914,0,0
3831,0901,0,0
3831,0902,0,0
3831,0903,0,0
3831,0904,0,0
3831,0905,0,0
3831,0906,0,0
3831,0907,0,0
3831,0908,0,0
3831,0909,0,0
3831,0910,0,0
3831,0911,0,0
3831,0912,0,0
3831,0913,0,0
3831,0914,0,0
3832,0901,0,0
3832,0902,0,0
3832,0903,0,0
3832,0904,0,0
3832,0905,0,0
3832,0906,0,0
3832,0907,0,0
3832,0908,0,0
3832,0909,0,0
3832,0910,0,0
3832,0911,0,0
3832,0912,0,0
3832,0913,0,0
3832,0914,0,0
3833,0901,0,0
3833,0902,0,0
3833,0903,0,0
3833,0904,0,0
3833,0905,0,0
3833,0906,0,0
3833,0907,0,0
3833,0908,0,0
3833,0909,0,0
3833,0910,0,0
3833,0911,0,0
3833,0912,0,0
3833,0913,0,0
3833,0914,0,0
3834,0901,0,0
3834,0902,0,0
3834,0903,0,0
3834,0904,0,0
3834,0905,0,0
3834,0906,0,0
3834,0907,0,0
3834,0908,0,0
3834,0909,0,0
3834,0910,0,0
3834,0911,0,0
3834,0912,0,0
3834,0913,0,0
3834,0914,0,0
3835,0901,0,0
3835,0902,0,0
3835,0903,0,0
3835,0904,0,0
3835,0905,0,0
3835,0906,0,0
3835,0907,0,0
3835,0908,0,0
3835,0909,0,0
3835,0910,0,0
3835,0911,0,0
3835,0912,0,0
3835,0913,0,0
3835,0914,0,0
3836,0901,0,0
3836,0902,0,0
3836,0903,0,0
3836,0904,0,0
3836,0905,0,0
3836,0906,0,0
3836,0907,0,0
3836,0908,0,0
3836,0909,0,0
3836,0910,0,0
3836,0911,0,0
3836,0912,0,0
3836,0913,0,0
3836,0914,0,0
3837,0901,0,0
3837,0902,0,0
3837,0903,0,0
3837,0904,0,0
3837,0905,0,0
3837,0906,0,0
3837,0907,0,0
3837,0908,0,0
3837,0909,0,0
3837,0910,0,0
3837,0911,0,0
3837,0912,0,0
3837,0913,0,0
3837,0914,0,0
3838,0901,0,0
3838,0902,0,0
3838,0903,0,0
3838,0904,0,0
3838,0905,0,0
3838,0906,0,0
3838,0907,0,0
3838,0908,0,0
3838,0909,0,0
3838,0910,0,0
3838,0911,0,0
3838,0912,0,0
3838,0913,0,0
3838,0914,0,0
3839,0901,0,0
3839,0902,0,0
3839,0903,0,0
3839,0904,0,0
3839,0905,0,0
3839,0906,0,0
3839,0907,0,0
3839,0908,0,0
3839,0909,0,0
3839,0910,0,0
3839,0911,0,0
3839,0912,0,0
3839,0913,0,0
3839,0914,0,0
3840,0901,0,0
3840,0902,0,0
3840,0903,0,0
3840,0904,0,0
3840,0905,0,0
3840,0906,0,0
3840,0907,0,0
3840,0908,0,0
3840,0909,0,0
3840,0910,0,0
3840,0911,0,0
3840,0912,0,0
3840,0913,0,0
3840,0914,0,0
3841,0901,0,0
3841,0902,0,0
3841,0903,0,0
3841,0904,0,0
3841,0905,0,0
3841,0906,0,0
3841,0907,0,0
3841,0908,0,0
3841,0909,0,0
3841,0910,0,0
3841,0911,0,0
3841,0912,0,0
3841,0913,0,0
3841,0914,0,0
3842,0901,0,0
3842,0902,0,0
3842,0903,0,0
3842,0904,0,0
3842,0905,0,0
3842,0906,0,0
3842,0907,0,0
3842,0908,0,0
3842,0909,0,0
3842,0910,0,0
3842,0911,0,0
3842,0912,0,0
3842,0913,0,0
3842,0914,0,0
3843,0901,0,0
3843,0902,0,0
3843,0903,0,0
3843,0904,0,0
3843,0905,0,0
3843,0906,0,0
3843,0907,0,0
3843,0908,0,0
3843,0909,0,0
3843,0910,1,0
3843,0911,0,0
3843,0912,0,0
3843,0913,0,0
3843,0914,0,0
3844,0901,0,0
3844,0902,0,0
3844,0903,0,0
3844,0904,0,0
3844,0905,0,0
3844,0906,0,0
3844,0907,0,0
3844,0908,0,0
3844,0909,0,0
3844,0910,0,0
3844,0911,0,0
3844,0912,0,0
3844,0913,0,0
3844,0914,0,0
3845,0901,0,0
3845,0902,0,0
3845,0903,0,0
3845,0904,0,0
3845,0905,0,0
3845,0906,0,0
3845,0907,0,0
3845,0908,0,0
3845,0909,0,0
3845,0910,0,0
3845,0911,0,0
3845,0912,0,0
3845,0913,0,0
3845,0914,0,0
3846,0901,0,0
3846,0902,0,0
3846,0903,0,0
3846,0904,0,0
3846,0905,0,0
3846,0906,0,0
3846,0907,0,0
3846,0908,0,0
3846,0909,0,0
3846,0910,0,0
3846,0911,0,0
3846,0912,0,0
3846,0913,0,0
3846,0914,0,0
3847,0901,0,0
3847,0902,0,0
3847,0903,0,0
3847,0904,0,0
3847,0905,0,0
3847,0906,0,0
3847,0907,0,0
3847,0908,0,0
3847,0909,0,0
3847,0910,0,0
3847,0911,0,0
3847,0912,0,0
3847,0913,0,0
3847,0914,0,0
3848,0901,0,0
3848,0902,0,0
3848,0903,0,0
3848,0904,0,0
3848,0905,0,0
3848,0906,0,0
3848,0907,0,0
3848,0908,0,0
3848,0909,0,0
3848,0910,0,0
3848,0911,0,0
3848,0912,0,0
3848,0913,0,0
3848,0914,0,0
3849,0901,0,0
3849,0902,0,0
3849,0903,0,0
3849,0904,0,0
3849,0905,0,0
3849,0906,0,0
3849,0907,0,0
3849,0908,0,0
3849,0909,0,0
3849,0910,0,0
3849,0911,0,0
3849,0912,0,0
3849,0913,0,0
3849,0914,0,0
3850,0901,0,0
3850,0902,0,0
3850,0903,0,0
3850,0904,0,0
3850,0905,0,0
3850,0906,0,0
3850,0907,0,0
3850,0908,0,0
3850,0909,0,0
3850,0910,0,0
3850,0911,0,0
3850,0912,0,0
3850,0913,0,0
3850,0914,0,0
3851,0901,0,0
3851,0902,0,0
3851,0903,0,0
3851,0904,0,0
3851,0905,0,0
3851,0906,0,0
3851,0907,0,0
3851,0908,0,0
3851,0909,0,0
3851,0910,0,0
3851,0911,0,0
3851,0912,0,0
3851,0913,0,0
3851,0914,0,0
3852,0901,0,0
3852,0902,0,0
3852,0903,0,0
3852,0904,0,0
3852,0905,0,0
3852,0906,0,0
3852,0907,0,0
3852,0908,0,0
3852,0909,0,0
3852,0910,0,0
3852,0911,0,0
3852,0912,0,0
3852,0913,0,0
3852,0914,0,0
3853,0901,0,0
3853,0902,0,0
3853,0903,0,0
3853,0904,0,0
3853,0905,0,0
3853,0906,0,0
3853,0907,0,0
3853,0908,0,0
3853,0909,0,0
3853,0910,0,0
3853,0911,0,0
3853,0912,0,0
3853,0913,0,0
3853,0914,0,0
3854,0901,0,0
3854,0902,0,0
3854,0903,0,0
3854,0904,0,0
3854,0905,0,0
3854,0906,0,0
3854,0907,0,0
3854,0908,0,0
3854,0909,0,0
3854,0910,0,0
3854,0911,0,0
3854,0912,0,0
3854,0913,0,0
3854,0914,0,0
3855,0901,0,0
3855,0902,0,0
3855,0903,0,0
3855,0904,0,0
3855,0905,0,0
3855,0906,0,0
3855,0907,0,0
3855,0908,0,0
3855,0909,0,0
3855,0910,0,0
3855,0911,0,0
3855,0912,0,0
3855,0913,0,0
3855,0914,0,0
3856,0901,0,0
3856,0902,0,0
3856,0903,0,0
3856,0904,0,0
3856,0905,0,0
3856,0906,0,0
3856,0907,0,0
3856,0908,1,0
3856,0909,0,0
3856,0910,0,0
3856,0911,0,0
3856,0912,0,0
3856,0913,0,0
3856,0914,0,0
3857,0901,0,0
3857,0902,0,0
3857,0903,0,0
3857,0904,0,0
3857,0905,0,0
3857,0906,0,0
3857,0907,0,0
3857,0908,0,0
3857,0909,0,0
3857,0910,0,0
3857,0911,0,0
3857,0912,0,0
3857,0913,0,0
3857,0914,0,0
3858,0901,0,0
3858,0902,0,0
3858,0903,0,0
3858,0904,0,0
3858,0905,0,0
3858,0906,0,0
3858,0907,0,0
3858,0908,0,0
3858,0909,0,0
3858,0910,0,0
3858,0911,0,0
3858,0912,0,0
3858,0913,0,0
3858,0914,0,0
3859,0901,0,0
3859,0902,0,0
3859,0903,0,0
3859,0904,0,0
3859,0905,0,0
3859,0906,0,0
3859,0907,0,0
3859,0908,0,0
3859,0909,0,0
3859,0910,0,0
3859,0911,0,0
3859,0912,0,0
3859,0913,0,0
3859,0914,0,0
3860,0901,0,0
3860,0902,0,0
3860,0903,0,0
3860,0904,0,0
3860,0905,0,0
3860,0906,0,0
3860,0907,0,0
3860,0908,0,0
3860,0909,0,0
3860,0910,0,0
3860,0911,0,0
3860,0912,0,0
3860,0913,0,0
3860,0914,0,0
3861,0901,0,0
3861,0902,0,0
3861,0903,0,0
3861,0904,0,0
3861,0905,0,0
3861,0906,0,0
3861,0907,0,0
3861,0908,1,0
3861,0909,0,0
3861,0910,0,0
3861,0911,0,0
3861,0912,0,0
3861,0913,0,0
3861,0914,0,0
3862,0901,0,0
3862,0902,0,0
3862,0903,0,0
3862,0904,0,0
3862,0905,0,0
3862,0906,0,0
3862,0907,0,0
3862,0908,0,0
3862,0909,0,0
3862,0910,0,0
3862,0911,0,0
3862,0912,0,0
3862,0913,0,0
3862,0914,0,0
3863,0901,0,0
3863,0902,0,0
3863,0903,0,0
3863,0904,0,0
3863,0905,0,0
3863,0906,0,0
3863,0907,0,0
3863,0908,0,0
3863,0909,0,0
3863,0910,0,0
3863,0911,0,0
3863,0912,0,0
3863,0913,0,0
3863,0914,0,0
3864,0901,0,0
3864,0902,0,0
3864,0903,0,0
3864,0904,0,0
3864,0905,0,0
3864,0906,0,0
3864,0907,0,0
3864,0908,0,0
3864,0909,0,0
3864,0910,0,0
3864,0911,0,0
3864,0912,0,0
3864,0913,0,0
3864,0914,0,0
3865,0901,0,0
3865,0902,0,0
3865,0903,0,0
3865,0904,0,0
3865,0905,0,0
3865,0906,0,0
3865,0907,0,0
3865,0908,0,0
3865,0909,0,0
3865,0910,0,0
3865,0911,0,0
3865,0912,0,0
3865,0913,0,0
3865,0914,0,0
3866,0901,0,0
3866,0902,0,0
3866,0903,0,0
3866,0904,0,0
3866,0905,0,0
3866,0906,0,0
3866,0907,0,0
3866,0908,0,0
3866,0909,0,0
3866,0910,0,0
3866,0911,0,0
3866,0912,0,0
3866,0913,0,0
3866,0914,0,0
3867,0901,0,0
3867,0902,0,0
3867,0903,0,0
3867,0904,0,0
3867,0905,0,0
3867,0906,0,0
3867,0907,0,0
3867,0908,0,0
3867,0909,0,0
3867,0910,0,0
3867,0911,0,0
3867,0912,0,0
3867,0913,0,0
3867,0914,0,0
3868,0901,0,0
3868,0902,0,0
3868,0903,0,0
3868,0904,0,0
3868,0905,0,0
3868,0906,0,0
3868,0907,0,0
3868,0908,0,0
3868,0909,0,0
3868,0910,0,0
3868,0911,0,0
3868,0912,0,0
3868,0913,0,0
3868,0914,0,0
3869,0901,0,0
3869,0902,0,0
3869,0903,0,0
3869,0904,0,0
3869,0905,0,0
3869,0906,0,0
3869,0907,0,0
3869,0908,0,0
3869,0909,0,0
3869,0910,0,0
3869,0911,0,0
3869,0912,0,0
3869,0913,0,0
3869,0914,0,0
3870,0901,0,0
3870,0902,0,0
3870,0903,0,0
3870,0904,0,0
3870,0905,0,0
3870,0906,0,0
3870,0907,0,0
3870,0908,0,0
3870,0909,0,0
3870,0910,0,0
3870,0911,0,0
3870,0912,0,0
3870,0913,0,0
3870,0914,0,0
3871,0901,0,0
3871,0902,0,0
3871,0903,0,0
3871,0904,0,0
3871,0905,0,0
3871,0906,0,0
3871,0907,0,0
3871,0908,0,0
3871,0909,0,0
3871,0910,0,0
3871,0911,0,0
3871,0912,0,0
3871,0913,0,0
3871,0914,0,0
3872,0901,0,0
3872,0902,0,0
3872,0903,0,0
3872,0904,0,0
3872,0905,0,0
3872,0906,0,0
3872,0907,0,0
3872,0908,0,0
3872,0909,0,0
3872,0910,1,0
3872,0911,0,0
3872,0912,0,0
3872,0913,0,0
3872,0914,0,0
3873,0901,0,0
3873,0902,0,0
3873,0903,0,0
3873,0904,0,0
3873,0905,0,0
3873,0906,0,0
3873,0907,0,0
3873,0908,0,0
3873,0909,0,0
3873,0910,0,0
3873,0911,0,0
3873,0912,0,0
3873,0913,1,0
3873,0914,0,0
3874,0901,0,0
3874,0902,0,0
3874,0903,0,0
3874,0904,0,0
3874,0905,0,0
3874,0906,0,0
3874,0907,0,0
3874,0908,0,0
3874,0909,0,0
3874,0910,1,0
3874,0911,1,0
3874,0912,0,0
3874,0913,0,0
3874,0914,0,0
3875,0901,0,0
3875,0902,0,0
3875,0903,0,0
3875,0904,0,0
3875,0905,0,0
3875,0906,0,0
3875,0907,0,0
3875,0908,0,0
3875,0909,0,0
3875,0910,0,0
3875,0911,0,0
3875,0912,0,0
3875,0913,0,0
3875,0914,0,0
3876,0901,0,0
3876,0902,0,0
3876,0903,0,0
3876,0904,0,0
3876,0905,0,0
3876,0906,0,0
3876,0907,0,0
3876,0908,0,0
3876,0909,0,0
3876,0910,0,0
3876,0911,0,0
3876,0912,0,0
3876,0913,0,0
3876,0914,0,0
3877,0901,0,0
3877,0902,0,0
3877,0903,0,0
3877,0904,0,0
3877,0905,0,0
3877,0906,0,0
3877,0907,0,0
3877,0908,0,0
3877,0909,0,0
3877,0910,0,0
3877,0911,0,0
3877,0912,0,0
3877,0913,0,0
3877,0914,0,0
3878,0901,0,0
3878,0902,0,0
3878,0903,0,0
3878,0904,0,0
3878,0905,0,0
3878,0906,0,0
3878,0907,0,0
3878,0908,0,0
3878,0909,0,0
3878,0910,0,0
3878,0911,0,0
3878,0912,0,0
3878,0913,0,0
3878,0914,0,0
3879,0901,0,0
3879,0902,0,0
3879,0903,0,0
3879,0904,0,0
3879,0905,0,0
3879,0906,0,0
3879,0907,0,0
3879,0908,0,0
3879,0909,0,0
3879,0910,0,0
3879,0911,0,0
3879,0912,0,0
3879,0913,0,0
3879,0914,0,0
3880,0901,0,0
3880,0902,0,0
3880,0903,0,0
3880,0904,0,0
3880,0905,0,0
3880,0906,0,0
3880,0907,0,0
3880,0908,0,0
3880,0909,0,0
3880,0910,0,0
3880,0911,0,0
3880,0912,0,0
3880,0913,0,0
3880,0914,0,0
3881,0901,0,0
3881,0902,0,0
3881,0903,0,0
3881,0904,0,0
3881,0905,0,0
3881,0906,0,0
3881,0907,0,0
3881,0908,0,0
3881,0909,0,0
3881,0910,0,0
3881,0911,0,0
3881,0912,0,0
3881,0913,0,0
3881,0914,0,0
3882,0901,0,0
3882,0902,0,0
3882,0903,0,0
3882,0904,0,0
3882,0905,0,0
3882,0906,0,0
3882,0907,0,0
3882,0908,0,0
3882,0909,0,0
3882,0910,0,0
3882,0911,0,0
3882,0912,0,0
3882,0913,0,0
3882,0914,0,0
3883,0901,0,0
3883,0902,0,0
3883,0903,0,0
3883,0904,0,0
3883,0905,0,0
3883,0906,0,0
3883,0907,0,0
3883,0908,0,0
3883,0909,0,0
3883,0910,0,0
3883,0911,0,0
3883,0912,0,0
3883,0913,0,0
3883,0914,0,0
3884,0901,0,0
3884,0902,0,0
3884,0903,0,0
3884,0904,0,0
3884,0905,0,0
3884,0906,0,0
3884,0907,0,0
3884,0908,0,0
3884,0909,0,0
3884,0910,0,0
3884,0911,0,0
3884,0912,0,0
3884,0913,0,0
3884,0914,0,0
3885,0901,0,0
3885,0902,0,0
3885,0903,0,0
3885,0904,0,0
3885,0905,0,0
3885,0906,0,0
3885,0907,0,0
3885,0908,0,0
3885,0909,0,0
3885,0910,0,0
3885,0911,0,0
3885,0912,0,0
3885,0913,0,0
3885,0914,0,0
3886,0901,0,0
3886,0902,0,0
3886,0903,0,0
3886,0904,0,0
3886,0905,0,0
3886,0906,0,0
3886,0907,0,0
3886,0908,0,0
3886,0909,0,0
3886,0910,0,0
3886,0911,0,0
3886,0912,0,0
3886,0913,0,0
3886,0914,0,0
3887,0901,0,0
3887,0902,0,0
3887,0903,0,0
3887,0904,0,0
3887,0905,0,0
3887,0906,0,0
3887,0907,0,0
3887,0908,0,0
3887,0909,0,0
3887,0910,0,0
3887,0911,0,0
3887,0912,0,0
3887,0913,0,0
3887,0914,0,0
3888,0901,0,0
3888,0902,0,0
3888,0903,0,0
3888,0904,0,0
3888,0905,0,0
3888,0906,0,0
3888,0907,0,0
3888,0908,0,0
3888,0909,0,0
3888,0910,0,0
3888,0911,0,0
3888,0912,0,0
3888,0913,0,0
3888,0914,0,0
3889,0901,0,0
3889,0902,0,0
3889,0903,0,0
3889,0904,0,0
3889,0905,0,0
3889,0906,0,0
3889,0907,0,0
3889,0908,0,0
3889,0909,0,0
3889,0910,0,0
3889,0911,0,0
3889,0912,0,0
3889,0913,0,0
3889,0914,0,0
3890,0901,0,0
3890,0902,0,0
3890,0903,0,0
3890,0904,0,0
3890,0905,0,0
3890,0906,0,0
3890,0907,0,0
3890,0908,0,0
3890,0909,0,0
3890,0910,0,0
3890,0911,0,0
3890,0912,0,0
3890,0913,0,0
3890,0914,0,0
3891,0901,0,0
3891,0902,0,0
3891,0903,0,0
3891,0904,0,0
3891,0905,0,0
3891,0906,0,0
3891,0907,0,0
3891,0908,0,0
3891,0909,0,0
3891,0910,0,0
3891,0911,0,0
3891,0912,0,0
3891,0913,0,0
3891,0914,0,0
3892,0901,0,0
3892,0902,0,0
3892,0903,0,0
3892,0904,0,0
3892,0905,0,0
3892,0906,0,0
3892,0907,0,0
3892,0908,0,0
3892,0909,0,0
3892,0910,0,0
3892,0911,0,0
3892,0912,0,0
3892,0913,0,0
3892,0914,0,0
3893,0901,0,0
3893,0902,0,0
3893,0903,0,0
3893,0904,0,0
3893,0905,0,0
3893,0906,0,0
3893,0907,0,0
3893,0908,0,0
3893,0909,0,0
3893,0910,0,0
3893,0911,0,0
3893,0912,0,0
3893,0913,0,0
3893,0914,0,0
3894,0901,0,0
3894,0902,0,0
3894,0903,0,0
3894,0904,0,0
3894,0905,0,0
3894,0906,0,0
3894,0907,0,0
3894,0908,0,0
3894,0909,0,0
3894,0910,0,0
3894,0911,0,0
3894,0912,0,0
3894,0913,0,0
3894,0914,0,0
3895,0901,0,0
3895,0902,0,0
3895,0903,0,0
3895,0904,0,0
3895,0905,0,0
3895,0906,0,0
3895,0907,0,0
3895,0908,0,0
3895,0909,0,0
3895,0910,0,0
3895,0911,0,0
3895,0912,0,0
3895,0913,0,0
3895,0914,0,0
3896,0901,0,0
3896,0902,0,0
3896,0903,0,0
3896,0904,0,0
3896,0905,0,0
3896,0906,0,0
3896,0907,0,0
3896,0908,0,0
3896,0909,0,0
3896,0910,0,0
3896,0911,0,0
3896,0912,0,0
3896,0913,0,0
3896,0914,0,0
3897,0901,0,0
3897,0902,0,0
3897,0903,0,0
3897,0904,0,0
3897,0905,0,0
3897,0906,0,0
3897,0907,0,0
3897,0908,0,0
3897,0909,0,0
3897,0910,0,0
3897,0911,0,0
3897,0912,0,0
3897,0913,0,0
3897,0914,0,0
3898,0901,0,0
3898,0902,0,0
3898,0903,0,0
3898,0904,0,0
3898,0905,0,0
3898,0906,0,0
3898,0907,0,0
3898,0908,0,0
3898,0909,0,0
3898,0910,0,0
3898,0911,0,0
3898,0912,0,0
3898,0913,0,0
3898,0914,0,0
3899,0901,0,0
3899,0902,0,0
3899,0903,0,0
3899,0904,0,0
3899,0905,0,0
3899,0906,0,0
3899,0907,0,0
3899,0908,0,0
3899,0909,0,0
3899,0910,0,0
3899,0911,0,0
3899,0912,0,0
3899,0913,0,0
3899,0914,0,0
3900,0901,0,0
3900,0902,0,0
3900,0903,0,0
3900,0904,0,0
3900,0905,0,0
3900,0906,0,0
3900,0907,0,0
3900,0908,0,0
3900,0909,0,0
3900,0910,0,0
3900,0911,0,0
3900,0912,0,0
3900,0913,0,0
3900,0914,0,0
3901,0901,0,0
3901,0902,0,0
3901,0903,0,0
3901,0904,0,0
3901,0905,0,0
3901,0906,0,0
3901,0907,0,0
3901,0908,0,0
3901,0909,0,0
3901,0910,0,0
3901,0911,0,0
3901,0912,0,0
3901,0913,0,0
3901,0914,0,0
3902,0901,0,0
3902,0902,0,0
3902,0903,0,0
3902,0904,0,0
3902,0905,0,0
3902,0906,0,0
3902,0907,0,0
3902,0908,0,0
3902,0909,0,0
3902,0910,0,0
3902,0911,0,0
3902,0912,0,0
3902,0913,0,0
3902,0914,0,0
3903,0901,0,0
3903,0902,0,0
3903,0903,0,0
3903,0904,0,0
3903,0905,0,0
3903,0906,0,0
3903,0907,0,0
3903,0908,0,0
3903,0909,0,0
3903,0910,0,0
3903,0911,0,0
3903,0912,0,0
3903,0913,0,0
3903,0914,0,0
3904,0901,0,0
3904,0902,0,0
3904,0903,0,0
3904,0904,0,0
3904,0905,0,0
3904,0906,0,0
3904,0907,0,0
3904,0908,0,0
3904,0909,0,0
3904,0910,0,0
3904,0911,0,0
3904,0912,0,0
3904,0913,0,0
3904,0914,0,0
3905,0901,0,0
3905,0902,0,0
3905,0903,0,0
3905,0904,0,0
3905,0905,0,0
3905,0906,0,0
3905,0907,0,0
3905,0908,0,0
3905,0909,0,0
3905,0910,0,0
3905,0911,0,0
3905,0912,0,0
3905,0913,0,0
3905,0914,0,0
3906,0901,0,0
3906,0902,0,0
3906,0903,0,0
3906,0904,0,0
3906,0905,0,0
3906,0906,0,0
3906,0907,0,0
3906,0908,0,0
3906,0909,0,0
3906,0910,0,0
3906,0911,0,0
3906,0912,0,0
3906,0913,0,0
3906,0914,0,0
3907,0901,0,0
3907,0902,0,0
3907,0903,0,0
3907,0904,0,0
3907,0905,0,0
3907,0906,0,0
3907,0907,0,0
3907,0908,0,0
3907,0909,0,0
3907,0910,0,0
3907,0911,0,0
3907,0912,0,0
3907,0913,0,0
3907,0914,0,0
3908,0901,0,0
3908,0902,0,0
3908,0903,0,0
3908,0904,0,0
3908,0905,0,0
3908,0906,0,0
3908,0907,0,0
3908,0908,0,0
3908,0909,0,0
3908,0910,0,0
3908,0911,0,0
3908,0912,0,0
3908,0913,0,0
3908,0914,0,0
3909,0901,0,0
3909,0902,0,0
3909,0903,0,0
3909,0904,0,0
3909,0905,0,0
3909,0906,0,0
3909,0907,0,0
3909,0908,0,0
3909,0909,0,0
3909,0910,0,0
3909,0911,0,0
3909,0912,0,0
3909,0913,0,0
3909,0914,0,0
3910,0901,0,0
3910,0902,0,0
3910,0903,0,0
3910,0904,0,0
3910,0905,0,0
3910,0906,0,0
3910,0907,0,0
3910,0908,0,0
3910,0909,0,0
3910,0910,0,0
3910,0911,0,0
3910,0912,0,0
3910,0913,0,0
3910,0914,0,0
3911,0901,0,0
3911,0902,0,0
3911,0903,0,0
3911,0904,0,0
3911,0905,0,0
3911,0906,0,0
3911,0907,0,0
3911,0908,0,0
3911,0909,0,0
3911,0910,0,0
3911,0911,0,0
3911,0912,0,0
3911,0913,0,0
3911,0914,0,0
3912,0901,0,0
3912,0902,0,0
3912,0903,0,0
3912,0904,0,0
3912,0905,0,0
3912,0906,0,0
3912,0907,0,0
3912,0908,0,0
3912,0909,0,0
3912,0910,0,0
3912,0911,0,0
3912,0912,0,0
3912,0913,0,0
3912,0914,0,0
3913,0901,0,0
3913,0902,0,0
3913,0903,0,0
3913,0904,0,0
3913,0905,0,0
3913,0906,0,0
3913,0907,0,0
3913,0908,0,0
3913,0909,0,0
3913,0910,0,0
3913,0911,0,0
3913,0912,0,0
3913,0913,0,0
3913,0914,0,0
3914,0901,0,0
3914,0902,0,0
3914,0903,0,0
3914,0904,0,0
3914,0905,0,0
3914,0906,0,0
3914,0907,0,0
3914,0908,0,0
3914,0909,0,0
3914,0910,0,0
3914,0911,0,0
3914,0912,0,0
3914,0913,0,0
3914,0914,0,0
3915,0901,0,0
3915,0902,0,0
3915,0903,0,0
3915,0904,0,0
3915,0905,0,0
3915,0906,0,0
3915,0907,0,0
3915,0908,0,0
3915,0909,0,0
3915,0910,0,0
3915,0911,0,0
3915,0912,0,0
3915,0913,0,0
3915,0914,0,0
3916,0901,0,0
3916,0902,0,0
3916,0903,0,0
3916,0904,0,0
3916,0905,0,0
3916,0906,0,0
3916,0907,0,0
3916,0908,0,0
3916,0909,0,0
3916,0910,0,0
3916,0911,0,0
3916,0912,0,0
3916,0913,0,0
3916,0914,0,0
3917,0901,0,0
3917,0902,0,0
3917,0903,0,0
3917,0904,0,0
3917,0905,0,0
3917,0906,0,0
3917,0907,0,0
3917,0908,0,0
3917,0909,0,0
3917,0910,0,0
3917,0911,0,0
3917,0912,0,0
3917,0913,0,0
3917,0914,0,0
3918,0901,0,0
3918,0902,0,0
3918,0903,0,0
3918,0904,0,0
3918,0905,0,0
3918,0906,0,0
3918,0907,0,0
3918,0908,0,0
3918,0909,0,0
3918,0910,0,0
3918,0911,0,0
3918,0912,0,0
3918,0913,0,0
3918,0914,0,0
3919,0901,0,0
3919,0902,0,0
3919,0903,0,0
3919,0904,0,0
3919,0905,0,0
3919,0906,0,0
3919,0907,0,0
3919,0908,0,0
3919,0909,0,0
3919,0910,0,0
3919,0911,0,0
3919,0912,0,0
3919,0913,0,0
3919,0914,0,0
3920,0901,0,0
3920,0902,0,0
3920,0903,0,0
3920,0904,0,0
3920,0905,0,0
3920,0906,0,0
3920,0907,0,0
3920,0908,1,0
3920,0909,0,0
3920,0910,0,0
3920,0911,0,0
3920,0912,0,0
3920,0913,0,0
3920,0914,0,0
3921,0901,0,0
3921,0902,0,0
3921,0903,0,0
3921,0904,0,0
3921,0905,0,0
3921,0906,0,0
3921,0907,0,0
3921,0908,0,0
3921,0909,0,0
3921,0910,0,0
3921,0911,0,0
3921,0912,0,0
3921,0913,0,0
3921,0914,0,0
3922,0901,0,0
3922,0902,0,0
3922,0903,0,0
3922,0904,0,0
3922,0905,0,0
3922,0906,0,0
3922,0907,0,0
3922,0908,0,0
3922,0909,0,0
3922,0910,0,0
3922,0911,0,0
3922,0912,0,0
3922,0913,0,0
3922,0914,0,0
3923,0901,0,0
3923,0902,0,0
3923,0903,0,0
3923,0904,0,0
3923,0905,0,0
3923,0906,0,0
3923,0907,0,0
3923,0908,0,0
3923,0909,0,0
3923,0910,0,0
3923,0911,0,0
3923,0912,0,0
3923,0913,0,0
3923,0914,0,0
3924,0901,0,0
3924,0902,0,0
3924,0903,0,0
3924,0904,0,0
3924,0905,0,0
3924,0906,0,0
3924,0907,0,0
3924,0908,0,0
3924,0909,0,0
3924,0910,0,0
3924,0911,0,0
3924,0912,0,0
3924,0913,0,0
3924,0914,0,0
3925,0901,0,0
3925,0902,0,0
3925,0903,0,0
3925,0904,0,0
3925,0905,0,0
3925,0906,0,0
3925,0907,0,0
3925,0908,0,0
3925,0909,0,0
3925,0910,0,0
3925,0911,0,0
3925,0912,0,0
3925,0913,0,0
3925,0914,0,0
3926,0901,0,0
3926,0902,0,0
3926,0903,0,0
3926,0904,0,0
3926,0905,0,0
3926,0906,0,0
3926,0907,0,0
3926,0908,0,0
3926,0909,0,0
3926,0910,0,0
3926,0911,0,0
3926,0912,0,0
3926,0913,0,0
3926,0914,0,0
3927,0901,0,0
3927,0902,0,0
3927,0903,0,0
3927,0904,0,0
3927,0905,0,0
3927,0906,0,0
3927,0907,0,0
3927,0908,0,0
3927,0909,0,0
3927,0910,0,0
3927,0911,0,0
3927,0912,0,0
3927,0913,0,0
3927,0914,0,0
3928,0901,0,0
3928,0902,0,0
3928,0903,0,0
3928,0904,0,0
3928,0905,0,0
3928,0906,0,0
3928,0907,0,0
3928,0908,0,0
3928,0909,0,0
3928,0910,0,0
3928,0911,0,0
3928,0912,0,0
3928,0913,0,0
3928,0914,0,0
3929,0901,0,0
3929,0902,0,0
3929,0903,0,0
3929,0904,0,0
3929,0905,0,0
3929,0906,0,0
3929,0907,0,0
3929,0908,0,0
3929,0909,1,0
3929,0910,0,0
3929,0911,0,0
3929,0912,0,0
3929,0913,0,0
3929,0914,0,0
3930,0901,0,0
3930,0902,0,0
3930,0903,0,0
3930,0904,0,0
3930,0905,0,0
3930,0906,0,0
3930,0907,0,0
3930,0908,0,0
3930,0909,0,0
3930,0910,0,0
3930,0911,0,0
3930,0912,0,0
3930,0913,0,0
3930,0914,0,0
3931,0901,0,0
3931,0902,0,0
3931,0903,0,0
3931,0904,0,0
3931,0905,0,0
3931,0906,0,0
3931,0907,0,0
3931,0908,0,0
3931,0909,0,0
3931,0910,0,0
3931,0911,0,0
3931,0912,0,0
3931,0913,0,0
3931,0914,0,0
3932,0901,0,0
3932,0902,0,0
3932,0903,0,0
3932,0904,0,0
3932,0905,0,0
3932,0906,0,0
3932,0907,0,0
3932,0908,0,0
3932,0909,0,0
3932,0910,0,0
3932,0911,0,0
3932,0912,0,0
3932,0913,0,0
3932,0914,1,0
3933,0901,0,0
3933,0902,0,0
3933,0903,0,0
3933,0904,0,0
3933,0905,0,0
3933,0906,0,0
3933,0907,0,0
3933,0908,0,0
3933,0909,0,0
3933,0910,0,0
3933,0911,0,0
3933,0912,0,0
3933,0913,0,0
3933,0914,0,0
3934,0901,0,0
3934,0902,0,0
3934,0903,0,0
3934,0904,0,0
3934,0905,0,0
3934,0906,0,0
3934,0907,0,0
3934,0908,0,0
3934,0909,0,0
3934,0910,0,0
3934,0911,0,0
3934,0912,0,0
3934,0913,0,0
3934,0914,0,0
3935,0901,0,0
3935,0902,0,0
3935,0903,0,0
3935,0904,0,0
3935,0905,0,0
3935,0906,0,0
3935,0907,0,0
3935,0908,0,0
3935,0909,0,0
3935,0910,0,0
3935,0911,0,0
3935,0912,0,0
3935,0913,0,0
3935,0914,0,0
3936,0901,0,0
3936,0902,0,0
3936,0903,0,0
3936,0904,0,0
3936,0905,0,0
3936,0906,0,0
3936,0907,0,0
3936,0908,0,0
3936,0909,0,0
3936,0910,0,0
3936,0911,0,0
3936,0912,0,0
3936,0913,0,0
3936,0914,0,0
3937,0901,0,0
3937,0902,0,0
3937,0903,0,0
3937,0904,0,0
3937,0905,0,0
3937,0906,0,0
3937,0907,0,0
3937,0908,0,0
3937,0909,0,0
3937,0910,0,0
3937,0911,0,0
3937,0912,0,0
3937,0913,0,0
3937,0914,0,0
3938,0901,0,0
3938,0902,0,0
3938,0903,0,0
3938,0904,0,0
3938,0905,0,0
3938,0906,0,0
3938,0907,0,0
3938,0908,0,0
3938,0909,0,0
3938,0910,0,0
3938,0911,0,0
3938,0912,0,0
3938,0913,0,0
3938,0914,0,0
3939,0901,0,0
3939,0902,0,0
3939,0903,0,0
3939,0904,0,0
3939,0905,0,0
3939,0906,0,0
3939,0907,0,0
3939,0908,0,0
3939,0909,0,0
3939,0910,0,0
3939,0911,0,0
3939,0912,0,0
3939,0913,0,0
3939,0914,0,0
3940,0901,0,0
3940,0902,0,0
3940,0903,0,0
3940,0904,0,0
3940,0905,0,0
3940,0906,0,0
3940,0907,0,0
3940,0908,0,0
3940,0909,0,0
3940,0910,0,0
3940,0911,0,0
3940,0912,0,0
3940,0913,0,0
3940,0914,0,0
3941,0901,0,0
3941,0902,0,0
3941,0903,0,0
3941,0904,0,0
3941,0905,0,0
3941,0906,0,0
3941,0907,0,0
3941,0908,0,0
3941,0909,0,0
3941,0910,0,0
3941,0911,0,0
3941,0912,0,0
3941,0913,0,0
3941,0914,0,0
3942,0901,0,0
3942,0902,0,0
3942,0903,0,0
3942,0904,0,0
3942,0905,0,0
3942,0906,0,0
3942,0907,0,0
3942,0908,0,0
3942,0909,0,0
3942,0910,0,0
3942,0911,0,0
3942,0912,0,0
3942,0913,0,0
3942,0914,0,0
3943,0901,0,0
3943,0902,0,0
3943,0903,0,0
3943,0904,0,0
3943,0905,0,0
3943,0906,0,0
3943,0907,0,0
3943,0908,0,0
3943,0909,0,0
3943,0910,0,0
3943,0911,0,0
3943,0912,0,0
3943,0913,0,0
3943,0914,0,0
3944,0901,0,0
3944,0902,0,0
3944,0903,0,0
3944,0904,0,0
3944,0905,0,0
3944,0906,0,0
3944,0907,0,0
3944,0908,0,0
3944,0909,0,0
3944,0910,0,0
3944,0911,0,0
3944,0912,0,0
3944,0913,0,0
3944,0914,0,0
3945,0901,0,0
3945,0902,0,0
3945,0903,0,0
3945,0904,0,0
3945,0905,0,0
3945,0906,0,0
3945,0907,0,0
3945,0908,0,0
3945,0909,0,0
3945,0910,0,0
3945,0911,0,0
3945,0912,0,0
3945,0913,0,0
3945,0914,0,0
3946,0901,0,0
3946,0902,0,0
3946,0903,0,0
3946,0904,0,0
3946,0905,0,0
3946,0906,0,0
3946,0907,0,0
3946,0908,0,0
3946,0909,0,0
3946,0910,0,0
3946,0911,0,0
3946,0912,0,0
3946,0913,0,0
3946,0914,0,0
3947,0901,0,0
3947,0902,0,0
3947,0903,0,0
3947,0904,0,0
3947,0905,0,0
3947,0906,0,0
3947,0907,0,0
3947,0908,0,0
3947,0909,0,0
3947,0910,0,0
3947,0911,0,0
3947,0912,0,0
3947,0913,0,0
3947,0914,0,0
3948,0901,0,0
3948,0902,0,0
3948,0903,0,0
3948,0904,0,0
3948,0905,0,0
3948,0906,0,0
3948,0907,0,0
3948,0908,0,0
3948,0909,0,0
3948,0910,0,0
3948,0911,0,0
3948,0912,0,0
3948,0913,0,0
3948,0914,0,0
3949,0901,0,0
3949,0902,0,0
3949,0903,0,0
3949,0904,0,0
3949,0905,0,0
3949,0906,0,0
3949,0907,0,0
3949,0908,0,0
3949,0909,0,0
3949,0910,0,0
3949,0911,0,0
3949,0912,0,0
3949,0913,0,0
3949,0914,0,0
3950,0901,0,0
3950,0902,0,0
3950,0903,0,0
3950,0904,0,0
3950,0905,0,0
3950,0906,0,0
3950,0907,0,0
3950,0908,0,0
3950,0909,0,0
3950,0910,0,0
3950,0911,0,0
3950,0912,0,0
3950,0913,0,0
3950,0914,0,0
3951,0901,0,0
3951,0902,0,0
3951,0903,0,0
3951,0904,0,0
3951,0905,0,0
3951,0906,0,0
3951,0907,0,0
3951,0908,0,0
3951,0909,0,0
3951,0910,0,0
3951,0911,0,0
3951,0912,0,0
3951,0913,0,0
3951,0914,0,0
3952,0901,0,0
3952,0902,0,0
3952,0903,0,0
3952,0904,0,0
3952,0905,0,0
3952,0906,0,0
3952,0907,0,0
3952,0908,0,0
3952,0909,0,0
3952,0910,0,0
3952,0911,0,0
3952,0912,0,0
3952,0913,0,0
3952,0914,0,0
3953,0901,0,0
3953,0902,0,0
3953,0903,0,0
3953,0904,0,0
3953,0905,0,0
3953,0906,0,0
3953,0907,0,0
3953,0908,0,0
3953,0909,0,0
3953,0910,0,0
3953,0911,0,0
3953,0912,0,0
3953,0913,0,0
3953,0914,0,0
3954,0901,0,0
3954,0902,0,0
3954,0903,0,0
3954,0904,0,0
3954,0905,0,0
3954,0906,0,0
3954,0907,0,0
3954,0908,0,0
3954,0909,0,0
3954,0910,0,0
3954,0911,0,0
3954,0912,0,0
3954,0913,0,0
3954,0914,0,0
3955,0901,0,0
3955,0902,0,0
3955,0903,0,0
3955,0904,0,0
3955,0905,0,0
3955,0906,0,0
3955,0907,0,0
3955,0908,0,0
3955,0909,0,0
3955,0910,0,0
3955,0911,0,0
3955,0912,0,0
3955,0913,0,0
3955,0914,0,0
3956,0901,0,0
3956,0902,0,0
3956,0903,0,0
3956,0904,0,0
3956,0905,0,0
3956,0906,0,0
3956,0907,0,0
3956,0908,0,0
3956,0909,0,0
3956,0910,0,0
3956,0911,0,0
3956,0912,0,0
3956,0913,0,0
3956,0914,0,0
3957,0901,0,0
3957,0902,0,0
3957,0903,0,0
3957,0904,0,0
3957,0905,0,0
3957,0906,0,0
3957,0907,0,0
3957,0908,0,0
3957,0909,0,0
3957,0910,0,0
3957,0911,0,0
3957,0912,0,0
3957,0913,0,0
3957,0914,0,0
3958,0901,0,0
3958,0902,0,0
3958,0903,0,0
3958,0904,0,0
3958,0905,0,0
3958,0906,0,0
3958,0907,0,0
3958,0908,0,0
3958,0909,0,0
3958,0910,0,0
3958,0911,0,0
3958,0912,0,0
3958,0913,0,0
3958,0914,0,0
3959,0901,0,0
3959,0902,0,0
3959,0903,0,0
3959,0904,0,0
3959,0905,0,0
3959,0906,0,0
3959,0907,0,0
3959,0908,0,0
3959,0909,0,0
3959,0910,0,0
3959,0911,0,0
3959,0912,1,0
3959,0913,0,0
3959,0914,0,0
3960,0901,0,0
3960,0902,0,0
3960,0903,0,0
3960,0904,0,0
3960,0905,0,0
3960,0906,0,0
3960,0907,0,0
3960,0908,0,0
3960,0909,0,0
3960,0910,0,0
3960,0911,0,0
3960,0912,0,0
3960,0913,0,0
3960,0914,0,0
3961,0901,0,0
3961,0902,0,0
3961,0903,0,0
3961,0904,0,0
3961,0905,0,0
3961,0906,0,0
3961,0907,0,0
3961,0908,0,0
3961,0909,0,0
3961,0910,0,0
3961,0911,0,0
3961,0912,0,0
3961,0913,0,0
3961,0914,0,0
3962,0901,0,0
3962,0902,0,0
3962,0903,0,0
3962,0904,0,0
3962,0905,0,0
3962,0906,0,0
3962,0907,0,0
3962,0908,0,0
3962,0909,0,0
3962,0910,0,0
3962,0911,0,0
3962,0912,0,0
3962,0913,0,0
3962,0914,0,0
3963,0901,0,0
3963,0902,0,0
3963,0903,0,0
3963,0904,0,0
3963,0905,0,0
3963,0906,0,0
3963,0907,0,0
3963,0908,0,0
3963,0909,0,0
3963,0910,0,0
3963,0911,0,0
3963,0912,0,0
3963,0913,0,0
3963,0914,0,0
3964,0901,0,0
3964,0902,0,0
3964,0903,0,0
3964,0904,0,0
3964,0905,0,0
3964,0906,0,0
3964,0907,0,0
3964,0908,0,0
3964,0909,0,0
3964,0910,0,0
3964,0911,0,0
3964,0912,0,0
3964,0913,0,0
3964,0914,0,0
3965,0901,0,0
3965,0902,0,0
3965,0903,0,0
3965,0904,0,0
3965,0905,0,0
3965,0906,0,0
3965,0907,0,0
3965,0908,0,0
3965,0909,0,0
3965,0910,0,0
3965,0911,0,0
3965,0912,0,0
3965,0913,0,0
3965,0914,0,0
3966,0901,0,0
3966,0902,0,0
3966,0903,0,0
3966,0904,0,0
3966,0905,0,0
3966,0906,0,0
3966,0907,0,0
3966,0908,0,0
3966,0909,0,0
3966,0910,0,0
3966,0911,0,0
3966,0912,0,0
3966,0913,0,0
3966,0914,0,0
3967,0901,0,0
3967,0902,0,0
3967,0903,0,0
3967,0904,0,0
3967,0905,0,0
3967,0906,0,0
3967,0907,0,0
3967,0908,0,0
3967,0909,0,0
3967,0910,0,0
3967,0911,0,0
3967,0912,0,0
3967,0913,0,0
3967,0914,0,0
3968,0901,0,0
3968,0902,0,0
3968,0903,0,0
3968,0904,0,0
3968,0905,0,0
3968,0906,0,0
3968,0907,0,0
3968,0908,0,0
3968,0909,0,0
3968,0910,0,0
3968,0911,0,0
3968,0912,0,0
3968,0913,0,0
3968,0914,0,0
3969,0901,0,0
3969,0902,0,0
3969,0903,0,0
3969,0904,0,0
3969,0905,0,0
3969,0906,0,0
3969,0907,0,0
3969,0908,0,0
3969,0909,0,0
3969,0910,0,0
3969,0911,0,0
3969,0912,0,0
3969,0913,0,0
3969,0914,0,0
3970,0901,0,0
3970,0902,0,0
3970,0903,0,0
3970,0904,0,0
3970,0905,0,0
3970,0906,0,0
3970,0907,0,0
3970,0908,0,0
3970,0909,0,0
3970,0910,0,0
3970,0911,0,0
3970,0912,0,0
3970,0913,0,0
3970,0914,0,0
3971,0901,0,0
3971,0902,0,0
3971,0903,0,0
3971,0904,0,0
3971,0905,0,0
3971,0906,0,0
3971,0907,0,0
3971,0908,0,0
3971,0909,0,0
3971,0910,0,0
3971,0911,0,0
3971,0912,0,0
3971,0913,0,0
3971,0914,0,0
3972,0901,0,0
3972,0902,0,0
3972,0903,0,0
3972,0904,0,0
3972,0905,0,0
3972,0906,0,0
3972,0907,0,0
3972,0908,0,0
3972,0909,0,0
3972,0910,0,0
3972,0911,0,0
3972,0912,0,0
3972,0913,0,0
3972,0914,0,0
3973,0901,0,0
3973,0902,0,0
3973,0903,0,0
3973,0904,0,0
3973,0905,0,0
3973,0906,0,0
3973,0907,0,0
3973,0908,0,0
3973,0909,0,0
3973,0910,0,0
3973,0911,0,0
3973,0912,0,0
3973,0913,0,0
3973,0914,0,0
3974,0901,0,0
3974,0902,0,0
3974,0903,0,0
3974,0904,0,0
3974,0905,0,0
3974,0906,0,0
3974,0907,0,0
3974,0908,0,0
3974,0909,0,0
3974,0910,0,0
3974,0911,0,0
3974,0912,0,0
3974,0913,0,0
3974,0914,0,0
3975,0901,0,0
3975,0902,0,0
3975,0903,0,0
3975,0904,0,0
3975,0905,0,0
3975,0906,0,0
3975,0907,0,0
3975,0908,0,0
3975,0909,0,0
3975,0910,0,0
3975,0911,0,0
3975,0912,0,0
3975,0913,0,0
3975,0914,0,0
3976,0901,0,0
3976,0902,0,0
3976,0903,0,0
3976,0904,0,0
3976,0905,0,0
3976,0906,0,0
3976,0907,0,0
3976,0908,0,0
3976,0909,0,0
3976,0910,0,0
3976,0911,0,0
3976,0912,1,0
3976,0913,0,0
3976,0914,0,0
3977,0901,0,0
3977,0902,0,0
3977,0903,0,0
3977,0904,0,0
3977,0905,0,0
3977,0906,0,0
3977,0907,0,0
3977,0908,0,0
3977,0909,0,0
3977,0910,0,0
3977,0911,0,0
3977,0912,0,0
3977,0913,0,0
3977,0914,0,0
3978,0901,0,0
3978,0902,0,0
3978,0903,0,0
3978,0904,0,0
3978,0905,0,0
3978,0906,0,0
3978,0907,0,0
3978,0908,0,0
3978,0909,0,0
3978,0910,0,0
3978,0911,0,0
3978,0912,0,0
3978,0913,0,0
3978,0914,0,0
3979,0901,0,0
3979,0902,0,0
3979,0903,0,0
3979,0904,0,0
3979,0905,0,0
3979,0906,0,0
3979,0907,0,0
3979,0908,0,0
3979,0909,0,0
3979,0910,0,0
3979,0911,0,0
3979,0912,0,0
3979,0913,0,0
3979,0914,0,0
3980,0901,0,0
3980,0902,0,0
3980,0903,0,0
3980,0904,0,0
3980,0905,0,0
3980,0906,0,0
3980,0907,0,0
3980,0908,0,0
3980,0909,0,0
3980,0910,0,0
3980,0911,0,0
3980,0912,0,0
3980,0913,0,0
3980,0914,0,0
3981,0901,0,0
3981,0902,0,0
3981,0903,0,0
3981,0904,0,0
3981,0905,0,0
3981,0906,0,0
3981,0907,0,0
3981,0908,0,0
3981,0909,0,0
3981,0910,0,0
3981,0911,0,0
3981,0912,0,0
3981,0913,0,0
3981,0914,0,0
3982,0901,0,0
3982,0902,0,0
3982,0903,0,0
3982,0904,0,0
3982,0905,0,0
3982,0906,0,0
3982,0907,0,0
3982,0908,0,0
3982,0909,0,0
3982,0910,0,0
3982,0911,0,0
3982,0912,0,0
3982,0913,0,0
3982,0914,0,0
3983,0901,0,0
3983,0902,0,0
3983,0903,0,0
3983,0904,0,0
3983,0905,0,0
3983,0906,0,0
3983,0907,0,0
3983,0908,0,0
3983,0909,0,0
3983,0910,0,0
3983,0911,0,0
3983,0912,0,0
3983,0913,0,0
3983,0914,0,0
3984,0901,0,0
3984,0902,0,0
3984,0903,0,0
3984,0904,0,0
3984,0905,0,0
3984,0906,0,0
3984,0907,0,0
3984,0908,0,0
3984,0909,0,0
3984,0910,0,0
3984,0911,0,0
3984,0912,0,0
3984,0913,0,0
3984,0914,0,0
3985,0901,0,0
3985,0902,0,0
3985,0903,0,0
3985,0904,0,0
3985,0905,0,0
3985,0906,0,0
3985,0907,0,0
3985,0908,0,0
3985,0909,0,0
3985,0910,0,0
3985,0911,0,0
3985,0912,0,0
3985,0913,0,0
3985,0914,0,0
3986,0901,0,0
3986,0902,0,0
3986,0903,0,0
3986,0904,0,0
3986,0905,0,0
3986,0906,0,0
3986,0907,0,0
3986,0908,0,0
3986,0909,0,0
3986,0910,0,0
3986,0911,0,0
3986,0912,0,0
3986,0913,0,0
3986,0914,0,0
3987,0901,0,0
3987,0902,0,0
3987,0903,0,0
3987,0904,0,0
3987,0905,0,0
3987,0906,0,0
3987,0907,0,0
3987,0908,0,0
3987,0909,0,0
3987,0910,0,0
3987,0911,0,0
3987,0912,0,0
3987,0913,0,0
3987,0914,0,0
3988,0901,0,0
3988,0902,0,0
3988,0903,0,0
3988,0904,0,0
3988,0905,0,0
3988,0906,0,0
3988,0907,0,0
3988,0908,0,0
3988,0909,0,0
3988,0910,0,0
3988,0911,0,0
3988,0912,0,0
3988,0913,0,0
3988,0914,0,0
3989,0901,0,0
3989,0902,0,0
3989,0903,0,0
3989,0904,0,0
3989,0905,0,0
3989,0906,0,0
3989,0907,0,0
3989,0908,0,0
3989,0909,0,0
3989,0910,0,0
3989,0911,0,0
3989,0912,0,0
3989,0913,0,0
3989,0914,0,0
3990,0901,0,0
3990,0902,0,0
3990,0903,0,0
3990,0904,0,0
3990,0905,0,0
3990,0906,0,0
3990,0907,0,0
3990,0908,0,0
3990,0909,0,0
3990,0910,0,0
3990,0911,0,0
3990,0912,0,0
3990,0913,0,0
3990,0914,0,0
3991,0901,0,0
3991,0902,0,0
3991,0903,0,0
3991,0904,0,0
3991,0905,0,0
3991,0906,0,0
3991,0907,0,0
3991,0908,0,0
3991,0909,0,0
3991,0910,0,0
3991,0911,0,0
3991,0912,0,0
3991,0913,0,0
3991,0914,0,0
3992,0901,0,0
3992,0902,0,0
3992,0903,0,0
3992,0904,0,0
3992,0905,0,0
3992,0906,0,0
3992,0907,0,0
3992,0908,0,0
3992,0909,0,0
3992,0910,0,0
3992,0911,0,0
3992,0912,0,0
3992,0913,0,0
3992,0914,0,0
3993,0901,0,0
3993,0902,0,0
3993,0903,0,0
3993,0904,0,0
3993,0905,0,0
3993,0906,0,0
3993,0907,0,0
3993,0908,0,0
3993,0909,0,0
3993,0910,0,0
3993,0911,0,0
3993,0912,0,0
3993,0913,0,0
3993,0914,0,0
3994,0901,0,0
3994,0902,0,0
3994,0903,0,0
3994,0904,0,0
3994,0905,0,0
3994,0906,0,0
3994,0907,0,0
3994,0908,0,0
3994,0909,0,0
3994,0910,0,0
3994,0911,0,0
3994,0912,0,0
3994,0913,0,0
3994,0914,0,0
3995,0901,0,0
3995,0902,0,0
3995,0903,0,0
3995,0904,0,0
3995,0905,0,0
3995,0906,0,0
3995,0907,0,0
3995,0908,0,0
3995,0909,0,0
3995,0910,0,0
3995,0911,0,0
3995,0912,0,0
3995,0913,0,0
3995,0914,0,0
3996,0901,0,0
3996,0902,0,0
3996,0903,0,0
3996,0904,0,0
3996,0905,0,0
3996,0906,0,0
3996,0907,0,0
3996,0908,0,0
3996,0909,0,0
3996,0910,0,0
3996,0911,0,0
3996,0912,0,0
3996,0913,0,0
3996,0914,0,0
3997,0901,0,0
3997,0902,0,0
3997,0903,0,0
3997,0904,0,0
3997,0905,0,0
3997,0906,0,0
3997,0907,0,0
3997,0908,0,0
3997,0909,0,0
3997,0910,0,0
3997,0911,0,0
3997,0912,0,0
3997,0913,0,0
3997,0914,0,0
3998,0901,0,0
3998,0902,0,0
3998,0903,0,0
3998,0904,0,0
3998,0905,0,0
3998,0906,0,0
3998,0907,0,0
3998,0908,0,0
3998,0909,0,0
3998,0910,0,0
3998,0911,0,0
3998,0912,0,0
3998,0913,0,0
3998,0914,0,0
3999,0901,0,0
3999,0902,0,0
3999,0903,0,0
3999,0904,0,0
3999,0905,0,0
3999,0906,0,0
3999,0907,0,0
3999,0908,0,0
3999,0909,0,0
3999,0910,0,0
3999,0911,0,0
3999,0912,0,0
3999,0913,0,0
3999,0914,0,0
4000,0901,0,0
4000,0902,0,0
4000,0903,0,0
4000,0904,0,0
4000,0905,0,0
4000,0906,0,0
4000,0907,0,0
4000,0908,0,0
4000,0909,0,0
4000,0910,0,0
4000,0911,0,0
4000,0912,0,0
4000,0913,0,0
4000,0914,0,0
4001,0901,0,0
4001,0902,0,0
4001,0903,0,0
4001,0904,0,0
4001,0905,0,0
4001,0906,0,0
4001,0907,0,0
4001,0908,0,0
4001,0909,0,0
4001,0910,0,0
4001,0911,0,0
4001,0912,0,0
4001,0913,0,0
4001,0914,0,0
4002,0901,0,0
4002,0902,0,0
4002,0903,0,0
4002,0904,0,0
4002,0905,0,0
4002,0906,0,0
4002,0907,0,0
4002,0908,0,0
4002,0909,0,0
4002,0910,0,0
4002,0911,0,0
4002,0912,0,0
4002,0913,0,0
4002,0914,0,0
4003,0901,0,0
4003,0902,0,0
4003,0903,0,0
4003,0904,0,0
4003,0905,0,0
4003,0906,0,0
4003,0907,0,0
4003,0908,0,0
4003,0909,0,0
4003,0910,0,0
4003,0911,0,0
4003,0912,0,0
4003,0913,0,0
4003,0914,0,0
4004,0901,0,0
4004,0902,0,0
4004,0903,0,0
4004,0904,0,0
4004,0905,0,0
4004,0906,0,0
4004,0907,0,0
4004,0908,0,0
4004,0909,0,0
4004,0910,0,0
4004,0911,0,0
4004,0912,0,0
4004,0913,0,0
4004,0914,0,0
4005,0901,0,0
4005,0902,0,0
4005,0903,0,0
4005,0904,0,0
4005,0905,0,0
4005,0906,0,0
4005,0907,0,0
4005,0908,0,0
4005,0909,0,0
4005,0910,0,0
4005,0911,0,0
4005,0912,0,0
4005,0913,0,0
4005,0914,0,0
4006,0901,0,0
4006,0902,0,0
4006,0903,0,0
4006,0904,0,0
4006,0905,0,0
4006,0906,0,0
4006,0907,0,0
4006,0908,0,0
4006,0909,0,0
4006,0910,0,0
4006,0911,0,0
4006,0912,0,0
4006,0913,0,0
4006,0914,0,0
4007,0901,0,0
4007,0902,0,0
4007,0903,0,0
4007,0904,0,0
4007,0905,0,0
4007,0906,0,0
4007,0907,0,0
4007,0908,0,0
4007,0909,0,0
4007,0910,0,0
4007,0911,0,0
4007,0912,0,0
4007,0913,0,0
4007,0914,1,0
4008,0901,0,0
4008,0902,0,0
4008,0903,0,0
4008,0904,0,0
4008,0905,0,0
4008,0906,0,0
4008,0907,0,0
4008,0908,0,0
4008,0909,0,0
4008,0910,0,0
4008,0911,0,0
4008,0912,0,0
4008,0913,0,0
4008,0914,0,0
4009,0901,0,0
4009,0902,0,0
4009,0903,0,0
4009,0904,0,0
4009,0905,0,0
4009,0906,0,0
4009,0907,0,0
4009,0908,0,0
4009,0909,0,0
4009,0910,0,0
4009,0911,0,0
4009,0912,0,0
4009,0913,0,0
4009,0914,0,0
4010,0901,0,0
4010,0902,0,0
4010,0903,0,0
4010,0904,0,0
4010,0905,0,0
4010,0906,0,0
4010,0907,0,0
4010,0908,0,0
4010,0909,0,0
4010,0910,0,0
4010,0911,0,0
4010,0912,0,0
4010,0913,0,0
4010,0914,0,0
4011,0901,0,0
4011,0902,0,0
4011,0903,0,0
4011,0904,0,0
4011,0905,0,0
4011,0906,0,0
4011,0907,0,0
4011,0908,0,0
4011,0909,0,0
4011,0910,0,0
4011,0911,0,0
4011,0912,0,0
4011,0913,0,0
4011,0914,0,0
4012,0901,0,0
4012,0902,0,0
4012,0903,0,0
4012,0904,0,0
4012,0905,0,0
4012,0906,0,0
4012,0907,0,0
4012,0908,0,0
4012,0909,0,0
4012,0910,0,0
4012,0911,0,0
4012,0912,0,0
4012,0913,0,0
4012,0914,0,0
4013,0901,0,0
4013,0902,0,0
4013,0903,0,0
4013,0904,0,0
4013,0905,0,0
4013,0906,0,0
4013,0907,0,0
4013,0908,0,0
4013,0909,0,0
4013,0910,0,0
4013,0911,0,0
4013,0912,0,0
4013,0913,0,0
4013,0914,0,0
4014,0901,0,0
4014,0902,0,0
4014,0903,0,0
4014,0904,0,0
4014,0905,0,0
4014,0906,0,0
4014,0907,0,0
4014,0908,0,0
4014,0909,0,0
4014,0910,1,0
4014,0911,0,0
4014,0912,0,0
4014,0913,0,0
4014,0914,1,0
4015,0901,0,0
4015,0902,0,0
4015,0903,0,0
4015,0904,0,0
4015,0905,0,0
4015,0906,0,0
4015,0907,0,0
4015,0908,0,0
4015,0909,0,0
4015,0910,0,0
4015,0911,0,0
4015,0912,0,0
4015,0913,0,0
4015,0914,0,0
4016,0901,0,0
4016,0902,0,0
4016,0903,0,0
4016,0904,0,0
4016,0905,0,0
4016,0906,0,0
4016,0907,0,0
4016,0908,0,0
4016,0909,0,0
4016,0910,0,0
4016,0911,0,0
4016,0912,0,0
4016,0913,0,0
4016,0914,0,0
4017,0901,0,0
4017,0902,0,0
4017,0903,0,0
4017,0904,0,0
4017,0905,0,0
4017,0906,0,0
4017,0907,0,0
4017,0908,0,0
4017,0909,0,0
4017,0910,0,0
4017,0911,0,0
4017,0912,0,0
4017,0913,0,0
4017,0914,0,0
4018,0901,0,0
4018,0902,0,0
4018,0903,0,0
4018,0904,0,0
4018,0905,0,0
4018,0906,0,0
4018,0907,0,0
4018,0908,0,0
4018,0909,0,0
4018,0910,0,0
4018,0911,0,0
4018,0912,0,0
4018,0913,0,0
4018,0914,0,0
4019,0901,0,0
4019,0902,0,0
4019,0903,0,0
4019,0904,0,0
4019,0905,0,0
4019,0906,0,0
4019,0907,0,0
4019,0908,0,0
4019,0909,0,0
4019,0910,0,0
4019,0911,0,0
4019,0912,0,0
4019,0913,0,0
4019,0914,0,0
4020,0901,0,0
4020,0902,0,0
4020,0903,0,0
4020,0904,0,0
4020,0905,0,0
4020,0906,0,0
4020,0907,0,0
4020,0908,0,0
4020,0909,0,0
4020,0910,0,0
4020,0911,0,0
4020,0912,0,0
4020,0913,0,0
4020,0914,1,0
4021,0901,0,0
4021,0902,0,0
4021,0903,0,0
4021,0904,0,0
4021,0905,0,0
4021,0906,0,0
4021,0907,0,0
4021,0908,0,0
4021,0909,0,0
4021,0910,0,0
4021,0911,0,0
4021,0912,0,0
4021,0913,0,0
4021,0914,0,0
4022,0901,0,0
4022,0902,0,0
4022,0903,0,0
4022,0904,0,0
4022,0905,0,0
4022,0906,0,0
4022,0907,0,0
4022,0908,0,0
4022,0909,0,0
4022,0910,0,0
4022,0911,0,0
4022,0912,0,0
4022,0913,0,0
4022,0914,0,0
4023,0901,0,0
4023,0902,0,0
4023,0903,0,0
4023,0904,0,0
4023,0905,0,0
4023,0906,0,0
4023,0907,0,0
4023,0908,0,0
4023,0909,0,0
4023,0910,0,0
4023,0911,0,0
4023,0912,0,0
4023,0913,0,0
4023,0914,0,0
4024,0901,0,0
4024,0902,0,0
4024,0903,0,0
4024,0904,0,0
4024,0905,0,0
4024,0906,0,0
4024,0907,0,0
4024,0908,0,0
4024,0909,0,0
4024,0910,0,0
4024,0911,0,0
4024,0912,0,0
4024,0913,0,0
4024,0914,0,0
4025,0901,0,0
4025,0902,0,0
4025,0903,0,0
4025,0904,0,0
4025,0905,0,0
4025,0906,0,0
4025,0907,0,0
4025,0908,0,0
4025,0909,0,0
4025,0910,0,0
4025,0911,0,0
4025,0912,0,0
4025,0913,0,0
4025,0914,0,0
4026,0901,0,0
4026,0902,0,0
4026,0903,0,0
4026,0904,0,0
4026,0905,0,0
4026,0906,0,0
4026,0907,0,0
4026,0908,0,0
4026,0909,0,0
4026,0910,0,0
4026,0911,0,0
4026,0912,0,0
4026,0913,0,0
4026,0914,0,0
4027,0901,0,0
4027,0902,0,0
4027,0903,0,0
4027,0904,0,0
4027,0905,0,0
4027,0906,0,0
4027,0907,0,0
4027,0908,0,0
4027,0909,0,0
4027,0910,0,0
4027,0911,0,0
4027,0912,0,0
4027,0913,0,0
4027,0914,0,0
4028,0901,0,0
4028,0902,0,0
4028,0903,0,0
4028,0904,0,0
4028,0905,0,0
4028,0906,0,0
4028,0907,0,0
4028,0908,0,0
4028,0909,0,0
4028,0910,0,0
4028,0911,0,0
4028,0912,0,0
4028,0913,0,0
4028,0914,0,0
4029,0901,0,0
4029,0902,0,0
4029,0903,0,0
4029,0904,0,0
4029,0905,0,0
4029,0906,0,0
4029,0907,0,0
4029,0908,0,0
4029,0909,0,0
4029,0910,0,0
4029,0911,0,0
4029,0912,0,0
4029,0913,0,0
4029,0914,0,0
4030,0901,0,0
4030,0902,0,0
4030,0903,0,0
4030,0904,0,0
4030,0905,0,0
4030,0906,0,0
4030,0907,0,0
4030,0908,0,0
4030,0909,0,0
4030,0910,0,0
4030,0911,0,0
4030,0912,0,0
4030,0913,0,0
4030,0914,0,0
4031,0901,0,0
4031,0902,0,0
4031,0903,0,0
4031,0904,0,0
4031,0905,0,0
4031,0906,0,0
4031,0907,0,0
4031,0908,0,0
4031,0909,0,0
4031,0910,0,0
4031,0911,0,0
4031,0912,0,0
4031,0913,0,0
4031,0914,0,0
4032,0901,0,0
4032,0902,0,0
4032,0903,0,0
4032,0904,0,0
4032,0905,0,0
4032,0906,0,0
4032,0907,0,0
4032,0908,0,0
4032,0909,0,0
4032,0910,0,0
4032,0911,0,0
4032,0912,0,0
4032,0913,0,0
4032,0914,0,0
4033,0901,0,0
4033,0902,0,0
4033,0903,0,0
4033,0904,0,0
4033,0905,0,0
4033,0906,0,0
4033,0907,0,0
4033,0908,0,0
4033,0909,0,0
4033,0910,0,0
4033,0911,0,0
4033,0912,0,0
4033,0913,0,0
4033,0914,0,0
4034,0901,0,0
4034,0902,0,0
4034,0903,0,0
4034,0904,0,0
4034,0905,0,0
4034,0906,0,0
4034,0907,0,0
4034,0908,0,0
4034,0909,0,0
4034,0910,0,0
4034,0911,0,0
4034,0912,0,0
4034,0913,0,0
4034,0914,0,0
4035,0901,0,0
4035,0902,0,0
4035,0903,0,0
4035,0904,0,0
4035,0905,0,0
4035,0906,0,0
4035,0907,0,0
4035,0908,0,0
4035,0909,0,0
4035,0910,0,0
4035,0911,0,0
4035,0912,0,0
4035,0913,0,0
4035,0914,0,0
4036,0901,0,0
4036,0902,0,0
4036,0903,0,0
4036,0904,0,0
4036,0905,0,0
4036,0906,0,0
4036,0907,0,0
4036,0908,0,0
4036,0909,0,0
4036,0910,0,0
4036,0911,0,0
4036,0912,0,0
4036,0913,0,0
4036,0914,0,0
4037,0901,0,0
4037,0902,0,0
4037,0903,0,0
4037,0904,0,0
4037,0905,0,0
4037,0906,0,0
4037,0907,0,0
4037,0908,0,0
4037,0909,0,0
4037,0910,0,0
4037,0911,0,0
4037,0912,0,0
4037,0913,0,0
4037,0914,0,0
4038,0901,0,0
4038,0902,0,0
4038,0903,0,0
4038,0904,0,0
4038,0905,0,0
4038,0906,0,0
4038,0907,0,0
4038,0908,0,0
4038,0909,0,0
4038,0910,0,0
4038,0911,0,0
4038,0912,0,0
4038,0913,0,0
4038,0914,0,0
4039,0901,0,0
4039,0902,0,0
4039,0903,0,0
4039,0904,0,0
4039,0905,0,0
4039,0906,0,0
4039,0907,0,0
4039,0908,0,0
4039,0909,0,0
4039,0910,0,0
4039,0911,0,0
4039,0912,0,0
4039,0913,0,0
4039,0914,0,0
4040,0901,0,0
4040,0902,0,0
4040,0903,0,0
4040,0904,0,0
4040,0905,0,0
4040,0906,0,0
4040,0907,0,0
4040,0908,0,0
4040,0909,0,0
4040,0910,0,0
4040,0911,0,0
4040,0912,0,0
4040,0913,0,0
4040,0914,0,0
4041,0901,0,0
4041,0902,0,0
4041,0903,0,0
4041,0904,0,0
4041,0905,0,0
4041,0906,0,0
4041,0907,0,0
4041,0908,0,0
4041,0909,0,0
4041,0910,0,0
4041,0911,0,0
4041,0912,0,0
4041,0913,0,0
4041,0914,0,0
4042,0901,0,0
4042,0902,0,0
4042,0903,0,0
4042,0904,0,0
4042,0905,0,0
4042,0906,0,0
4042,0907,0,0
4042,0908,0,0
4042,0909,0,0
4042,0910,0,0
4042,0911,0,0
4042,0912,0,0
4042,0913,0,0
4042,0914,0,0
4043,0901,0,0
4043,0902,0,0
4043,0903,0,0
4043,0904,0,0
4043,0905,0,0
4043,0906,0,0
4043,0907,0,0
4043,0908,0,0
4043,0909,0,0
4043,0910,0,0
4043,0911,0,0
4043,0912,0,0
4043,0913,0,0
4043,0914,0,0
4044,0901,0,0
4044,0902,0,0
4044,0903,0,0
4044,0904,0,0
4044,0905,0,0
4044,0906,0,0
4044,0907,0,0
4044,0908,0,0
4044,0909,0,0
4044,0910,0,0
4044,0911,0,0
4044,0912,0,0
4044,0913,0,0
4044,0914,0,0
4045,0901,0,0
4045,0902,0,0
4045,0903,0,0
4045,0904,0,0
4045,0905,0,0
4045,0906,0,0
4045,0907,0,0
4045,0908,0,0
4045,0909,0,0
4045,0910,0,0
4045,0911,0,0
4045,0912,0,0
4045,0913,0,0
4045,0914,0,0
4046,0901,0,0
4046,0902,0,0
4046,0903,0,0
4046,0904,0,0
4046,0905,0,0
4046,0906,0,0
4046,0907,0,0
4046,0908,0,0
4046,0909,1,0
4046,0910,0,0
4046,0911,0,0
4046,0912,0,0
4046,0913,0,0
4046,0914,0,0
4047,0901,0,0
4047,0902,0,0
4047,0903,0,0
4047,0904,0,0
4047,0905,0,0
4047,0906,0,0
4047,0907,0,0
4047,0908,0,0
4047,0909,0,0
4047,0910,0,0
4047,0911,0,0
4047,0912,0,0
4047,0913,0,0
4047,0914,0,0
4048,0901,0,0
4048,0902,0,0
4048,0903,0,0
4048,0904,0,0
4048,0905,0,0
4048,0906,0,0
4048,0907,0,0
4048,0908,0,0
4048,0909,0,0
4048,0910,0,0
4048,0911,0,0
4048,0912,0,0
4048,0913,0,0
4048,0914,0,0
4049,0901,0,0
4049,0902,0,0
4049,0903,0,0
4049,0904,0,0
4049,0905,0,0
4049,0906,0,0
4049,0907,0,0
4049,0908,0,0
4049,0909,0,0
4049,0910,0,0
4049,0911,0,0
4049,0912,0,0
4049,0913,0,0
4049,0914,0,0
4050,0901,0,0
4050,0902,0,0
4050,0903,0,0
4050,0904,0,0
4050,0905,0,0
4050,0906,0,0
4050,0907,0,0
4050,0908,0,0
4050,0909,0,0
4050,0910,0,0
4050,0911,0,0
4050,0912,0,0
4050,0913,0,0
4050,0914,0,0
4051,0901,0,0
4051,0902,0,0
4051,0903,0,0
4051,0904,0,0
4051,0905,0,0
4051,0906,0,0
4051,0907,0,0
4051,0908,0,0
4051,0909,0,0
4051,0910,0,0
4051,0911,0,0
4051,0912,0,0
4051,0913,0,0
4051,0914,0,0
4052,0901,0,0
4052,0902,0,0
4052,0903,0,0
4052,0904,0,0
4052,0905,0,0
4052,0906,0,0
4052,0907,0,0
4052,0908,0,0
4052,0909,0,0
4052,0910,0,0
4052,0911,0,0
4052,0912,1,0
4052,0913,0,0
4052,0914,0,0
4053,0901,0,0
4053,0902,0,0
4053,0903,0,0
4053,0904,0,0
4053,0905,0,0
4053,0906,0,0
4053,0907,0,0
4053,0908,0,0
4053,0909,0,0
4053,0910,0,0
4053,0911,0,0
4053,0912,0,0
4053,0913,0,0
4053,0914,0,0
4054,0901,0,0
4054,0902,0,0
4054,0903,0,0
4054,0904,0,0
4054,0905,0,0
4054,0906,0,0
4054,0907,0,0
4054,0908,0,0
4054,0909,0,0
4054,0910,0,0
4054,0911,0,0
4054,0912,0,0
4054,0913,0,0
4054,0914,0,0
4055,0901,0,0
4055,0902,0,0
4055,0903,0,0
4055,0904,0,0
4055,0905,0,0
4055,0906,0,0
4055,0907,0,0
4055,0908,0,0
4055,0909,0,0
4055,0910,0,0
4055,0911,0,0
4055,0912,0,0
4055,0913,0,0
4055,0914,0,0
4056,0901,0,0
4056,0902,0,0
4056,0903,0,0
4056,0904,0,0
4056,0905,0,0
4056,0906,0,0
4056,0907,0,0
4056,0908,0,0
4056,0909,0,0
4056,0910,0,0
4056,0911,0,0
4056,0912,0,0
4056,0913,0,0
4056,0914,0,0
4057,0901,0,0
4057,0902,0,0
4057,0903,0,0
4057,0904,0,0
4057,0905,0,0
4057,0906,0,0
4057,0907,0,0
4057,0908,0,0
4057,0909,0,0
4057,0910,0,0
4057,0911,0,0
4057,0912,0,0
4057,0913,0,0
4057,0914,0,0
4058,0901,0,0
4058,0902,0,0
4058,0903,0,0
4058,0904,0,0
4058,0905,0,0
4058,0906,0,0
4058,0907,0,0
4058,0908,0,0
4058,0909,0,0
4058,0910,0,0
4058,0911,0,0
4058,0912,0,0
4058,0913,0,0
4058,0914,0,0
4059,0901,0,0
4059,0902,0,0
4059,0903,0,0
4059,0904,0,0
4059,0905,0,0
4059,0906,0,0
4059,0907,0,0
4059,0908,0,0
4059,0909,0,0
4059,0910,0,0
4059,0911,0,0
4059,0912,0,0
4059,0913,0,0
4059,0914,0,0
4060,0901,0,0
4060,0902,0,0
4060,0903,0,0
4060,0904,0,0
4060,0905,0,0
4060,0906,0,0
4060,0907,0,0
4060,0908,0,0
4060,0909,0,0
4060,0910,0,0
4060,0911,0,0
4060,0912,0,0
4060,0913,0,0
4060,0914,0,0
4061,0901,0,0
4061,0902,0,0
4061,0903,0,0
4061,0904,0,0
4061,0905,0,0
4061,0906,0,0
4061,0907,0,0
4061,0908,0,0
4061,0909,0,0
4061,0910,0,0
4061,0911,0,0
4061,0912,0,0
4061,0913,0,0
4061,0914,0,0
4062,0901,0,0
4062,0902,0,0
4062,0903,0,0
4062,0904,0,0
4062,0905,0,0
4062,0906,0,0
4062,0907,0,0
4062,0908,0,0
4062,0909,0,0
4062,0910,0,0
4062,0911,1,0
4062,0912,0,0
4062,0913,0,0
4062,0914,0,0
4063,0901,0,0
4063,0902,0,0
4063,0903,0,0
4063,0904,0,0
4063,0905,0,0
4063,0906,0,0
4063,0907,0,0
4063,0908,0,0
4063,0909,0,0
4063,0910,0,0
4063,0911,0,0
4063,0912,0,0
4063,0913,0,0
4063,0914,0,0
4064,0901,0,0
4064,0902,0,0
4064,0903,0,0
4064,0904,0,0
4064,0905,0,0
4064,0906,0,0
4064,0907,0,0
4064,0908,0,0
4064,0909,0,0
4064,0910,0,0
4064,0911,0,0
4064,0912,0,0
4064,0913,0,0
4064,0914,0,0
4065,0901,0,0
4065,0902,0,0
4065,0903,0,0
4065,0904,0,0
4065,0905,0,0
4065,0906,0,0
4065,0907,0,0
4065,0908,0,0
4065,0909,0,0
4065,0910,0,0
4065,0911,0,0
4065,0912,0,0
4065,0913,0,0
4065,0914,0,0
4066,0901,0,0
4066,0902,0,0
4066,0903,0,0
4066,0904,0,0
4066,0905,0,0
4066,0906,0,0
4066,0907,0,0
4066,0908,0,0
4066,0909,0,0
4066,0910,0,0
4066,0911,0,0
4066,0912,0,0
4066,0913,0,0
4066,0914,0,0
4067,0901,0,0
4067,0902,0,0
4067,0903,0,0
4067,0904,0,0
4067,0905,0,0
4067,0906,0,0
4067,0907,0,0
4067,0908,0,0
4067,0909,0,0
4067,0910,0,0
4067,0911,0,0
4067,0912,0,0
4067,0913,0,0
4067,0914,0,0
4068,0901,0,0
4068,0902,0,0
4068,0903,0,0
4068,0904,0,0
4068,0905,0,0
4068,0906,0,0
4068,0907,0,0
4068,0908,0,0
4068,0909,0,0
4068,0910,0,0
4068,0911,0,0
4068,0912,0,0
4068,0913,0,0
4068,0914,0,0
4069,0901,0,0
4069,0902,0,0
4069,0903,0,0
4069,0904,0,0
4069,0905,0,0
4069,0906,0,0
4069,0907,0,0
4069,0908,0,0
4069,0909,0,0
4069,0910,0,0
4069,0911,0,0
4069,0912,0,0
4069,0913,0,0
4069,0914,0,0
4070,0901,0,0
4070,0902,0,0
4070,0903,0,0
4070,0904,0,0
4070,0905,0,0
4070,0906,0,0
4070,0907,0,0
4070,0908,0,0
4070,0909,0,0
4070,0910,0,0
4070,0911,0,0
4070,0912,0,0
4070,0913,0,0
4070,0914,0,0
4071,0901,0,0
4071,0902,0,0
4071,0903,0,0
4071,0904,0,0
4071,0905,0,0
4071,0906,0,0
4071,0907,0,0
4071,0908,0,0
4071,0909,0,0
4071,0910,0,0
4071,0911,0,0
4071,0912,0,0
4071,0913,0,0
4071,0914,0,0
4072,0901,0,0
4072,0902,0,0
4072,0903,0,0
4072,0904,0,0
4072,0905,0,0
4072,0906,0,0
4072,0907,0,0
4072,0908,0,0
4072,0909,0,0
4072,0910,0,0
4072,0911,0,0
4072,0912,0,0
4072,0913,0,0
4072,0914,0,0
4073,0901,0,0
4073,0902,0,0
4073,0903,0,0
4073,0904,0,0
4073,0905,0,0
4073,0906,0,0
4073,0907,0,0
4073,0908,0,0
4073,0909,0,0
4073,0910,0,0
4073,0911,0,0
4073,0912,0,0
4073,0913,0,0
4073,0914,0,0
4074,0901,0,0
4074,0902,0,0
4074,0903,0,0
4074,0904,0,0
4074,0905,0,0
4074,0906,0,0
4074,0907,0,0
4074,0908,0,0
4074,0909,0,0
4074,0910,0,0
4074,0911,0,0
4074,0912,0,0
4074,0913,0,0
4074,0914,0,0
4075,0901,0,0
4075,0902,0,0
4075,0903,0,0
4075,0904,0,0
4075,0905,0,0
4075,0906,0,0
4075,0907,0,0
4075,0908,0,0
4075,0909,0,0
4075,0910,0,0
4075,0911,0,0
4075,0912,0,0
4075,0913,0,0
4075,0914,0,0
4076,0901,0,0
4076,0902,0,0
4076,0903,0,0
4076,0904,0,0
4076,0905,0,0
4076,0906,0,0
4076,0907,0,0
4076,0908,0,0
4076,0909,0,0
4076,0910,0,0
4076,0911,0,0
4076,0912,0,0
4076,0913,0,0
4076,0914,0,0
4077,0901,0,0
4077,0902,0,0
4077,0903,0,0
4077,0904,0,0
4077,0905,0,0
4077,0906,0,0
4077,0907,0,0
4077,0908,0,0
4077,0909,0,0
4077,0910,0,0
4077,0911,0,0
4077,0912,0,0
4077,0913,0,0
4077,0914,0,0
4078,0901,0,0
4078,0902,0,0
4078,0903,0,0
4078,0904,0,0
4078,0905,0,0
4078,0906,0,0
4078,0907,0,0
4078,0908,0,0
4078,0909,0,0
4078,0910,0,0
4078,0911,0,0
4078,0912,0,0
4078,0913,0,0
4078,0914,0,0
4079,0901,0,0
4079,0902,0,0
4079,0903,0,0
4079,0904,0,0
4079,0905,0,0
4079,0906,0,0
4079,0907,0,0
4079,0908,0,0
4079,0909,0,0
4079,0910,0,0
4079,0911,0,0
4079,0912,0,0
4079,0913,0,0
4079,0914,0,0
4080,0901,0,0
4080,0902,0,0
4080,0903,0,0
4080,0904,0,0
4080,0905,0,0
4080,0906,0,0
4080,0907,0,0
4080,0908,0,0
4080,0909,0,0
4080,0910,0,0
4080,0911,0,0
4080,0912,0,0
4080,0913,0,0
4080,0914,0,0
4081,0901,0,0
4081,0902,0,0
4081,0903,0,0
4081,0904,0,0
4081,0905,0,0
4081,0906,0,0
4081,0907,0,0
4081,0908,0,0
4081,0909,0,0
4081,0910,0,0
4081,0911,0,0
4081,0912,0,0
4081,0913,0,0
4081,0914,0,0
4082,0901,0,0
4082,0902,0,0
4082,0903,0,0
4082,0904,0,0
4082,0905,0,0
4082,0906,0,0
4082,0907,0,0
4082,0908,0,0
4082,0909,0,0
4082,0910,0,0
4082,0911,0,0
4082,0912,0,0
4082,0913,0,0
4082,0914,0,0
4083,0901,0,0
4083,0902,0,0
4083,0903,0,0
4083,0904,0,0
4083,0905,0,0
4083,0906,0,0
4083,0907,0,0
4083,0908,0,0
4083,0909,0,0
4083,0910,0,0
4083,0911,0,0
4083,0912,0,0
4083,0913,0,0
4083,0914,0,0
4084,0901,0,0
4084,0902,0,0
4084,0903,0,0
4084,0904,0,0
4084,0905,0,0
4084,0906,0,0
4084,0907,0,0
4084,0908,0,0
4084,0909,0,0
4084,0910,0,0
4084,0911,0,0
4084,0912,0,0
4084,0913,0,0
4084,0914,0,0
4085,0901,0,0
4085,0902,0,0
4085,0903,0,0
4085,0904,0,0
4085,0905,0,0
4085,0906,0,0
4085,0907,0,0
4085,0908,0,0
4085,0909,0,0
4085,0910,0,0
4085,0911,0,0
4085,0912,0,0
4085,0913,0,0
4085,0914,0,0
4086,0901,0,0
4086,0902,0,0
4086,0903,0,0
4086,0904,0,0
4086,0905,0,0
4086,0906,0,0
4086,0907,0,0
4086,0908,0,0
4086,0909,0,0
4086,0910,0,0
4086,0911,0,0
4086,0912,0,0
4086,0913,0,0
4086,0914,0,0
4087,0901,0,0
4087,0902,0,0
4087,0903,0,0
4087,0904,0,0
4087,0905,0,0
4087,0906,0,0
4087,0907,0,0
4087,0908,0,0
4087,0909,0,0
4087,0910,0,0
4087,0911,0,0
4087,0912,0,0
4087,0913,0,0
4087,0914,0,0
4088,0901,0,0
4088,0902,0,0
4088,0903,0,0
4088,0904,0,0
4088,0905,0,0
4088,0906,0,0
4088,0907,0,0
4088,0908,0,0
4088,0909,0,0
4088,0910,0,0
4088,0911,0,0
4088,0912,0,0
4088,0913,0,0
4088,0914,0,0
4089,0901,0,0
4089,0902,0,0
4089,0903,0,0
4089,0904,0,0
4089,0905,0,0
4089,0906,0,0
4089,0907,0,0
4089,0908,0,0
4089,0909,0,0
4089,0910,0,0
4089,0911,0,0
4089,0912,0,0
4089,0913,0,0
4089,0914,0,0
4090,0901,0,0
4090,0902,0,0
4090,0903,0,0
4090,0904,0,0
4090,0905,0,0
4090,0906,0,0
4090,0907,0,0
4090,0908,0,0
4090,0909,0,0
4090,0910,0,0
4090,0911,0,0
4090,0912,0,0
4090,0913,0,0
4090,0914,0,0
4091,0901,0,0
4091,0902,0,0
4091,0903,0,0
4091,0904,0,0
4091,0905,0,0
4091,0906,0,0
4091,0907,0,0
4091,0908,0,0
4091,0909,0,0
4091,0910,0,0
4091,0911,0,0
4091,0912,0,0
4091,0913,0,0
4091,0914,0,0
4092,0901,0,0
4092,0902,0,0
4092,0903,0,0
4092,0904,0,0
4092,0905,0,0
4092,0906,0,0
4092,0907,0,0
4092,0908,0,0
4092,0909,0,0
4092,0910,0,0
4092,0911,0,0
4092,0912,0,0
4092,0913,0,0
4092,0914,0,0
4093,0901,0,0
4093,0902,0,0
4093,0903,0,0
4093,0904,0,0
4093,0905,0,0
4093,0906,0,0
4093,0907,0,0
4093,0908,0,0
4093,0909,0,0
4093,0910,0,0
4093,0911,0,0
4093,0912,0,0
4093,0913,0,0
4093,0914,0,0
4094,0901,0,0
4094,0902,0,0
4094,0903,0,0
4094,0904,0,0
4094,0905,0,0
4094,0906,0,0
4094,0907,0,0
4094,0908,0,0
4094,0909,0,0
4094,0910,0,0
4094,0911,0,0
4094,0912,0,0
4094,0913,0,0
4094,0914,0,0
4095,0901,0,0
4095,0902,0,0
4095,0903,0,0
4095,0904,0,0
4095,0905,0,0
4095,0906,0,0
4095,0907,0,0
4095,0908,0,0
4095,0909,0,0
4095,0910,0,0
4095,0911,0,0
4095,0912,0,0
4095,0913,0,0
4095,0914,0,0
4096,0901,0,0
4096,0902,0,0
4096,0903,0,0
4096,0904,0,0
4096,0905,0,0
4096,0906,0,0
4096,0907,0,0
4096,0908,0,0
4096,0909,0,0
4096,0910,0,0
4096,0911,0,0
4096,0912,0,0
4096,0913,0,0
4096,0914,0,0
4097,0901,0,0
4097,0902,0,0
4097,0903,0,0
4097,0904,0,0
4097,0905,0,0
4097,0906,0,0
4097,0907,0,0
4097,0908,0,0
4097,0909,0,0
4097,0910,0,0
4097,0911,0,0
4097,0912,0,0
4097,0913,0,0
4097,0914,0,0
4098,0901,0,0
4098,0902,0,0
4098,0903,0,0
4098,0904,0,0
4098,0905,0,0
4098,0906,0,0
4098,0907,0,0
4098,0908,0,0
4098,0909,0,0
4098,0910,0,0
4098,0911,0,0
4098,0912,0,0
4098,0913,0,0
4098,0914,0,0
4099,0901,0,0
4099,0902,0,0
4099,0903,0,0
4099,0904,0,0
4099,0905,0,0
4099,0906,0,0
4099,0907,0,0
4099,0908,0,0
4099,0909,0,0
4099,0910,0,0
4099,0911,0,0
4099,0912,0,0
4099,0913,0,0
4099,0914,0,0
4100,0901,0,0
4100,0902,0,0
4100,0903,0,0
4100,0904,0,0
4100,0905,0,0
4100,0906,0,0
4100,0907,0,0
4100,0908,0,0
4100,0909,0,0
4100,0910,0,0
4100,0911,0,0
4100,0912,0,0
4100,0913,0,0
4100,0914,0,0
4101,0901,0,0
4101,0902,0,0
4101,0903,0,0
4101,0904,0,0
4101,0905,0,0
4101,0906,0,0
4101,0907,0,0
4101,0908,0,0
4101,0909,0,0
4101,0910,0,0
4101,0911,0,0
4101,0912,0,0
4101,0913,0,0
4101,0914,0,0
4102,0901,0,0
4102,0902,0,0
4102,0903,0,0
4102,0904,0,0
4102,0905,0,0
4102,0906,0,0
4102,0907,0,0
4102,0908,1,0
4102,0909,0,0
4102,0910,0,0
4102,0911,0,0
4102,0912,0,0
4102,0913,0,0
4102,0914,0,0
4103,0901,0,0
4103,0902,0,0
4103,0903,0,0
4103,0904,0,0
4103,0905,0,0
4103,0906,0,0
4103,0907,0,0
4103,0908,0,0
4103,0909,0,0
4103,0910,0,0
4103,0911,0,0
4103,0912,0,0
4103,0913,0,0
4103,0914,0,0
4104,0901,0,0
4104,0902,0,0
4104,0903,0,0
4104,0904,0,0
4104,0905,0,0
4104,0906,0,0
4104,0907,0,0
4104,0908,0,0
4104,0909,0,0
4104,0910,0,0
4104,0911,0,0
4104,0912,0,0
4104,0913,0,0
4104,0914,0,0
4105,0901,0,0
4105,0902,0,0
4105,0903,0,0
4105,0904,0,0
4105,0905,0,0
4105,0906,0,0
4105,0907,0,0
4105,0908,0,0
4105,0909,0,0
4105,0910,0,0
4105,0911,0,0
4105,0912,0,0
4105,0913,0,0
4105,0914,0,0
4106,0901,0,0
4106,0902,0,0
4106,0903,0,0
4106,0904,0,0
4106,0905,0,0
4106,0906,0,0
4106,0907,0,0
4106,0908,0,0
4106,0909,0,0
4106,0910,0,0
4106,0911,0,0
4106,0912,0,0
4106,0913,0,0
4106,0914,0,0
4107,0901,0,0
4107,0902,0,0
4107,0903,0,0
4107,0904,0,0
4107,0905,0,0
4107,0906,0,0
4107,0907,0,0
4107,0908,0,0
4107,0909,0,0
4107,0910,0,0
4107,0911,0,0
4107,0912,0,0
4107,0913,0,0
4107,0914,0,0
4108,0901,0,0
4108,0902,0,0
4108,0903,0,0
4108,0904,0,0
4108,0905,0,0
4108,0906,0,0
4108,0907,0,0
4108,0908,0,0
4108,0909,0,0
4108,0910,0,0
4108,0911,0,0
4108,0912,0,0
4108,0913,0,0
4108,0914,0,0
4109,0901,0,0
4109,0902,0,0
4109,0903,0,0
4109,0904,0,0
4109,0905,0,0
4109,0906,0,0
4109,0907,0,0
4109,0908,0,0
4109,0909,0,0
4109,0910,0,0
4109,0911,0,0
4109,0912,0,0
4109,0913,0,0
4109,0914,0,0
4110,0901,0,0
4110,0902,0,0
4110,0903,0,0
4110,0904,0,0
4110,0905,0,0
4110,0906,0,0
4110,0907,0,0
4110,0908,1,0
4110,0909,0,0
4110,0910,0,0
4110,0911,0,0
4110,0912,0,0
4110,0913,0,0
4110,0914,0,0
4111,0901,0,0
4111,0902,0,0
4111,0903,0,0
4111,0904,0,0
4111,0905,0,0
4111,0906,0,0
4111,0907,0,0
4111,0908,0,0
4111,0909,0,0
4111,0910,0,0
4111,0911,0,0
4111,0912,0,0
4111,0913,0,0
4111,0914,0,0
4112,0901,0,0
4112,0902,0,0
4112,0903,0,0
4112,0904,0,0
4112,0905,0,0
4112,0906,0,0
4112,0907,0,0
4112,0908,0,0
4112,0909,0,0
4112,0910,0,0
4112,0911,0,0
4112,0912,0,0
4112,0913,0,0
4112,0914,0,0
4113,0901,0,0
4113,0902,0,0
4113,0903,0,0
4113,0904,0,0
4113,0905,0,0
4113,0906,0,0
4113,0907,0,0
4113,0908,0,0
4113,0909,0,0
4113,0910,0,0
4113,0911,0,0
4113,0912,0,0
4113,0913,0,0
4113,0914,0,0
4114,0901,0,0
4114,0902,0,0
4114,0903,0,0
4114,0904,0,0
4114,0905,0,0
4114,0906,0,0
4114,0907,0,0
4114,0908,0,0
4114,0909,0,0
4114,0910,0,0
4114,0911,0,0
4114,0912,0,0
4114,0913,0,0
4114,0914,0,0
4115,0901,0,0
4115,0902,0,0
4115,0903,0,0
4115,0904,0,0
4115,0905,0,0
4115,0906,0,0
4115,0907,0,0
4115,0908,0,0
4115,0909,0,0
4115,0910,0,0
4115,0911,0,0
4115,0912,0,0
4115,0913,0,0
4115,0914,0,0
4116,0901,0,0
4116,0902,0,0
4116,0903,0,0
4116,0904,0,0
4116,0905,0,0
4116,0906,0,0
4116,0907,0,0
4116,0908,0,0
4116,0909,0,0
4116,0910,0,0
4116,0911,0,0
4116,0912,0,0
4116,0913,0,0
4116,0914,0,0
4117,0901,0,0
4117,0902,0,0
4117,0903,0,0
4117,0904,0,0
4117,0905,0,0
4117,0906,0,0
4117,0907,0,0
4117,0908,0,0
4117,0909,0,0
4117,0910,0,0
4117,0911,0,0
4117,0912,0,0
4117,0913,0,0
4117,0914,0,0
4118,0901,0,0
4118,0902,0,0
4118,0903,0,0
4118,0904,0,0
4118,0905,0,0
4118,0906,0,0
4118,0907,0,0
4118,0908,0,0
4118,0909,0,0
4118,0910,0,0
4118,0911,0,0
4118,0912,0,0
4118,0913,0,0
4118,0914,0,0
4119,0901,0,0
4119,0902,0,0
4119,0903,0,0
4119,0904,0,0
4119,0905,0,0
4119,0906,0,0
4119,0907,0,0
4119,0908,0,0
4119,0909,0,0
4119,0910,0,0
4119,0911,0,0
4119,0912,0,0
4119,0913,0,0
4119,0914,0,0
4120,0901,0,0
4120,0902,0,0
4120,0903,0,0
4120,0904,0,0
4120,0905,0,0
4120,0906,0,0
4120,0907,0,0
4120,0908,0,0
4120,0909,0,0
4120,0910,0,0
4120,0911,0,0
4120,0912,0,0
4120,0913,0,0
4120,0914,0,0
4121,0901,0,0
4121,0902,0,0
4121,0903,0,0
4121,0904,0,0
4121,0905,0,0
4121,0906,0,0
4121,0907,0,0
4121,0908,0,0
4121,0909,0,0
4121,0910,0,0
4121,0911,0,0
4121,0912,0,0
4121,0913,0,0
4121,0914,0,0
4122,0901,0,0
4122,0902,0,0
4122,0903,0,0
4122,0904,0,0
4122,0905,0,0
4122,0906,0,0
4122,0907,0,0
4122,0908,0,0
4122,0909,0,0
4122,0910,0,0
4122,0911,0,0
4122,0912,0,0
4122,0913,0,0
4122,0914,0,0
4123,0901,0,0
4123,0902,0,0
4123,0903,0,0
4123,0904,0,0
4123,0905,0,0
4123,0906,0,0
4123,0907,0,0
4123,0908,0,0
4123,0909,0,0
4123,0910,0,0
4123,0911,0,0
4123,0912,0,0
4123,0913,0,0
4123,0914,0,0
4124,0901,0,0
4124,0902,0,0
4124,0903,0,0
4124,0904,0,0
4124,0905,0,0
4124,0906,0,0
4124,0907,0,0
4124,0908,0,0
4124,0909,0,0
4124,0910,0,0
4124,0911,0,0
4124,0912,0,0
4124,0913,0,0
4124,0914,0,0
4125,0901,0,0
4125,0902,0,0
4125,0903,0,0
4125,0904,0,0
4125,0905,0,0
4125,0906,0,0
4125,0907,0,0
4125,0908,0,0
4125,0909,0,0
4125,0910,0,0
4125,0911,0,0
4125,0912,0,0
4125,0913,0,0
4125,0914,0,0
4126,0901,0,0
4126,0902,0,0
4126,0903,0,0
4126,0904,0,0
4126,0905,0,0
4126,0906,0,0
4126,0907,0,0
4126,0908,0,0
4126,0909,0,0
4126,0910,0,0
4126,0911,0,0
4126,0912,0,0
4126,0913,0,0
4126,0914,0,0
4127,0901,0,0
4127,0902,0,0
4127,0903,0,0
4127,0904,0,0
4127,0905,0,0
4127,0906,1,0
4127,0907,0,0
4127,0908,0,0
4127,0909,0,0
4127,0910,0,0
4127,0911,0,0
4127,0912,0,0
4127,0913,0,0
4127,0914,0,0
4128,0901,0,0
4128,0902,0,0
4128,0903,0,0
4128,0904,0,0
4128,0905,0,0
4128,0906,0,0
4128,0907,0,0
4128,0908,0,0
4128,0909,0,0
4128,0910,0,0
4128,0911,0,0
4128,0912,0,0
4128,0913,0,0
4128,0914,0,0
4129,0901,0,0
4129,0902,0,0
4129,0903,0,0
4129,0904,0,0
4129,0905,0,0
4129,0906,0,0
4129,0907,0,0
4129,0908,0,0
4129,0909,0,0
4129,0910,0,0
4129,0911,0,0
4129,0912,0,0
4129,0913,0,0
4129,0914,0,0
4130,0901,0,0
4130,0902,0,0
4130,0903,0,0
4130,0904,0,0
4130,0905,0,0
4130,0906,0,0
4130,0907,0,0
4130,0908,0,0
4130,0909,0,0
4130,0910,0,0
4130,0911,0,0
4130,0912,0,0
4130,0913,0,0
4130,0914,0,0
4131,0901,0,0
4131,0902,0,0
4131,0903,0,0
4131,0904,0,0
4131,0905,0,0
4131,0906,0,0
4131,0907,0,0
4131,0908,0,0
4131,0909,0,0
4131,0910,0,0
4131,0911,0,0
4131,0912,0,0
4131,0913,0,0
4131,0914,0,0
4132,0901,0,0
4132,0902,0,0
4132,0903,0,0
4132,0904,0,0
4132,0905,0,0
4132,0906,0,0
4132,0907,0,0
4132,0908,0,0
4132,0909,0,0
4132,0910,0,0
4132,0911,0,0
4132,0912,0,0
4132,0913,0,0
4132,0914,0,0
4133,0901,0,0
4133,0902,0,0
4133,0903,0,0
4133,0904,0,0
4133,0905,0,0
4133,0906,0,0
4133,0907,0,0
4133,0908,0,0
4133,0909,0,0
4133,0910,0,0
4133,0911,0,0
4133,0912,0,0
4133,0913,0,0
4133,0914,0,0
4134,0901,0,0
4134,0902,0,0
4134,0903,0,0
4134,0904,0,0
4134,0905,0,0
4134,0906,0,0
4134,0907,0,0
4134,0908,0,0
4134,0909,0,0
4134,0910,0,0
4134,0911,0,0
4134,0912,0,0
4134,0913,0,0
4134,0914,0,0
4135,0901,0,0
4135,0902,0,0
4135,0903,0,0
4135,0904,0,0
4135,0905,0,0
4135,0906,0,0
4135,0907,0,0
4135,0908,0,0
4135,0909,0,0
4135,0910,0,0
4135,0911,0,0
4135,0912,0,0
4135,0913,0,0
4135,0914,0,0
4136,0901,0,0
4136,0902,0,0
4136,0903,0,0
4136,0904,0,0
4136,0905,0,0
4136,0906,0,0
4136,0907,0,0
4136,0908,0,0
4136,0909,0,0
4136,0910,0,0
4136,0911,0,0
4136,0912,0,0
4136,0913,0,0
4136,0914,0,0
4137,0901,0,0
4137,0902,0,0
4137,0903,0,0
4137,0904,0,0
4137,0905,0,0
4137,0906,0,0
4137,0907,0,0
4137,0908,0,0
4137,0909,0,0
4137,0910,0,0
4137,0911,0,0
4137,0912,0,0
4137,0913,0,0
4137,0914,1,0
4138,0901,0,0
4138,0902,0,0
4138,0903,0,0
4138,0904,0,0
4138,0905,0,0
4138,0906,0,0
4138,0907,0,0
4138,0908,0,0
4138,0909,0,0
4138,0910,0,0
4138,0911,0,0
4138,0912,0,0
4138,0913,0,0
4138,0914,0,0
4139,0901,0,0
4139,0902,0,0
4139,0903,0,0
4139,0904,0,0
4139,0905,0,0
4139,0906,0,0
4139,0907,0,0
4139,0908,0,0
4139,0909,0,0
4139,0910,0,0
4139,0911,0,0
4139,0912,0,0
4139,0913,0,0
4139,0914,0,0
4140,0901,0,0
4140,0902,0,0
4140,0903,0,0
4140,0904,0,0
4140,0905,0,0
4140,0906,0,0
4140,0907,0,0
4140,0908,0,0
4140,0909,0,0
4140,0910,0,0
4140,0911,0,0
4140,0912,0,0
4140,0913,0,0
4140,0914,0,0
4141,0901,0,0
4141,0902,0,0
4141,0903,0,0
4141,0904,0,0
4141,0905,0,0
4141,0906,0,0
4141,0907,0,0
4141,0908,0,0
4141,0909,0,0
4141,0910,0,0
4141,0911,0,0
4141,0912,0,0
4141,0913,0,0
4141,0914,0,0
4142,0901,0,0
4142,0902,0,0
4142,0903,0,0
4142,0904,0,0
4142,0905,0,0
4142,0906,0,0
4142,0907,0,0
4142,0908,0,0
4142,0909,0,0
4142,0910,0,0
4142,0911,0,0
4142,0912,1,0
4142,0913,0,0
4142,0914,0,0
4143,0901,0,0
4143,0902,0,0
4143,0903,0,0
4143,0904,0,0
4143,0905,0,0
4143,0906,0,0
4143,0907,0,0
4143,0908,0,0
4143,0909,0,0
4143,0910,0,0
4143,0911,0,0
4143,0912,0,0
4143,0913,0,0
4143,0914,0,0
4144,0901,0,0
4144,0902,0,0
4144,0903,0,0
4144,0904,0,0
4144,0905,0,0
4144,0906,0,0
4144,0907,0,0
4144,0908,0,0
4144,0909,0,0
4144,0910,0,0
4144,0911,0,0
4144,0912,0,0
4144,0913,0,0
4144,0914,0,0
4145,0901,0,0
4145,0902,0,0
4145,0903,0,0
4145,0904,0,0
4145,0905,0,0
4145,0906,0,0
4145,0907,0,0
4145,0908,0,0
4145,0909,0,0
4145,0910,0,0
4145,0911,0,0
4145,0912,0,0
4145,0913,0,0
4145,0914,0,0
4146,0901,0,0
4146,0902,0,0
4146,0903,0,0
4146,0904,0,0
4146,0905,0,0
4146,0906,0,0
4146,0907,0,0
4146,0908,0,0
4146,0909,0,0
4146,0910,0,0
4146,0911,0,0
4146,0912,0,0
4146,0913,0,0
4146,0914,0,0
4147,0901,0,0
4147,0902,0,0
4147,0903,0,0
4147,0904,0,0
4147,0905,0,0
4147,0906,0,0
4147,0907,0,0
4147,0908,0,0
4147,0909,0,0
4147,0910,0,0
4147,0911,0,0
4147,0912,0,0
4147,0913,0,0
4147,0914,0,0
4148,0901,0,0
4148,0902,0,0
4148,0903,0,0
4148,0904,0,0
4148,0905,0,0
4148,0906,0,0
4148,0907,0,0
4148,0908,0,0
4148,0909,0,0
4148,0910,0,0
4148,0911,0,0
4148,0912,0,0
4148,0913,0,0
4148,0914,0,0
4149,0901,0,0
4149,0902,0,0
4149,0903,0,0
4149,0904,0,0
4149,0905,0,0
4149,0906,0,0
4149,0907,0,0
4149,0908,0,0
4149,0909,0,0
4149,0910,0,0
4149,0911,0,0
4149,0912,0,0
4149,0913,0,0
4149,0914,0,0
4150,0901,0,0
4150,0902,0,0
4150,0903,0,0
4150,0904,0,0
4150,0905,0,0
4150,0906,0,0
4150,0907,0,0
4150,0908,0,0
4150,0909,0,0
4150,0910,0,0
4150,0911,0,0
4150,0912,0,0
4150,0913,0,0
4150,0914,0,0
4151,0901,0,0
4151,0902,0,0
4151,0903,0,0
4151,0904,0,0
4151,0905,0,0
4151,0906,0,0
4151,0907,0,0
4151,0908,0,0
4151,0909,0,0
4151,0910,0,0
4151,0911,0,0
4151,0912,0,0
4151,0913,0,0
4151,0914,0,0
4152,0901,0,0
4152,0902,0,0
4152,0903,0,0
4152,0904,0,0
4152,0905,0,0
4152,0906,0,0
4152,0907,0,0
4152,0908,0,0
4152,0909,0,0
4152,0910,0,0
4152,0911,0,0
4152,0912,0,0
4152,0913,0,0
4152,0914,0,0
4153,0901,0,0
4153,0902,0,0
4153,0903,0,0
4153,0904,0,0
4153,0905,0,0
4153,0906,0,0
4153,0907,0,0
4153,0908,0,0
4153,0909,0,0
4153,0910,0,0
4153,0911,0,0
4153,0912,0,0
4153,0913,0,0
4153,0914,0,0
4154,0901,0,0
4154,0902,0,0
4154,0903,0,0
4154,0904,0,0
4154,0905,0,0
4154,0906,0,0
4154,0907,0,0
4154,0908,0,0
4154,0909,0,0
4154,0910,0,0
4154,0911,0,0
4154,0912,0,0
4154,0913,0,0
4154,0914,0,0
4155,0901,0,0
4155,0902,0,0
4155,0903,0,0
4155,0904,0,0
4155,0905,0,0
4155,0906,0,0
4155,0907,0,0
4155,0908,0,0
4155,0909,0,0
4155,0910,0,0
4155,0911,0,0
4155,0912,0,0
4155,0913,0,0
4155,0914,1,0
4156,0901,0,0
4156,0902,0,0
4156,0903,0,0
4156,0904,0,0
4156,0905,0,0
4156,0906,0,0
4156,0907,0,0
4156,0908,0,0
4156,0909,0,0
4156,0910,0,0
4156,0911,0,0
4156,0912,0,0
4156,0913,0,0
4156,0914,0,0
4157,0901,0,0
4157,0902,0,0
4157,0903,0,0
4157,0904,0,0
4157,0905,0,0
4157,0906,0,0
4157,0907,0,0
4157,0908,0,0
4157,0909,0,0
4157,0910,0,0
4157,0911,0,0
4157,0912,0,0
4157,0913,0,0
4157,0914,0,0
4158,0901,0,0
4158,0902,0,0
4158,0903,0,0
4158,0904,0,0
4158,0905,0,0
4158,0906,0,0
4158,0907,0,0
4158,0908,0,0
4158,0909,0,0
4158,0910,0,0
4158,0911,0,0
4158,0912,0,0
4158,0913,0,0
4158,0914,0,0
4159,0901,0,0
4159,0902,0,0
4159,0903,0,0
4159,0904,0,0
4159,0905,0,0
4159,0906,0,0
4159,0907,0,0
4159,0908,0,0
4159,0909,0,0
4159,0910,0,0
4159,0911,0,0
4159,0912,0,0
4159,0913,0,0
4159,0914,0,0
4160,0901,0,0
4160,0902,0,0
4160,0903,0,0
4160,0904,0,0
4160,0905,0,0
4160,0906,0,0
4160,0907,0,0
4160,0908,0,0
4160,0909,0,0
4160,0910,0,0
4160,0911,0,0
4160,0912,0,0
4160,0913,0,0
4160,0914,0,0
4161,0901,0,0
4161,0902,0,0
4161,0903,0,0
4161,0904,0,0
4161,0905,0,0
4161,0906,0,0
4161,0907,0,0
4161,0908,0,0
4161,0909,0,0
4161,0910,0,0
4161,0911,0,0
4161,0912,0,0
4161,0913,0,0
4161,0914,0,0
4162,0901,0,0
4162,0902,0,0
4162,0903,0,0
4162,0904,0,0
4162,0905,0,0
4162,0906,0,0
4162,0907,0,0
4162,0908,0,0
4162,0909,0,0
4162,0910,0,0
4162,0911,0,0
4162,0912,0,0
4162,0913,0,0
4162,0914,0,0
4163,0901,0,0
4163,0902,0,0
4163,0903,0,0
4163,0904,0,0
4163,0905,0,0
4163,0906,0,0
4163,0907,0,0
4163,0908,0,0
4163,0909,0,0
4163,0910,0,0
4163,0911,0,0
4163,0912,0,0
4163,0913,0,0
4163,0914,0,0
4164,0901,0,0
4164,0902,0,0
4164,0903,0,0
4164,0904,0,0
4164,0905,0,0
4164,0906,0,0
4164,0907,0,0
4164,0908,0,0
4164,0909,0,0
4164,0910,0,0
4164,0911,0,0
4164,0912,0,0
4164,0913,0,0
4164,0914,0,0
4165,0901,0,0
4165,0902,0,0
4165,0903,0,0
4165,0904,0,0
4165,0905,0,0
4165,0906,0,0
4165,0907,0,0
4165,0908,0,0
4165,0909,0,0
4165,0910,0,0
4165,0911,0,0
4165,0912,0,0
4165,0913,0,0
4165,0914,0,0
4166,0901,0,0
4166,0902,0,0
4166,0903,0,0
4166,0904,0,0
4166,0905,0,0
4166,0906,0,0
4166,0907,0,0
4166,0908,0,0
4166,0909,0,0
4166,0910,0,0
4166,0911,0,0
4166,0912,0,0
4166,0913,0,0
4166,0914,0,0
4167,0901,0,0
4167,0902,0,0
4167,0903,0,0
4167,0904,0,0
4167,0905,0,0
4167,0906,0,0
4167,0907,0,0
4167,0908,0,0
4167,0909,0,0
4167,0910,0,0
4167,0911,0,0
4167,0912,0,0
4167,0913,0,0
4167,0914,1,0
4168,0901,0,0
4168,0902,0,0
4168,0903,0,0
4168,0904,0,0
4168,0905,0,0
4168,0906,0,0
4168,0907,0,0
4168,0908,0,0
4168,0909,0,0
4168,0910,0,0
4168,0911,0,0
4168,0912,0,0
4168,0913,0,0
4168,0914,0,0
4169,0901,0,0
4169,0902,0,0
4169,0903,0,0
4169,0904,0,0
4169,0905,0,0
4169,0906,0,0
4169,0907,0,0
4169,0908,0,0
4169,0909,0,0
4169,0910,0,0
4169,0911,0,0
4169,0912,0,0
4169,0913,0,0
4169,0914,0,0
4170,0901,0,0
4170,0902,0,0
4170,0903,0,0
4170,0904,0,0
4170,0905,0,0
4170,0906,0,0
4170,0907,0,0
4170,0908,0,0
4170,0909,0,0
4170,0910,1,0
4170,0911,0,0
4170,0912,0,0
4170,0913,0,0
4170,0914,0,0
4171,0901,0,0
4171,0902,0,0
4171,0903,0,0
4171,0904,0,0
4171,0905,0,0
4171,0906,0,0
4171,0907,0,0
4171,0908,0,0
4171,0909,0,0
4171,0910,0,0
4171,0911,0,0
4171,0912,0,0
4171,0913,0,0
4171,0914,0,0
4172,0901,0,0
4172,0902,0,0
4172,0903,0,0
4172,0904,0,0
4172,0905,0,0
4172,0906,0,0
4172,0907,0,0
4172,0908,0,0
4172,0909,0,0
4172,0910,0,0
4172,0911,0,0
4172,0912,0,0
4172,0913,0,0
4172,0914,0,0
4173,0901,0,0
4173,0902,0,0
4173,0903,0,0
4173,0904,0,0
4173,0905,0,0
4173,0906,0,0
4173,0907,0,0
4173,0908,0,0
4173,0909,0,0
4173,0910,0,0
4173,0911,0,0
4173,0912,0,0
4173,0913,0,0
4173,0914,0,0
4174,0901,0,0
4174,0902,0,0
4174,0903,0,0
4174,0904,0,0
4174,0905,0,0
4174,0906,0,0
4174,0907,0,0
4174,0908,0,0
4174,0909,0,0
4174,0910,0,0
4174,0911,0,0
4174,0912,0,0
4174,0913,0,0
4174,0914,0,0
4175,0901,0,0
4175,0902,0,0
4175,0903,0,0
4175,0904,0,0
4175,0905,0,0
4175,0906,0,0
4175,0907,0,0
4175,0908,0,0
4175,0909,0,0
4175,0910,0,0
4175,0911,0,0
4175,0912,0,0
4175,0913,0,0
4175,0914,0,0
4176,0901,0,0
4176,0902,0,0
4176,0903,0,0
4176,0904,0,0
4176,0905,0,0
4176,0906,0,0
4176,0907,0,0
4176,0908,0,0
4176,0909,0,0
4176,0910,0,0
4176,0911,0,0
4176,0912,0,0
4176,0913,0,0
4176,0914,0,0
4177,0901,0,0
4177,0902,0,0
4177,0903,0,0
4177,0904,0,0
4177,0905,0,0
4177,0906,0,0
4177,0907,0,0
4177,0908,0,0
4177,0909,0,0
4177,0910,0,0
4177,0911,0,0
4177,0912,0,0
4177,0913,0,0
4177,0914,0,0
4178,0901,0,0
4178,0902,0,0
4178,0903,0,0
4178,0904,0,0
4178,0905,0,0
4178,0906,0,0
4178,0907,0,0
4178,0908,0,0
4178,0909,0,0
4178,0910,0,0
4178,0911,0,0
4178,0912,0,0
4178,0913,0,0
4178,0914,0,0
4179,0901,0,0
4179,0902,0,0
4179,0903,0,0
4179,0904,0,0
4179,0905,0,0
4179,0906,0,0
4179,0907,0,0
4179,0908,0,0
4179,0909,0,0
4179,0910,0,0
4179,0911,0,0
4179,0912,0,0
4179,0913,0,0
4179,0914,0,0
4180,0901,0,0
4180,0902,0,0
4180,0903,0,0
4180,0904,0,0
4180,0905,0,0
4180,0906,0,0
4180,0907,0,0
4180,0908,0,0
4180,0909,0,0
4180,0910,0,0
4180,0911,0,0
4180,0912,0,0
4180,0913,0,0
4180,0914,0,0
4181,0901,0,0
4181,0902,0,0
4181,0903,0,0
4181,0904,0,0
4181,0905,0,0
4181,0906,0,0
4181,0907,0,0
4181,0908,0,0
4181,0909,0,0
4181,0910,0,0
4181,0911,0,0
4181,0912,0,0
4181,0913,0,0
4181,0914,0,0
4182,0901,0,0
4182,0902,0,0
4182,0903,0,0
4182,0904,0,0
4182,0905,0,0
4182,0906,0,0
4182,0907,0,0
4182,0908,0,0
4182,0909,0,0
4182,0910,0,0
4182,0911,0,0
4182,0912,0,0
4182,0913,0,0
4182,0914,0,0
4183,0901,0,0
4183,0902,0,0
4183,0903,0,0
4183,0904,0,0
4183,0905,0,0
4183,0906,0,0
4183,0907,0,0
4183,0908,0,0
4183,0909,0,0
4183,0910,0,0
4183,0911,0,0
4183,0912,0,0
4183,0913,0,0
4183,0914,0,0
4184,0901,0,0
4184,0902,0,0
4184,0903,0,0
4184,0904,0,0
4184,0905,0,0
4184,0906,0,0
4184,0907,0,0
4184,0908,0,0
4184,0909,0,0
4184,0910,0,0
4184,0911,0,0
4184,0912,0,0
4184,0913,0,0
4184,0914,0,0
4185,0901,0,0
4185,0902,0,0
4185,0903,0,0
4185,0904,0,0
4185,0905,0,0
4185,0906,0,0
4185,0907,0,0
4185,0908,0,0
4185,0909,0,0
4185,0910,0,0
4185,0911,0,0
4185,0912,0,0
4185,0913,0,0
4185,0914,0,0
4186,0901,0,0
4186,0902,0,0
4186,0903,0,0
4186,0904,0,0
4186,0905,0,0
4186,0906,0,0
4186,0907,0,0
4186,0908,0,0
4186,0909,0,0
4186,0910,0,0
4186,0911,0,0
4186,0912,1,0
4186,0913,0,0
4186,0914,0,0
4187,0901,0,0
4187,0902,0,0
4187,0903,0,0
4187,0904,0,0
4187,0905,0,0
4187,0906,0,0
4187,0907,0,0
4187,0908,0,0
4187,0909,0,0
4187,0910,0,0
4187,0911,0,0
4187,0912,0,0
4187,0913,0,0
4187,0914,0,0
4188,0901,0,0
4188,0902,0,0
4188,0903,0,0
4188,0904,0,0
4188,0905,0,0
4188,0906,0,0
4188,0907,0,0
4188,0908,0,0
4188,0909,0,0
4188,0910,0,0
4188,0911,0,0
4188,0912,0,0
4188,0913,0,0
4188,0914,0,0
4189,0901,0,0
4189,0902,0,0
4189,0903,0,0
4189,0904,0,0
4189,0905,0,0
4189,0906,0,0
4189,0907,0,0
4189,0908,0,0
4189,0909,0,0
4189,0910,0,0
4189,0911,0,0
4189,0912,0,0
4189,0913,0,0
4189,0914,0,0
4190,0901,0,0
4190,0902,0,0
4190,0903,0,0
4190,0904,0,0
4190,0905,0,0
4190,0906,0,0
4190,0907,0,0
4190,0908,0,0
4190,0909,0,0
4190,0910,0,0
4190,0911,0,0
4190,0912,0,0
4190,0913,0,0
4190,0914,0,0
4191,0901,0,0
4191,0902,0,0
4191,0903,0,0
4191,0904,0,0
4191,0905,0,0
4191,0906,0,0
4191,0907,0,0
4191,0908,0,0
4191,0909,0,0
4191,0910,0,0
4191,0911,0,0
4191,0912,0,0
4191,0913,0,0
4191,0914,0,0
4192,0901,0,0
4192,0902,0,0
4192,0903,0,0
4192,0904,0,0
4192,0905,0,0
4192,0906,0,0
4192,0907,0,0
4192,0908,0,0
4192,0909,0,0
4192,0910,0,0
4192,0911,0,0
4192,0912,0,0
4192,0913,0,0
4192,0914,0,0
4193,0901,0,0
4193,0902,0,0
4193,0903,0,0
4193,0904,0,0
4193,0905,0,0
4193,0906,0,0
4193,0907,0,0
4193,0908,0,0
4193,0909,0,0
4193,0910,0,0
4193,0911,0,0
4193,0912,0,0
4193,0913,0,0
4193,0914,0,0
4194,0901,0,0
4194,0902,0,0
4194,0903,0,0
4194,0904,0,0
4194,0905,0,0
4194,0906,0,0
4194,0907,0,0
4194,0908,0,0
4194,0909,0,0
4194,0910,0,0
4194,0911,0,0
4194,0912,0,0
4194,0913,0,0
4194,0914,0,0
4195,0901,0,0
4195,0902,0,0
4195,0903,0,0
4195,0904,0,0
4195,0905,0,0
4195,0906,0,0
4195,0907,0,0
4195,0908,0,0
4195,0909,0,0
4195,0910,0,0
4195,0911,0,0
4195,0912,0,0
4195,0913,0,0
4195,0914,0,0
4196,0901,0,0
4196,0902,0,0
4196,0903,0,0
4196,0904,0,0
4196,0905,0,0
4196,0906,0,0
4196,0907,0,0
4196,0908,0,0
4196,0909,0,0
4196,0910,0,0
4196,0911,0,0
4196,0912,0,0
4196,0913,0,0
4196,0914,0,0
4197,0901,0,0
4197,0902,0,0
4197,0903,0,0
4197,0904,0,0
4197,0905,0,0
4197,0906,0,0
4197,0907,0,0
4197,0908,1,0
4197,0909,0,0
4197,0910,0,0
4197,0911,0,0
4197,0912,0,0
4197,0913,0,0
4197,0914,0,0
4198,0901,0,0
4198,0902,0,0
4198,0903,0,0
4198,0904,0,0
4198,0905,0,0
4198,0906,0,0
4198,0907,0,0
4198,0908,0,0
4198,0909,0,0
4198,0910,0,0
4198,0911,0,0
4198,0912,0,0
4198,0913,0,0
4198,0914,0,0
4199,0901,0,0
4199,0902,0,0
4199,0903,0,0
4199,0904,0,0
4199,0905,0,0
4199,0906,0,0
4199,0907,0,0
4199,0908,0,0
4199,0909,0,0
4199,0910,0,0
4199,0911,0,0
4199,0912,0,0
4199,0913,1,0
4199,0914,0,0
4200,0901,0,0
4200,0902,0,0
4200,0903,0,0
4200,0904,0,0
4200,0905,0,0
4200,0906,0,0
4200,0907,0,0
4200,0908,0,0
4200,0909,0,0
4200,0910,0,0
4200,0911,0,0
4200,0912,0,0
4200,0913,0,0
4200,0914,0,0
4201,0901,0,0
4201,0902,0,0
4201,0903,0,0
4201,0904,0,0
4201,0905,0,0
4201,0906,0,0
4201,0907,0,0
4201,0908,0,0
4201,0909,0,0
4201,0910,0,0
4201,0911,0,0
4201,0912,0,0
4201,0913,0,0
4201,0914,0,0
4202,0901,0,0
4202,0902,0,0
4202,0903,0,0
4202,0904,0,0
4202,0905,0,0
4202,0906,0,0
4202,0907,0,0
4202,0908,0,0
4202,0909,0,0
4202,0910,0,0
4202,0911,0,0
4202,0912,0,0
4202,0913,0,0
4202,0914,0,0
4203,0901,0,0
4203,0902,0,0
4203,0903,0,0
4203,0904,0,0
4203,0905,0,0
4203,0906,0,0
4203,0907,0,0
4203,0908,0,0
4203,0909,0,0
4203,0910,0,0
4203,0911,0,0
4203,0912,0,0
4203,0913,0,0
4203,0914,0,0
4204,0901,0,0
4204,0902,0,0
4204,0903,0,0
4204,0904,0,0
4204,0905,0,0
4204,0906,0,0
4204,0907,0,0
4204,0908,0,0
4204,0909,0,0
4204,0910,0,0
4204,0911,0,0
4204,0912,0,0
4204,0913,1,0
4204,0914,0,0
4205,0901,0,0
4205,0902,0,0
4205,0903,0,0
4205,0904,0,0
4205,0905,0,0
4205,0906,0,0
4205,0907,0,0
4205,0908,0,0
4205,0909,0,0
4205,0910,0,0
4205,0911,0,0
4205,0912,0,0
4205,0913,0,0
4205,0914,0,0
4206,0901,0,0
4206,0902,0,0
4206,0903,0,0
4206,0904,0,0
4206,0905,0,0
4206,0906,0,0
4206,0907,0,0
4206,0908,0,0
4206,0909,0,0
4206,0910,0,0
4206,0911,0,0
4206,0912,0,0
4206,0913,0,0
4206,0914,0,0
4207,0901,0,0
4207,0902,0,0
4207,0903,0,0
4207,0904,0,0
4207,0905,0,0
4207,0906,0,0
4207,0907,0,0
4207,0908,0,0
4207,0909,0,0
4207,0910,0,0
4207,0911,0,0
4207,0912,0,0
4207,0913,0,0
4207,0914,1,0
4208,0901,0,0
4208,0902,0,0
4208,0903,0,0
4208,0904,0,0
4208,0905,0,0
4208,0906,0,0
4208,0907,0,0
4208,0908,0,0
4208,0909,0,0
4208,0910,0,0
4208,0911,0,0
4208,0912,0,0
4208,0913,0,0
4208,0914,0,0
4209,0901,0,0
4209,0902,0,0
4209,0903,0,0
4209,0904,0,0
4209,0905,0,0
4209,0906,0,0
4209,0907,0,0
4209,0908,0,0
4209,0909,0,0
4209,0910,0,0
4209,0911,0,0
4209,0912,0,0
4209,0913,0,0
4209,0914,0,0
4210,0901,0,0
4210,0902,0,0
4210,0903,0,0
4210,0904,0,0
4210,0905,0,0
4210,0906,0,0
4210,0907,0,0
4210,0908,0,0
4210,0909,0,0
4210,0910,0,0
4210,0911,0,0
4210,0912,0,0
4210,0913,0,0
4210,0914,0,0
4211,0901,0,0
4211,0902,0,0
4211,0903,0,0
4211,0904,0,0
4211,0905,0,0
4211,0906,0,0
4211,0907,0,0
4211,0908,0,0
4211,0909,0,0
4211,0910,0,0
4211,0911,0,0
4211,0912,0,0
4211,0913,0,0
4211,0914,0,0
4212,0901,0,0
4212,0902,0,0
4212,0903,0,0
4212,0904,0,0
4212,0905,0,0
4212,0906,0,0
4212,0907,0,0
4212,0908,0,0
4212,0909,0,0
4212,0910,0,0
4212,0911,0,0
4212,0912,1,0
4212,0913,0,0
4212,0914,0,0
4213,0901,0,0
4213,0902,0,0
4213,0903,0,0
4213,0904,0,0
4213,0905,0,0
4213,0906,0,0
4213,0907,0,0
4213,0908,0,0
4213,0909,0,0
4213,0910,0,0
4213,0911,0,0
4213,0912,0,0
4213,0913,0,0
4213,0914,0,0
4214,0901,0,0
4214,0902,0,0
4214,0903,0,0
4214,0904,0,0
4214,0905,0,0
4214,0906,0,0
4214,0907,0,0
4214,0908,0,0
4214,0909,0,0
4214,0910,0,0
4214,0911,0,0
4214,0912,0,0
4214,0913,0,0
4214,0914,0,0
4215,0901,0,0
4215,0902,0,0
4215,0903,0,0
4215,0904,0,0
4215,0905,0,0
4215,0906,0,0
4215,0907,0,0
4215,0908,0,0
4215,0909,0,0
4215,0910,0,0
4215,0911,0,0
4215,0912,0,0
4215,0913,0,0
4215,0914,0,0
4216,0901,0,0
4216,0902,0,0
4216,0903,0,0
4216,0904,0,0
4216,0905,0,0
4216,0906,0,0
4216,0907,0,0
4216,0908,0,0
4216,0909,0,0
4216,0910,0,0
4216,0911,0,0
4216,0912,0,0
4216,0913,0,0
4216,0914,0,0
4217,0901,0,0
4217,0902,0,0
4217,0903,0,0
4217,0904,0,0
4217,0905,0,0
4217,0906,0,0
4217,0907,0,0
4217,0908,0,0
4217,0909,0,0
4217,0910,0,0
4217,0911,0,0
4217,0912,0,0
4217,0913,0,0
4217,0914,0,0
4218,0901,0,0
4218,0902,0,0
4218,0903,0,0
4218,0904,0,0
4218,0905,0,0
4218,0906,0,0
4218,0907,0,0
4218,0908,0,0
4218,0909,0,0
4218,0910,0,0
4218,0911,0,0
4218,0912,0,0
4218,0913,0,0
4218,0914,0,0
4219,0901,0,0
4219,0902,0,0
4219,0903,0,0
4219,0904,0,0
4219,0905,0,0
4219,0906,0,0
4219,0907,0,0
4219,0908,0,0
4219,0909,0,0
4219,0910,0,0
4219,0911,0,0
4219,0912,0,0
4219,0913,0,0
4219,0914,0,0
4220,0901,0,0
4220,0902,0,0
4220,0903,0,0
4220,0904,0,0
4220,0905,0,0
4220,0906,0,0
4220,0907,0,0
4220,0908,0,0
4220,0909,0,0
4220,0910,0,0
4220,0911,0,0
4220,0912,0,0
4220,0913,0,0
4220,0914,0,0
4221,0901,0,0
4221,0902,0,0
4221,0903,0,0
4221,0904,0,0
4221,0905,0,0
4221,0906,0,0
4221,0907,0,0
4221,0908,0,0
4221,0909,0,0
4221,0910,0,0
4221,0911,0,0
4221,0912,0,0
4221,0913,0,0
4221,0914,0,0
4222,0901,0,0
4222,0902,0,0
4222,0903,0,0
4222,0904,0,0
4222,0905,0,0
4222,0906,0,0
4222,0907,0,0
4222,0908,0,0
4222,0909,0,0
4222,0910,0,0
4222,0911,0,0
4222,0912,0,0
4222,0913,0,0
4222,0914,1,0
4223,0901,0,0
4223,0902,0,0
4223,0903,0,0
4223,0904,0,0
4223,0905,0,0
4223,0906,0,0
4223,0907,0,0
4223,0908,0,0
4223,0909,0,0
4223,0910,0,0
4223,0911,0,0
4223,0912,0,0
4223,0913,0,0
4223,0914,0,0
4224,0901,0,0
4224,0902,0,0
4224,0903,0,0
4224,0904,0,0
4224,0905,0,0
4224,0906,0,0
4224,0907,0,0
4224,0908,0,0
4224,0909,0,0
4224,0910,0,0
4224,0911,0,0
4224,0912,0,0
4224,0913,0,0
4224,0914,0,0
4225,0901,0,0
4225,0902,0,0
4225,0903,0,0
4225,0904,0,0
4225,0905,0,0
4225,0906,0,0
4225,0907,0,0
4225,0908,1,0
4225,0909,0,0
4225,0910,0,0
4225,0911,0,0
4225,0912,0,0
4225,0913,0,0
4225,0914,0,0
4226,0901,0,0
4226,0902,0,0
4226,0903,0,0
4226,0904,0,0
4226,0905,0,0
4226,0906,0,0
4226,0907,0,0
4226,0908,0,0
4226,0909,0,0
4226,0910,0,0
4226,0911,0,0
4226,0912,0,0
4226,0913,0,0
4226,0914,0,0
4227,0901,0,0
4227,0902,0,0
4227,0903,0,0
4227,0904,0,0
4227,0905,0,0
4227,0906,0,0
4227,0907,0,0
4227,0908,0,0
4227,0909,0,0
4227,0910,0,0
4227,0911,0,0
4227,0912,0,0
4227,0913,0,0
4227,0914,0,0
4228,0901,0,0
4228,0902,0,0
4228,0903,0,0
4228,0904,0,0
4228,0905,0,0
4228,0906,0,0
4228,0907,0,0
4228,0908,0,0
4228,0909,0,0
4228,0910,0,0
4228,0911,0,0
4228,0912,0,0
4228,0913,0,0
4228,0914,0,0
4229,0901,0,0
4229,0902,0,0
4229,0903,0,0
4229,0904,0,0
4229,0905,0,0
4229,0906,0,0
4229,0907,0,0
4229,0908,0,0
4229,0909,0,0
4229,0910,0,0
4229,0911,0,0
4229,0912,0,0
4229,0913,0,0
4229,0914,0,0
4230,0901,0,0
4230,0902,0,0
4230,0903,0,0
4230,0904,0,0
4230,0905,0,0
4230,0906,0,0
4230,0907,0,0
4230,0908,0,0
4230,0909,0,0
4230,0910,0,0
4230,0911,0,0
4230,0912,0,0
4230,0913,0,0
4230,0914,0,0
4231,0901,0,0
4231,0902,0,0
4231,0903,0,0
4231,0904,0,0
4231,0905,0,0
4231,0906,0,0
4231,0907,0,0
4231,0908,0,0
4231,0909,0,0
4231,0910,0,0
4231,0911,0,0
4231,0912,0,0
4231,0913,0,0
4231,0914,0,0
4232,0901,0,0
4232,0902,0,0
4232,0903,0,0
4232,0904,0,0
4232,0905,0,0
4232,0906,0,0
4232,0907,0,0
4232,0908,0,0
4232,0909,0,0
4232,0910,0,0
4232,0911,0,0
4232,0912,0,0
4232,0913,0,0
4232,0914,0,0
4233,0901,0,0
4233,0902,0,0
4233,0903,0,0
4233,0904,0,0
4233,0905,0,0
4233,0906,0,0
4233,0907,0,0
4233,0908,0,0
4233,0909,0,0
4233,0910,0,0
4233,0911,0,0
4233,0912,0,0
4233,0913,0,0
4233,0914,0,0
4234,0901,0,0
4234,0902,0,0
4234,0903,0,0
4234,0904,0,0
4234,0905,0,0
4234,0906,0,0
4234,0907,0,0
4234,0908,0,0
4234,0909,0,0
4234,0910,0,0
4234,0911,0,0
4234,0912,0,0
4234,0913,0,0
4234,0914,0,0
4235,0901,0,0
4235,0902,0,0
4235,0903,0,0
4235,0904,0,0
4235,0905,0,0
4235,0906,0,0
4235,0907,0,0
4235,0908,0,0
4235,0909,0,0
4235,0910,0,0
4235,0911,0,0
4235,0912,0,0
4235,0913,0,0
4235,0914,1,0
4236,0901,0,0
4236,0902,0,0
4236,0903,0,0
4236,0904,0,0
4236,0905,0,0
4236,0906,0,0
4236,0907,0,0
4236,0908,0,0
4236,0909,0,0
4236,0910,0,0
4236,0911,0,0
4236,0912,0,0
4236,0913,0,0
4236,0914,0,0
4237,0901,0,0
4237,0902,0,0
4237,0903,0,0
4237,0904,0,0
4237,0905,0,0
4237,0906,0,0
4237,0907,0,0
4237,0908,0,0
4237,0909,0,0
4237,0910,0,0
4237,0911,0,0
4237,0912,0,0
4237,0913,0,0
4237,0914,0,0
4238,0901,0,0
4238,0902,0,0
4238,0903,0,0
4238,0904,0,0
4238,0905,0,0
4238,0906,0,0
4238,0907,0,0
4238,0908,0,0
4238,0909,0,0
4238,0910,0,0
4238,0911,0,0
4238,0912,0,0
4238,0913,0,0
4238,0914,0,0
4239,0901,0,0
4239,0902,0,0
4239,0903,0,0
4239,0904,0,0
4239,0905,0,0
4239,0906,0,0
4239,0907,0,0
4239,0908,0,0
4239,0909,0,0
4239,0910,0,0
4239,0911,0,0
4239,0912,1,0
4239,0913,0,0
4239,0914,0,0
4240,0901,0,0
4240,0902,0,0
4240,0903,0,0
4240,0904,0,0
4240,0905,0,0
4240,0906,0,0
4240,0907,0,0
4240,0908,0,0
4240,0909,0,0
4240,0910,0,0
4240,0911,0,0
4240,0912,0,0
4240,0913,0,0
4240,0914,0,0
4241,0901,0,0
4241,0902,0,0
4241,0903,0,0
4241,0904,0,0
4241,0905,0,0
4241,0906,0,0
4241,0907,0,0
4241,0908,0,0
4241,0909,0,0
4241,0910,0,0
4241,0911,0,0
4241,0912,0,0
4241,0913,0,0
4241,0914,0,0
4242,0901,0,0
4242,0902,0,0
4242,0903,0,0
4242,0904,0,0
4242,0905,0,0
4242,0906,0,0
4242,0907,0,0
4242,0908,0,0
4242,0909,0,0
4242,0910,0,0
4242,0911,0,0
4242,0912,0,0
4242,0913,0,0
4242,0914,0,0
4243,0901,0,0
4243,0902,0,0
4243,0903,0,0
4243,0904,0,0
4243,0905,0,0
4243,0906,0,0
4243,0907,0,0
4243,0908,0,0
4243,0909,0,0
4243,0910,0,0
4243,0911,0,0
4243,0912,0,0
4243,0913,0,0
4243,0914,0,0
4244,0901,0,0
4244,0902,0,0
4244,0903,0,0
4244,0904,0,0
4244,0905,0,0
4244,0906,0,0
4244,0907,0,0
4244,0908,0,0
4244,0909,0,0
4244,0910,0,0
4244,0911,0,0
4244,0912,0,0
4244,0913,0,0
4244,0914,0,0
4245,0901,0,0
4245,0902,0,0
4245,0903,0,0
4245,0904,0,0
4245,0905,0,0
4245,0906,0,0
4245,0907,0,0
4245,0908,0,0
4245,0909,0,0
4245,0910,0,0
4245,0911,0,0
4245,0912,0,0
4245,0913,0,0
4245,0914,0,0
4246,0901,0,0
4246,0902,0,0
4246,0903,0,0
4246,0904,0,0
4246,0905,0,0
4246,0906,0,0
4246,0907,0,0
4246,0908,0,0
4246,0909,0,0
4246,0910,0,0
4246,0911,0,0
4246,0912,0,0
4246,0913,0,0
4246,0914,0,0
4247,0901,0,0
4247,0902,0,0
4247,0903,0,0
4247,0904,0,0
4247,0905,0,0
4247,0906,0,0
4247,0907,0,0
4247,0908,0,0
4247,0909,0,0
4247,0910,0,0
4247,0911,0,0
4247,0912,0,0
4247,0913,0,0
4247,0914,0,0
4248,0901,0,0
4248,0902,0,0
4248,0903,0,0
4248,0904,0,0
4248,0905,0,0
4248,0906,0,0
4248,0907,0,0
4248,0908,0,0
4248,0909,0,0
4248,0910,0,0
4248,0911,0,0
4248,0912,0,0
4248,0913,0,0
4248,0914,0,0
4249,0901,0,0
4249,0902,0,0
4249,0903,0,0
4249,0904,0,0
4249,0905,0,0
4249,0906,0,0
4249,0907,0,0
4249,0908,0,0
4249,0909,0,0
4249,0910,0,0
4249,0911,0,0
4249,0912,0,0
4249,0913,0,0
4249,0914,0,0
4250,0901,0,0
4250,0902,0,0
4250,0903,0,0
4250,0904,0,0
4250,0905,0,0
4250,0906,0,0
4250,0907,0,0
4250,0908,0,0
4250,0909,0,0
4250,0910,0,0
4250,0911,0,0
4250,0912,0,0
4250,0913,0,0
4250,0914,0,0
4251,0901,0,0
4251,0902,0,0
4251,0903,0,0
4251,0904,0,0
4251,0905,0,0
4251,0906,0,0
4251,0907,0,0
4251,0908,0,0
4251,0909,0,0
4251,0910,0,0
4251,0911,0,0
4251,0912,0,0
4251,0913,0,0
4251,0914,0,0
4252,0901,0,0
4252,0902,0,0
4252,0903,0,0
4252,0904,0,0
4252,0905,0,0
4252,0906,0,0
4252,0907,0,0
4252,0908,0,0
4252,0909,0,0
4252,0910,0,0
4252,0911,0,0
4252,0912,0,0
4252,0913,0,0
4252,0914,0,0
4253,0901,0,0
4253,0902,0,0
4253,0903,0,0
4253,0904,0,0
4253,0905,0,0
4253,0906,0,0
4253,0907,0,0
4253,0908,0,0
4253,0909,0,0
4253,0910,0,0
4253,0911,0,0
4253,0912,0,0
4253,0913,0,0
4253,0914,0,0
4254,0901,0,0
4254,0902,0,0
4254,0903,0,0
4254,0904,0,0
4254,0905,0,0
4254,0906,0,0
4254,0907,0,0
4254,0908,0,0
4254,0909,0,0
4254,0910,1,0
4254,0911,0,0
4254,0912,0,0
4254,0913,0,0
4254,0914,0,0
4255,0901,0,0
4255,0902,0,0
4255,0903,0,0
4255,0904,0,0
4255,0905,0,0
4255,0906,0,0
4255,0907,0,0
4255,0908,0,0
4255,0909,0,0
4255,0910,0,0
4255,0911,0,0
4255,0912,0,0
4255,0913,0,0
4255,0914,0,0
4256,0901,0,0
4256,0902,0,0
4256,0903,0,0
4256,0904,0,0
4256,0905,0,0
4256,0906,0,0
4256,0907,0,0
4256,0908,0,0
4256,0909,0,0
4256,0910,0,0
4256,0911,0,0
4256,0912,0,0
4256,0913,0,0
4256,0914,0,0
4257,0901,0,0
4257,0902,0,0
4257,0903,0,0
4257,0904,0,0
4257,0905,0,0
4257,0906,0,0
4257,0907,0,0
4257,0908,0,0
4257,0909,0,0
4257,0910,0,0
4257,0911,0,0
4257,0912,0,0
4257,0913,0,0
4257,0914,0,0
4258,0901,0,0
4258,0902,0,0
4258,0903,0,0
4258,0904,0,0
4258,0905,0,0
4258,0906,0,0
4258,0907,0,0
4258,0908,0,0
4258,0909,0,0
4258,0910,0,0
4258,0911,0,0
4258,0912,0,0
4258,0913,0,0
4258,0914,0,0
4259,0901,0,0
4259,0902,0,0
4259,0903,0,0
4259,0904,0,0
4259,0905,0,0
4259,0906,0,0
4259,0907,0,0
4259,0908,0,0
4259,0909,0,0
4259,0910,0,0
4259,0911,0,0
4259,0912,0,0
4259,0913,0,0
4259,0914,0,0
4260,0901,0,0
4260,0902,0,0
4260,0903,0,0
4260,0904,0,0
4260,0905,0,0
4260,0906,0,0
4260,0907,0,0
4260,0908,0,0
4260,0909,0,0
4260,0910,0,0
4260,0911,0,0
4260,0912,0,0
4260,0913,0,0
4260,0914,0,0
4261,0901,0,0
4261,0902,0,0
4261,0903,0,0
4261,0904,0,0
4261,0905,0,0
4261,0906,0,0
4261,0907,0,0
4261,0908,0,0
4261,0909,0,0
4261,0910,0,0
4261,0911,0,0
4261,0912,0,0
4261,0913,0,0
4261,0914,0,0
4262,0901,0,0
4262,0902,0,0
4262,0903,0,0
4262,0904,0,0
4262,0905,0,0
4262,0906,0,0
4262,0907,0,0
4262,0908,0,0
4262,0909,0,0
4262,0910,0,0
4262,0911,0,0
4262,0912,0,0
4262,0913,0,0
4262,0914,0,0
4263,0901,0,0
4263,0902,0,0
4263,0903,0,0
4263,0904,0,0
4263,0905,0,0
4263,0906,0,0
4263,0907,0,0
4263,0908,0,0
4263,0909,0,0
4263,0910,0,0
4263,0911,0,0
4263,0912,0,0
4263,0913,0,0
4263,0914,0,0
4264,0901,0,0
4264,0902,0,0
4264,0903,0,0
4264,0904,0,0
4264,0905,0,0
4264,0906,0,0
4264,0907,0,0
4264,0908,0,0
4264,0909,0,0
4264,0910,0,0
4264,0911,0,0
4264,0912,0,0
4264,0913,0,0
4264,0914,0,0
4265,0901,0,0
4265,0902,0,0
4265,0903,0,0
4265,0904,0,0
4265,0905,0,0
4265,0906,0,0
4265,0907,0,0
4265,0908,0,0
4265,0909,0,0
4265,0910,0,0
4265,0911,0,0
4265,0912,0,0
4265,0913,0,0
4265,0914,0,0
4266,0901,0,0
4266,0902,0,0
4266,0903,0,0
4266,0904,0,0
4266,0905,0,0
4266,0906,0,0
4266,0907,0,0
4266,0908,0,0
4266,0909,0,0
4266,0910,0,0
4266,0911,0,0
4266,0912,0,0
4266,0913,0,0
4266,0914,0,0
4267,0901,0,0
4267,0902,0,0
4267,0903,0,0
4267,0904,0,0
4267,0905,0,0
4267,0906,0,0
4267,0907,0,0
4267,0908,0,0
4267,0909,0,0
4267,0910,0,0
4267,0911,0,0
4267,0912,0,0
4267,0913,0,0
4267,0914,0,0
4268,0901,0,0
4268,0902,0,0
4268,0903,0,0
4268,0904,0,0
4268,0905,0,0
4268,0906,0,0
4268,0907,0,0
4268,0908,0,0
4268,0909,0,0
4268,0910,0,0
4268,0911,0,0
4268,0912,0,0
4268,0913,0,0
4268,0914,0,0
4269,0901,0,0
4269,0902,0,0
4269,0903,0,0
4269,0904,0,0
4269,0905,0,0
4269,0906,0,0
4269,0907,0,0
4269,0908,0,0
4269,0909,0,0
4269,0910,0,0
4269,0911,0,0
4269,0912,0,0
4269,0913,0,0
4269,0914,1,0
4270,0901,0,0
4270,0902,0,0
4270,0903,0,0
4270,0904,0,0
4270,0905,0,0
4270,0906,0,0
4270,0907,0,0
4270,0908,0,0
4270,0909,0,0
4270,0910,0,0
4270,0911,0,0
4270,0912,0,0
4270,0913,0,0
4270,0914,0,0
4271,0901,0,0
4271,0902,0,0
4271,0903,0,0
4271,0904,0,0
4271,0905,0,0
4271,0906,0,0
4271,0907,0,0
4271,0908,0,0
4271,0909,0,0
4271,0910,0,0
4271,0911,0,0
4271,0912,1,0
4271,0913,0,0
4271,0914,0,0
4272,0901,0,0
4272,0902,0,0
4272,0903,0,0
4272,0904,0,0
4272,0905,0,0
4272,0906,0,0
4272,0907,0,0
4272,0908,0,0
4272,0909,0,0
4272,0910,0,0
4272,0911,0,0
4272,0912,0,0
4272,0913,0,0
4272,0914,0,0
4273,0901,0,0
4273,0902,0,0
4273,0903,0,0
4273,0904,0,0
4273,0905,0,0
4273,0906,0,0
4273,0907,0,0
4273,0908,0,0
4273,0909,0,0
4273,0910,0,0
4273,0911,0,0
4273,0912,0,0
4273,0913,0,0
4273,0914,0,0
4274,0901,0,0
4274,0902,0,0
4274,0903,0,0
4274,0904,0,0
4274,0905,1,0
4274,0906,0,0
4274,0907,0,0
4274,0908,0,0
4274,0909,0,0
4274,0910,0,0
4274,0911,0,0
4274,0912,0,0
4274,0913,0,0
4274,0914,0,0
4275,0901,0,0
4275,0902,0,0
4275,0903,0,0
4275,0904,0,0
4275,0905,0,0
4275,0906,0,0
4275,0907,0,0
4275,0908,0,0
4275,0909,0,0
4275,0910,0,0
4275,0911,0,0
4275,0912,0,0
4275,0913,0,0
4275,0914,0,0
4276,0901,0,0
4276,0902,0,0
4276,0903,0,0
4276,0904,0,0
4276,0905,0,0
4276,0906,0,0
4276,0907,0,0
4276,0908,0,0
4276,0909,0,0
4276,0910,0,0
4276,0911,0,0
4276,0912,0,0
4276,0913,0,0
4276,0914,0,0
4277,0901,0,0
4277,0902,0,0
4277,0903,0,0
4277,0904,0,0
4277,0905,0,0
4277,0906,0,0
4277,0907,0,0
4277,0908,0,0
4277,0909,0,0
4277,0910,0,0
4277,0911,0,0
4277,0912,0,0
4277,0913,0,0
4277,0914,0,0
4278,0901,0,0
4278,0902,0,0
4278,0903,0,0
4278,0904,0,0
4278,0905,0,0
4278,0906,0,0
4278,0907,0,0
4278,0908,0,0
4278,0909,0,0
4278,0910,0,0
4278,0911,0,0
4278,0912,0,0
4278,0913,0,0
4278,0914,0,0
4279,0901,0,0
4279,0902,0,0
4279,0903,0,0
4279,0904,0,0
4279,0905,0,0
4279,0906,0,0
4279,0907,0,0
4279,0908,0,0
4279,0909,0,0
4279,0910,0,0
4279,0911,0,0
4279,0912,0,0
4279,0913,0,0
4279,0914,0,0
4280,0901,0,0
4280,0902,0,0
4280,0903,0,0
4280,0904,0,0
4280,0905,0,0
4280,0906,0,0
4280,0907,0,0
4280,0908,0,0
4280,0909,0,0
4280,0910,0,0
4280,0911,0,0
4280,0912,0,0
4280,0913,0,0
4280,0914,0,0
4281,0901,0,0
4281,0902,0,0
4281,0903,0,0
4281,0904,0,0
4281,0905,0,0
4281,0906,0,0
4281,0907,0,0
4281,0908,0,0
4281,0909,0,0
4281,0910,0,0
4281,0911,0,0
4281,0912,0,0
4281,0913,0,0
4281,0914,0,0
4282,0901,0,0
4282,0902,0,0
4282,0903,0,0
4282,0904,0,0
4282,0905,0,0
4282,0906,0,0
4282,0907,0,0
4282,0908,0,0
4282,0909,0,0
4282,0910,0,0
4282,0911,0,0
4282,0912,0,0
4282,0913,0,0
4282,0914,0,0
4283,0901,0,0
4283,0902,0,0
4283,0903,0,0
4283,0904,0,0
4283,0905,0,0
4283,0906,0,0
4283,0907,0,0
4283,0908,0,0
4283,0909,0,0
4283,0910,0,0
4283,0911,0,0
4283,0912,0,0
4283,0913,0,0
4283,0914,0,0
4284,0901,0,0
4284,0902,0,0
4284,0903,0,0
4284,0904,0,0
4284,0905,0,0
4284,0906,0,0
4284,0907,0,0
4284,0908,0,0
4284,0909,0,0
4284,0910,0,0
4284,0911,0,0
4284,0912,0,0
4284,0913,0,0
4284,0914,0,0
4285,0901,0,0
4285,0902,0,0
4285,0903,0,0
4285,0904,0,0
4285,0905,0,0
4285,0906,0,0
4285,0907,0,0
4285,0908,0,0
4285,0909,0,0
4285,0910,0,0
4285,0911,0,0
4285,0912,0,0
4285,0913,0,0
4285,0914,0,0
4286,0901,0,0
4286,0902,0,0
4286,0903,0,0
4286,0904,0,0
4286,0905,0,0
4286,0906,0,0
4286,0907,0,0
4286,0908,0,0
4286,0909,0,0
4286,0910,0,0
4286,0911,0,0
4286,0912,0,0
4286,0913,0,0
4286,0914,0,0
4287,0901,0,0
4287,0902,0,0
4287,0903,0,0
4287,0904,0,0
4287,0905,0,0
4287,0906,0,0
4287,0907,0,0
4287,0908,0,0
4287,0909,0,0
4287,0910,0,0
4287,0911,0,0
4287,0912,0,0
4287,0913,0,0
4287,0914,0,0
4288,0901,0,0
4288,0902,0,0
4288,0903,0,0
4288,0904,0,0
4288,0905,0,0
4288,0906,0,0
4288,0907,0,0
4288,0908,0,0
4288,0909,0,0
4288,0910,0,0
4288,0911,0,0
4288,0912,0,0
4288,0913,0,0
4288,0914,0,0
4289,0901,0,0
4289,0902,0,0
4289,0903,0,0
4289,0904,0,0
4289,0905,0,0
4289,0906,0,0
4289,0907,0,0
4289,0908,0,0
4289,0909,0,0
4289,0910,0,0
4289,0911,0,0
4289,0912,0,0
4289,0913,0,0
4289,0914,0,0
4290,0901,0,0
4290,0902,0,0
4290,0903,0,0
4290,0904,0,0
4290,0905,0,0
4290,0906,0,0
4290,0907,0,0
4290,0908,0,0
4290,0909,0,0
4290,0910,0,0
4290,0911,0,0
4290,0912,0,0
4290,0913,0,0
4290,0914,0,0
4291,0901,0,0
4291,0902,0,0
4291,0903,0,0
4291,0904,0,0
4291,0905,0,0
4291,0906,0,0
4291,0907,0,0
4291,0908,0,0
4291,0909,1,0
4291,0910,0,0
4291,0911,0,0
4291,0912,0,0
4291,0913,0,0
4291,0914,0,0
4292,0901,0,0
4292,0902,0,0
4292,0903,0,0
4292,0904,0,0
4292,0905,0,0
4292,0906,0,0
4292,0907,0,0
4292,0908,0,0
4292,0909,0,0
4292,0910,0,0
4292,0911,0,0
4292,0912,0,0
4292,0913,0,0
4292,0914,0,0
4293,0901,0,0
4293,0902,0,0
4293,0903,0,0
4293,0904,0,0
4293,0905,0,0
4293,0906,0,0
4293,0907,0,0
4293,0908,0,0
4293,0909,0,0
4293,0910,0,0
4293,0911,1,0
4293,0912,0,0
4293,0913,0,0
4293,0914,0,0
4294,0901,0,0
4294,0902,0,0
4294,0903,0,0
4294,0904,0,0
4294,0905,0,0
4294,0906,0,0
4294,0907,0,0
4294,0908,0,0
4294,0909,0,0
4294,0910,0,0
4294,0911,0,0
4294,0912,0,0
4294,0913,0,0
4294,0914,0,0
4295,0901,0,0
4295,0902,0,0
4295,0903,0,0
4295,0904,0,0
4295,0905,0,0
4295,0906,0,0
4295,0907,0,0
4295,0908,0,0
4295,0909,0,0
4295,0910,0,0
4295,0911,0,0
4295,0912,0,0
4295,0913,0,0
4295,0914,0,0
4296,0901,0,0
4296,0902,0,0
4296,0903,0,0
4296,0904,0,0
4296,0905,0,0
4296,0906,0,0
4296,0907,0,0
4296,0908,0,0
4296,0909,0,0
4296,0910,0,0
4296,0911,0,0
4296,0912,0,0
4296,0913,0,0
4296,0914,0,0
4297,0901,0,0
4297,0902,0,0
4297,0903,0,0
4297,0904,0,0
4297,0905,0,0
4297,0906,0,0
4297,0907,0,0
4297,0908,0,0
4297,0909,0,0
4297,0910,0,0
4297,0911,0,0
4297,0912,0,0
4297,0913,0,0
4297,0914,0,0
4298,0901,0,0
4298,0902,0,0
4298,0903,0,0
4298,0904,0,0
4298,0905,0,0
4298,0906,0,0
4298,0907,0,0
4298,0908,0,0
4298,0909,0,0
4298,0910,0,0
4298,0911,0,0
4298,0912,0,0
4298,0913,0,0
4298,0914,0,0
4299,0901,0,0
4299,0902,0,0
4299,0903,0,0
4299,0904,0,0
4299,0905,0,0
4299,0906,0,0
4299,0907,0,0
4299,0908,0,0
4299,0909,0,0
4299,0910,0,0
4299,0911,0,0
4299,0912,0,0
4299,0913,0,0
4299,0914,0,0
4300,0901,0,0
4300,0902,0,0
4300,0903,0,0
4300,0904,0,0
4300,0905,0,0
4300,0906,0,0
4300,0907,0,0
4300,0908,0,0
4300,0909,0,0
4300,0910,0,0
4300,0911,0,0
4300,0912,0,0
4300,0913,0,0
4300,0914,0,0
4301,0901,0,0
4301,0902,0,0
4301,0903,0,0
4301,0904,0,0
4301,0905,0,0
4301,0906,0,0
4301,0907,0,0
4301,0908,0,0
4301,0909,0,0
4301,0910,0,0
4301,0911,0,0
4301,0912,0,0
4301,0913,0,0
4301,0914,0,0
4302,0901,0,0
4302,0902,0,0
4302,0903,0,0
4302,0904,0,0
4302,0905,0,0
4302,0906,0,0
4302,0907,0,0
4302,0908,0,0
4302,0909,0,0
4302,0910,0,0
4302,0911,0,0
4302,0912,0,0
4302,0913,0,0
4302,0914,0,0
4303,0901,0,0
4303,0902,0,0
4303,0903,0,0
4303,0904,0,0
4303,0905,0,0
4303,0906,0,0
4303,0907,0,0
4303,0908,0,0
4303,0909,0,0
4303,0910,0,0
4303,0911,0,0
4303,0912,0,0
4303,0913,0,0
4303,0914,0,0
4304,0901,0,0
4304,0902,0,0
4304,0903,0,0
4304,0904,0,0
4304,0905,0,0
4304,0906,0,0
4304,0907,0,0
4304,0908,0,0
4304,0909,0,0
4304,0910,0,0
4304,0911,0,0
4304,0912,0,0
4304,0913,0,0
4304,0914,0,0
4305,0901,0,0
4305,0902,0,0
4305,0903,0,0
4305,0904,0,0
4305,0905,0,0
4305,0906,0,0
4305,0907,0,0
4305,0908,0,0
4305,0909,0,0
4305,0910,0,0
4305,0911,0,0
4305,0912,0,0
4305,0913,0,0
4305,0914,0,0
4306,0901,0,0
4306,0902,0,0
4306,0903,0,0
4306,0904,0,0
4306,0905,0,0
4306,0906,0,0
4306,0907,0,0
4306,0908,0,0
4306,0909,0,0
4306,0910,0,0
4306,0911,0,0
4306,0912,0,0
4306,0913,0,0
4306,0914,0,0
4307,0901,0,0
4307,0902,0,0
4307,0903,0,0
4307,0904,0,0
4307,0905,0,0
4307,0906,0,0
4307,0907,0,0
4307,0908,0,0
4307,0909,0,0
4307,0910,0,0
4307,0911,0,0
4307,0912,0,0
4307,0913,0,0
4307,0914,0,0
4308,0901,0,0
4308,0902,0,0
4308,0903,0,0
4308,0904,0,0
4308,0905,0,0
4308,0906,0,0
4308,0907,0,0
4308,0908,0,0
4308,0909,0,0
4308,0910,0,0
4308,0911,0,0
4308,0912,0,0
4308,0913,0,0
4308,0914,0,0
4309,0901,0,0
4309,0902,0,0
4309,0903,0,0
4309,0904,0,0
4309,0905,0,0
4309,0906,0,0
4309,0907,0,0
4309,0908,0,0
4309,0909,0,0
4309,0910,0,0
4309,0911,0,0
4309,0912,0,0
4309,0913,0,0
4309,0914,0,0
4310,0901,0,0
4310,0902,0,0
4310,0903,0,0
4310,0904,0,0
4310,0905,0,0
4310,0906,1,0
4310,0907,0,0
4310,0908,0,0
4310,0909,0,0
4310,0910,0,0
4310,0911,0,0
4310,0912,0,0
4310,0913,0,0
4310,0914,0,0
4311,0901,0,0
4311,0902,0,0
4311,0903,0,0
4311,0904,0,0
4311,0905,0,0
4311,0906,0,0
4311,0907,0,0
4311,0908,0,0
4311,0909,0,0
4311,0910,0,0
4311,0911,0,0
4311,0912,0,0
4311,0913,0,0
4311,0914,0,0
4312,0901,0,0
4312,0902,0,0
4312,0903,0,0
4312,0904,0,0
4312,0905,0,0
4312,0906,0,0
4312,0907,0,0
4312,0908,0,0
4312,0909,0,0
4312,0910,0,0
4312,0911,0,0
4312,0912,0,0
4312,0913,0,0
4312,0914,0,0
4313,0901,0,0
4313,0902,0,0
4313,0903,0,0
4313,0904,0,0
4313,0905,0,0
4313,0906,0,0
4313,0907,0,0
4313,0908,0,0
4313,0909,0,0
4313,0910,0,0
4313,0911,0,0
4313,0912,0,0
4313,0913,0,0
4313,0914,0,0
4314,0901,0,0
4314,0902,0,0
4314,0903,0,0
4314,0904,0,0
4314,0905,0,0
4314,0906,0,0
4314,0907,0,0
4314,0908,0,0
4314,0909,0,0
4314,0910,0,0
4314,0911,0,0
4314,0912,0,0
4314,0913,0,0
4314,0914,0,0
4315,0901,0,0
4315,0902,0,0
4315,0903,0,0
4315,0904,0,0
4315,0905,0,0
4315,0906,0,0
4315,0907,0,0
4315,0908,0,0
4315,0909,0,0
4315,0910,0,0
4315,0911,0,0
4315,0912,0,0
4315,0913,0,0
4315,0914,0,0
4316,0901,0,0
4316,0902,0,0
4316,0903,0,0
4316,0904,0,0
4316,0905,0,0
4316,0906,0,0
4316,0907,0,0
4316,0908,0,0
4316,0909,0,0
4316,0910,0,0
4316,0911,0,0
4316,0912,0,0
4316,0913,0,0
4316,0914,0,0
4317,0901,0,0
4317,0902,0,0
4317,0903,0,0
4317,0904,0,0
4317,0905,0,0
4317,0906,0,0
4317,0907,0,0
4317,0908,0,0
4317,0909,0,0
4317,0910,0,0
4317,0911,0,0
4317,0912,0,0
4317,0913,0,0
4317,0914,0,0
4318,0901,0,0
4318,0902,0,0
4318,0903,0,0
4318,0904,0,0
4318,0905,0,0
4318,0906,0,0
4318,0907,0,0
4318,0908,1,0
4318,0909,0,0
4318,0910,0,0
4318,0911,0,0
4318,0912,0,0
4318,0913,0,0
4318,0914,0,0
4319,0901,0,0
4319,0902,0,0
4319,0903,0,0
4319,0904,0,0
4319,0905,0,0
4319,0906,0,0
4319,0907,0,0
4319,0908,0,0
4319,0909,0,0
4319,0910,0,0
4319,0911,0,0
4319,0912,0,0
4319,0913,0,0
4319,0914,0,0
4320,0901,0,0
4320,0902,0,0
4320,0903,0,0
4320,0904,0,0
4320,0905,0,0
4320,0906,0,0
4320,0907,0,0
4320,0908,0,0
4320,0909,0,0
4320,0910,0,0
4320,0911,0,0
4320,0912,0,0
4320,0913,0,0
4320,0914,0,0
4321,0901,0,0
4321,0902,0,0
4321,0903,0,0
4321,0904,0,0
4321,0905,0,0
4321,0906,0,0
4321,0907,0,0
4321,0908,0,0
4321,0909,0,0
4321,0910,0,0
4321,0911,0,0
4321,0912,0,0
4321,0913,0,0
4321,0914,0,0
4322,0901,0,0
4322,0902,0,0
4322,0903,0,0
4322,0904,0,0
4322,0905,0,0
4322,0906,0,0
4322,0907,0,0
4322,0908,0,0
4322,0909,0,0
4322,0910,0,0
4322,0911,0,0
4322,0912,0,0
4322,0913,0,0
4322,0914,0,0
4323,0901,0,0
4323,0902,0,0
4323,0903,0,0
4323,0904,0,0
4323,0905,0,0
4323,0906,0,0
4323,0907,0,0
4323,0908,0,0
4323,0909,0,0
4323,0910,0,0
4323,0911,0,0
4323,0912,0,0
4323,0913,0,0
4323,0914,0,0
4324,0901,0,0
4324,0902,0,0
4324,0903,0,0
4324,0904,0,0
4324,0905,0,0
4324,0906,0,0
4324,0907,0,0
4324,0908,0,0
4324,0909,0,0
4324,0910,0,0
4324,0911,0,0
4324,0912,0,0
4324,0913,0,0
4324,0914,0,0
4325,0901,0,0
4325,0902,0,0
4325,0903,0,0
4325,0904,0,0
4325,0905,0,0
4325,0906,0,0
4325,0907,0,0
4325,0908,0,0
4325,0909,0,0
4325,0910,0,0
4325,0911,0,0
4325,0912,0,0
4325,0913,0,0
4325,0914,0,0
4326,0901,0,0
4326,0902,0,0
4326,0903,0,0
4326,0904,0,0
4326,0905,0,0
4326,0906,0,0
4326,0907,0,0
4326,0908,0,0
4326,0909,0,0
4326,0910,0,0
4326,0911,0,0
4326,0912,0,0
4326,0913,0,0
4326,0914,0,0
4327,0901,0,0
4327,0902,0,0
4327,0903,0,0
4327,0904,0,0
4327,0905,0,0
4327,0906,0,0
4327,0907,0,0
4327,0908,0,0
4327,0909,0,0
4327,0910,0,0
4327,0911,0,0
4327,0912,0,0
4327,0913,0,0
4327,0914,0,0
4328,0901,0,0
4328,0902,0,0
4328,0903,0,0
4328,0904,0,0
4328,0905,0,0
4328,0906,0,0
4328,0907,0,0
4328,0908,0,0
4328,0909,0,0
4328,0910,0,0
4328,0911,1,0
4328,0912,0,0
4328,0913,0,0
4328,0914,0,0
4329,0901,0,0
4329,0902,0,0
4329,0903,0,0
4329,0904,0,0
4329,0905,0,0
4329,0906,0,0
4329,0907,0,0
4329,0908,0,0
4329,0909,0,0
4329,0910,0,0
4329,0911,0,0
4329,0912,0,0
4329,0913,0,0
4329,0914,0,0
4330,0901,0,0
4330,0902,0,0
4330,0903,0,0
4330,0904,0,0
4330,0905,0,0
4330,0906,0,0
4330,0907,0,0
4330,0908,0,0
4330,0909,0,0
4330,0910,0,0
4330,0911,0,0
4330,0912,0,0
4330,0913,0,0
4330,0914,0,0
4331,0901,0,0
4331,0902,0,0
4331,0903,0,0
4331,0904,0,0
4331,0905,0,0
4331,0906,0,0
4331,0907,0,0
4331,0908,0,0
4331,0909,0,0
4331,0910,0,0
4331,0911,0,0
4331,0912,0,0
4331,0913,0,0
4331,0914,0,0
4332,0901,0,0
4332,0902,0,0
4332,0903,0,0
4332,0904,0,0
4332,0905,0,0
4332,0906,0,0
4332,0907,0,0
4332,0908,0,0
4332,0909,0,0
4332,0910,0,0
4332,0911,0,0
4332,0912,0,0
4332,0913,0,0
4332,0914,0,0
4333,0901,0,0
4333,0902,0,0
4333,0903,0,0
4333,0904,0,0
4333,0905,0,0
4333,0906,0,0
4333,0907,0,0
4333,0908,0,0
4333,0909,0,0
4333,0910,0,0
4333,0911,0,0
4333,0912,0,0
4333,0913,0,0
4333,0914,0,0
4334,0901,0,0
4334,0902,0,0
4334,0903,0,0
4334,0904,0,0
4334,0905,0,0
4334,0906,0,0
4334,0907,0,0
4334,0908,0,0
4334,0909,0,0
4334,0910,0,0
4334,0911,0,0
4334,0912,0,0
4334,0913,0,0
4334,0914,0,0
4335,0901,0,0
4335,0902,0,0
4335,0903,0,0
4335,0904,0,0
4335,0905,0,0
4335,0906,0,0
4335,0907,0,0
4335,0908,0,0
4335,0909,0,0
4335,0910,0,0
4335,0911,0,0
4335,0912,0,0
4335,0913,0,0
4335,0914,0,0
4336,0901,0,0
4336,0902,0,0
4336,0903,0,0
4336,0904,0,0
4336,0905,0,0
4336,0906,0,0
4336,0907,0,0
4336,0908,0,0
4336,0909,0,0
4336,0910,0,0
4336,0911,0,0
4336,0912,0,0
4336,0913,0,0
4336,0914,0,0
4337,0901,0,0
4337,0902,0,0
4337,0903,0,0
4337,0904,0,0
4337,0905,0,0
4337,0906,0,0
4337,0907,0,0
4337,0908,0,0
4337,0909,0,0
4337,0910,0,0
4337,0911,0,0
4337,0912,0,0
4337,0913,0,0
4337,0914,0,0
4338,0901,0,0
4338,0902,0,0
4338,0903,0,0
4338,0904,0,0
4338,0905,0,0
4338,0906,0,0
4338,0907,0,0
4338,0908,0,0
4338,0909,1,0
4338,0910,0,0
4338,0911,0,0
4338,0912,0,0
4338,0913,0,0
4338,0914,0,0
4339,0901,0,0
4339,0902,0,0
4339,0903,0,0
4339,0904,0,0
4339,0905,0,0
4339,0906,0,0
4339,0907,0,0
4339,0908,0,0
4339,0909,0,0
4339,0910,0,0
4339,0911,0,0
4339,0912,0,0
4339,0913,0,0
4339,0914,0,0
4340,0901,0,0
4340,0902,0,0
4340,0903,0,0
4340,0904,0,0
4340,0905,0,0
4340,0906,0,0
4340,0907,0,0
4340,0908,0,0
4340,0909,0,0
4340,0910,0,0
4340,0911,0,0
4340,0912,0,0
4340,0913,0,0
4340,0914,0,0
4341,0901,0,0
4341,0902,0,0
4341,0903,0,0
4341,0904,0,0
4341,0905,0,0
4341,0906,0,0
4341,0907,0,0
4341,0908,0,0
4341,0909,0,0
4341,0910,0,0
4341,0911,0,0
4341,0912,0,0
4341,0913,0,0
4341,0914,0,0
4342,0901,0,0
4342,0902,0,0
4342,0903,0,0
4342,0904,0,0
4342,0905,0,0
4342,0906,0,0
4342,0907,0,0
4342,0908,0,0
4342,0909,0,0
4342,0910,0,0
4342,0911,0,0
4342,0912,0,0
4342,0913,0,0
4342,0914,0,0
4343,0901,0,0
4343,0902,0,0
4343,0903,0,0
4343,0904,0,0
4343,0905,0,0
4343,0906,0,0
4343,0907,0,0
4343,0908,0,0
4343,0909,0,0
4343,0910,0,0
4343,0911,0,0
4343,0912,0,0
4343,0913,0,0
4343,0914,0,0
4344,0901,0,0
4344,0902,0,0
4344,0903,0,0
4344,0904,0,0
4344,0905,0,0
4344,0906,0,0
4344,0907,0,0
4344,0908,0,0
4344,0909,0,0
4344,0910,0,0
4344,0911,0,0
4344,0912,0,0
4344,0913,0,0
4344,0914,0,0
4345,0901,0,0
4345,0902,0,0
4345,0903,0,0
4345,0904,0,0
4345,0905,0,0
4345,0906,0,0
4345,0907,0,0
4345,0908,0,0
4345,0909,0,0
4345,0910,0,0
4345,0911,0,0
4345,0912,0,0
4345,0913,0,0
4345,0914,0,0
4346,0901,0,0
4346,0902,0,0
4346,0903,0,0
4346,0904,0,0
4346,0905,0,0
4346,0906,0,0
4346,0907,0,0
4346,0908,0,0
4346,0909,0,0
4346,0910,0,0
4346,0911,0,0
4346,0912,0,0
4346,0913,0,0
4346,0914,0,0
4347,0901,0,0
4347,0902,0,0
4347,0903,0,0
4347,0904,0,0
4347,0905,0,0
4347,0906,0,0
4347,0907,0,0
4347,0908,0,0
4347,0909,0,0
4347,0910,0,0
4347,0911,0,0
4347,0912,0,0
4347,0913,0,0
4347,0914,0,0
4348,0901,0,0
4348,0902,0,0
4348,0903,0,0
4348,0904,0,0
4348,0905,0,0
4348,0906,0,0
4348,0907,0,0
4348,0908,0,0
4348,0909,0,0
4348,0910,0,0
4348,0911,0,0
4348,0912,0,0
4348,0913,0,0
4348,0914,0,0
4349,0901,0,0
4349,0902,0,0
4349,0903,0,0
4349,0904,0,0
4349,0905,0,0
4349,0906,0,0
4349,0907,0,0
4349,0908,0,0
4349,0909,0,0
4349,0910,0,0
4349,0911,0,0
4349,0912,0,0
4349,0913,0,0
4349,0914,0,0
4350,0901,0,0
4350,0902,0,0
4350,0903,0,0
4350,0904,0,0
4350,0905,0,0
4350,0906,0,0
4350,0907,0,0
4350,0908,0,0
4350,0909,0,0
4350,0910,0,0
4350,0911,0,0
4350,0912,0,0
4350,0913,0,0
4350,0914,0,0
4351,0901,0,0
4351,0902,0,0
4351,0903,0,0
4351,0904,0,0
4351,0905,0,0
4351,0906,0,0
4351,0907,0,0
4351,0908,0,0
4351,0909,0,0
4351,0910,0,0
4351,0911,0,0
4351,0912,0,0
4351,0913,0,0
4351,0914,0,0
4352,0901,0,0
4352,0902,0,0
4352,0903,0,0
4352,0904,0,0
4352,0905,0,0
4352,0906,0,0
4352,0907,0,0
4352,0908,0,0
4352,0909,0,0
4352,0910,0,0
4352,0911,0,0
4352,0912,0,0
4352,0913,0,0
4352,0914,0,0
4353,0901,0,0
4353,0902,0,0
4353,0903,0,0
4353,0904,0,0
4353,0905,0,0
4353,0906,0,0
4353,0907,0,0
4353,0908,0,0
4353,0909,0,0
4353,0910,0,0
4353,0911,0,0
4353,0912,0,0
4353,0913,0,0
4353,0914,0,0
4354,0901,0,0
4354,0902,0,0
4354,0903,0,0
4354,0904,0,0
4354,0905,0,0
4354,0906,0,0
4354,0907,0,0
4354,0908,0,0
4354,0909,0,0
4354,0910,0,0
4354,0911,0,0
4354,0912,0,0
4354,0913,0,0
4354,0914,0,0
4355,0901,0,0
4355,0902,0,0
4355,0903,0,0
4355,0904,0,0
4355,0905,0,0
4355,0906,0,0
4355,0907,0,0
4355,0908,0,0
4355,0909,0,0
4355,0910,0,0
4355,0911,0,0
4355,0912,0,0
4355,0913,0,0
4355,0914,0,0
4356,0901,0,0
4356,0902,0,0
4356,0903,0,0
4356,0904,0,0
4356,0905,0,0
4356,0906,0,0
4356,0907,0,0
4356,0908,0,0
4356,0909,0,0
4356,0910,0,0
4356,0911,0,0
4356,0912,0,0
4356,0913,0,0
4356,0914,0,0
4357,0901,0,0
4357,0902,0,0
4357,0903,0,0
4357,0904,0,0
4357,0905,0,0
4357,0906,0,0
4357,0907,0,0
4357,0908,0,0
4357,0909,0,0
4357,0910,0,0
4357,0911,0,0
4357,0912,0,0
4357,0913,0,0
4357,0914,0,0
4358,0901,0,0
4358,0902,0,0
4358,0903,0,0
4358,0904,0,0
4358,0905,0,0
4358,0906,0,0
4358,0907,0,0
4358,0908,0,0
4358,0909,0,0
4358,0910,0,0
4358,0911,0,0
4358,0912,0,0
4358,0913,0,0
4358,0914,0,0
4359,0901,0,0
4359,0902,0,0
4359,0903,0,0
4359,0904,0,0
4359,0905,0,0
4359,0906,0,0
4359,0907,0,0
4359,0908,0,0
4359,0909,0,0
4359,0910,0,0
4359,0911,0,0
4359,0912,0,0
4359,0913,0,0
4359,0914,0,0
4360,0901,0,0
4360,0902,0,0
4360,0903,0,0
4360,0904,0,0
4360,0905,0,0
4360,0906,0,0
4360,0907,0,0
4360,0908,0,0
4360,0909,0,0
4360,0910,0,0
4360,0911,0,0
4360,0912,0,0
4360,0913,0,0
4360,0914,0,0
4361,0901,0,0
4361,0902,0,0
4361,0903,0,0
4361,0904,0,0
4361,0905,0,0
4361,0906,0,0
4361,0907,0,0
4361,0908,0,0
4361,0909,0,0
4361,0910,0,0
4361,0911,0,0
4361,0912,0,0
4361,0913,0,0
4361,0914,0,0
4362,0901,0,0
4362,0902,0,0
4362,0903,0,0
4362,0904,0,0
4362,0905,0,0
4362,0906,0,0
4362,0907,0,0
4362,0908,0,0
4362,0909,0,0
4362,0910,0,0
4362,0911,0,0
4362,0912,0,0
4362,0913,0,0
4362,0914,0,0
4363,0901,0,0
4363,0902,0,0
4363,0903,0,0
4363,0904,0,0
4363,0905,0,0
4363,0906,0,0
4363,0907,0,0
4363,0908,0,0
4363,0909,0,0
4363,0910,0,0
4363,0911,0,0
4363,0912,0,0
4363,0913,0,0
4363,0914,0,0
4364,0901,0,0
4364,0902,0,0
4364,0903,0,0
4364,0904,0,0
4364,0905,0,0
4364,0906,0,0
4364,0907,0,0
4364,0908,0,0
4364,0909,0,0
4364,0910,0,0
4364,0911,0,0
4364,0912,0,0
4364,0913,0,0
4364,0914,0,0
4365,0901,0,0
4365,0902,0,0
4365,0903,0,0
4365,0904,0,0
4365,0905,0,0
4365,0906,0,0
4365,0907,0,0
4365,0908,0,0
4365,0909,0,0
4365,0910,0,0
4365,0911,0,0
4365,0912,0,0
4365,0913,0,0
4365,0914,0,0
4366,0901,0,0
4366,0902,0,0
4366,0903,0,0
4366,0904,0,0
4366,0905,0,0
4366,0906,0,0
4366,0907,0,0
4366,0908,0,0
4366,0909,0,0
4366,0910,0,0
4366,0911,0,0
4366,0912,0,0
4366,0913,0,0
4366,0914,0,0
4367,0901,0,0
4367,0902,0,0
4367,0903,0,0
4367,0904,0,0
4367,0905,0,0
4367,0906,0,0
4367,0907,0,0
4367,0908,0,0
4367,0909,0,0
4367,0910,0,0
4367,0911,0,0
4367,0912,0,0
4367,0913,0,0
4367,0914,0,0
4368,0901,0,0
4368,0902,0,0
4368,0903,0,0
4368,0904,0,0
4368,0905,0,0
4368,0906,0,0
4368,0907,0,0
4368,0908,0,0
4368,0909,0,0
4368,0910,0,0
4368,0911,0,0
4368,0912,0,0
4368,0913,0,0
4368,0914,0,0
4369,0901,0,0
4369,0902,0,0
4369,0903,0,0
4369,0904,0,0
4369,0905,0,0
4369,0906,0,0
4369,0907,0,0
4369,0908,0,0
4369,0909,0,0
4369,0910,0,0
4369,0911,0,0
4369,0912,0,0
4369,0913,0,0
4369,0914,0,0
4370,0901,0,0
4370,0902,0,0
4370,0903,0,0
4370,0904,0,0
4370,0905,0,0
4370,0906,0,0
4370,0907,0,0
4370,0908,0,0
4370,0909,0,0
4370,0910,0,0
4370,0911,0,0
4370,0912,0,0
4370,0913,0,0
4370,0914,0,0
4371,0901,0,0
4371,0902,0,0
4371,0903,0,0
4371,0904,0,0
4371,0905,0,0
4371,0906,0,0
4371,0907,0,0
4371,0908,0,0
4371,0909,0,0
4371,0910,0,0
4371,0911,0,0
4371,0912,0,0
4371,0913,0,0
4371,0914,0,0
4372,0901,0,0
4372,0902,0,0
4372,0903,0,0
4372,0904,0,0
4372,0905,0,0
4372,0906,0,0
4372,0907,0,0
4372,0908,0,0
4372,0909,0,0
4372,0910,0,0
4372,0911,0,0
4372,0912,0,0
4372,0913,0,0
4372,0914,0,0
4373,0901,0,0
4373,0902,0,0
4373,0903,0,0
4373,0904,0,0
4373,0905,0,0
4373,0906,0,0
4373,0907,0,0
4373,0908,0,0
4373,0909,0,0
4373,0910,0,0
4373,0911,0,0
4373,0912,0,0
4373,0913,0,0
4373,0914,0,0
4374,0901,0,0
4374,0902,0,0
4374,0903,0,0
4374,0904,0,0
4374,0905,0,0
4374,0906,0,0
4374,0907,0,0
4374,0908,0,0
4374,0909,0,0
4374,0910,0,0
4374,0911,0,0
4374,0912,0,0
4374,0913,0,0
4374,0914,0,0
4375,0901,0,0
4375,0902,0,0
4375,0903,0,0
4375,0904,0,0
4375,0905,0,0
4375,0906,0,0
4375,0907,0,0
4375,0908,0,0
4375,0909,0,0
4375,0910,0,0
4375,0911,0,0
4375,0912,0,0
4375,0913,0,0
4375,0914,0,0
4376,0901,0,0
4376,0902,0,0
4376,0903,0,0
4376,0904,0,0
4376,0905,0,0
4376,0906,0,0
4376,0907,0,0
4376,0908,0,0
4376,0909,0,0
4376,0910,0,0
4376,0911,0,0
4376,0912,0,0
4376,0913,0,0
4376,0914,0,0
4377,0901,0,0
4377,0902,0,0
4377,0903,0,0
4377,0904,0,0
4377,0905,0,0
4377,0906,0,0
4377,0907,0,0
4377,0908,0,0
4377,0909,0,0
4377,0910,0,0
4377,0911,0,0
4377,0912,0,0
4377,0913,0,0
4377,0914,0,0
4378,0901,0,0
4378,0902,0,0
4378,0903,0,0
4378,0904,0,0
4378,0905,0,0
4378,0906,0,0
4378,0907,0,0
4378,0908,0,0
4378,0909,0,0
4378,0910,0,0
4378,0911,0,0
4378,0912,0,0
4378,0913,0,0
4378,0914,0,0
4379,0901,0,0
4379,0902,0,0
4379,0903,0,0
4379,0904,0,0
4379,0905,0,0
4379,0906,0,0
4379,0907,0,0
4379,0908,0,0
4379,0909,0,0
4379,0910,0,0
4379,0911,0,0
4379,0912,0,0
4379,0913,0,0
4379,0914,0,0
4380,0901,0,0
4380,0902,0,0
4380,0903,0,0
4380,0904,0,0
4380,0905,0,0
4380,0906,0,0
4380,0907,0,0
4380,0908,0,0
4380,0909,0,0
4380,0910,0,0
4380,0911,0,0
4380,0912,0,0
4380,0913,0,0
4380,0914,0,0
4381,0901,0,0
4381,0902,0,0
4381,0903,0,0
4381,0904,0,0
4381,0905,0,0
4381,0906,0,0
4381,0907,0,0
4381,0908,0,0
4381,0909,0,0
4381,0910,0,0
4381,0911,0,0
4381,0912,0,0
4381,0913,0,0
4381,0914,0,0
4382,0901,0,0
4382,0902,0,0
4382,0903,0,0
4382,0904,0,0
4382,0905,0,0
4382,0906,0,0
4382,0907,0,0
4382,0908,0,0
4382,0909,0,0
4382,0910,0,0
4382,0911,0,0
4382,0912,0,0
4382,0913,0,0
4382,0914,0,0
4383,0901,0,0
4383,0902,0,0
4383,0903,0,0
4383,0904,0,0
4383,0905,0,0
4383,0906,0,0
4383,0907,0,0
4383,0908,0,0
4383,0909,0,0
4383,0910,0,0
4383,0911,0,0
4383,0912,0,0
4383,0913,0,0
4383,0914,0,0
4384,0901,0,0
4384,0902,0,0
4384,0903,0,0
4384,0904,0,0
4384,0905,0,0
4384,0906,0,0
4384,0907,0,0
4384,0908,0,0
4384,0909,0,0
4384,0910,0,0
4384,0911,0,0
4384,0912,0,0
4384,0913,0,0
4384,0914,0,0
4385,0901,0,0
4385,0902,0,0
4385,0903,0,0
4385,0904,0,0
4385,0905,0,0
4385,0906,0,0
4385,0907,0,0
4385,0908,0,0
4385,0909,0,0
4385,0910,0,0
4385,0911,0,0
4385,0912,0,0
4385,0913,0,0
4385,0914,0,0
4386,0901,0,0
4386,0902,0,0
4386,0903,0,0
4386,0904,0,0
4386,0905,0,0
4386,0906,0,0
4386,0907,0,0
4386,0908,0,0
4386,0909,0,0
4386,0910,0,0
4386,0911,0,0
4386,0912,0,0
4386,0913,0,0
4386,0914,0,0
4387,0901,0,0
4387,0902,0,0
4387,0903,0,0
4387,0904,0,0
4387,0905,0,0
4387,0906,0,0
4387,0907,0,0
4387,0908,0,0
4387,0909,0,0
4387,0910,0,0
4387,0911,0,0
4387,0912,0,0
4387,0913,0,0
4387,0914,0,0
4388,0901,0,0
4388,0902,0,0
4388,0903,0,0
4388,0904,0,0
4388,0905,0,0
4388,0906,0,0
4388,0907,0,0
4388,0908,0,0
4388,0909,0,0
4388,0910,0,0
4388,0911,0,0
4388,0912,0,0
4388,0913,0,0
4388,0914,0,0
4389,0901,0,0
4389,0902,0,0
4389,0903,0,0
4389,0904,0,0
4389,0905,0,0
4389,0906,0,0
4389,0907,0,0
4389,0908,0,0
4389,0909,0,0
4389,0910,0,0
4389,0911,0,0
4389,0912,0,0
4389,0913,0,0
4389,0914,0,0
4390,0901,0,0
4390,0902,0,0
4390,0903,0,0
4390,0904,0,0
4390,0905,0,0
4390,0906,0,0
4390,0907,0,0
4390,0908,0,0
4390,0909,0,0
4390,0910,0,0
4390,0911,0,0
4390,0912,0,0
4390,0913,0,0
4390,0914,0,0
4391,0901,0,0
4391,0902,0,0
4391,0903,0,0
4391,0904,0,0
4391,0905,0,0
4391,0906,0,0
4391,0907,0,0
4391,0908,0,0
4391,0909,0,0
4391,0910,0,0
4391,0911,0,0
4391,0912,0,0
4391,0913,0,0
4391,0914,0,0
4392,0901,0,0
4392,0902,0,0
4392,0903,0,0
4392,0904,0,0
4392,0905,0,0
4392,0906,0,0
4392,0907,0,0
4392,0908,0,0
4392,0909,0,0
4392,0910,0,0
4392,0911,0,0
4392,0912,0,0
4392,0913,0,0
4392,0914,0,0
4393,0901,0,0
4393,0902,0,0
4393,0903,0,0
4393,0904,0,0
4393,0905,0,0
4393,0906,0,0
4393,0907,0,0
4393,0908,0,0
4393,0909,0,0
4393,0910,0,0
4393,0911,0,0
4393,0912,0,0
4393,0913,0,0
4393,0914,0,0
4394,0901,0,0
4394,0902,0,0
4394,0903,0,0
4394,0904,0,0
4394,0905,0,0
4394,0906,0,0
4394,0907,0,0
4394,0908,0,0
4394,0909,0,0
4394,0910,0,0
4394,0911,0,0
4394,0912,0,0
4394,0913,0,0
4394,0914,0,0
4395,0901,0,0
4395,0902,0,0
4395,0903,0,0
4395,0904,0,0
4395,0905,0,0
4395,0906,0,0
4395,0907,0,0
4395,0908,0,0
4395,0909,0,0
4395,0910,0,0
4395,0911,0,0
4395,0912,0,0
4395,0913,0,0
4395,0914,0,0
4396,0901,0,0
4396,0902,0,0
4396,0903,0,0
4396,0904,0,0
4396,0905,0,0
4396,0906,0,0
4396,0907,0,0
4396,0908,0,0
4396,0909,0,0
4396,0910,0,0
4396,0911,0,0
4396,0912,0,0
4396,0913,0,0
4396,0914,0,0
4397,0901,0,0
4397,0902,0,0
4397,0903,0,0
4397,0904,0,0
4397,0905,0,0
4397,0906,0,0
4397,0907,0,0
4397,0908,0,0
4397,0909,0,0
4397,0910,0,0
4397,0911,0,0
4397,0912,0,0
4397,0913,0,0
4397,0914,0,0
4398,0901,0,0
4398,0902,0,0
4398,0903,0,0
4398,0904,0,0
4398,0905,0,0
4398,0906,0,0
4398,0907,0,0
4398,0908,0,0
4398,0909,0,0
4398,0910,1,0
4398,0911,0,0
4398,0912,0,0
4398,0913,0,0
4398,0914,0,0
4399,0901,0,0
4399,0902,0,0
4399,0903,0,0
4399,0904,0,0
4399,0905,0,0
4399,0906,0,0
4399,0907,0,0
4399,0908,0,0
4399,0909,0,0
4399,0910,0,0
4399,0911,0,0
4399,0912,0,0
4399,0913,0,0
4399,0914,0,0
4400,0901,0,0
4400,0902,0,0
4400,0903,0,0
4400,0904,0,0
4400,0905,0,0
4400,0906,0,0
4400,0907,0,0
4400,0908,0,0
4400,0909,0,0
4400,0910,0,0
4400,0911,0,0
4400,0912,0,0
4400,0913,0,0
4400,0914,0,0
4401,0901,0,0
4401,0902,0,0
4401,0903,0,0
4401,0904,0,0
4401,0905,0,0
4401,0906,0,0
4401,0907,0,0
4401,0908,0,0
4401,0909,0,0
4401,0910,0,0
4401,0911,0,0
4401,0912,0,0
4401,0913,0,0
4401,0914,0,0
4402,0901,0,0
4402,0902,0,0
4402,0903,0,0
4402,0904,0,0
4402,0905,0,0
4402,0906,0,0
4402,0907,0,0
4402,0908,0,0
4402,0909,0,0
4402,0910,0,0
4402,0911,0,0
4402,0912,0,0
4402,0913,0,0
4402,0914,0,0
4403,0901,0,0
4403,0902,0,0
4403,0903,0,0
4403,0904,0,0
4403,0905,0,0
4403,0906,0,0
4403,0907,0,0
4403,0908,0,0
4403,0909,0,0
4403,0910,0,0
4403,0911,0,0
4403,0912,0,0
4403,0913,0,0
4403,0914,0,0
4404,0901,0,0
4404,0902,0,0
4404,0903,0,0
4404,0904,0,0
4404,0905,0,0
4404,0906,0,0
4404,0907,0,0
4404,0908,0,0
4404,0909,0,0
4404,0910,0,0
4404,0911,0,0
4404,0912,0,0
4404,0913,0,0
4404,0914,0,0
4405,0901,0,0
4405,0902,0,0
4405,0903,0,0
4405,0904,0,0
4405,0905,0,0
4405,0906,0,0
4405,0907,0,0
4405,0908,0,0
4405,0909,0,0
4405,0910,0,0
4405,0911,0,0
4405,0912,0,0
4405,0913,0,0
4405,0914,0,0
4406,0901,0,0
4406,0902,0,0
4406,0903,0,0
4406,0904,0,0
4406,0905,0,0
4406,0906,0,0
4406,0907,0,0
4406,0908,0,0
4406,0909,0,0
4406,0910,0,0
4406,0911,0,0
4406,0912,0,0
4406,0913,0,0
4406,0914,0,0
4407,0901,0,0
4407,0902,0,0
4407,0903,0,0
4407,0904,0,0
4407,0905,0,0
4407,0906,0,0
4407,0907,0,0
4407,0908,0,0
4407,0909,0,0
4407,0910,0,0
4407,0911,0,0
4407,0912,0,0
4407,0913,0,0
4407,0914,0,0
4408,0901,0,0
4408,0902,0,0
4408,0903,0,0
4408,0904,0,0
4408,0905,0,0
4408,0906,0,0
4408,0907,0,0
4408,0908,0,0
4408,0909,0,0
4408,0910,0,0
4408,0911,0,0
4408,0912,0,0
4408,0913,0,0
4408,0914,0,0
4409,0901,0,0
4409,0902,0,0
4409,0903,0,0
4409,0904,0,0
4409,0905,0,0
4409,0906,0,0
4409,0907,0,0
4409,0908,0,0
4409,0909,0,0
4409,0910,0,0
4409,0911,0,0
4409,0912,0,0
4409,0913,0,0
4409,0914,0,0
4410,0901,0,0
4410,0902,0,0
4410,0903,0,0
4410,0904,0,0
4410,0905,0,0
4410,0906,0,0
4410,0907,0,0
4410,0908,0,0
4410,0909,0,0
4410,0910,0,0
4410,0911,0,0
4410,0912,0,0
4410,0913,0,0
4410,0914,0,0
4411,0901,0,0
4411,0902,0,0
4411,0903,0,0
4411,0904,0,0
4411,0905,0,0
4411,0906,0,0
4411,0907,0,0
4411,0908,0,0
4411,0909,0,0
4411,0910,0,0
4411,0911,0,0
4411,0912,0,0
4411,0913,0,0
4411,0914,0,0
4412,0901,0,0
4412,0902,0,0
4412,0903,0,0
4412,0904,0,0
4412,0905,0,0
4412,0906,0,0
4412,0907,0,0
4412,0908,0,0
4412,0909,0,0
4412,0910,0,0
4412,0911,0,0
4412,0912,0,0
4412,0913,0,0
4412,0914,0,0
4413,0901,0,0
4413,0902,0,0
4413,0903,0,0
4413,0904,0,0
4413,0905,0,0
4413,0906,0,0
4413,0907,0,0
4413,0908,0,0
4413,0909,0,0
4413,0910,0,0
4413,0911,0,0
4413,0912,0,0
4413,0913,0,0
4413,0914,0,0
4414,0901,0,0
4414,0902,0,0
4414,0903,0,0
4414,0904,0,0
4414,0905,0,0
4414,0906,0,0
4414,0907,0,0
4414,0908,0,0
4414,0909,0,0
4414,0910,0,0
4414,0911,0,0
4414,0912,0,0
4414,0913,0,0
4414,0914,0,0
4415,0901,0,0
4415,0902,0,0
4415,0903,0,0
4415,0904,0,0
4415,0905,0,0
4415,0906,0,0
4415,0907,0,0
4415,0908,0,0
4415,0909,0,0
4415,0910,0,0
4415,0911,0,0
4415,0912,0,0
4415,0913,0,0
4415,0914,0,0
4416,0901,0,0
4416,0902,0,0
4416,0903,0,0
4416,0904,0,0
4416,0905,0,0
4416,0906,0,0
4416,0907,0,0
4416,0908,0,0
4416,0909,0,0
4416,0910,0,0
4416,0911,0,0
4416,0912,0,0
4416,0913,0,0
4416,0914,0,0
4417,0901,0,0
4417,0902,0,0
4417,0903,0,0
4417,0904,0,0
4417,0905,0,0
4417,0906,0,0
4417,0907,0,0
4417,0908,0,0
4417,0909,0,0
4417,0910,0,0
4417,0911,0,0
4417,0912,0,0
4417,0913,0,0
4417,0914,0,0
4418,0901,0,0
4418,0902,0,0
4418,0903,0,0
4418,0904,0,0
4418,0905,0,0
4418,0906,0,0
4418,0907,0,0
4418,0908,0,0
4418,0909,0,0
4418,0910,0,0
4418,0911,0,0
4418,0912,0,0
4418,0913,0,0
4418,0914,0,0
4419,0901,0,0
4419,0902,0,0
4419,0903,0,0
4419,0904,0,0
4419,0905,0,0
4419,0906,0,0
4419,0907,0,0
4419,0908,0,0
4419,0909,0,0
4419,0910,0,0
4419,0911,0,0
4419,0912,0,0
4419,0913,0,0
4419,0914,0,0
4420,0901,0,0
4420,0902,0,0
4420,0903,0,0
4420,0904,0,0
4420,0905,0,0
4420,0906,0,0
4420,0907,0,0
4420,0908,0,0
4420,0909,0,0
4420,0910,0,0
4420,0911,0,0
4420,0912,0,0
4420,0913,0,0
4420,0914,0,0
4421,0901,0,0
4421,0902,0,0
4421,0903,0,0
4421,0904,0,0
4421,0905,0,0
4421,0906,0,0
4421,0907,0,0
4421,0908,0,0
4421,0909,0,0
4421,0910,0,0
4421,0911,0,0
4421,0912,0,0
4421,0913,0,0
4421,0914,0,0
4422,0901,0,0
4422,0902,0,0
4422,0903,0,0
4422,0904,0,0
4422,0905,0,0
4422,0906,0,0
4422,0907,0,0
4422,0908,0,0
4422,0909,0,0
4422,0910,0,0
4422,0911,0,0
4422,0912,0,0
4422,0913,0,0
4422,0914,0,0
4423,0901,0,0
4423,0902,0,0
4423,0903,0,0
4423,0904,0,0
4423,0905,0,0
4423,0906,0,0
4423,0907,0,0
4423,0908,0,0
4423,0909,0,0
4423,0910,0,0
4423,0911,0,0
4423,0912,0,0
4423,0913,0,0
4423,0914,0,0
4424,0901,0,0
4424,0902,0,0
4424,0903,0,0
4424,0904,0,0
4424,0905,0,0
4424,0906,0,0
4424,0907,0,0
4424,0908,0,0
4424,0909,0,0
4424,0910,0,0
4424,0911,0,0
4424,0912,0,0
4424,0913,0,0
4424,0914,0,0
4425,0901,0,0
4425,0902,0,0
4425,0903,0,0
4425,0904,0,0
4425,0905,0,0
4425,0906,0,0
4425,0907,0,0
4425,0908,0,0
4425,0909,0,0
4425,0910,0,0
4425,0911,0,0
4425,0912,0,0
4425,0913,0,0
4425,0914,0,0
4426,0901,0,0
4426,0902,0,0
4426,0903,0,0
4426,0904,0,0
4426,0905,0,0
4426,0906,0,0
4426,0907,0,0
4426,0908,0,0
4426,0909,0,0
4426,0910,0,0
4426,0911,0,0
4426,0912,0,0
4426,0913,0,0
4426,0914,0,0
4427,0901,0,0
4427,0902,0,0
4427,0903,0,0
4427,0904,0,0
4427,0905,0,0
4427,0906,0,0
4427,0907,0,0
4427,0908,0,0
4427,0909,0,0
4427,0910,0,0
4427,0911,0,0
4427,0912,0,0
4427,0913,0,0
4427,0914,0,0
4428,0901,0,0
4428,0902,0,0
4428,0903,0,0
4428,0904,0,0
4428,0905,0,0
4428,0906,0,0
4428,0907,0,0
4428,0908,0,0
4428,0909,0,0
4428,0910,0,0
4428,0911,0,0
4428,0912,0,0
4428,0913,0,0
4428,0914,0,0
4429,0901,0,0
4429,0902,0,0
4429,0903,0,0
4429,0904,0,0
4429,0905,0,0
4429,0906,0,0
4429,0907,0,0
4429,0908,0,0
4429,0909,0,0
4429,0910,0,0
4429,0911,0,0
4429,0912,0,0
4429,0913,1,0
4429,0914,0,0
4430,0901,0,0
4430,0902,0,0
4430,0903,0,0
4430,0904,0,0
4430,0905,0,0
4430,0906,0,0
4430,0907,0,0
4430,0908,0,0
4430,0909,0,0
4430,0910,0,0
4430,0911,0,0
4430,0912,0,0
4430,0913,0,0
4430,0914,0,0
4431,0901,0,0
4431,0902,0,0
4431,0903,0,0
4431,0904,0,0
4431,0905,0,0
4431,0906,0,0
4431,0907,0,0
4431,0908,0,0
4431,0909,0,0
4431,0910,0,0
4431,0911,0,0
4431,0912,0,0
4431,0913,0,0
4431,0914,0,0
4432,0901,0,0
4432,0902,0,0
4432,0903,0,0
4432,0904,0,0
4432,0905,0,0
4432,0906,0,0
4432,0907,0,0
4432,0908,0,0
4432,0909,0,0
4432,0910,0,0
4432,0911,0,0
4432,0912,0,0
4432,0913,0,0
4432,0914,0,0
4433,0901,0,0
4433,0902,0,0
4433,0903,0,0
4433,0904,0,0
4433,0905,0,0
4433,0906,0,0
4433,0907,0,0
4433,0908,0,0
4433,0909,0,0
4433,0910,0,0
4433,0911,0,0
4433,0912,0,0
4433,0913,0,0
4433,0914,0,0
4434,0901,0,0
4434,0902,0,0
4434,0903,0,0
4434,0904,0,0
4434,0905,0,0
4434,0906,0,0
4434,0907,0,0
4434,0908,0,0
4434,0909,0,0
4434,0910,0,0
4434,0911,0,0
4434,0912,0,0
4434,0913,0,0
4434,0914,0,0
4435,0901,0,0
4435,0902,0,0
4435,0903,0,0
4435,0904,0,0
4435,0905,0,0
4435,0906,0,0
4435,0907,0,0
4435,0908,0,0
4435,0909,0,0
4435,0910,0,0
4435,0911,0,0
4435,0912,0,0
4435,0913,0,0
4435,0914,0,0
4436,0901,0,0
4436,0902,0,0
4436,0903,0,0
4436,0904,0,0
4436,0905,0,0
4436,0906,0,0
4436,0907,0,0
4436,0908,0,0
4436,0909,0,0
4436,0910,0,0
4436,0911,0,0
4436,0912,0,0
4436,0913,0,0
4436,0914,0,0
4437,0901,0,0
4437,0902,0,0
4437,0903,0,0
4437,0904,0,0
4437,0905,0,0
4437,0906,0,0
4437,0907,0,0
4437,0908,0,0
4437,0909,0,0
4437,0910,0,0
4437,0911,0,0
4437,0912,0,0
4437,0913,0,0
4437,0914,0,0
4438,0901,0,0
4438,0902,0,0
4438,0903,0,0
4438,0904,0,0
4438,0905,0,0
4438,0906,0,0
4438,0907,0,0
4438,0908,0,0
4438,0909,0,0
4438,0910,0,0
4438,0911,0,0
4438,0912,0,0
4438,0913,0,0
4438,0914,0,0
4439,0901,0,0
4439,0902,0,0
4439,0903,0,0
4439,0904,0,0
4439,0905,0,0
4439,0906,0,0
4439,0907,0,0
4439,0908,0,0
4439,0909,0,0
4439,0910,0,0
4439,0911,0,0
4439,0912,0,0
4439,0913,0,0
4439,0914,0,0
4440,0901,0,0
4440,0902,0,0
4440,0903,0,0
4440,0904,0,0
4440,0905,0,0
4440,0906,0,0
4440,0907,0,0
4440,0908,0,0
4440,0909,0,0
4440,0910,0,0
4440,0911,0,0
4440,0912,0,0
4440,0913,0,0
4440,0914,0,0
4441,0901,0,0
4441,0902,0,0
4441,0903,0,0
4441,0904,0,0
4441,0905,0,0
4441,0906,0,0
4441,0907,0,0
4441,0908,0,0
4441,0909,0,0
4441,0910,0,0
4441,0911,0,0
4441,0912,0,0
4441,0913,0,0
4441,0914,0,0
4442,0901,0,0
4442,0902,0,0
4442,0903,0,0
4442,0904,0,0
4442,0905,0,0
4442,0906,0,0
4442,0907,0,0
4442,0908,0,0
4442,0909,0,0
4442,0910,0,0
4442,0911,0,0
4442,0912,0,0
4442,0913,0,0
4442,0914,0,0
4443,0901,0,0
4443,0902,0,0
4443,0903,0,0
4443,0904,0,0
4443,0905,0,0
4443,0906,0,0
4443,0907,0,0
4443,0908,0,0
4443,0909,0,0
4443,0910,0,0
4443,0911,0,0
4443,0912,0,0
4443,0913,0,0
4443,0914,0,0
4444,0901,0,0
4444,0902,0,0
4444,0903,0,0
4444,0904,0,0
4444,0905,0,0
4444,0906,0,0
4444,0907,0,0
4444,0908,0,0
4444,0909,0,0
4444,0910,0,0
4444,0911,0,0
4444,0912,0,0
4444,0913,0,0
4444,0914,0,0
4445,0901,0,0
4445,0902,0,0
4445,0903,0,0
4445,0904,0,0
4445,0905,0,0
4445,0906,0,0
4445,0907,0,0
4445,0908,0,0
4445,0909,0,0
4445,0910,0,0
4445,0911,0,0
4445,0912,0,0
4445,0913,0,0
4445,0914,0,0
4446,0901,0,0
4446,0902,0,0
4446,0903,0,0
4446,0904,0,0
4446,0905,0,0
4446,0906,0,0
4446,0907,0,0
4446,0908,0,0
4446,0909,0,0
4446,0910,0,0
4446,0911,0,0
4446,0912,0,0
4446,0913,0,0
4446,0914,0,0
4447,0901,0,0
4447,0902,0,0
4447,0903,0,0
4447,0904,0,0
4447,0905,0,0
4447,0906,0,0
4447,0907,0,0
4447,0908,0,0
4447,0909,0,0
4447,0910,0,0
4447,0911,0,0
4447,0912,0,0
4447,0913,0,0
4447,0914,0,0
4448,0901,0,0
4448,0902,0,0
4448,0903,0,0
4448,0904,0,0
4448,0905,0,0
4448,0906,0,0
4448,0907,0,0
4448,0908,0,0
4448,0909,0,0
4448,0910,0,0
4448,0911,0,0
4448,0912,0,0
4448,0913,0,0
4448,0914,0,0
4449,0901,0,0
4449,0902,0,0
4449,0903,0,0
4449,0904,0,0
4449,0905,0,0
4449,0906,0,0
4449,0907,0,0
4449,0908,0,0
4449,0909,0,0
4449,0910,0,0
4449,0911,0,0
4449,0912,0,0
4449,0913,0,0
4449,0914,0,0
4450,0901,0,0
4450,0902,0,0
4450,0903,0,0
4450,0904,0,0
4450,0905,0,0
4450,0906,0,0
4450,0907,0,0
4450,0908,0,0
4450,0909,0,0
4450,0910,0,0
4450,0911,0,0
4450,0912,0,0
4450,0913,0,0
4450,0914,0,0
4451,0901,0,0
4451,0902,0,0
4451,0903,0,0
4451,0904,0,0
4451,0905,0,0
4451,0906,0,0
4451,0907,0,0
4451,0908,0,0
4451,0909,0,0
4451,0910,0,0
4451,0911,0,0
4451,0912,0,0
4451,0913,0,0
4451,0914,0,0
4452,0901,0,0
4452,0902,0,0
4452,0903,0,0
4452,0904,0,0
4452,0905,0,0
4452,0906,0,0
4452,0907,0,0
4452,0908,0,0
4452,0909,0,0
4452,0910,0,0
4452,0911,0,0
4452,0912,0,0
4452,0913,0,0
4452,0914,0,0
4453,0901,0,0
4453,0902,0,0
4453,0903,0,0
4453,0904,0,0
4453,0905,0,0
4453,0906,0,0
4453,0907,0,0
4453,0908,0,0
4453,0909,0,0
4453,0910,0,0
4453,0911,0,0
4453,0912,0,0
4453,0913,0,0
4453,0914,0,0
4454,0901,0,0
4454,0902,0,0
4454,0903,0,0
4454,0904,0,0
4454,0905,0,0
4454,0906,0,0
4454,0907,0,0
4454,0908,0,0
4454,0909,0,0
4454,0910,0,0
4454,0911,0,0
4454,0912,0,0
4454,0913,0,0
4454,0914,0,0
4455,0901,0,0
4455,0902,0,0
4455,0903,0,0
4455,0904,0,0
4455,0905,0,0
4455,0906,0,0
4455,0907,0,0
4455,0908,0,0
4455,0909,0,0
4455,0910,0,0
4455,0911,0,0
4455,0912,0,0
4455,0913,0,0
4455,0914,0,0
4456,0901,0,0
4456,0902,0,0
4456,0903,0,0
4456,0904,0,0
4456,0905,0,0
4456,0906,0,0
4456,0907,0,0
4456,0908,0,0
4456,0909,0,0
4456,0910,0,0
4456,0911,0,0
4456,0912,0,0
4456,0913,0,0
4456,0914,0,0
4457,0901,0,0
4457,0902,0,0
4457,0903,0,0
4457,0904,0,0
4457,0905,0,0
4457,0906,0,0
4457,0907,0,0
4457,0908,0,0
4457,0909,0,0
4457,0910,0,0
4457,0911,0,0
4457,0912,0,0
4457,0913,0,0
4457,0914,0,0
4458,0901,0,0
4458,0902,0,0
4458,0903,0,0
4458,0904,0,0
4458,0905,0,0
4458,0906,0,0
4458,0907,0,0
4458,0908,0,0
4458,0909,0,0
4458,0910,0,0
4458,0911,0,0
4458,0912,0,0
4458,0913,0,0
4458,0914,0,0
4459,0901,0,0
4459,0902,0,0
4459,0903,0,0
4459,0904,0,0
4459,0905,0,0
4459,0906,0,0
4459,0907,0,0
4459,0908,0,0
4459,0909,0,0
4459,0910,0,0
4459,0911,0,0
4459,0912,0,0
4459,0913,0,0
4459,0914,0,0
4460,0901,0,0
4460,0902,0,0
4460,0903,0,0
4460,0904,0,0
4460,0905,0,0
4460,0906,0,0
4460,0907,0,0
4460,0908,0,0
4460,0909,0,0
4460,0910,0,0
4460,0911,0,0
4460,0912,0,0
4460,0913,0,0
4460,0914,0,0
4461,0901,0,0
4461,0902,0,0
4461,0903,0,0
4461,0904,0,0
4461,0905,0,0
4461,0906,0,0
4461,0907,0,0
4461,0908,0,0
4461,0909,0,0
4461,0910,0,0
4461,0911,0,0
4461,0912,0,0
4461,0913,0,0
4461,0914,0,0
4462,0901,0,0
4462,0902,0,0
4462,0903,0,0
4462,0904,0,0
4462,0905,0,0
4462,0906,0,0
4462,0907,0,0
4462,0908,0,0
4462,0909,0,0
4462,0910,0,0
4462,0911,0,0
4462,0912,0,0
4462,0913,0,0
4462,0914,0,0
4463,0901,0,0
4463,0902,0,0
4463,0903,0,0
4463,0904,0,0
4463,0905,0,0
4463,0906,0,0
4463,0907,0,0
4463,0908,0,0
4463,0909,0,0
4463,0910,0,0
4463,0911,0,0
4463,0912,0,0
4463,0913,0,0
4463,0914,0,0
4464,0901,0,0
4464,0902,0,0
4464,0903,0,0
4464,0904,0,0
4464,0905,0,0
4464,0906,0,0
4464,0907,0,0
4464,0908,0,0
4464,0909,0,0
4464,0910,0,0
4464,0911,1,0
4464,0912,0,0
4464,0913,0,0
4464,0914,0,0
4465,0901,0,0
4465,0902,0,0
4465,0903,0,0
4465,0904,0,0
4465,0905,0,0
4465,0906,0,0
4465,0907,0,0
4465,0908,0,0
4465,0909,0,0
4465,0910,0,0
4465,0911,0,0
4465,0912,0,0
4465,0913,0,0
4465,0914,0,0
4466,0901,0,0
4466,0902,0,0
4466,0903,0,0
4466,0904,0,0
4466,0905,0,0
4466,0906,0,0
4466,0907,0,0
4466,0908,0,0
4466,0909,0,0
4466,0910,0,0
4466,0911,0,0
4466,0912,0,0
4466,0913,0,0
4466,0914,0,0
4467,0901,0,0
4467,0902,0,0
4467,0903,0,0
4467,0904,0,0
4467,0905,0,0
4467,0906,0,0
4467,0907,0,0
4467,0908,0,0
4467,0909,0,0
4467,0910,0,0
4467,0911,0,0
4467,0912,0,0
4467,0913,0,0
4467,0914,0,0
4468,0901,0,0
4468,0902,0,0
4468,0903,0,0
4468,0904,0,0
4468,0905,0,0
4468,0906,0,0
4468,0907,0,0
4468,0908,0,0
4468,0909,0,0
4468,0910,0,0
4468,0911,0,0
4468,0912,0,0
4468,0913,0,0
4468,0914,0,0
4469,0901,0,0
4469,0902,0,0
4469,0903,0,0
4469,0904,0,0
4469,0905,0,0
4469,0906,0,0
4469,0907,0,0
4469,0908,0,0
4469,0909,0,0
4469,0910,0,0
4469,0911,0,0
4469,0912,0,0
4469,0913,0,0
4469,0914,0,0
4470,0901,0,0
4470,0902,0,0
4470,0903,0,0
4470,0904,0,0
4470,0905,0,0
4470,0906,0,0
4470,0907,0,0
4470,0908,0,0
4470,0909,0,0
4470,0910,0,0
4470,0911,0,0
4470,0912,0,0
4470,0913,0,0
4470,0914,0,0
4471,0901,0,0
4471,0902,0,0
4471,0903,0,0
4471,0904,0,0
4471,0905,0,0
4471,0906,0,0
4471,0907,0,0
4471,0908,0,0
4471,0909,0,0
4471,0910,0,0
4471,0911,0,0
4471,0912,0,0
4471,0913,0,0
4471,0914,0,0
4472,0901,0,0
4472,0902,0,0
4472,0903,0,0
4472,0904,0,0
4472,0905,0,0
4472,0906,0,0
4472,0907,0,0
4472,0908,0,0
4472,0909,0,0
4472,0910,0,0
4472,0911,0,0
4472,0912,0,0
4472,0913,0,0
4472,0914,0,0
4473,0901,0,0
4473,0902,0,0
4473,0903,0,0
4473,0904,0,0
4473,0905,0,0
4473,0906,0,0
4473,0907,0,0
4473,0908,0,0
4473,0909,0,0
4473,0910,0,0
4473,0911,0,0
4473,0912,0,0
4473,0913,0,0
4473,0914,0,0
4474,0901,0,0
4474,0902,0,0
4474,0903,0,0
4474,0904,0,0
4474,0905,0,0
4474,0906,0,0
4474,0907,0,0
4474,0908,0,0
4474,0909,0,0
4474,0910,0,0
4474,0911,0,0
4474,0912,0,0
4474,0913,0,0
4474,0914,0,0
4475,0901,0,0
4475,0902,0,0
4475,0903,0,0
4475,0904,0,0
4475,0905,0,0
4475,0906,0,0
4475,0907,0,0
4475,0908,0,0
4475,0909,0,0
4475,0910,0,0
4475,0911,0,0
4475,0912,0,0
4475,0913,0,0
4475,0914,0,0
4476,0901,0,0
4476,0902,0,0
4476,0903,0,0
4476,0904,0,0
4476,0905,0,0
4476,0906,0,0
4476,0907,0,0
4476,0908,0,0
4476,0909,0,0
4476,0910,0,0
4476,0911,0,0
4476,0912,0,0
4476,0913,0,0
4476,0914,0,0
4477,0901,0,0
4477,0902,0,0
4477,0903,0,0
4477,0904,0,0
4477,0905,0,0
4477,0906,0,0
4477,0907,0,0
4477,0908,0,0
4477,0909,0,0
4477,0910,0,0
4477,0911,0,0
4477,0912,0,0
4477,0913,0,0
4477,0914,0,0
4478,0901,0,0
4478,0902,0,0
4478,0903,0,0
4478,0904,0,0
4478,0905,0,0
4478,0906,0,0
4478,0907,0,0
4478,0908,0,0
4478,0909,0,0
4478,0910,0,0
4478,0911,0,0
4478,0912,0,0
4478,0913,0,0
4478,0914,0,0
4479,0901,0,0
4479,0902,0,0
4479,0903,0,0
4479,0904,0,0
4479,0905,0,0
4479,0906,0,0
4479,0907,0,0
4479,0908,0,0
4479,0909,0,0
4479,0910,0,0
4479,0911,0,0
4479,0912,0,0
4479,0913,0,0
4479,0914,0,0
4480,0901,0,0
4480,0902,0,0
4480,0903,0,0
4480,0904,0,0
4480,0905,0,0
4480,0906,0,0
4480,0907,0,0
4480,0908,0,0
4480,0909,0,0
4480,0910,0,0
4480,0911,0,0
4480,0912,0,0
4480,0913,0,0
4480,0914,0,0
4481,0901,0,0
4481,0902,0,0
4481,0903,0,0
4481,0904,0,0
4481,0905,0,0
4481,0906,0,0
4481,0907,0,0
4481,0908,0,0
4481,0909,0,0
4481,0910,0,0
4481,0911,0,0
4481,0912,0,0
4481,0913,0,0
4481,0914,0,0
4482,0901,0,0
4482,0902,0,0
4482,0903,0,0
4482,0904,0,0
4482,0905,0,0
4482,0906,0,0
4482,0907,0,0
4482,0908,0,0
4482,0909,0,0
4482,0910,0,0
4482,0911,0,0
4482,0912,0,0
4482,0913,0,0
4482,0914,0,0
4483,0901,0,0
4483,0902,0,0
4483,0903,0,0
4483,0904,0,0
4483,0905,0,0
4483,0906,0,0
4483,0907,0,0
4483,0908,0,0
4483,0909,0,0
4483,0910,0,0
4483,0911,0,0
4483,0912,0,0
4483,0913,0,0
4483,0914,0,0
4484,0901,0,0
4484,0902,0,0
4484,0903,0,0
4484,0904,0,0
4484,0905,0,0
4484,0906,0,0
4484,0907,0,0
4484,0908,0,0
4484,0909,0,0
4484,0910,0,0
4484,0911,0,0
4484,0912,0,0
4484,0913,0,0
4484,0914,0,0
4485,0901,0,0
4485,0902,0,0
4485,0903,0,0
4485,0904,0,0
4485,0905,0,0
4485,0906,0,0
4485,0907,0,0
4485,0908,0,0
4485,0909,1,0
4485,0910,0,0
4485,0911,0,0
4485,0912,0,0
4485,0913,0,0
4485,0914,0,0
4486,0901,0,0
4486,0902,0,0
4486,0903,0,0
4486,0904,0,0
4486,0905,0,0
4486,0906,0,0
4486,0907,0,0
4486,0908,0,0
4486,0909,0,0
4486,0910,0,0
4486,0911,0,0
4486,0912,0,0
4486,0913,0,0
4486,0914,0,0
4487,0901,0,0
4487,0902,0,0
4487,0903,0,0
4487,0904,0,0
4487,0905,0,0
4487,0906,0,0
4487,0907,0,0
4487,0908,0,0
4487,0909,0,0
4487,0910,0,0
4487,0911,0,0
4487,0912,0,0
4487,0913,0,0
4487,0914,0,0
4488,0901,0,0
4488,0902,0,0
4488,0903,0,0
4488,0904,0,0
4488,0905,0,0
4488,0906,0,0
4488,0907,0,0
4488,0908,0,0
4488,0909,0,0
4488,0910,0,0
4488,0911,0,0
4488,0912,0,0
4488,0913,0,0
4488,0914,0,0
4489,0901,0,0
4489,0902,0,0
4489,0903,0,0
4489,0904,0,0
4489,0905,0,0
4489,0906,0,0
4489,0907,0,0
4489,0908,0,0
4489,0909,0,0
4489,0910,0,0
4489,0911,0,0
4489,0912,0,0
4489,0913,0,0
4489,0914,0,0
4490,0901,0,0
4490,0902,0,0
4490,0903,0,0
4490,0904,0,0
4490,0905,0,0
4490,0906,0,0
4490,0907,0,0
4490,0908,0,0
4490,0909,0,0
4490,0910,0,0
4490,0911,0,0
4490,0912,0,0
4490,0913,0,0
4490,0914,0,0
4491,0901,0,0
4491,0902,0,0
4491,0903,0,0
4491,0904,0,0
4491,0905,0,0
4491,0906,0,0
4491,0907,0,0
4491,0908,0,0
4491,0909,0,0
4491,0910,0,0
4491,0911,0,0
4491,0912,0,0
4491,0913,0,0
4491,0914,0,0
4492,0901,0,0
4492,0902,0,0
4492,0903,0,0
4492,0904,0,0
4492,0905,0,0
4492,0906,0,0
4492,0907,0,0
4492,0908,0,0
4492,0909,0,0
4492,0910,0,0
4492,0911,0,0
4492,0912,0,0
4492,0913,0,0
4492,0914,0,0
4493,0901,0,0
4493,0902,0,0
4493,0903,0,0
4493,0904,0,0
4493,0905,0,0
4493,0906,0,0
4493,0907,0,0
4493,0908,0,0
4493,0909,0,0
4493,0910,0,0
4493,0911,0,0
4493,0912,0,0
4493,0913,0,0
4493,0914,0,0
4494,0901,0,0
4494,0902,0,0
4494,0903,0,0
4494,0904,0,0
4494,0905,0,0
4494,0906,0,0
4494,0907,0,0
4494,0908,0,0
4494,0909,0,0
4494,0910,0,0
4494,0911,0,0
4494,0912,0,0
4494,0913,0,0
4494,0914,0,0
4495,0901,0,0
4495,0902,0,0
4495,0903,0,0
4495,0904,0,0
4495,0905,0,0
4495,0906,0,0
4495,0907,0,0
4495,0908,0,0
4495,0909,0,0
4495,0910,0,0
4495,0911,0,0
4495,0912,0,0
4495,0913,0,0
4495,0914,0,0
4496,0901,0,0
4496,0902,0,0
4496,0903,0,0
4496,0904,0,0
4496,0905,0,0
4496,0906,0,0
4496,0907,0,0
4496,0908,1,0
4496,0909,0,0
4496,0910,0,0
4496,0911,0,0
4496,0912,0,0
4496,0913,0,0
4496,0914,0,0
4497,0901,0,0
4497,0902,0,0
4497,0903,0,0
4497,0904,0,0
4497,0905,0,0
4497,0906,0,0
4497,0907,0,0
4497,0908,0,0
4497,0909,0,0
4497,0910,0,0
4497,0911,0,0
4497,0912,0,0
4497,0913,0,0
4497,0914,0,0
4498,0901,0,0
4498,0902,0,0
4498,0903,0,0
4498,0904,0,0
4498,0905,0,0
4498,0906,0,0
4498,0907,0,0
4498,0908,0,0
4498,0909,0,0
4498,0910,0,0
4498,0911,0,0
4498,0912,0,0
4498,0913,0,0
4498,0914,0,0
4499,0901,0,0
4499,0902,0,0
4499,0903,0,0
4499,0904,0,0
4499,0905,0,0
4499,0906,0,0
4499,0907,0,0
4499,0908,1,0
4499,0909,0,0
4499,0910,0,0
4499,0911,0,0
4499,0912,0,0
4499,0913,0,0
4499,0914,0,0
4500,0901,0,0
4500,0902,0,0
4500,0903,0,0
4500,0904,0,0
4500,0905,0,0
4500,0906,0,0
4500,0907,0,0
4500,0908,0,0
4500,0909,0,0
4500,0910,0,0
4500,0911,0,0
4500,0912,0,0
4500,0913,0,0
4500,0914,0,0
4501,0901,0,0
4501,0902,0,0
4501,0903,0,0
4501,0904,0,0
4501,0905,0,0
4501,0906,0,0
4501,0907,0,0
4501,0908,0,0
4501,0909,0,0
4501,0910,0,0
4501,0911,0,0
4501,0912,0,0
4501,0913,0,0
4501,0914,0,0
4502,0901,0,0
4502,0902,0,0
4502,0903,0,0
4502,0904,0,0
4502,0905,0,0
4502,0906,0,0
4502,0907,0,0
4502,0908,0,0
4502,0909,0,0
4502,0910,0,0
4502,0911,0,0
4502,0912,0,0
4502,0913,0,0
4502,0914,0,0
4503,0901,0,0
4503,0902,0,0
4503,0903,0,0
4503,0904,0,0
4503,0905,0,0
4503,0906,0,0
4503,0907,0,0
4503,0908,0,0
4503,0909,0,0
4503,0910,0,0
4503,0911,0,0
4503,0912,0,0
4503,0913,0,0
4503,0914,0,0
4504,0901,0,0
4504,0902,0,0
4504,0903,0,0
4504,0904,0,0
4504,0905,0,0
4504,0906,0,0
4504,0907,0,0
4504,0908,0,0
4504,0909,0,0
4504,0910,0,0
4504,0911,0,0
4504,0912,0,0
4504,0913,0,0
4504,0914,0,0
4505,0901,0,0
4505,0902,0,0
4505,0903,0,0
4505,0904,0,0
4505,0905,0,0
4505,0906,0,0
4505,0907,0,0
4505,0908,0,0
4505,0909,0,0
4505,0910,0,0
4505,0911,0,0
4505,0912,0,0
4505,0913,0,0
4505,0914,0,0
4506,0901,0,0
4506,0902,0,0
4506,0903,0,0
4506,0904,0,0
4506,0905,0,0
4506,0906,0,0
4506,0907,0,0
4506,0908,0,0
4506,0909,0,0
4506,0910,0,0
4506,0911,0,0
4506,0912,0,0
4506,0913,0,0
4506,0914,0,0
4507,0901,0,0
4507,0902,0,0
4507,0903,0,0
4507,0904,0,0
4507,0905,0,0
4507,0906,0,0
4507,0907,0,0
4507,0908,0,0
4507,0909,0,0
4507,0910,0,0
4507,0911,0,0
4507,0912,0,0
4507,0913,0,0
4507,0914,0,0
4508,0901,0,0
4508,0902,0,0
4508,0903,0,0
4508,0904,0,0
4508,0905,0,0
4508,0906,0,0
4508,0907,0,0
4508,0908,0,0
4508,0909,0,0
4508,0910,0,0
4508,0911,0,0
4508,0912,0,0
4508,0913,0,0
4508,0914,0,0
4509,0901,0,0
4509,0902,0,0
4509,0903,0,0
4509,0904,0,0
4509,0905,0,0
4509,0906,0,0
4509,0907,0,0
4509,0908,0,0
4509,0909,0,0
4509,0910,0,0
4509,0911,0,0
4509,0912,0,0
4509,0913,0,0
4509,0914,0,0
4510,0901,0,0
4510,0902,0,0
4510,0903,0,0
4510,0904,0,0
4510,0905,0,0
4510,0906,0,0
4510,0907,0,0
4510,0908,0,0
4510,0909,0,0
4510,0910,0,0
4510,0911,0,0
4510,0912,0,0
4510,0913,0,0
4510,0914,0,0
4511,0901,0,0
4511,0902,0,0
4511,0903,0,0
4511,0904,0,0
4511,0905,0,0
4511,0906,0,0
4511,0907,0,0
4511,0908,0,0
4511,0909,0,0
4511,0910,0,0
4511,0911,0,0
4511,0912,0,0
4511,0913,0,0
4511,0914,0,0
4512,0901,0,0
4512,0902,0,0
4512,0903,0,0
4512,0904,0,0
4512,0905,0,0
4512,0906,0,0
4512,0907,0,0
4512,0908,0,0
4512,0909,0,0
4512,0910,0,0
4512,0911,0,0
4512,0912,0,0
4512,0913,0,0
4512,0914,0,0
4513,0901,0,0
4513,0902,0,0
4513,0903,0,0
4513,0904,0,0
4513,0905,0,0
4513,0906,0,0
4513,0907,0,0
4513,0908,0,0
4513,0909,0,0
4513,0910,0,0
4513,0911,0,0
4513,0912,0,0
4513,0913,0,0
4513,0914,0,0
4514,0901,0,0
4514,0902,0,0
4514,0903,0,0
4514,0904,0,0
4514,0905,0,0
4514,0906,0,0
4514,0907,0,0
4514,0908,0,0
4514,0909,0,0
4514,0910,0,0
4514,0911,0,0
4514,0912,0,0
4514,0913,0,0
4514,0914,0,0
4515,0901,0,0
4515,0902,0,0
4515,0903,0,0
4515,0904,0,0
4515,0905,0,0
4515,0906,0,0
4515,0907,0,0
4515,0908,0,0
4515,0909,0,0
4515,0910,0,0
4515,0911,0,0
4515,0912,0,0
4515,0913,0,0
4515,0914,0,0
4516,0901,0,0
4516,0902,0,0
4516,0903,0,0
4516,0904,0,0
4516,0905,0,0
4516,0906,0,0
4516,0907,0,0
4516,0908,0,0
4516,0909,0,0
4516,0910,0,0
4516,0911,0,0
4516,0912,0,0
4516,0913,0,0
4516,0914,0,0
4517,0901,0,0
4517,0902,0,0
4517,0903,0,0
4517,0904,0,0
4517,0905,0,0
4517,0906,0,0
4517,0907,0,0
4517,0908,0,0
4517,0909,0,0
4517,0910,0,0
4517,0911,0,0
4517,0912,1,0
4517,0913,0,0
4517,0914,0,0
4518,0901,0,0
4518,0902,0,0
4518,0903,0,0
4518,0904,0,0
4518,0905,0,0
4518,0906,0,0
4518,0907,0,0
4518,0908,0,0
4518,0909,0,0
4518,0910,0,0
4518,0911,0,0
4518,0912,0,0
4518,0913,0,0
4518,0914,0,0
4519,0901,0,0
4519,0902,0,0
4519,0903,0,0
4519,0904,0,0
4519,0905,0,0
4519,0906,0,0
4519,0907,0,0
4519,0908,0,0
4519,0909,0,0
4519,0910,0,0
4519,0911,0,0
4519,0912,0,0
4519,0913,0,0
4519,0914,0,0
4520,0901,0,0
4520,0902,0,0
4520,0903,0,0
4520,0904,0,0
4520,0905,0,0
4520,0906,0,0
4520,0907,0,0
4520,0908,0,0
4520,0909,0,0
4520,0910,0,0
4520,0911,0,0
4520,0912,0,0
4520,0913,0,0
4520,0914,0,0
4521,0901,0,0
4521,0902,0,0
4521,0903,0,0
4521,0904,0,0
4521,0905,0,0
4521,0906,0,0
4521,0907,0,0
4521,0908,0,0
4521,0909,0,0
4521,0910,0,0
4521,0911,0,0
4521,0912,0,0
4521,0913,0,0
4521,0914,0,0
4522,0901,0,0
4522,0902,0,0
4522,0903,0,0
4522,0904,0,0
4522,0905,0,0
4522,0906,0,0
4522,0907,0,0
4522,0908,0,0
4522,0909,1,0
4522,0910,0,0
4522,0911,0,0
4522,0912,0,0
4522,0913,0,0
4522,0914,0,0
4523,0901,0,0
4523,0902,0,0
4523,0903,0,0
4523,0904,0,0
4523,0905,0,0
4523,0906,0,0
4523,0907,0,0
4523,0908,0,0
4523,0909,0,0
4523,0910,0,0
4523,0911,0,0
4523,0912,0,0
4523,0913,0,0
4523,0914,0,0
4524,0901,0,0
4524,0902,0,0
4524,0903,0,0
4524,0904,0,0
4524,0905,0,0
4524,0906,0,0
4524,0907,0,0
4524,0908,0,0
4524,0909,0,0
4524,0910,0,0
4524,0911,0,0
4524,0912,0,0
4524,0913,0,0
4524,0914,0,0
4525,0901,0,0
4525,0902,0,0
4525,0903,0,0
4525,0904,0,0
4525,0905,0,0
4525,0906,0,0
4525,0907,0,0
4525,0908,0,0
4525,0909,0,0
4525,0910,0,0
4525,0911,0,0
4525,0912,0,0
4525,0913,0,0
4525,0914,0,0
4526,0901,0,0
4526,0902,0,0
4526,0903,0,0
4526,0904,0,0
4526,0905,0,0
4526,0906,0,0
4526,0907,0,0
4526,0908,0,0
4526,0909,0,0
4526,0910,0,0
4526,0911,0,0
4526,0912,0,0
4526,0913,0,0
4526,0914,0,0
4527,0901,0,0
4527,0902,0,0
4527,0903,0,0
4527,0904,0,0
4527,0905,0,0
4527,0906,0,0
4527,0907,0,0
4527,0908,0,0
4527,0909,1,0
4527,0910,0,0
4527,0911,1,0
4527,0912,0,0
4527,0913,0,0
4527,0914,0,0
4528,0901,0,0
4528,0902,0,0
4528,0903,0,0
4528,0904,0,0
4528,0905,0,0
4528,0906,0,0
4528,0907,0,0
4528,0908,0,0
4528,0909,0,0
4528,0910,0,0
4528,0911,0,0
4528,0912,0,0
4528,0913,0,0
4528,0914,0,0
4529,0901,0,0
4529,0902,0,0
4529,0903,0,0
4529,0904,0,0
4529,0905,0,0
4529,0906,0,0
4529,0907,0,0
4529,0908,0,0
4529,0909,0,0
4529,0910,0,0
4529,0911,0,0
4529,0912,0,0
4529,0913,0,0
4529,0914,0,0
4530,0901,0,0
4530,0902,0,0
4530,0903,0,0
4530,0904,0,0
4530,0905,0,0
4530,0906,0,0
4530,0907,0,0
4530,0908,0,0
4530,0909,0,0
4530,0910,0,0
4530,0911,0,0
4530,0912,0,0
4530,0913,0,0
4530,0914,0,0
4531,0901,0,0
4531,0902,0,0
4531,0903,0,0
4531,0904,0,0
4531,0905,0,0
4531,0906,0,0
4531,0907,0,0
4531,0908,0,0
4531,0909,0,0
4531,0910,0,0
4531,0911,0,0
4531,0912,0,0
4531,0913,0,0
4531,0914,0,0
4532,0901,0,0
4532,0902,0,0
4532,0903,0,0
4532,0904,0,0
4532,0905,0,0
4532,0906,0,0
4532,0907,0,0
4532,0908,0,0
4532,0909,0,0
4532,0910,0,0
4532,0911,0,0
4532,0912,0,0
4532,0913,0,0
4532,0914,0,0
4533,0901,0,0
4533,0902,0,0
4533,0903,0,0
4533,0904,0,0
4533,0905,0,0
4533,0906,0,0
4533,0907,0,0
4533,0908,0,0
4533,0909,0,0
4533,0910,0,0
4533,0911,0,0
4533,0912,0,0
4533,0913,0,0
4533,0914,0,0
4534,0901,0,0
4534,0902,0,0
4534,0903,0,0
4534,0904,0,0
4534,0905,0,0
4534,0906,0,0
4534,0907,0,0
4534,0908,0,0
4534,0909,0,0
4534,0910,0,0
4534,0911,0,0
4534,0912,0,0
4534,0913,0,0
4534,0914,0,0
4535,0901,0,0
4535,0902,0,0
4535,0903,0,0
4535,0904,0,0
4535,0905,0,0
4535,0906,0,0
4535,0907,0,0
4535,0908,0,0
4535,0909,0,0
4535,0910,0,0
4535,0911,0,0
4535,0912,0,0
4535,0913,0,0
4535,0914,0,0
4536,0901,0,0
4536,0902,0,0
4536,0903,0,0
4536,0904,0,0
4536,0905,0,0
4536,0906,0,0
4536,0907,0,0
4536,0908,0,0
4536,0909,0,0
4536,0910,0,0
4536,0911,0,0
4536,0912,0,0
4536,0913,0,0
4536,0914,0,0
4537,0901,0,0
4537,0902,0,0
4537,0903,0,0
4537,0904,0,0
4537,0905,0,0
4537,0906,0,0
4537,0907,0,0
4537,0908,0,0
4537,0909,0,0
4537,0910,0,0
4537,0911,0,0
4537,0912,0,0
4537,0913,0,0
4537,0914,0,0
4538,0901,0,0
4538,0902,0,0
4538,0903,0,0
4538,0904,0,0
4538,0905,0,0
4538,0906,0,0
4538,0907,0,0
4538,0908,0,0
4538,0909,0,0
4538,0910,0,0
4538,0911,0,0
4538,0912,0,0
4538,0913,0,0
4538,0914,0,0
4539,0901,0,0
4539,0902,0,0
4539,0903,0,0
4539,0904,0,0
4539,0905,0,0
4539,0906,0,0
4539,0907,0,0
4539,0908,0,0
4539,0909,0,0
4539,0910,0,0
4539,0911,0,0
4539,0912,0,0
4539,0913,0,0
4539,0914,0,0
4540,0901,0,0
4540,0902,0,0
4540,0903,0,0
4540,0904,0,0
4540,0905,0,0
4540,0906,0,0
4540,0907,0,0
4540,0908,0,0
4540,0909,0,0
4540,0910,0,0
4540,0911,0,0
4540,0912,0,0
4540,0913,0,0
4540,0914,0,0
4541,0901,0,0
4541,0902,0,0
4541,0903,0,0
4541,0904,0,0
4541,0905,0,0
4541,0906,0,0
4541,0907,0,0
4541,0908,0,0
4541,0909,0,0
4541,0910,0,0
4541,0911,0,0
4541,0912,0,0
4541,0913,0,0
4541,0914,0,0
4542,0901,0,0
4542,0902,0,0
4542,0903,0,0
4542,0904,0,0
4542,0905,0,0
4542,0906,0,0
4542,0907,0,0
4542,0908,0,0
4542,0909,0,0
4542,0910,0,0
4542,0911,0,0
4542,0912,0,0
4542,0913,0,0
4542,0914,0,0
4543,0901,0,0
4543,0902,0,0
4543,0903,0,0
4543,0904,0,0
4543,0905,0,0
4543,0906,0,0
4543,0907,0,0
4543,0908,0,0
4543,0909,0,0
4543,0910,0,0
4543,0911,0,0
4543,0912,0,0
4543,0913,0,0
4543,0914,0,0
4544,0901,0,0
4544,0902,0,0
4544,0903,0,0
4544,0904,0,0
4544,0905,0,0
4544,0906,0,0
4544,0907,0,0
4544,0908,0,0
4544,0909,0,0
4544,0910,0,0
4544,0911,0,0
4544,0912,0,0
4544,0913,0,0
4544,0914,0,0
4545,0901,0,0
4545,0902,0,0
4545,0903,0,0
4545,0904,0,0
4545,0905,0,0
4545,0906,0,0
4545,0907,0,0
4545,0908,0,0
4545,0909,0,0
4545,0910,0,0
4545,0911,0,0
4545,0912,0,0
4545,0913,0,0
4545,0914,0,0
4546,0901,0,0
4546,0902,0,0
4546,0903,0,0
4546,0904,0,0
4546,0905,0,0
4546,0906,0,0
4546,0907,0,0
4546,0908,0,0
4546,0909,0,0
4546,0910,0,0
4546,0911,0,0
4546,0912,0,0
4546,0913,0,0
4546,0914,0,0
4547,0901,0,0
4547,0902,0,0
4547,0903,0,0
4547,0904,0,0
4547,0905,0,0
4547,0906,0,0
4547,0907,0,0
4547,0908,0,0
4547,0909,0,0
4547,0910,0,0
4547,0911,0,0
4547,0912,0,0
4547,0913,1,0
4547,0914,0,0
4548,0901,0,0
4548,0902,0,0
4548,0903,0,0
4548,0904,0,0
4548,0905,0,0
4548,0906,0,0
4548,0907,0,0
4548,0908,0,0
4548,0909,0,0
4548,0910,1,0
4548,0911,0,0
4548,0912,0,0
4548,0913,0,0
4548,0914,0,0
4549,0901,0,0
4549,0902,0,0
4549,0903,0,0
4549,0904,0,0
4549,0905,0,0
4549,0906,0,0
4549,0907,0,0
4549,0908,0,0
4549,0909,0,0
4549,0910,0,0
4549,0911,0,0
4549,0912,0,0
4549,0913,0,0
4549,0914,0,0
4550,0901,0,0
4550,0902,0,0
4550,0903,0,0
4550,0904,0,0
4550,0905,0,0
4550,0906,0,0
4550,0907,0,0
4550,0908,0,0
4550,0909,0,0
4550,0910,0,0
4550,0911,0,0
4550,0912,0,0
4550,0913,0,0
4550,0914,0,0
4551,0901,0,0
4551,0902,0,0
4551,0903,0,0
4551,0904,0,0
4551,0905,0,0
4551,0906,0,0
4551,0907,0,0
4551,0908,0,0
4551,0909,0,0
4551,0910,0,0
4551,0911,0,0
4551,0912,0,0
4551,0913,0,0
4551,0914,0,0
4552,0901,0,0
4552,0902,0,0
4552,0903,0,0
4552,0904,0,0
4552,0905,0,0
4552,0906,0,0
4552,0907,0,0
4552,0908,1,0
4552,0909,0,0
4552,0910,0,0
4552,0911,0,0
4552,0912,0,0
4552,0913,0,0
4552,0914,0,0
4553,0901,0,0
4553,0902,0,0
4553,0903,0,0
4553,0904,0,0
4553,0905,0,0
4553,0906,0,0
4553,0907,0,0
4553,0908,0,0
4553,0909,0,0
4553,0910,0,0
4553,0911,0,0
4553,0912,0,0
4553,0913,0,0
4553,0914,0,0
4554,0901,0,0
4554,0902,0,0
4554,0903,0,0
4554,0904,0,0
4554,0905,0,0
4554,0906,0,0
4554,0907,0,0
4554,0908,0,0
4554,0909,0,0
4554,0910,0,0
4554,0911,0,0
4554,0912,0,0
4554,0913,0,0
4554,0914,0,0
4555,0901,0,0
4555,0902,0,0
4555,0903,0,0
4555,0904,0,0
4555,0905,0,0
4555,0906,0,0
4555,0907,0,0
4555,0908,0,0
4555,0909,0,0
4555,0910,0,0
4555,0911,0,0
4555,0912,0,0
4555,0913,0,0
4555,0914,0,0
4556,0901,0,0
4556,0902,0,0
4556,0903,0,0
4556,0904,0,0
4556,0905,0,0
4556,0906,0,0
4556,0907,0,0
4556,0908,0,0
4556,0909,0,0
4556,0910,0,0
4556,0911,0,0
4556,0912,0,0
4556,0913,0,0
4556,0914,0,0
4557,0901,0,0
4557,0902,0,0
4557,0903,0,0
4557,0904,0,0
4557,0905,0,0
4557,0906,0,0
4557,0907,0,0
4557,0908,0,0
4557,0909,0,0
4557,0910,0,0
4557,0911,0,0
4557,0912,0,0
4557,0913,0,0
4557,0914,0,0
4558,0901,0,0
4558,0902,0,0
4558,0903,0,0
4558,0904,0,0
4558,0905,0,0
4558,0906,0,0
4558,0907,0,0
4558,0908,0,0
4558,0909,0,0
4558,0910,0,0
4558,0911,0,0
4558,0912,0,0
4558,0913,0,0
4558,0914,0,0
4559,0901,0,0
4559,0902,0,0
4559,0903,0,0
4559,0904,0,0
4559,0905,0,0
4559,0906,0,0
4559,0907,0,0
4559,0908,0,0
4559,0909,0,0
4559,0910,0,0
4559,0911,0,0
4559,0912,0,0
4559,0913,0,0
4559,0914,0,0
4560,0901,0,0
4560,0902,0,0
4560,0903,0,0
4560,0904,0,0
4560,0905,0,0
4560,0906,0,0
4560,0907,0,0
4560,0908,0,0
4560,0909,0,0
4560,0910,0,0
4560,0911,0,0
4560,0912,0,0
4560,0913,0,0
4560,0914,0,0
4561,0901,0,0
4561,0902,0,0
4561,0903,0,0
4561,0904,0,0
4561,0905,0,0
4561,0906,0,0
4561,0907,0,0
4561,0908,0,0
4561,0909,0,0
4561,0910,0,0
4561,0911,0,0
4561,0912,0,0
4561,0913,0,0
4561,0914,0,0
4562,0901,0,0
4562,0902,0,0
4562,0903,0,0
4562,0904,0,0
4562,0905,0,0
4562,0906,0,0
4562,0907,0,0
4562,0908,0,0
4562,0909,0,0
4562,0910,0,0
4562,0911,0,0
4562,0912,0,0
4562,0913,0,0
4562,0914,0,0
4563,0901,0,0
4563,0902,0,0
4563,0903,0,0
4563,0904,0,0
4563,0905,0,0
4563,0906,0,0
4563,0907,0,0
4563,0908,0,0
4563,0909,0,0
4563,0910,0,0
4563,0911,0,0
4563,0912,0,0
4563,0913,0,0
4563,0914,0,0
4564,0901,0,0
4564,0902,0,0
4564,0903,0,0
4564,0904,0,0
4564,0905,0,0
4564,0906,0,0
4564,0907,0,0
4564,0908,0,0
4564,0909,0,0
4564,0910,0,0
4564,0911,0,0
4564,0912,0,0
4564,0913,0,0
4564,0914,0,0
4565,0901,0,0
4565,0902,0,0
4565,0903,0,0
4565,0904,0,0
4565,0905,0,0
4565,0906,0,0
4565,0907,0,0
4565,0908,0,0
4565,0909,0,0
4565,0910,0,0
4565,0911,0,0
4565,0912,0,0
4565,0913,0,0
4565,0914,0,0
4566,0901,0,0
4566,0902,0,0
4566,0903,0,0
4566,0904,0,0
4566,0905,0,0
4566,0906,0,0
4566,0907,0,0
4566,0908,0,0
4566,0909,0,0
4566,0910,0,0
4566,0911,0,0
4566,0912,0,0
4566,0913,0,0
4566,0914,1,0
4567,0901,0,0
4567,0902,0,0
4567,0903,0,0
4567,0904,0,0
4567,0905,0,0
4567,0906,0,0
4567,0907,0,0
4567,0908,0,0
4567,0909,0,0
4567,0910,0,0
4567,0911,0,0
4567,0912,0,0
4567,0913,0,0
4567,0914,0,0
4568,0901,0,0
4568,0902,0,0
4568,0903,0,0
4568,0904,0,0
4568,0905,0,0
4568,0906,0,0
4568,0907,0,0
4568,0908,0,0
4568,0909,0,0
4568,0910,0,0
4568,0911,0,0
4568,0912,0,0
4568,0913,0,0
4568,0914,0,0
4569,0901,0,0
4569,0902,0,0
4569,0903,0,0
4569,0904,0,0
4569,0905,0,0
4569,0906,0,0
4569,0907,0,0
4569,0908,0,0
4569,0909,0,0
4569,0910,0,0
4569,0911,0,0
4569,0912,0,0
4569,0913,0,0
4569,0914,0,0
4570,0901,0,0
4570,0902,0,0
4570,0903,0,0
4570,0904,0,0
4570,0905,0,0
4570,0906,0,0
4570,0907,0,0
4570,0908,0,0
4570,0909,0,0
4570,0910,0,0
4570,0911,0,0
4570,0912,0,0
4570,0913,0,0
4570,0914,0,0
4571,0901,0,0
4571,0902,0,0
4571,0903,0,0
4571,0904,0,0
4571,0905,0,0
4571,0906,0,0
4571,0907,0,0
4571,0908,0,0
4571,0909,0,0
4571,0910,0,0
4571,0911,0,0
4571,0912,0,0
4571,0913,0,0
4571,0914,0,0
4572,0901,0,0
4572,0902,0,0
4572,0903,0,0
4572,0904,0,0
4572,0905,0,0
4572,0906,0,0
4572,0907,0,0
4572,0908,0,0
4572,0909,0,0
4572,0910,0,0
4572,0911,0,0
4572,0912,0,0
4572,0913,0,0
4572,0914,0,0
4573,0901,0,0
4573,0902,0,0
4573,0903,0,0
4573,0904,0,0
4573,0905,0,0
4573,0906,0,0
4573,0907,0,0
4573,0908,0,0
4573,0909,0,0
4573,0910,0,0
4573,0911,0,0
4573,0912,0,0
4573,0913,0,0
4573,0914,0,0
4574,0901,0,0
4574,0902,0,0
4574,0903,0,0
4574,0904,0,0
4574,0905,0,0
4574,0906,0,0
4574,0907,0,0
4574,0908,0,0
4574,0909,0,0
4574,0910,0,0
4574,0911,0,0
4574,0912,0,0
4574,0913,0,0
4574,0914,0,0
4575,0901,0,0
4575,0902,0,0
4575,0903,0,0
4575,0904,0,0
4575,0905,0,0
4575,0906,0,0
4575,0907,0,0
4575,0908,0,0
4575,0909,0,0
4575,0910,0,0
4575,0911,0,0
4575,0912,0,0
4575,0913,0,0
4575,0914,0,0
4576,0901,0,0
4576,0902,0,0
4576,0903,0,0
4576,0904,0,0
4576,0905,0,0
4576,0906,0,0
4576,0907,0,0
4576,0908,0,0
4576,0909,0,0
4576,0910,0,0
4576,0911,0,0
4576,0912,0,0
4576,0913,0,0
4576,0914,0,0
4577,0901,0,0
4577,0902,0,0
4577,0903,0,0
4577,0904,0,0
4577,0905,0,0
4577,0906,0,0
4577,0907,0,0
4577,0908,0,0
4577,0909,0,0
4577,0910,0,0
4577,0911,0,0
4577,0912,0,0
4577,0913,0,0
4577,0914,0,0
4578,0901,0,0
4578,0902,0,0
4578,0903,0,0
4578,0904,0,0
4578,0905,0,0
4578,0906,0,0
4578,0907,0,0
4578,0908,0,0
4578,0909,0,0
4578,0910,0,0
4578,0911,0,0
4578,0912,0,0
4578,0913,0,0
4578,0914,0,0
4579,0901,0,0
4579,0902,0,0
4579,0903,0,0
4579,0904,0,0
4579,0905,0,0
4579,0906,0,0
4579,0907,0,0
4579,0908,0,0
4579,0909,0,0
4579,0910,0,0
4579,0911,0,0
4579,0912,0,0
4579,0913,0,0
4579,0914,0,0
4580,0901,0,0
4580,0902,0,0
4580,0903,0,0
4580,0904,0,0
4580,0905,0,0
4580,0906,0,0
4580,0907,0,0
4580,0908,0,0
4580,0909,0,0
4580,0910,0,0
4580,0911,0,0
4580,0912,0,0
4580,0913,0,0
4580,0914,0,0
4581,0901,0,0
4581,0902,0,0
4581,0903,0,0
4581,0904,0,0
4581,0905,0,0
4581,0906,0,0
4581,0907,0,0
4581,0908,0,0
4581,0909,0,0
4581,0910,0,0
4581,0911,0,0
4581,0912,0,0
4581,0913,0,0
4581,0914,0,0
4582,0901,0,0
4582,0902,0,0
4582,0903,0,0
4582,0904,0,0
4582,0905,0,0
4582,0906,0,0
4582,0907,0,0
4582,0908,0,0
4582,0909,0,0
4582,0910,0,0
4582,0911,0,0
4582,0912,0,0
4582,0913,0,0
4582,0914,0,0
4583,0901,0,0
4583,0902,0,0
4583,0903,0,0
4583,0904,0,0
4583,0905,0,0
4583,0906,0,0
4583,0907,0,0
4583,0908,0,0
4583,0909,0,0
4583,0910,0,0
4583,0911,0,0
4583,0912,0,0
4583,0913,1,0
4583,0914,0,0
4584,0901,0,0
4584,0902,0,0
4584,0903,0,0
4584,0904,0,0
4584,0905,0,0
4584,0906,0,0
4584,0907,0,0
4584,0908,1,0
4584,0909,0,0
4584,0910,0,0
4584,0911,1,0
4584,0912,0,0
4584,0913,0,0
4584,0914,0,0
4585,0901,0,0
4585,0902,0,0
4585,0903,0,0
4585,0904,0,0
4585,0905,0,0
4585,0906,0,0
4585,0907,0,0
4585,0908,0,0
4585,0909,0,0
4585,0910,0,0
4585,0911,0,0
4585,0912,0,0
4585,0913,0,0
4585,0914,0,0
4586,0901,0,0
4586,0902,0,0
4586,0903,0,0
4586,0904,0,0
4586,0905,0,0
4586,0906,0,0
4586,0907,0,0
4586,0908,0,0
4586,0909,0,0
4586,0910,0,0
4586,0911,0,0
4586,0912,0,0
4586,0913,0,0
4586,0914,0,0
4587,0901,0,0
4587,0902,0,0
4587,0903,0,0
4587,0904,0,0
4587,0905,0,0
4587,0906,0,0
4587,0907,0,0
4587,0908,0,0
4587,0909,0,0
4587,0910,0,0
4587,0911,0,0
4587,0912,0,0
4587,0913,0,0
4587,0914,0,0
4588,0901,0,0
4588,0902,0,0
4588,0903,0,0
4588,0904,0,0
4588,0905,0,0
4588,0906,0,0
4588,0907,0,0
4588,0908,0,0
4588,0909,0,0
4588,0910,0,0
4588,0911,0,0
4588,0912,0,0
4588,0913,0,0
4588,0914,0,0
4589,0901,0,0
4589,0902,0,0
4589,0903,0,0
4589,0904,0,0
4589,0905,0,0
4589,0906,0,0
4589,0907,0,0
4589,0908,0,0
4589,0909,0,0
4589,0910,0,0
4589,0911,0,0
4589,0912,0,0
4589,0913,0,0
4589,0914,0,0
4590,0901,0,0
4590,0902,0,0
4590,0903,0,0
4590,0904,0,0
4590,0905,0,0
4590,0906,0,0
4590,0907,0,0
4590,0908,0,0
4590,0909,0,0
4590,0910,0,0
4590,0911,0,0
4590,0912,0,0
4590,0913,0,0
4590,0914,0,0
4591,0901,0,0
4591,0902,0,0
4591,0903,0,0
4591,0904,0,0
4591,0905,0,0
4591,0906,0,0
4591,0907,0,0
4591,0908,0,0
4591,0909,0,0
4591,0910,0,0
4591,0911,0,0
4591,0912,0,0
4591,0913,0,0
4591,0914,0,0
4592,0901,0,0
4592,0902,0,0
4592,0903,0,0
4592,0904,0,0
4592,0905,0,0
4592,0906,0,0
4592,0907,0,0
4592,0908,0,0
4592,0909,0,0
4592,0910,0,0
4592,0911,0,0
4592,0912,0,0
4592,0913,0,0
4592,0914,0,0
4593,0901,0,0
4593,0902,0,0
4593,0903,0,0
4593,0904,0,0
4593,0905,0,0
4593,0906,0,0
4593,0907,0,0
4593,0908,0,0
4593,0909,0,0
4593,0910,0,0
4593,0911,0,0
4593,0912,0,0
4593,0913,0,0
4593,0914,0,0
4594,0901,0,0
4594,0902,0,0
4594,0903,0,0
4594,0904,0,0
4594,0905,0,0
4594,0906,0,0
4594,0907,0,0
4594,0908,0,0
4594,0909,0,0
4594,0910,0,0
4594,0911,0,0
4594,0912,0,0
4594,0913,0,0
4594,0914,0,0
4595,0901,0,0
4595,0902,0,0
4595,0903,0,0
4595,0904,0,0
4595,0905,0,0
4595,0906,0,0
4595,0907,0,0
4595,0908,0,0
4595,0909,0,0
4595,0910,0,0
4595,0911,0,0
4595,0912,0,0
4595,0913,0,0
4595,0914,0,0
4596,0901,0,0
4596,0902,0,0
4596,0903,0,0
4596,0904,0,0
4596,0905,0,0
4596,0906,0,0
4596,0907,0,0
4596,0908,0,0
4596,0909,0,0
4596,0910,0,0
4596,0911,0,0
4596,0912,1,0
4596,0913,0,0
4596,0914,0,0
4597,0901,0,0
4597,0902,0,0
4597,0903,0,0
4597,0904,0,0
4597,0905,0,0
4597,0906,0,0
4597,0907,0,0
4597,0908,0,0
4597,0909,0,0
4597,0910,0,0
4597,0911,0,0
4597,0912,0,0
4597,0913,0,0
4597,0914,0,0
4598,0901,0,0
4598,0902,0,0
4598,0903,0,0
4598,0904,0,0
4598,0905,0,0
4598,0906,0,0
4598,0907,0,0
4598,0908,0,0
4598,0909,0,0
4598,0910,1,0
4598,0911,0,0
4598,0912,0,0
4598,0913,0,0
4598,0914,0,0
4599,0901,0,0
4599,0902,0,0
4599,0903,0,0
4599,0904,0,0
4599,0905,0,0
4599,0906,0,0
4599,0907,0,0
4599,0908,0,0
4599,0909,0,0
4599,0910,0,0
4599,0911,0,0
4599,0912,0,0
4599,0913,0,0
4599,0914,0,0
4600,0901,0,0
4600,0902,0,0
4600,0903,0,0
4600,0904,0,0
4600,0905,0,0
4600,0906,0,0
4600,0907,0,0
4600,0908,0,0
4600,0909,0,0
4600,0910,0,0
4600,0911,0,0
4600,0912,0,0
4600,0913,0,0
4600,0914,0,0
4601,0901,0,0
4601,0902,0,0
4601,0903,0,0
4601,0904,0,0
4601,0905,0,0
4601,0906,0,0
4601,0907,0,0
4601,0908,0,0
4601,0909,0,0
4601,0910,0,0
4601,0911,0,0
4601,0912,0,0
4601,0913,0,0
4601,0914,0,0
4602,0901,0,0
4602,0902,0,0
4602,0903,0,0
4602,0904,0,0
4602,0905,0,0
4602,0906,0,0
4602,0907,0,0
4602,0908,0,0
4602,0909,0,0
4602,0910,0,0
4602,0911,0,0
4602,0912,0,0
4602,0913,0,0
4602,0914,0,0
4603,0901,0,0
4603,0902,0,0
4603,0903,0,0
4603,0904,0,0
4603,0905,0,0
4603,0906,0,0
4603,0907,0,0
4603,0908,0,0
4603,0909,0,0
4603,0910,0,0
4603,0911,0,0
4603,0912,0,0
4603,0913,0,0
4603,0914,0,0
4604,0901,0,0
4604,0902,0,0
4604,0903,0,0
4604,0904,0,0
4604,0905,0,0
4604,0906,0,0
4604,0907,0,0
4604,0908,0,0
4604,0909,0,0
4604,0910,0,0
4604,0911,0,0
4604,0912,0,0
4604,0913,0,0
4604,0914,0,0
4605,0901,0,0
4605,0902,0,0
4605,0903,0,0
4605,0904,0,0
4605,0905,0,0
4605,0906,0,0
4605,0907,0,0
4605,0908,0,0
4605,0909,0,0
4605,0910,0,0
4605,0911,0,0
4605,0912,0,0
4605,0913,0,0
4605,0914,0,0
4606,0901,0,0
4606,0902,0,0
4606,0903,0,0
4606,0904,0,0
4606,0905,0,0
4606,0906,0,0
4606,0907,0,0
4606,0908,0,0
4606,0909,0,0
4606,0910,0,0
4606,0911,0,0
4606,0912,0,0
4606,0913,0,0
4606,0914,0,0
4607,0901,0,0
4607,0902,0,0
4607,0903,0,0
4607,0904,0,0
4607,0905,0,0
4607,0906,0,0
4607,0907,0,0
4607,0908,0,0
4607,0909,0,0
4607,0910,0,0
4607,0911,0,0
4607,0912,0,0
4607,0913,0,0
4607,0914,0,0
4608,0901,0,0
4608,0902,0,0
4608,0903,0,0
4608,0904,0,0
4608,0905,0,0
4608,0906,0,0
4608,0907,0,0
4608,0908,0,0
4608,0909,0,0
4608,0910,0,0
4608,0911,0,0
4608,0912,0,0
4608,0913,0,0
4608,0914,0,0
4609,0901,0,0
4609,0902,0,0
4609,0903,0,0
4609,0904,0,0
4609,0905,0,0
4609,0906,0,0
4609,0907,0,0
4609,0908,0,0
4609,0909,0,0
4609,0910,0,0
4609,0911,0,0
4609,0912,0,0
4609,0913,0,0
4609,0914,0,0
4610,0901,0,0
4610,0902,0,0
4610,0903,0,0
4610,0904,0,0
4610,0905,0,0
4610,0906,0,0
4610,0907,0,0
4610,0908,0,0
4610,0909,0,0
4610,0910,0,0
4610,0911,0,0
4610,0912,0,0
4610,0913,0,0
4610,0914,0,0
4611,0901,0,0
4611,0902,0,0
4611,0903,0,0
4611,0904,0,0
4611,0905,0,0
4611,0906,0,0
4611,0907,0,0
4611,0908,0,0
4611,0909,0,0
4611,0910,0,0
4611,0911,0,0
4611,0912,0,0
4611,0913,0,0
4611,0914,0,0
4612,0901,0,0
4612,0902,0,0
4612,0903,0,0
4612,0904,0,0
4612,0905,0,0
4612,0906,0,0
4612,0907,0,0
4612,0908,0,0
4612,0909,0,0
4612,0910,0,0
4612,0911,0,0
4612,0912,0,0
4612,0913,0,0
4612,0914,0,0
4613,0901,0,0
4613,0902,0,0
4613,0903,0,0
4613,0904,0,0
4613,0905,0,0
4613,0906,0,0
4613,0907,0,0
4613,0908,0,0
4613,0909,0,0
4613,0910,0,0
4613,0911,0,0
4613,0912,0,0
4613,0913,0,0
4613,0914,0,0
4614,0901,0,0
4614,0902,0,0
4614,0903,0,0
4614,0904,0,0
4614,0905,0,0
4614,0906,0,0
4614,0907,0,0
4614,0908,0,0
4614,0909,0,0
4614,0910,0,0
4614,0911,0,0
4614,0912,0,0
4614,0913,0,0
4614,0914,0,0
4615,0901,0,0
4615,0902,0,0
4615,0903,0,0
4615,0904,0,0
4615,0905,0,0
4615,0906,0,0
4615,0907,0,0
4615,0908,0,0
4615,0909,0,0
4615,0910,0,0
4615,0911,0,0
4615,0912,0,0
4615,0913,0,0
4615,0914,0,0
4616,0901,0,0
4616,0902,0,0
4616,0903,0,0
4616,0904,0,0
4616,0905,0,0
4616,0906,0,0
4616,0907,0,0
4616,0908,0,0
4616,0909,0,0
4616,0910,0,0
4616,0911,0,0
4616,0912,0,0
4616,0913,0,0
4616,0914,0,0
4617,0901,0,0
4617,0902,0,0
4617,0903,0,0
4617,0904,0,0
4617,0905,0,0
4617,0906,0,0
4617,0907,0,0
4617,0908,0,0
4617,0909,0,0
4617,0910,0,0
4617,0911,0,0
4617,0912,0,0
4617,0913,0,0
4617,0914,0,0
4618,0901,0,0
4618,0902,0,0
4618,0903,0,0
4618,0904,0,0
4618,0905,0,0
4618,0906,0,0
4618,0907,0,0
4618,0908,0,0
4618,0909,0,0
4618,0910,0,0
4618,0911,0,0
4618,0912,0,0
4618,0913,0,0
4618,0914,0,0
4619,0901,0,0
4619,0902,0,0
4619,0903,0,0
4619,0904,0,0
4619,0905,0,0
4619,0906,0,0
4619,0907,0,0
4619,0908,0,0
4619,0909,0,0
4619,0910,0,0
4619,0911,0,0
4619,0912,0,0
4619,0913,0,0
4619,0914,0,0
4620,0901,0,0
4620,0902,0,0
4620,0903,0,0
4620,0904,0,0
4620,0905,0,0
4620,0906,0,0
4620,0907,0,0
4620,0908,0,0
4620,0909,0,0
4620,0910,0,0
4620,0911,0,0
4620,0912,1,0
4620,0913,0,0
4620,0914,0,0
4621,0901,0,0
4621,0902,0,0
4621,0903,0,0
4621,0904,0,0
4621,0905,0,0
4621,0906,0,0
4621,0907,0,0
4621,0908,0,0
4621,0909,0,0
4621,0910,0,0
4621,0911,0,0
4621,0912,0,0
4621,0913,0,0
4621,0914,0,0
4622,0901,0,0
4622,0902,0,0
4622,0903,0,0
4622,0904,0,0
4622,0905,0,0
4622,0906,0,0
4622,0907,0,0
4622,0908,0,0
4622,0909,0,0
4622,0910,0,0
4622,0911,0,0
4622,0912,0,0
4622,0913,0,0
4622,0914,0,0
4623,0901,0,0
4623,0902,0,0
4623,0903,0,0
4623,0904,0,0
4623,0905,0,0
4623,0906,0,0
4623,0907,0,0
4623,0908,0,0
4623,0909,0,0
4623,0910,0,0
4623,0911,0,0
4623,0912,0,0
4623,0913,0,0
4623,0914,0,0
4624,0901,0,0
4624,0902,0,0
4624,0903,0,0
4624,0904,0,0
4624,0905,0,0
4624,0906,0,0
4624,0907,0,0
4624,0908,0,0
4624,0909,0,0
4624,0910,0,0
4624,0911,0,0
4624,0912,0,0
4624,0913,0,0
4624,0914,0,0
4625,0901,0,0
4625,0902,0,0
4625,0903,0,0
4625,0904,0,0
4625,0905,0,0
4625,0906,0,0
4625,0907,0,0
4625,0908,0,0
4625,0909,0,0
4625,0910,0,0
4625,0911,0,0
4625,0912,0,0
4625,0913,0,0
4625,0914,0,0
4626,0901,0,0
4626,0902,0,0
4626,0903,0,0
4626,0904,0,0
4626,0905,0,0
4626,0906,0,0
4626,0907,0,0
4626,0908,0,0
4626,0909,0,0
4626,0910,0,0
4626,0911,0,0
4626,0912,0,0
4626,0913,0,0
4626,0914,0,0
4627,0901,0,0
4627,0902,0,0
4627,0903,0,0
4627,0904,0,0
4627,0905,0,0
4627,0906,0,0
4627,0907,0,0
4627,0908,0,0
4627,0909,0,0
4627,0910,0,0
4627,0911,0,0
4627,0912,0,0
4627,0913,0,0
4627,0914,0,0
4628,0901,0,0
4628,0902,0,0
4628,0903,0,0
4628,0904,0,0
4628,0905,0,0
4628,0906,0,0
4628,0907,0,0
4628,0908,0,0
4628,0909,0,0
4628,0910,0,0
4628,0911,0,0
4628,0912,0,0
4628,0913,0,0
4628,0914,0,0
4629,0901,0,0
4629,0902,0,0
4629,0903,0,0
4629,0904,0,0
4629,0905,0,0
4629,0906,0,0
4629,0907,0,0
4629,0908,0,0
4629,0909,0,0
4629,0910,0,0
4629,0911,0,0
4629,0912,0,0
4629,0913,0,0
4629,0914,0,0
4630,0901,0,0
4630,0902,0,0
4630,0903,0,0
4630,0904,0,0
4630,0905,0,0
4630,0906,0,0
4630,0907,0,0
4630,0908,0,0
4630,0909,0,0
4630,0910,0,0
4630,0911,0,0
4630,0912,0,0
4630,0913,0,0
4630,0914,0,0
4631,0901,0,0
4631,0902,0,0
4631,0903,0,0
4631,0904,0,0
4631,0905,0,0
4631,0906,0,0
4631,0907,0,0
4631,0908,0,0
4631,0909,0,0
4631,0910,0,0
4631,0911,0,0
4631,0912,0,0
4631,0913,0,0
4631,0914,0,0
4632,0901,0,0
4632,0902,0,0
4632,0903,0,0
4632,0904,0,0
4632,0905,0,0
4632,0906,0,0
4632,0907,0,0
4632,0908,0,0
4632,0909,0,0
4632,0910,0,0
4632,0911,0,0
4632,0912,0,0
4632,0913,0,0
4632,0914,0,0
4633,0901,0,0
4633,0902,0,0
4633,0903,0,0
4633,0904,0,0
4633,0905,0,0
4633,0906,0,0
4633,0907,0,0
4633,0908,0,0
4633,0909,0,0
4633,0910,0,0
4633,0911,0,0
4633,0912,0,0
4633,0913,0,0
4633,0914,0,0
4634,0901,0,0
4634,0902,0,0
4634,0903,0,0
4634,0904,0,0
4634,0905,0,0
4634,0906,0,0
4634,0907,0,0
4634,0908,0,0
4634,0909,0,0
4634,0910,0,0
4634,0911,0,0
4634,0912,0,0
4634,0913,0,0
4634,0914,0,0
4635,0901,0,0
4635,0902,0,0
4635,0903,0,0
4635,0904,0,0
4635,0905,0,0
4635,0906,0,0
4635,0907,0,0
4635,0908,0,0
4635,0909,0,0
4635,0910,0,0
4635,0911,0,0
4635,0912,0,0
4635,0913,0,0
4635,0914,0,0
4636,0901,0,0
4636,0902,0,0
4636,0903,0,0
4636,0904,0,0
4636,0905,0,0
4636,0906,0,0
4636,0907,0,0
4636,0908,0,0
4636,0909,0,0
4636,0910,0,0
4636,0911,0,0
4636,0912,0,0
4636,0913,0,0
4636,0914,0,0
4637,0901,0,0
4637,0902,0,0
4637,0903,0,0
4637,0904,0,0
4637,0905,0,0
4637,0906,0,0
4637,0907,0,0
4637,0908,0,0
4637,0909,0,0
4637,0910,0,0
4637,0911,0,0
4637,0912,0,0
4637,0913,0,0
4637,0914,0,0
4638,0901,0,0
4638,0902,0,0
4638,0903,0,0
4638,0904,0,0
4638,0905,0,0
4638,0906,0,0
4638,0907,0,0
4638,0908,0,0
4638,0909,0,0
4638,0910,0,0
4638,0911,0,0
4638,0912,0,0
4638,0913,0,0
4638,0914,0,0
4639,0901,0,0
4639,0902,0,0
4639,0903,0,0
4639,0904,0,0
4639,0905,0,0
4639,0906,0,0
4639,0907,0,0
4639,0908,0,0
4639,0909,0,0
4639,0910,0,0
4639,0911,0,0
4639,0912,0,0
4639,0913,0,0
4639,0914,0,0
4640,0901,0,0
4640,0902,0,0
4640,0903,0,0
4640,0904,0,0
4640,0905,0,0
4640,0906,0,0
4640,0907,0,0
4640,0908,0,0
4640,0909,0,0
4640,0910,0,0
4640,0911,0,0
4640,0912,0,0
4640,0913,0,0
4640,0914,0,0
4641,0901,0,0
4641,0902,0,0
4641,0903,0,0
4641,0904,0,0
4641,0905,0,0
4641,0906,0,0
4641,0907,0,0
4641,0908,0,0
4641,0909,0,0
4641,0910,0,0
4641,0911,0,0
4641,0912,0,0
4641,0913,0,0
4641,0914,0,0
4642,0901,0,0
4642,0902,0,0
4642,0903,0,0
4642,0904,0,0
4642,0905,0,0
4642,0906,0,0
4642,0907,0,0
4642,0908,0,0
4642,0909,0,0
4642,0910,0,0
4642,0911,0,0
4642,0912,0,0
4642,0913,0,0
4642,0914,0,0
4643,0901,0,0
4643,0902,0,0
4643,0903,0,0
4643,0904,0,0
4643,0905,0,0
4643,0906,0,0
4643,0907,0,0
4643,0908,0,0
4643,0909,0,0
4643,0910,0,0
4643,0911,1,0
4643,0912,0,0
4643,0913,0,0
4643,0914,0,0
4644,0901,0,0
4644,0902,0,0
4644,0903,0,0
4644,0904,0,0
4644,0905,0,0
4644,0906,0,0
4644,0907,0,0
4644,0908,0,0
4644,0909,0,0
4644,0910,0,0
4644,0911,0,0
4644,0912,0,0
4644,0913,0,0
4644,0914,0,0
4645,0901,0,0
4645,0902,0,0
4645,0903,0,0
4645,0904,0,0
4645,0905,0,0
4645,0906,0,0
4645,0907,0,0
4645,0908,0,0
4645,0909,0,0
4645,0910,0,0
4645,0911,0,0
4645,0912,0,0
4645,0913,0,0
4645,0914,0,0
4646,0901,0,0
4646,0902,0,0
4646,0903,0,0
4646,0904,0,0
4646,0905,0,0
4646,0906,0,0
4646,0907,0,0
4646,0908,0,0
4646,0909,0,0
4646,0910,0,0
4646,0911,0,0
4646,0912,0,0
4646,0913,0,0
4646,0914,0,0
4647,0901,0,0
4647,0902,0,0
4647,0903,0,0
4647,0904,0,0
4647,0905,0,0
4647,0906,0,0
4647,0907,0,0
4647,0908,0,0
4647,0909,0,0
4647,0910,1,0
4647,0911,0,0
4647,0912,0,0
4647,0913,0,0
4647,0914,0,0
4648,0901,0,0
4648,0902,0,0
4648,0903,0,0
4648,0904,0,0
4648,0905,0,0
4648,0906,0,0
4648,0907,0,0
4648,0908,0,0
4648,0909,0,0
4648,0910,0,0
4648,0911,0,0
4648,0912,0,0
4648,0913,0,0
4648,0914,0,0
4649,0901,0,0
4649,0902,0,0
4649,0903,0,0
4649,0904,0,0
4649,0905,0,0
4649,0906,0,0
4649,0907,0,0
4649,0908,0,0
4649,0909,0,0
4649,0910,0,0
4649,0911,0,0
4649,0912,0,0
4649,0913,0,0
4649,0914,0,0
4650,0901,0,0
4650,0902,0,0
4650,0903,0,0
4650,0904,0,0
4650,0905,0,0
4650,0906,0,0
4650,0907,0,0
4650,0908,0,0
4650,0909,0,0
4650,0910,0,0
4650,0911,0,0
4650,0912,0,0
4650,0913,0,0
4650,0914,0,0
4651,0901,0,0
4651,0902,0,0
4651,0903,0,0
4651,0904,0,0
4651,0905,0,0
4651,0906,0,0
4651,0907,0,0
4651,0908,0,0
4651,0909,0,0
4651,0910,0,0
4651,0911,0,0
4651,0912,0,0
4651,0913,0,0
4651,0914,0,0
4652,0901,0,0
4652,0902,0,0
4652,0903,0,0
4652,0904,0,0
4652,0905,0,0
4652,0906,0,0
4652,0907,0,0
4652,0908,0,0
4652,0909,0,0
4652,0910,0,0
4652,0911,0,0
4652,0912,0,0
4652,0913,0,0
4652,0914,0,0
4653,0901,0,0
4653,0902,0,0
4653,0903,0,0
4653,0904,0,0
4653,0905,0,0
4653,0906,0,0
4653,0907,0,0
4653,0908,0,0
4653,0909,0,0
4653,0910,0,0
4653,0911,0,0
4653,0912,0,0
4653,0913,0,0
4653,0914,0,0
4654,0901,0,0
4654,0902,0,0
4654,0903,0,0
4654,0904,0,0
4654,0905,0,0
4654,0906,0,0
4654,0907,0,0
4654,0908,0,0
4654,0909,0,0
4654,0910,0,0
4654,0911,0,0
4654,0912,0,0
4654,0913,0,0
4654,0914,0,0
4655,0901,0,0
4655,0902,0,0
4655,0903,0,0
4655,0904,0,0
4655,0905,0,0
4655,0906,0,0
4655,0907,0,0
4655,0908,0,0
4655,0909,0,0
4655,0910,0,0
4655,0911,0,0
4655,0912,0,0
4655,0913,0,0
4655,0914,0,0
4656,0901,0,0
4656,0902,0,0
4656,0903,0,0
4656,0904,0,0
4656,0905,0,0
4656,0906,0,0
4656,0907,0,0
4656,0908,0,0
4656,0909,0,0
4656,0910,0,0
4656,0911,0,0
4656,0912,0,0
4656,0913,0,0
4656,0914,0,0
4657,0901,0,0
4657,0902,0,0
4657,0903,0,0
4657,0904,0,0
4657,0905,0,0
4657,0906,0,0
4657,0907,0,0
4657,0908,0,0
4657,0909,0,0
4657,0910,0,0
4657,0911,0,0
4657,0912,0,0
4657,0913,0,0
4657,0914,0,0
4658,0901,0,0
4658,0902,0,0
4658,0903,0,0
4658,0904,0,0
4658,0905,0,0
4658,0906,0,0
4658,0907,0,0
4658,0908,0,0
4658,0909,0,0
4658,0910,0,0
4658,0911,0,0
4658,0912,0,0
4658,0913,0,0
4658,0914,0,0
4659,0901,0,0
4659,0902,0,0
4659,0903,0,0
4659,0904,0,0
4659,0905,0,0
4659,0906,0,0
4659,0907,0,0
4659,0908,0,0
4659,0909,0,0
4659,0910,0,0
4659,0911,0,0
4659,0912,0,0
4659,0913,0,0
4659,0914,0,0
4660,0901,0,0
4660,0902,0,0
4660,0903,0,0
4660,0904,0,0
4660,0905,0,0
4660,0906,0,0
4660,0907,0,0
4660,0908,0,0
4660,0909,0,0
4660,0910,0,0
4660,0911,0,0
4660,0912,0,0
4660,0913,0,0
4660,0914,0,0
4661,0901,0,0
4661,0902,0,0
4661,0903,0,0
4661,0904,0,0
4661,0905,0,0
4661,0906,0,0
4661,0907,0,0
4661,0908,0,0
4661,0909,0,0
4661,0910,0,0
4661,0911,0,0
4661,0912,0,0
4661,0913,0,0
4661,0914,0,0
4662,0901,0,0
4662,0902,0,0
4662,0903,0,0
4662,0904,0,0
4662,0905,0,0
4662,0906,0,0
4662,0907,0,0
4662,0908,0,0
4662,0909,0,0
4662,0910,0,0
4662,0911,0,0
4662,0912,0,0
4662,0913,0,0
4662,0914,0,0
4663,0901,0,0
4663,0902,0,0
4663,0903,0,0
4663,0904,0,0
4663,0905,0,0
4663,0906,0,0
4663,0907,0,0
4663,0908,0,0
4663,0909,0,0
4663,0910,0,0
4663,0911,0,0
4663,0912,0,0
4663,0913,0,0
4663,0914,0,0
4664,0901,0,0
4664,0902,0,0
4664,0903,0,0
4664,0904,0,0
4664,0905,0,0
4664,0906,0,0
4664,0907,0,0
4664,0908,0,0
4664,0909,0,0
4664,0910,0,0
4664,0911,0,0
4664,0912,0,0
4664,0913,0,0
4664,0914,0,0
4665,0901,0,0
4665,0902,0,0
4665,0903,0,0
4665,0904,0,0
4665,0905,0,0
4665,0906,0,0
4665,0907,0,0
4665,0908,0,0
4665,0909,0,0
4665,0910,0,0
4665,0911,0,0
4665,0912,0,0
4665,0913,0,0
4665,0914,0,0
4666,0901,0,0
4666,0902,0,0
4666,0903,0,0
4666,0904,0,0
4666,0905,0,0
4666,0906,0,0
4666,0907,0,0
4666,0908,0,0
4666,0909,0,0
4666,0910,0,0
4666,0911,0,0
4666,0912,0,0
4666,0913,0,0
4666,0914,0,0
4667,0901,0,0
4667,0902,0,0
4667,0903,0,0
4667,0904,0,0
4667,0905,0,0
4667,0906,0,0
4667,0907,0,0
4667,0908,0,0
4667,0909,0,0
4667,0910,0,0
4667,0911,0,0
4667,0912,0,0
4667,0913,0,0
4667,0914,0,0
4668,0901,0,0
4668,0902,0,0
4668,0903,0,0
4668,0904,0,0
4668,0905,0,0
4668,0906,0,0
4668,0907,0,0
4668,0908,0,0
4668,0909,0,0
4668,0910,0,0
4668,0911,0,0
4668,0912,0,0
4668,0913,0,0
4668,0914,0,0
4669,0901,0,0
4669,0902,0,0
4669,0903,0,0
4669,0904,0,0
4669,0905,0,0
4669,0906,0,0
4669,0907,0,0
4669,0908,0,0
4669,0909,0,0
4669,0910,0,0
4669,0911,0,0
4669,0912,0,0
4669,0913,0,0
4669,0914,0,0
4670,0901,0,0
4670,0902,0,0
4670,0903,0,0
4670,0904,0,0
4670,0905,0,0
4670,0906,0,0
4670,0907,0,0
4670,0908,0,0
4670,0909,0,0
4670,0910,0,0
4670,0911,0,0
4670,0912,0,0
4670,0913,0,0
4670,0914,0,0
4671,0901,1,0
4671,0902,0,0
4671,0903,0,0
4671,0904,0,0
4671,0905,0,0
4671,0906,0,0
4671,0907,0,0
4671,0908,0,0
4671,0909,0,0
4671,0910,0,0
4671,0911,0,0
4671,0912,0,0
4671,0913,0,0
4671,0914,0,0
4672,0901,0,0
4672,0902,0,0
4672,0903,0,0
4672,0904,0,0
4672,0905,0,0
4672,0906,0,0
4672,0907,0,0
4672,0908,0,0
4672,0909,0,0
4672,0910,0,0
4672,0911,0,0
4672,0912,0,0
4672,0913,0,0
4672,0914,0,0
4673,0901,0,0
4673,0902,0,0
4673,0903,0,0
4673,0904,0,0
4673,0905,0,0
4673,0906,0,0
4673,0907,0,0
4673,0908,0,0
4673,0909,0,0
4673,0910,0,0
4673,0911,0,0
4673,0912,0,0
4673,0913,0,0
4673,0914,0,0
4674,0901,0,0
4674,0902,0,0
4674,0903,0,0
4674,0904,0,0
4674,0905,0,0
4674,0906,0,0
4674,0907,0,0
4674,0908,0,0
4674,0909,0,0
4674,0910,0,0
4674,0911,0,0
4674,0912,0,0
4674,0913,0,0
4674,0914,0,0
4675,0901,0,0
4675,0902,0,0
4675,0903,0,0
4675,0904,0,0
4675,0905,0,0
4675,0906,0,0
4675,0907,0,0
4675,0908,0,0
4675,0909,0,0
4675,0910,0,0
4675,0911,0,0
4675,0912,0,0
4675,0913,0,0
4675,0914,0,0
4676,0901,0,0
4676,0902,0,0
4676,0903,0,0
4676,0904,0,0
4676,0905,0,0
4676,0906,0,0
4676,0907,0,0
4676,0908,0,0
4676,0909,0,0
4676,0910,0,0
4676,0911,0,0
4676,0912,0,0
4676,0913,0,0
4676,0914,0,0
4677,0901,0,0
4677,0902,0,0
4677,0903,0,0
4677,0904,0,0
4677,0905,0,0
4677,0906,0,0
4677,0907,0,0
4677,0908,0,0
4677,0909,0,0
4677,0910,0,0
4677,0911,0,0
4677,0912,0,0
4677,0913,0,0
4677,0914,0,0
4678,0901,0,0
4678,0902,0,0
4678,0903,0,0
4678,0904,0,0
4678,0905,0,0
4678,0906,0,0
4678,0907,0,0
4678,0908,0,0
4678,0909,0,0
4678,0910,0,0
4678,0911,0,0
4678,0912,0,0
4678,0913,0,0
4678,0914,0,0
4679,0901,0,0
4679,0902,0,0
4679,0903,0,0
4679,0904,0,0
4679,0905,0,0
4679,0906,0,0
4679,0907,0,0
4679,0908,0,0
4679,0909,0,0
4679,0910,0,0
4679,0911,0,0
4679,0912,0,0
4679,0913,0,0
4679,0914,0,0
4680,0901,0,0
4680,0902,0,0
4680,0903,0,0
4680,0904,0,0
4680,0905,0,0
4680,0906,0,0
4680,0907,0,0
4680,0908,0,0
4680,0909,0,0
4680,0910,0,0
4680,0911,0,0
4680,0912,0,0
4680,0913,0,0
4680,0914,0,0
4681,0901,0,0
4681,0902,0,0
4681,0903,0,0
4681,0904,0,0
4681,0905,0,0
4681,0906,0,0
4681,0907,0,0
4681,0908,0,0
4681,0909,0,0
4681,0910,0,0
4681,0911,0,0
4681,0912,0,0
4681,0913,0,0
4681,0914,0,0
4682,0901,0,0
4682,0902,0,0
4682,0903,0,0
4682,0904,0,0
4682,0905,0,0
4682,0906,0,0
4682,0907,0,0
4682,0908,0,0
4682,0909,0,0
4682,0910,0,0
4682,0911,0,0
4682,0912,0,0
4682,0913,0,0
4682,0914,0,0
4683,0901,0,0
4683,0902,0,0
4683,0903,0,0
4683,0904,0,0
4683,0905,0,0
4683,0906,0,0
4683,0907,0,0
4683,0908,0,0
4683,0909,0,0
4683,0910,0,0
4683,0911,0,0
4683,0912,0,0
4683,0913,0,0
4683,0914,0,0
4684,0901,0,0
4684,0902,0,0
4684,0903,0,0
4684,0904,0,0
4684,0905,0,0
4684,0906,0,0
4684,0907,0,0
4684,0908,0,0
4684,0909,0,0
4684,0910,0,0
4684,0911,0,0
4684,0912,0,0
4684,0913,0,0
4684,0914,0,0
4685,0901,0,0
4685,0902,0,0
4685,0903,0,0
4685,0904,0,0
4685,0905,0,0
4685,0906,0,0
4685,0907,0,0
4685,0908,0,0
4685,0909,0,0
4685,0910,0,0
4685,0911,0,0
4685,0912,0,0
4685,0913,0,0
4685,0914,0,0
4686,0901,0,0
4686,0902,0,0
4686,0903,0,0
4686,0904,0,0
4686,0905,0,0
4686,0906,0,0
4686,0907,1,0
4686,0908,0,0
4686,0909,0,0
4686,0910,0,0
4686,0911,0,0
4686,0912,0,0
4686,0913,0,0
4686,0914,0,0
4687,0901,0,0
4687,0902,0,0
4687,0903,0,0
4687,0904,0,0
4687,0905,0,0
4687,0906,0,0
4687,0907,0,0
4687,0908,0,0
4687,0909,0,0
4687,0910,0,0
4687,0911,0,0
4687,0912,0,0
4687,0913,0,0
4687,0914,0,0
4688,0901,0,0
4688,0902,0,0
4688,0903,0,0
4688,0904,0,0
4688,0905,0,0
4688,0906,0,0
4688,0907,0,0
4688,0908,0,0
4688,0909,0,0
4688,0910,0,0
4688,0911,0,0
4688,0912,0,0
4688,0913,0,0
4688,0914,0,0
4689,0901,0,0
4689,0902,0,0
4689,0903,0,0
4689,0904,0,0
4689,0905,0,0
4689,0906,0,0
4689,0907,0,0
4689,0908,0,0
4689,0909,0,0
4689,0910,0,0
4689,0911,0,0
4689,0912,0,0
4689,0913,0,0
4689,0914,0,0
4690,0901,0,0
4690,0902,0,0
4690,0903,0,0
4690,0904,0,0
4690,0905,1,0
4690,0906,0,0
4690,0907,0,0
4690,0908,0,0
4690,0909,0,0
4690,0910,0,0
4690,0911,0,0
4690,0912,0,0
4690,0913,0,0
4690,0914,0,0
4691,0901,0,0
4691,0902,0,0
4691,0903,0,0
4691,0904,0,0
4691,0905,0,0
4691,0906,0,0
4691,0907,0,0
4691,0908,0,0
4691,0909,0,0
4691,0910,0,0
4691,0911,1,0
4691,0912,0,0
4691,0913,0,0
4691,0914,0,0
4692,0901,0,0
4692,0902,0,0
4692,0903,0,0
4692,0904,0,0
4692,0905,0,0
4692,0906,0,0
4692,0907,0,0
4692,0908,0,0
4692,0909,0,0
4692,0910,0,0
4692,0911,0,0
4692,0912,0,0
4692,0913,0,0
4692,0914,0,0
4693,0901,0,0
4693,0902,0,0
4693,0903,0,0
4693,0904,0,0
4693,0905,0,0
4693,0906,0,0
4693,0907,0,0
4693,0908,0,0
4693,0909,0,0
4693,0910,0,0
4693,0911,0,0
4693,0912,0,0
4693,0913,0,0
4693,0914,0,0
4694,0901,0,0
4694,0902,0,0
4694,0903,0,0
4694,0904,0,0
4694,0905,0,0
4694,0906,0,0
4694,0907,0,0
4694,0908,0,0
4694,0909,0,0
4694,0910,0,0
4694,0911,0,0
4694,0912,0,0
4694,0913,0,0
4694,0914,0,0
4695,0901,0,0
4695,0902,0,0
4695,0903,0,0
4695,0904,0,0
4695,0905,0,0
4695,0906,0,0
4695,0907,0,0
4695,0908,0,0
4695,0909,0,0
4695,0910,0,0
4695,0911,0,0
4695,0912,0,0
4695,0913,0,0
4695,0914,0,0
4696,0901,0,0
4696,0902,0,0
4696,0903,0,0
4696,0904,0,0
4696,0905,0,0
4696,0906,0,0
4696,0907,0,0
4696,0908,0,0
4696,0909,0,0
4696,0910,0,0
4696,0911,0,0
4696,0912,0,0
4696,0913,0,0
4696,0914,0,0
4697,0901,0,0
4697,0902,0,0
4697,0903,0,0
4697,0904,0,0
4697,0905,0,0
4697,0906,0,0
4697,0907,0,0
4697,0908,0,0
4697,0909,0,0
4697,0910,0,0
4697,0911,0,0
4697,0912,0,0
4697,0913,0,0
4697,0914,0,0
4698,0901,0,0
4698,0902,0,0
4698,0903,0,0
4698,0904,0,0
4698,0905,0,0
4698,0906,0,0
4698,0907,0,0
4698,0908,0,0
4698,0909,0,0
4698,0910,0,0
4698,0911,0,0
4698,0912,0,0
4698,0913,0,0
4698,0914,0,0
4699,0901,0,0
4699,0902,0,0
4699,0903,0,0
4699,0904,0,0
4699,0905,0,0
4699,0906,0,0
4699,0907,0,0
4699,0908,0,0
4699,0909,0,0
4699,0910,0,0
4699,0911,0,0
4699,0912,0,0
4699,0913,0,0
4699,0914,0,0
4700,0901,0,0
4700,0902,0,0
4700,0903,0,0
4700,0904,0,0
4700,0905,0,0
4700,0906,0,0
4700,0907,0,0
4700,0908,0,0
4700,0909,0,0
4700,0910,0,0
4700,0911,0,0
4700,0912,0,0
4700,0913,0,0
4700,0914,0,0
4701,0901,0,0
4701,0902,0,0
4701,0903,0,0
4701,0904,0,0
4701,0905,0,0
4701,0906,0,0
4701,0907,0,0
4701,0908,0,0
4701,0909,0,0
4701,0910,0,0
4701,0911,0,0
4701,0912,0,0
4701,0913,0,0
4701,0914,0,0
4702,0901,0,0
4702,0902,0,0
4702,0903,0,0
4702,0904,0,0
4702,0905,0,0
4702,0906,0,0
4702,0907,0,0
4702,0908,0,0
4702,0909,0,0
4702,0910,0,0
4702,0911,0,0
4702,0912,0,0
4702,0913,0,0
4702,0914,0,0
4703,0901,0,0
4703,0902,0,0
4703,0903,0,0
4703,0904,0,0
4703,0905,0,0
4703,0906,0,0
4703,0907,0,0
4703,0908,0,0
4703,0909,0,0
4703,0910,0,0
4703,0911,0,0
4703,0912,0,0
4703,0913,0,0
4703,0914,0,0
4704,0901,0,0
4704,0902,0,0
4704,0903,0,0
4704,0904,0,0
4704,0905,0,0
4704,0906,0,0
4704,0907,0,0
4704,0908,0,0
4704,0909,0,0
4704,0910,0,0
4704,0911,0,0
4704,0912,0,0
4704,0913,0,0
4704,0914,0,0
4705,0901,0,0
4705,0902,0,0
4705,0903,0,0
4705,0904,0,0
4705,0905,0,0
4705,0906,0,0
4705,0907,0,0
4705,0908,0,0
4705,0909,0,0
4705,0910,0,0
4705,0911,0,0
4705,0912,0,0
4705,0913,0,0
4705,0914,0,0
4706,0901,0,0
4706,0902,0,0
4706,0903,0,0
4706,0904,0,0
4706,0905,0,0
4706,0906,0,0
4706,0907,0,0
4706,0908,0,0
4706,0909,0,0
4706,0910,0,0
4706,0911,0,0
4706,0912,0,0
4706,0913,0,0
4706,0914,0,0
4707,0901,0,0
4707,0902,0,0
4707,0903,0,0
4707,0904,0,0
4707,0905,0,0
4707,0906,0,0
4707,0907,0,0
4707,0908,0,0
4707,0909,0,0
4707,0910,0,0
4707,0911,0,0
4707,0912,0,0
4707,0913,0,0
4707,0914,0,0
4708,0901,0,0
4708,0902,0,0
4708,0903,0,0
4708,0904,0,0
4708,0905,0,0
4708,0906,0,0
4708,0907,0,0
4708,0908,0,0
4708,0909,0,0
4708,0910,0,0
4708,0911,0,0
4708,0912,0,0
4708,0913,0,0
4708,0914,0,0
4709,0901,0,0
4709,0902,0,0
4709,0903,0,0
4709,0904,0,0
4709,0905,0,0
4709,0906,0,0
4709,0907,0,0
4709,0908,0,0
4709,0909,0,0
4709,0910,0,0
4709,0911,0,0
4709,0912,0,0
4709,0913,0,0
4709,0914,0,0
4710,0901,0,0
4710,0902,0,0
4710,0903,0,0
4710,0904,0,0
4710,0905,0,0
4710,0906,0,0
4710,0907,0,0
4710,0908,0,0
4710,0909,0,0
4710,0910,0,0
4710,0911,0,0
4710,0912,0,0
4710,0913,0,0
4710,0914,0,0
4711,0901,0,0
4711,0902,0,0
4711,0903,0,0
4711,0904,0,0
4711,0905,0,0
4711,0906,0,0
4711,0907,0,0
4711,0908,0,0
4711,0909,0,0
4711,0910,0,0
4711,0911,0,0
4711,0912,0,0
4711,0913,0,0
4711,0914,0,0
4712,0901,0,0
4712,0902,0,0
4712,0903,0,0
4712,0904,0,0
4712,0905,0,0
4712,0906,0,0
4712,0907,0,0
4712,0908,0,0
4712,0909,0,0
4712,0910,0,0
4712,0911,0,0
4712,0912,0,0
4712,0913,0,0
4712,0914,1,0
4713,0901,0,0
4713,0902,0,0
4713,0903,0,0
4713,0904,0,0
4713,0905,0,0
4713,0906,0,0
4713,0907,0,0
4713,0908,0,0
4713,0909,0,0
4713,0910,0,0
4713,0911,0,0
4713,0912,0,0
4713,0913,0,0
4713,0914,0,0
4714,0901,0,0
4714,0902,0,0
4714,0903,0,0
4714,0904,0,0
4714,0905,0,0
4714,0906,0,0
4714,0907,0,0
4714,0908,0,0
4714,0909,0,0
4714,0910,0,0
4714,0911,0,0
4714,0912,0,0
4714,0913,0,0
4714,0914,0,0
4715,0901,0,0
4715,0902,0,0
4715,0903,0,0
4715,0904,0,0
4715,0905,0,0
4715,0906,0,0
4715,0907,0,0
4715,0908,0,0
4715,0909,0,0
4715,0910,0,0
4715,0911,0,0
4715,0912,0,0
4715,0913,0,0
4715,0914,0,0
4716,0901,0,0
4716,0902,0,0
4716,0903,0,0
4716,0904,0,0
4716,0905,0,0
4716,0906,0,0
4716,0907,0,0
4716,0908,0,0
4716,0909,0,0
4716,0910,0,0
4716,0911,0,0
4716,0912,0,0
4716,0913,0,0
4716,0914,0,0
4717,0901,0,0
4717,0902,0,0
4717,0903,0,0
4717,0904,0,0
4717,0905,0,0
4717,0906,0,0
4717,0907,0,0
4717,0908,0,0
4717,0909,0,0
4717,0910,0,0
4717,0911,0,0
4717,0912,0,0
4717,0913,0,0
4717,0914,0,0
4718,0901,0,0
4718,0902,0,0
4718,0903,0,0
4718,0904,0,0
4718,0905,0,0
4718,0906,0,0
4718,0907,0,0
4718,0908,0,0
4718,0909,0,0
4718,0910,0,0
4718,0911,0,0
4718,0912,0,0
4718,0913,0,0
4718,0914,0,0
4719,0901,0,0
4719,0902,0,0
4719,0903,0,0
4719,0904,0,0
4719,0905,0,0
4719,0906,0,0
4719,0907,0,0
4719,0908,0,0
4719,0909,0,0
4719,0910,0,0
4719,0911,0,0
4719,0912,0,0
4719,0913,0,0
4719,0914,0,0
4720,0901,0,0
4720,0902,0,0
4720,0903,0,0
4720,0904,0,0
4720,0905,0,0
4720,0906,0,0
4720,0907,0,0
4720,0908,0,0
4720,0909,0,0
4720,0910,0,0
4720,0911,0,0
4720,0912,0,0
4720,0913,0,0
4720,0914,0,0
4721,0901,0,0
4721,0902,0,0
4721,0903,0,0
4721,0904,0,0
4721,0905,0,0
4721,0906,0,0
4721,0907,0,0
4721,0908,0,0
4721,0909,0,0
4721,0910,0,0
4721,0911,0,0
4721,0912,0,0
4721,0913,0,0
4721,0914,0,0
4722,0901,0,0
4722,0902,0,0
4722,0903,0,0
4722,0904,0,0
4722,0905,0,0
4722,0906,0,0
4722,0907,0,0
4722,0908,0,0
4722,0909,0,0
4722,0910,0,0
4722,0911,0,0
4722,0912,0,0
4722,0913,0,0
4722,0914,0,0
4723,0901,0,0
4723,0902,0,0
4723,0903,0,0
4723,0904,0,0
4723,0905,0,0
4723,0906,0,0
4723,0907,0,0
4723,0908,0,0
4723,0909,0,0
4723,0910,0,0
4723,0911,0,0
4723,0912,0,0
4723,0913,0,0
4723,0914,0,0
4724,0901,0,0
4724,0902,0,0
4724,0903,0,0
4724,0904,0,0
4724,0905,0,0
4724,0906,0,0
4724,0907,0,0
4724,0908,0,0
4724,0909,0,0
4724,0910,0,0
4724,0911,1,0
4724,0912,0,0
4724,0913,0,0
4724,0914,0,0
4725,0901,0,0
4725,0902,0,0
4725,0903,0,0
4725,0904,0,0
4725,0905,0,0
4725,0906,0,0
4725,0907,0,0
4725,0908,0,0
4725,0909,0,0
4725,0910,0,0
4725,0911,0,0
4725,0912,0,0
4725,0913,0,0
4725,0914,0,0
4726,0901,0,0
4726,0902,0,0
4726,0903,0,0
4726,0904,0,0
4726,0905,0,0
4726,0906,0,0
4726,0907,0,0
4726,0908,0,0
4726,0909,0,0
4726,0910,0,0
4726,0911,0,0
4726,0912,1,0
4726,0913,0,0
4726,0914,0,0
4727,0901,0,0
4727,0902,0,0
4727,0903,0,0
4727,0904,0,0
4727,0905,0,0
4727,0906,0,0
4727,0907,0,0
4727,0908,0,0
4727,0909,0,0
4727,0910,0,0
4727,0911,0,0
4727,0912,0,0
4727,0913,0,0
4727,0914,0,0
4728,0901,0,0
4728,0902,0,0
4728,0903,0,0
4728,0904,0,0
4728,0905,0,0
4728,0906,0,0
4728,0907,0,0
4728,0908,0,0
4728,0909,0,0
4728,0910,0,0
4728,0911,0,0
4728,0912,0,0
4728,0913,0,0
4728,0914,0,0
4729,0901,0,0
4729,0902,0,0
4729,0903,0,0
4729,0904,0,0
4729,0905,0,0
4729,0906,0,0
4729,0907,0,0
4729,0908,0,0
4729,0909,0,0
4729,0910,0,0
4729,0911,0,0
4729,0912,0,0
4729,0913,0,0
4729,0914,0,0
4730,0901,0,0
4730,0902,0,0
4730,0903,0,0
4730,0904,0,0
4730,0905,0,0
4730,0906,0,0
4730,0907,0,0
4730,0908,0,0
4730,0909,0,0
4730,0910,0,0
4730,0911,0,0
4730,0912,0,0
4730,0913,0,0
4730,0914,0,0
4731,0901,0,0
4731,0902,0,0
4731,0903,0,0
4731,0904,0,0
4731,0905,0,0
4731,0906,0,0
4731,0907,0,0
4731,0908,0,0
4731,0909,0,0
4731,0910,0,0
4731,0911,0,0
4731,0912,0,0
4731,0913,0,0
4731,0914,0,0
4732,0901,0,0
4732,0902,0,0
4732,0903,0,0
4732,0904,0,0
4732,0905,0,0
4732,0906,0,0
4732,0907,0,0
4732,0908,0,0
4732,0909,0,0
4732,0910,0,0
4732,0911,0,0
4732,0912,0,0
4732,0913,0,0
4732,0914,0,0
4733,0901,0,0
4733,0902,0,0
4733,0903,0,0
4733,0904,0,0
4733,0905,0,0
4733,0906,0,0
4733,0907,0,0
4733,0908,0,0
4733,0909,0,0
4733,0910,0,0
4733,0911,0,0
4733,0912,0,0
4733,0913,0,0
4733,0914,0,0
4734,0901,0,0
4734,0902,0,0
4734,0903,0,0
4734,0904,0,0
4734,0905,0,0
4734,0906,0,0
4734,0907,0,0
4734,0908,0,0
4734,0909,0,0
4734,0910,0,0
4734,0911,0,0
4734,0912,0,0
4734,0913,0,0
4734,0914,0,0
4735,0901,0,0
4735,0902,0,0
4735,0903,0,0
4735,0904,0,0
4735,0905,0,0
4735,0906,0,0
4735,0907,0,0
4735,0908,0,0
4735,0909,0,0
4735,0910,0,0
4735,0911,0,0
4735,0912,0,0
4735,0913,0,0
4735,0914,0,0
4736,0901,0,0
4736,0902,0,0
4736,0903,0,0
4736,0904,0,0
4736,0905,0,0
4736,0906,0,0
4736,0907,0,0
4736,0908,0,0
4736,0909,0,0
4736,0910,0,0
4736,0911,0,0
4736,0912,0,0
4736,0913,0,0
4736,0914,0,0
4737,0901,0,0
4737,0902,0,0
4737,0903,0,0
4737,0904,0,0
4737,0905,0,0
4737,0906,0,0
4737,0907,0,0
4737,0908,0,0
4737,0909,0,0
4737,0910,0,0
4737,0911,0,0
4737,0912,0,0
4737,0913,0,0
4737,0914,0,0
4738,0901,0,0
4738,0902,0,0
4738,0903,0,0
4738,0904,0,0
4738,0905,0,0
4738,0906,0,0
4738,0907,0,0
4738,0908,0,0
4738,0909,0,0
4738,0910,0,0
4738,0911,0,0
4738,0912,0,0
4738,0913,0,0
4738,0914,0,0
4739,0901,0,0
4739,0902,0,0
4739,0903,0,0
4739,0904,0,0
4739,0905,0,0
4739,0906,0,0
4739,0907,0,0
4739,0908,0,0
4739,0909,0,0
4739,0910,0,0
4739,0911,0,0
4739,0912,0,0
4739,0913,0,0
4739,0914,0,0
4740,0901,0,0
4740,0902,0,0
4740,0903,0,0
4740,0904,0,0
4740,0905,0,0
4740,0906,0,0
4740,0907,0,0
4740,0908,0,0
4740,0909,0,0
4740,0910,0,0
4740,0911,0,0
4740,0912,0,0
4740,0913,0,0
4740,0914,0,0
4741,0901,0,0
4741,0902,0,0
4741,0903,0,0
4741,0904,0,0
4741,0905,0,0
4741,0906,0,0
4741,0907,0,0
4741,0908,0,0
4741,0909,0,0
4741,0910,0,0
4741,0911,0,0
4741,0912,0,0
4741,0913,0,0
4741,0914,0,0
4742,0901,0,0
4742,0902,0,0
4742,0903,0,0
4742,0904,0,0
4742,0905,0,0
4742,0906,0,0
4742,0907,0,0
4742,0908,0,0
4742,0909,0,0
4742,0910,0,0
4742,0911,0,0
4742,0912,0,0
4742,0913,0,0
4742,0914,0,0
4743,0901,0,0
4743,0902,0,0
4743,0903,0,0
4743,0904,0,0
4743,0905,0,0
4743,0906,0,0
4743,0907,0,0
4743,0908,0,0
4743,0909,1,0
4743,0910,0,0
4743,0911,0,0
4743,0912,0,0
4743,0913,0,0
4743,0914,0,0
4744,0901,0,0
4744,0902,0,0
4744,0903,0,0
4744,0904,0,0
4744,0905,0,0
4744,0906,0,0
4744,0907,0,0
4744,0908,0,0
4744,0909,0,0
4744,0910,0,0
4744,0911,0,0
4744,0912,0,0
4744,0913,0,0
4744,0914,0,0
4745,0901,0,0
4745,0902,0,0
4745,0903,0,0
4745,0904,0,0
4745,0905,0,0
4745,0906,0,0
4745,0907,0,0
4745,0908,0,0
4745,0909,0,0
4745,0910,0,0
4745,0911,0,0
4745,0912,0,0
4745,0913,0,0
4745,0914,0,0
4746,0901,0,0
4746,0902,0,0
4746,0903,0,0
4746,0904,0,0
4746,0905,0,0
4746,0906,0,0
4746,0907,0,0
4746,0908,0,0
4746,0909,0,0
4746,0910,0,0
4746,0911,0,0
4746,0912,0,0
4746,0913,0,0
4746,0914,0,0
4747,0901,0,0
4747,0902,0,0
4747,0903,0,0
4747,0904,0,0
4747,0905,0,0
4747,0906,0,0
4747,0907,0,0
4747,0908,0,0
4747,0909,0,0
4747,0910,0,0
4747,0911,0,0
4747,0912,0,0
4747,0913,0,0
4747,0914,0,0
4748,0901,0,0
4748,0902,0,0
4748,0903,0,0
4748,0904,0,0
4748,0905,0,0
4748,0906,0,0
4748,0907,0,0
4748,0908,0,0
4748,0909,0,0
4748,0910,0,0
4748,0911,0,0
4748,0912,0,0
4748,0913,0,0
4748,0914,0,0
4749,0901,0,0
4749,0902,0,0
4749,0903,0,0
4749,0904,0,0
4749,0905,0,0
4749,0906,0,0
4749,0907,0,0
4749,0908,0,0
4749,0909,0,0
4749,0910,0,0
4749,0911,0,0
4749,0912,0,0
4749,0913,0,0
4749,0914,0,0
4750,0901,0,0
4750,0902,0,0
4750,0903,0,0
4750,0904,0,0
4750,0905,0,0
4750,0906,0,0
4750,0907,0,0
4750,0908,0,0
4750,0909,0,0
4750,0910,0,0
4750,0911,0,0
4750,0912,0,0
4750,0913,0,0
4750,0914,0,0
4751,0901,0,0
4751,0902,0,0
4751,0903,0,0
4751,0904,0,0
4751,0905,0,0
4751,0906,0,0
4751,0907,0,0
4751,0908,0,0
4751,0909,0,0
4751,0910,0,0
4751,0911,0,0
4751,0912,0,0
4751,0913,0,0
4751,0914,0,0
4752,0901,0,0
4752,0902,0,0
4752,0903,0,0
4752,0904,0,0
4752,0905,0,0
4752,0906,0,0
4752,0907,0,0
4752,0908,0,0
4752,0909,0,0
4752,0910,0,0
4752,0911,0,0
4752,0912,0,0
4752,0913,0,0
4752,0914,0,0
4753,0901,0,0
4753,0902,0,0
4753,0903,0,0
4753,0904,0,0
4753,0905,0,0
4753,0906,0,0
4753,0907,0,0
4753,0908,0,0
4753,0909,0,0
4753,0910,0,0
4753,0911,0,0
4753,0912,0,0
4753,0913,0,0
4753,0914,0,0
4754,0901,0,0
4754,0902,0,0
4754,0903,0,0
4754,0904,0,0
4754,0905,0,0
4754,0906,0,0
4754,0907,0,0
4754,0908,0,0
4754,0909,0,0
4754,0910,0,0
4754,0911,0,0
4754,0912,0,0
4754,0913,0,0
4754,0914,0,0
4755,0901,0,0
4755,0902,0,0
4755,0903,0,0
4755,0904,0,0
4755,0905,0,0
4755,0906,0,0
4755,0907,0,0
4755,0908,0,0
4755,0909,0,0
4755,0910,0,0
4755,0911,0,0
4755,0912,0,0
4755,0913,0,0
4755,0914,0,0
4756,0901,0,0
4756,0902,0,0
4756,0903,0,0
4756,0904,0,0
4756,0905,0,0
4756,0906,0,0
4756,0907,0,0
4756,0908,0,0
4756,0909,0,0
4756,0910,0,0
4756,0911,0,0
4756,0912,0,0
4756,0913,0,0
4756,0914,0,0
4757,0901,0,0
4757,0902,0,0
4757,0903,0,0
4757,0904,0,0
4757,0905,0,0
4757,0906,0,0
4757,0907,0,0
4757,0908,0,0
4757,0909,0,0
4757,0910,0,0
4757,0911,0,0
4757,0912,0,0
4757,0913,0,0
4757,0914,0,0
4758,0901,0,0
4758,0902,0,0
4758,0903,0,0
4758,0904,0,0
4758,0905,0,0
4758,0906,0,0
4758,0907,0,0
4758,0908,0,0
4758,0909,0,0
4758,0910,0,0
4758,0911,0,0
4758,0912,0,0
4758,0913,0,0
4758,0914,0,0
4759,0901,0,0
4759,0902,0,0
4759,0903,0,0
4759,0904,0,0
4759,0905,0,0
4759,0906,0,0
4759,0907,0,0
4759,0908,0,0
4759,0909,0,0
4759,0910,0,0
4759,0911,0,0
4759,0912,0,0
4759,0913,0,0
4759,0914,0,0
4760,0901,0,0
4760,0902,0,0
4760,0903,0,0
4760,0904,0,0
4760,0905,0,0
4760,0906,0,0
4760,0907,0,0
4760,0908,0,0
4760,0909,0,0
4760,0910,0,0
4760,0911,0,0
4760,0912,0,0
4760,0913,0,0
4760,0914,0,0
4761,0901,0,0
4761,0902,0,0
4761,0903,0,0
4761,0904,0,0
4761,0905,0,0
4761,0906,0,0
4761,0907,0,0
4761,0908,0,0
4761,0909,0,0
4761,0910,0,0
4761,0911,0,0
4761,0912,0,0
4761,0913,0,0
4761,0914,0,0
4762,0901,0,0
4762,0902,0,0
4762,0903,0,0
4762,0904,0,0
4762,0905,0,0
4762,0906,0,0
4762,0907,0,0
4762,0908,0,0
4762,0909,0,0
4762,0910,0,0
4762,0911,0,0
4762,0912,0,0
4762,0913,0,0
4762,0914,0,0
4763,0901,0,0
4763,0902,0,0
4763,0903,0,0
4763,0904,0,0
4763,0905,0,0
4763,0906,0,0
4763,0907,0,0
4763,0908,0,0
4763,0909,0,0
4763,0910,0,0
4763,0911,0,0
4763,0912,0,0
4763,0913,0,0
4763,0914,0,0
4764,0901,0,0
4764,0902,0,0
4764,0903,0,0
4764,0904,0,0
4764,0905,0,0
4764,0906,0,0
4764,0907,0,0
4764,0908,0,0
4764,0909,0,0
4764,0910,0,0
4764,0911,0,0
4764,0912,0,0
4764,0913,0,0
4764,0914,0,0
4765,0901,0,0
4765,0902,0,0
4765,0903,0,0
4765,0904,0,0
4765,0905,0,0
4765,0906,0,0
4765,0907,0,0
4765,0908,0,0
4765,0909,0,0
4765,0910,0,0
4765,0911,0,0
4765,0912,0,0
4765,0913,0,0
4765,0914,0,0
4766,0901,0,0
4766,0902,0,0
4766,0903,0,0
4766,0904,0,0
4766,0905,0,0
4766,0906,0,0
4766,0907,0,0
4766,0908,0,0
4766,0909,0,0
4766,0910,0,0
4766,0911,0,0
4766,0912,0,0
4766,0913,0,0
4766,0914,0,0
4767,0901,0,0
4767,0902,0,0
4767,0903,0,0
4767,0904,0,0
4767,0905,0,0
4767,0906,0,0
4767,0907,0,0
4767,0908,0,0
4767,0909,0,0
4767,0910,0,0
4767,0911,0,0
4767,0912,0,0
4767,0913,0,0
4767,0914,0,0
4768,0901,0,0
4768,0902,0,0
4768,0903,0,0
4768,0904,0,0
4768,0905,0,0
4768,0906,0,0
4768,0907,0,0
4768,0908,0,0
4768,0909,0,0
4768,0910,0,0
4768,0911,0,0
4768,0912,0,0
4768,0913,0,0
4768,0914,0,0
4769,0901,0,0
4769,0902,0,0
4769,0903,0,0
4769,0904,0,0
4769,0905,0,0
4769,0906,0,0
4769,0907,0,0
4769,0908,0,0
4769,0909,0,0
4769,0910,0,0
4769,0911,0,0
4769,0912,0,0
4769,0913,0,0
4769,0914,0,0
4770,0901,0,0
4770,0902,0,0
4770,0903,0,0
4770,0904,0,0
4770,0905,0,0
4770,0906,0,0
4770,0907,0,0
4770,0908,0,0
4770,0909,0,0
4770,0910,0,0
4770,0911,0,0
4770,0912,0,0
4770,0913,0,0
4770,0914,0,0
4771,0901,0,0
4771,0902,0,0
4771,0903,0,0
4771,0904,0,0
4771,0905,0,0
4771,0906,0,0
4771,0907,0,0
4771,0908,0,0
4771,0909,0,0
4771,0910,0,0
4771,0911,0,0
4771,0912,0,0
4771,0913,0,0
4771,0914,0,0
4772,0901,0,0
4772,0902,0,0
4772,0903,0,0
4772,0904,0,0
4772,0905,0,0
4772,0906,0,0
4772,0907,0,0
4772,0908,0,0
4772,0909,0,0
4772,0910,0,0
4772,0911,0,0
4772,0912,0,0
4772,0913,0,0
4772,0914,0,0
4773,0901,0,0
4773,0902,0,0
4773,0903,0,0
4773,0904,0,0
4773,0905,0,0
4773,0906,0,0
4773,0907,0,0
4773,0908,0,0
4773,0909,0,0
4773,0910,0,0
4773,0911,0,0
4773,0912,0,0
4773,0913,0,0
4773,0914,0,0
4774,0901,0,0
4774,0902,0,0
4774,0903,0,0
4774,0904,0,0
4774,0905,0,0
4774,0906,0,0
4774,0907,0,0
4774,0908,0,0
4774,0909,0,0
4774,0910,0,0
4774,0911,0,0
4774,0912,0,0
4774,0913,0,0
4774,0914,0,0
4775,0901,0,0
4775,0902,0,0
4775,0903,0,0
4775,0904,0,0
4775,0905,0,0
4775,0906,0,0
4775,0907,0,0
4775,0908,0,0
4775,0909,0,0
4775,0910,0,0
4775,0911,0,0
4775,0912,0,0
4775,0913,0,0
4775,0914,1,0
4776,0901,0,0
4776,0902,0,0
4776,0903,0,0
4776,0904,0,0
4776,0905,0,0
4776,0906,0,0
4776,0907,0,0
4776,0908,0,0
4776,0909,0,0
4776,0910,0,0
4776,0911,0,0
4776,0912,0,0
4776,0913,0,0
4776,0914,0,0
4777,0901,0,0
4777,0902,0,0
4777,0903,0,0
4777,0904,0,0
4777,0905,0,0
4777,0906,0,0
4777,0907,0,0
4777,0908,0,0
4777,0909,0,0
4777,0910,0,0
4777,0911,1,0
4777,0912,0,0
4777,0913,0,0
4777,0914,0,0
4778,0901,0,0
4778,0902,0,0
4778,0903,0,0
4778,0904,0,0
4778,0905,0,0
4778,0906,0,0
4778,0907,0,0
4778,0908,0,0
4778,0909,0,0
4778,0910,0,0
4778,0911,0,0
4778,0912,0,0
4778,0913,0,0
4778,0914,0,0
4779,0901,0,0
4779,0902,0,0
4779,0903,0,0
4779,0904,0,0
4779,0905,0,0
4779,0906,0,0
4779,0907,0,0
4779,0908,0,0
4779,0909,0,0
4779,0910,0,0
4779,0911,0,0
4779,0912,0,0
4779,0913,1,0
4779,0914,0,0
4780,0901,0,0
4780,0902,0,0
4780,0903,0,0
4780,0904,0,0
4780,0905,0,0
4780,0906,0,0
4780,0907,0,0
4780,0908,0,0
4780,0909,0,0
4780,0910,0,0
4780,0911,0,0
4780,0912,0,0
4780,0913,0,0
4780,0914,0,0
4781,0901,0,0
4781,0902,0,0
4781,0903,0,0
4781,0904,0,0
4781,0905,0,0
4781,0906,0,0
4781,0907,0,0
4781,0908,0,0
4781,0909,0,0
4781,0910,0,0
4781,0911,0,0
4781,0912,0,0
4781,0913,0,0
4781,0914,0,0
4782,0901,0,0
4782,0902,0,0
4782,0903,0,0
4782,0904,0,0
4782,0905,0,0
4782,0906,0,0
4782,0907,0,0
4782,0908,0,0
4782,0909,0,0
4782,0910,0,0
4782,0911,0,0
4782,0912,0,0
4782,0913,0,0
4782,0914,0,0
4783,0901,0,0
4783,0902,0,0
4783,0903,0,0
4783,0904,0,0
4783,0905,0,0
4783,0906,0,0
4783,0907,0,0
4783,0908,0,0
4783,0909,0,0
4783,0910,0,0
4783,0911,0,0
4783,0912,0,0
4783,0913,0,0
4783,0914,0,0
4784,0901,0,0
4784,0902,0,0
4784,0903,0,0
4784,0904,0,0
4784,0905,0,0
4784,0906,0,0
4784,0907,0,0
4784,0908,0,0
4784,0909,0,0
4784,0910,0,0
4784,0911,0,0
4784,0912,0,0
4784,0913,0,0
4784,0914,0,0
4785,0901,0,0
4785,0902,0,0
4785,0903,0,0
4785,0904,0,0
4785,0905,0,0
4785,0906,0,0
4785,0907,0,0
4785,0908,0,0
4785,0909,0,0
4785,0910,0,0
4785,0911,0,0
4785,0912,0,0
4785,0913,0,0
4785,0914,0,0
4786,0901,0,0
4786,0902,0,0
4786,0903,0,0
4786,0904,0,0
4786,0905,0,0
4786,0906,0,0
4786,0907,0,0
4786,0908,0,0
4786,0909,0,0
4786,0910,0,0
4786,0911,0,0
4786,0912,0,0
4786,0913,0,0
4786,0914,0,0
4787,0901,0,0
4787,0902,0,0
4787,0903,0,0
4787,0904,0,0
4787,0905,0,0
4787,0906,0,0
4787,0907,0,0
4787,0908,0,0
4787,0909,0,0
4787,0910,0,0
4787,0911,0,0
4787,0912,0,0
4787,0913,0,0
4787,0914,0,0
4788,0901,0,0
4788,0902,0,0
4788,0903,0,0
4788,0904,0,0
4788,0905,0,0
4788,0906,0,0
4788,0907,0,0
4788,0908,0,0
4788,0909,0,0
4788,0910,0,0
4788,0911,0,0
4788,0912,0,0
4788,0913,0,0
4788,0914,0,0
4789,0901,0,0
4789,0902,0,0
4789,0903,0,0
4789,0904,0,0
4789,0905,0,0
4789,0906,0,0
4789,0907,0,0
4789,0908,0,0
4789,0909,0,0
4789,0910,0,0
4789,0911,0,0
4789,0912,0,0
4789,0913,0,0
4789,0914,0,0
4790,0901,0,0
4790,0902,0,0
4790,0903,0,0
4790,0904,0,0
4790,0905,0,0
4790,0906,0,0
4790,0907,0,0
4790,0908,0,0
4790,0909,0,0
4790,0910,0,0
4790,0911,0,0
4790,0912,0,0
4790,0913,0,0
4790,0914,0,0
4791,0901,0,0
4791,0902,0,0
4791,0903,0,0
4791,0904,0,0
4791,0905,0,0
4791,0906,0,0
4791,0907,0,0
4791,0908,0,0
4791,0909,0,0
4791,0910,0,0
4791,0911,0,0
4791,0912,1,0
4791,0913,0,0
4791,0914,0,0
4792,0901,0,0
4792,0902,0,0
4792,0903,0,0
4792,0904,0,0
4792,0905,0,0
4792,0906,0,0
4792,0907,0,0
4792,0908,0,0
4792,0909,0,0
4792,0910,0,0
4792,0911,0,0
4792,0912,0,0
4792,0913,0,0
4792,0914,0,0
4793,0901,0,0
4793,0902,0,0
4793,0903,0,0
4793,0904,0,0
4793,0905,0,0
4793,0906,0,0
4793,0907,0,0
4793,0908,0,0
4793,0909,0,0
4793,0910,0,0
4793,0911,0,0
4793,0912,0,0
4793,0913,0,0
4793,0914,0,0
4794,0901,0,0
4794,0902,0,0
4794,0903,0,0
4794,0904,0,0
4794,0905,0,0
4794,0906,0,0
4794,0907,0,0
4794,0908,0,0
4794,0909,0,0
4794,0910,0,0
4794,0911,0,0
4794,0912,0,0
4794,0913,0,0
4794,0914,0,0
4795,0901,0,0
4795,0902,0,0
4795,0903,0,0
4795,0904,0,0
4795,0905,0,0
4795,0906,0,0
4795,0907,0,0
4795,0908,0,0
4795,0909,0,0
4795,0910,0,0
4795,0911,0,0
4795,0912,0,0
4795,0913,0,0
4795,0914,0,0
4796,0901,0,0
4796,0902,0,0
4796,0903,0,0
4796,0904,0,0
4796,0905,0,0
4796,0906,0,0
4796,0907,0,0
4796,0908,0,0
4796,0909,0,0
4796,0910,0,0
4796,0911,0,0
4796,0912,0,0
4796,0913,0,0
4796,0914,0,0
4797,0901,0,0
4797,0902,0,0
4797,0903,0,0
4797,0904,0,0
4797,0905,0,0
4797,0906,0,0
4797,0907,0,0
4797,0908,0,0
4797,0909,0,0
4797,0910,0,0
4797,0911,0,0
4797,0912,0,0
4797,0913,0,0
4797,0914,0,0
4798,0901,0,0
4798,0902,0,0
4798,0903,0,0
4798,0904,0,0
4798,0905,0,0
4798,0906,0,0
4798,0907,0,0
4798,0908,0,0
4798,0909,0,0
4798,0910,0,0
4798,0911,0,0
4798,0912,0,0
4798,0913,0,0
4798,0914,0,0
4799,0901,0,0
4799,0902,0,0
4799,0903,0,0
4799,0904,0,0
4799,0905,0,0
4799,0906,0,0
4799,0907,0,0
4799,0908,0,0
4799,0909,0,0
4799,0910,0,0
4799,0911,0,0
4799,0912,0,0
4799,0913,0,0
4799,0914,0,0
4800,0901,0,0
4800,0902,0,0
4800,0903,0,0
4800,0904,0,0
4800,0905,0,0
4800,0906,0,0
4800,0907,0,0
4800,0908,0,0
4800,0909,0,0
4800,0910,0,0
4800,0911,0,0
4800,0912,0,0
4800,0913,0,0
4800,0914,0,0
4801,0901,0,0
4801,0902,0,0
4801,0903,0,0
4801,0904,0,0
4801,0905,0,0
4801,0906,0,0
4801,0907,0,0
4801,0908,0,0
4801,0909,0,0
4801,0910,0,0
4801,0911,0,0
4801,0912,0,0
4801,0913,0,0
4801,0914,1,0
4802,0901,0,0
4802,0902,0,0
4802,0903,0,0
4802,0904,0,0
4802,0905,0,0
4802,0906,0,0
4802,0907,0,0
4802,0908,0,0
4802,0909,0,0
4802,0910,0,0
4802,0911,0,0
4802,0912,0,0
4802,0913,0,0
4802,0914,0,0
4803,0901,0,0
4803,0902,0,0
4803,0903,0,0
4803,0904,0,0
4803,0905,0,0
4803,0906,0,0
4803,0907,0,0
4803,0908,0,0
4803,0909,0,0
4803,0910,0,0
4803,0911,0,0
4803,0912,0,0
4803,0913,0,0
4803,0914,0,0
4804,0901,0,0
4804,0902,0,0
4804,0903,0,0
4804,0904,0,0
4804,0905,0,0
4804,0906,0,0
4804,0907,0,0
4804,0908,0,0
4804,0909,0,0
4804,0910,0,0
4804,0911,0,0
4804,0912,0,0
4804,0913,0,0
4804,0914,0,0
4805,0901,0,0
4805,0902,0,0
4805,0903,0,0
4805,0904,0,0
4805,0905,0,0
4805,0906,0,0
4805,0907,0,0
4805,0908,0,0
4805,0909,0,0
4805,0910,0,0
4805,0911,0,0
4805,0912,0,0
4805,0913,0,0
4805,0914,0,0
4806,0901,0,0
4806,0902,0,0
4806,0903,0,0
4806,0904,0,0
4806,0905,0,0
4806,0906,0,0
4806,0907,0,0
4806,0908,0,0
4806,0909,0,0
4806,0910,0,0
4806,0911,0,0
4806,0912,0,0
4806,0913,0,0
4806,0914,0,0
4807,0901,0,0
4807,0902,0,0
4807,0903,0,0
4807,0904,0,0
4807,0905,0,0
4807,0906,0,0
4807,0907,0,0
4807,0908,0,0
4807,0909,0,0
4807,0910,0,0
4807,0911,0,0
4807,0912,0,0
4807,0913,0,0
4807,0914,0,0
4808,0901,0,0
4808,0902,0,0
4808,0903,0,0
4808,0904,0,0
4808,0905,0,0
4808,0906,0,0
4808,0907,0,0
4808,0908,0,0
4808,0909,0,0
4808,0910,0,0
4808,0911,0,0
4808,0912,0,0
4808,0913,0,0
4808,0914,0,0
4809,0901,0,0
4809,0902,0,0
4809,0903,0,0
4809,0904,0,0
4809,0905,0,0
4809,0906,0,0
4809,0907,0,0
4809,0908,0,0
4809,0909,0,0
4809,0910,0,0
4809,0911,0,0
4809,0912,0,0
4809,0913,0,0
4809,0914,0,0
4810,0901,0,0
4810,0902,0,0
4810,0903,0,0
4810,0904,0,0
4810,0905,0,0
4810,0906,0,0
4810,0907,0,0
4810,0908,0,0
4810,0909,0,0
4810,0910,0,0
4810,0911,0,0
4810,0912,0,0
4810,0913,0,0
4810,0914,0,0
4811,0901,0,0
4811,0902,0,0
4811,0903,0,0
4811,0904,0,0
4811,0905,0,0
4811,0906,0,0
4811,0907,0,0
4811,0908,0,0
4811,0909,0,0
4811,0910,0,0
4811,0911,0,0
4811,0912,0,0
4811,0913,0,0
4811,0914,0,0
4812,0901,0,0
4812,0902,0,0
4812,0903,0,0
4812,0904,0,0
4812,0905,0,0
4812,0906,0,0
4812,0907,0,0
4812,0908,0,0
4812,0909,0,0
4812,0910,0,0
4812,0911,0,0
4812,0912,0,0
4812,0913,0,0
4812,0914,0,0
4813,0901,0,0
4813,0902,0,0
4813,0903,0,0
4813,0904,0,0
4813,0905,0,0
4813,0906,0,0
4813,0907,0,0
4813,0908,0,0
4813,0909,0,0
4813,0910,0,0
4813,0911,0,0
4813,0912,0,0
4813,0913,0,0
4813,0914,0,0
4814,0901,0,0
4814,0902,0,0
4814,0903,0,0
4814,0904,0,0
4814,0905,0,0
4814,0906,0,0
4814,0907,0,0
4814,0908,0,0
4814,0909,0,0
4814,0910,0,0
4814,0911,0,0
4814,0912,0,0
4814,0913,0,0
4814,0914,0,0
4815,0901,0,0
4815,0902,0,0
4815,0903,0,0
4815,0904,0,0
4815,0905,0,0
4815,0906,0,0
4815,0907,0,0
4815,0908,0,0
4815,0909,0,0
4815,0910,0,0
4815,0911,0,0
4815,0912,0,0
4815,0913,0,0
4815,0914,0,0
4816,0901,0,0
4816,0902,0,0
4816,0903,0,0
4816,0904,0,0
4816,0905,0,0
4816,0906,0,0
4816,0907,0,0
4816,0908,0,0
4816,0909,0,0
4816,0910,0,0
4816,0911,0,0
4816,0912,0,0
4816,0913,0,0
4816,0914,0,0
4817,0901,0,0
4817,0902,0,0
4817,0903,0,0
4817,0904,0,0
4817,0905,0,0
4817,0906,0,0
4817,0907,0,0
4817,0908,0,0
4817,0909,0,0
4817,0910,0,0
4817,0911,0,0
4817,0912,0,0
4817,0913,0,0
4817,0914,0,0
4818,0901,0,0
4818,0902,0,0
4818,0903,0,0
4818,0904,0,0
4818,0905,0,0
4818,0906,0,0
4818,0907,0,0
4818,0908,0,0
4818,0909,0,0
4818,0910,0,0
4818,0911,0,0
4818,0912,0,0
4818,0913,0,0
4818,0914,0,0
4819,0901,0,0
4819,0902,0,0
4819,0903,0,0
4819,0904,0,0
4819,0905,0,0
4819,0906,0,0
4819,0907,0,0
4819,0908,0,0
4819,0909,0,0
4819,0910,0,0
4819,0911,0,0
4819,0912,0,0
4819,0913,0,0
4819,0914,0,0
4820,0901,0,0
4820,0902,0,0
4820,0903,0,0
4820,0904,0,0
4820,0905,0,0
4820,0906,0,0
4820,0907,0,0
4820,0908,0,0
4820,0909,0,0
4820,0910,0,0
4820,0911,0,0
4820,0912,0,0
4820,0913,0,0
4820,0914,0,0
4821,0901,0,0
4821,0902,0,0
4821,0903,0,0
4821,0904,0,0
4821,0905,0,0
4821,0906,0,0
4821,0907,0,0
4821,0908,0,0
4821,0909,0,0
4821,0910,0,0
4821,0911,0,0
4821,0912,0,0
4821,0913,0,0
4821,0914,0,0
4822,0901,0,0
4822,0902,0,0
4822,0903,0,0
4822,0904,0,0
4822,0905,0,0
4822,0906,0,0
4822,0907,0,0
4822,0908,0,0
4822,0909,0,0
4822,0910,0,0
4822,0911,0,0
4822,0912,0,0
4822,0913,0,0
4822,0914,0,0
4823,0901,0,0
4823,0902,0,0
4823,0903,0,0
4823,0904,0,0
4823,0905,0,0
4823,0906,0,0
4823,0907,0,0
4823,0908,0,0
4823,0909,0,0
4823,0910,0,0
4823,0911,0,0
4823,0912,0,0
4823,0913,0,0
4823,0914,0,0
4824,0901,0,0
4824,0902,0,0
4824,0903,0,0
4824,0904,0,0
4824,0905,0,0
4824,0906,0,0
4824,0907,0,0
4824,0908,0,0
4824,0909,0,0
4824,0910,0,0
4824,0911,0,0
4824,0912,0,0
4824,0913,0,0
4824,0914,0,0
4825,0901,0,0
4825,0902,0,0
4825,0903,0,0
4825,0904,0,0
4825,0905,0,0
4825,0906,0,0
4825,0907,0,0
4825,0908,0,0
4825,0909,0,0
4825,0910,0,0
4825,0911,0,0
4825,0912,0,0
4825,0913,0,0
4825,0914,0,0
4826,0901,0,0
4826,0902,0,0
4826,0903,0,0
4826,0904,0,0
4826,0905,0,0
4826,0906,1,0
4826,0907,0,0
4826,0908,0,0
4826,0909,0,0
4826,0910,0,0
4826,0911,0,0
4826,0912,0,0
4826,0913,0,0
4826,0914,0,0
4827,0901,0,0
4827,0902,0,0
4827,0903,0,0
4827,0904,0,0
4827,0905,0,0
4827,0906,0,0
4827,0907,0,0
4827,0908,0,0
4827,0909,0,0
4827,0910,0,0
4827,0911,0,0
4827,0912,0,0
4827,0913,0,0
4827,0914,0,0
4828,0901,0,0
4828,0902,0,0
4828,0903,0,0
4828,0904,0,0
4828,0905,0,0
4828,0906,0,0
4828,0907,0,0
4828,0908,0,0
4828,0909,0,0
4828,0910,0,0
4828,0911,0,0
4828,0912,0,0
4828,0913,0,0
4828,0914,0,0
4829,0901,0,0
4829,0902,0,0
4829,0903,0,0
4829,0904,0,0
4829,0905,0,0
4829,0906,0,0
4829,0907,0,0
4829,0908,0,0
4829,0909,0,0
4829,0910,0,0
4829,0911,0,0
4829,0912,0,0
4829,0913,0,0
4829,0914,0,0
4830,0901,0,0
4830,0902,0,0
4830,0903,0,0
4830,0904,0,0
4830,0905,0,0
4830,0906,0,0
4830,0907,0,0
4830,0908,0,0
4830,0909,0,0
4830,0910,0,0
4830,0911,0,0
4830,0912,0,0
4830,0913,0,0
4830,0914,0,0
4831,0901,0,0
4831,0902,0,0
4831,0903,0,0
4831,0904,0,0
4831,0905,0,0
4831,0906,0,0
4831,0907,0,0
4831,0908,0,0
4831,0909,0,0
4831,0910,0,0
4831,0911,0,0
4831,0912,0,0
4831,0913,0,0
4831,0914,0,0
4832,0901,0,0
4832,0902,0,0
4832,0903,0,0
4832,0904,0,0
4832,0905,0,0
4832,0906,0,0
4832,0907,0,0
4832,0908,0,0
4832,0909,0,0
4832,0910,0,0
4832,0911,0,0
4832,0912,0,0
4832,0913,0,0
4832,0914,0,0
4833,0901,0,0
4833,0902,0,0
4833,0903,0,0
4833,0904,0,0
4833,0905,0,0
4833,0906,0,0
4833,0907,0,0
4833,0908,0,0
4833,0909,0,0
4833,0910,0,0
4833,0911,0,0
4833,0912,0,0
4833,0913,0,0
4833,0914,0,0
4834,0901,0,0
4834,0902,0,0
4834,0903,0,0
4834,0904,0,0
4834,0905,0,0
4834,0906,0,0
4834,0907,0,0
4834,0908,0,0
4834,0909,0,0
4834,0910,0,0
4834,0911,0,0
4834,0912,0,0
4834,0913,0,0
4834,0914,0,0
4835,0901,0,0
4835,0902,0,0
4835,0903,0,0
4835,0904,0,0
4835,0905,0,0
4835,0906,0,0
4835,0907,0,0
4835,0908,0,0
4835,0909,0,0
4835,0910,0,0
4835,0911,0,0
4835,0912,0,0
4835,0913,0,0
4835,0914,0,0
4836,0901,0,0
4836,0902,0,0
4836,0903,0,0
4836,0904,0,0
4836,0905,0,0
4836,0906,0,0
4836,0907,0,0
4836,0908,0,0
4836,0909,0,0
4836,0910,0,0
4836,0911,0,0
4836,0912,0,0
4836,0913,0,0
4836,0914,0,0
4837,0901,0,0
4837,0902,0,0
4837,0903,0,0
4837,0904,0,0
4837,0905,0,0
4837,0906,0,0
4837,0907,0,0
4837,0908,0,0
4837,0909,0,0
4837,0910,0,0
4837,0911,0,0
4837,0912,0,0
4837,0913,0,0
4837,0914,0,0
4838,0901,0,0
4838,0902,0,0
4838,0903,0,0
4838,0904,0,0
4838,0905,0,0
4838,0906,0,0
4838,0907,0,0
4838,0908,0,0
4838,0909,0,0
4838,0910,0,0
4838,0911,1,0
4838,0912,0,0
4838,0913,0,0
4838,0914,0,0
4839,0901,0,0
4839,0902,0,0
4839,0903,0,0
4839,0904,0,0
4839,0905,0,0
4839,0906,0,0
4839,0907,0,0
4839,0908,0,0
4839,0909,0,0
4839,0910,0,0
4839,0911,0,0
4839,0912,0,0
4839,0913,0,0
4839,0914,0,0
4840,0901,0,0
4840,0902,0,0
4840,0903,0,0
4840,0904,0,0
4840,0905,0,0
4840,0906,0,0
4840,0907,0,0
4840,0908,0,0
4840,0909,0,0
4840,0910,0,0
4840,0911,0,0
4840,0912,0,0
4840,0913,0,0
4840,0914,0,0
4841,0901,0,0
4841,0902,0,0
4841,0903,0,0
4841,0904,0,0
4841,0905,0,0
4841,0906,0,0
4841,0907,0,0
4841,0908,0,0
4841,0909,0,0
4841,0910,0,0
4841,0911,0,0
4841,0912,0,0
4841,0913,0,0
4841,0914,0,0
4842,0901,0,0
4842,0902,0,0
4842,0903,0,0
4842,0904,0,0
4842,0905,0,0
4842,0906,0,0
4842,0907,0,0
4842,0908,0,0
4842,0909,0,0
4842,0910,0,0
4842,0911,0,0
4842,0912,0,0
4842,0913,0,0
4842,0914,0,0
4843,0901,0,0
4843,0902,0,0
4843,0903,0,0
4843,0904,0,0
4843,0905,0,0
4843,0906,0,0
4843,0907,0,0
4843,0908,0,0
4843,0909,0,0
4843,0910,0,0
4843,0911,0,0
4843,0912,0,0
4843,0913,0,0
4843,0914,0,0
4844,0901,0,0
4844,0902,0,0
4844,0903,0,0
4844,0904,0,0
4844,0905,0,0
4844,0906,0,0
4844,0907,0,0
4844,0908,0,0
4844,0909,0,0
4844,0910,0,0
4844,0911,0,0
4844,0912,0,0
4844,0913,1,0
4844,0914,0,0
4845,0901,0,0
4845,0902,0,0
4845,0903,0,0
4845,0904,0,0
4845,0905,0,0
4845,0906,0,0
4845,0907,0,0
4845,0908,0,0
4845,0909,0,0
4845,0910,0,0
4845,0911,0,0
4845,0912,0,0
4845,0913,0,0
4845,0914,0,0
4846,0901,0,0
4846,0902,0,0
4846,0903,0,0
4846,0904,0,0
4846,0905,0,0
4846,0906,0,0
4846,0907,0,0
4846,0908,0,0
4846,0909,0,0
4846,0910,0,0
4846,0911,0,0
4846,0912,0,0
4846,0913,0,0
4846,0914,0,0
4847,0901,0,0
4847,0902,0,0
4847,0903,0,0
4847,0904,0,0
4847,0905,0,0
4847,0906,0,0
4847,0907,0,0
4847,0908,0,0
4847,0909,0,0
4847,0910,0,0
4847,0911,0,0
4847,0912,0,0
4847,0913,0,0
4847,0914,0,0
4848,0901,0,0
4848,0902,0,0
4848,0903,0,0
4848,0904,0,0
4848,0905,0,0
4848,0906,0,0
4848,0907,0,0
4848,0908,0,0
4848,0909,0,0
4848,0910,0,0
4848,0911,0,0
4848,0912,0,0
4848,0913,0,0
4848,0914,0,0
4849,0901,0,0
4849,0902,0,0
4849,0903,0,0
4849,0904,0,0
4849,0905,0,0
4849,0906,0,0
4849,0907,0,0
4849,0908,0,0
4849,0909,0,0
4849,0910,0,0
4849,0911,0,0
4849,0912,0,0
4849,0913,0,0
4849,0914,0,0
4850,0901,0,0
4850,0902,0,0
4850,0903,0,0
4850,0904,0,0
4850,0905,0,0
4850,0906,0,0
4850,0907,0,0
4850,0908,0,0
4850,0909,0,0
4850,0910,0,0
4850,0911,1,0
4850,0912,0,0
4850,0913,0,0
4850,0914,0,0
4851,0901,0,0
4851,0902,0,0
4851,0903,0,0
4851,0904,0,0
4851,0905,0,0
4851,0906,0,0
4851,0907,0,0
4851,0908,0,0
4851,0909,0,0
4851,0910,1,0
4851,0911,0,0
4851,0912,0,0
4851,0913,0,0
4851,0914,0,0
4852,0901,0,0
4852,0902,0,0
4852,0903,0,0
4852,0904,0,0
4852,0905,0,0
4852,0906,0,0
4852,0907,0,0
4852,0908,0,0
4852,0909,0,0
4852,0910,0,0
4852,0911,0,0
4852,0912,0,0
4852,0913,0,0
4852,0914,0,0
4853,0901,0,0
4853,0902,0,0
4853,0903,0,0
4853,0904,0,0
4853,0905,0,0
4853,0906,0,0
4853,0907,0,0
4853,0908,0,0
4853,0909,0,0
4853,0910,0,0
4853,0911,0,0
4853,0912,0,0
4853,0913,0,0
4853,0914,0,0
4854,0901,0,0
4854,0902,0,0
4854,0903,0,0
4854,0904,0,0
4854,0905,0,0
4854,0906,0,0
4854,0907,0,0
4854,0908,0,0
4854,0909,0,0
4854,0910,0,0
4854,0911,0,0
4854,0912,0,0
4854,0913,0,0
4854,0914,0,0
4855,0901,0,0
4855,0902,0,0
4855,0903,0,0
4855,0904,0,0
4855,0905,0,0
4855,0906,0,0
4855,0907,0,0
4855,0908,0,0
4855,0909,0,0
4855,0910,0,0
4855,0911,0,0
4855,0912,0,0
4855,0913,0,0
4855,0914,0,0
4856,0901,0,0
4856,0902,0,0
4856,0903,0,0
4856,0904,0,0
4856,0905,0,0
4856,0906,0,0
4856,0907,0,0
4856,0908,0,0
4856,0909,0,0
4856,0910,0,0
4856,0911,0,0
4856,0912,0,0
4856,0913,0,0
4856,0914,0,0
4857,0901,0,0
4857,0902,0,0
4857,0903,0,0
4857,0904,0,0
4857,0905,0,0
4857,0906,0,0
4857,0907,0,0
4857,0908,0,0
4857,0909,0,0
4857,0910,0,0
4857,0911,0,0
4857,0912,0,0
4857,0913,0,0
4857,0914,0,0
4858,0901,0,0
4858,0902,0,0
4858,0903,0,0
4858,0904,0,0
4858,0905,0,0
4858,0906,0,0
4858,0907,0,0
4858,0908,0,0
4858,0909,0,0
4858,0910,0,0
4858,0911,0,0
4858,0912,0,0
4858,0913,0,0
4858,0914,0,0
4859,0901,0,0
4859,0902,0,0
4859,0903,0,0
4859,0904,0,0
4859,0905,0,0
4859,0906,0,0
4859,0907,0,0
4859,0908,0,0
4859,0909,0,0
4859,0910,0,0
4859,0911,0,0
4859,0912,0,0
4859,0913,0,0
4859,0914,0,0
4860,0901,0,0
4860,0902,0,0
4860,0903,0,0
4860,0904,0,0
4860,0905,0,0
4860,0906,0,0
4860,0907,0,0
4860,0908,0,0
4860,0909,0,0
4860,0910,0,0
4860,0911,0,0
4860,0912,0,0
4860,0913,0,0
4860,0914,0,0
4861,0901,0,0
4861,0902,0,0
4861,0903,0,0
4861,0904,0,0
4861,0905,0,0
4861,0906,0,0
4861,0907,0,0
4861,0908,0,0
4861,0909,0,0
4861,0910,0,0
4861,0911,0,0
4861,0912,0,0
4861,0913,0,0
4861,0914,0,0
4862,0901,0,0
4862,0902,0,0
4862,0903,0,0
4862,0904,0,0
4862,0905,0,0
4862,0906,0,0
4862,0907,0,0
4862,0908,0,0
4862,0909,0,0
4862,0910,0,0
4862,0911,0,0
4862,0912,0,0
4862,0913,0,0
4862,0914,0,0
4863,0901,0,0
4863,0902,0,0
4863,0903,0,0
4863,0904,0,0
4863,0905,0,0
4863,0906,0,0
4863,0907,0,0
4863,0908,0,0
4863,0909,0,0
4863,0910,0,0
4863,0911,0,0
4863,0912,0,0
4863,0913,0,0
4863,0914,0,0
4864,0901,0,0
4864,0902,0,0
4864,0903,0,0
4864,0904,0,0
4864,0905,0,0
4864,0906,0,0
4864,0907,0,0
4864,0908,0,0
4864,0909,0,0
4864,0910,0,0
4864,0911,0,0
4864,0912,0,0
4864,0913,0,0
4864,0914,0,0
4865,0901,0,0
4865,0902,0,0
4865,0903,0,0
4865,0904,0,0
4865,0905,0,0
4865,0906,0,0
4865,0907,0,0
4865,0908,0,0
4865,0909,0,0
4865,0910,0,0
4865,0911,0,0
4865,0912,0,0
4865,0913,0,0
4865,0914,0,0
4866,0901,0,0
4866,0902,0,0
4866,0903,0,0
4866,0904,0,0
4866,0905,0,0
4866,0906,0,0
4866,0907,0,0
4866,0908,0,0
4866,0909,0,0
4866,0910,0,0
4866,0911,0,0
4866,0912,1,0
4866,0913,0,0
4866,0914,0,0
4867,0901,0,0
4867,0902,0,0
4867,0903,0,0
4867,0904,0,0
4867,0905,0,0
4867,0906,0,0
4867,0907,0,0
4867,0908,0,0
4867,0909,0,0
4867,0910,0,0
4867,0911,0,0
4867,0912,0,0
4867,0913,0,0
4867,0914,0,0
4868,0901,0,0
4868,0902,0,0
4868,0903,0,0
4868,0904,0,0
4868,0905,0,0
4868,0906,0,0
4868,0907,0,0
4868,0908,0,0
4868,0909,0,0
4868,0910,0,0
4868,0911,0,0
4868,0912,0,0
4868,0913,0,0
4868,0914,0,0
4869,0901,0,0
4869,0902,0,0
4869,0903,0,0
4869,0904,0,0
4869,0905,0,0
4869,0906,0,0
4869,0907,0,0
4869,0908,0,0
4869,0909,0,0
4869,0910,0,0
4869,0911,0,0
4869,0912,0,0
4869,0913,0,0
4869,0914,0,0
4870,0901,0,0
4870,0902,0,0
4870,0903,0,0
4870,0904,0,0
4870,0905,0,0
4870,0906,0,0
4870,0907,0,0
4870,0908,0,0
4870,0909,0,0
4870,0910,0,0
4870,0911,0,0
4870,0912,0,0
4870,0913,0,0
4870,0914,0,0
4871,0901,0,0
4871,0902,0,0
4871,0903,0,0
4871,0904,0,0
4871,0905,0,0
4871,0906,0,0
4871,0907,0,0
4871,0908,0,0
4871,0909,0,0
4871,0910,0,0
4871,0911,0,0
4871,0912,0,0
4871,0913,0,0
4871,0914,0,0
4872,0901,0,0
4872,0902,0,0
4872,0903,0,0
4872,0904,0,0
4872,0905,0,0
4872,0906,0,0
4872,0907,0,0
4872,0908,0,0
4872,0909,0,0
4872,0910,0,0
4872,0911,0,0
4872,0912,0,0
4872,0913,0,0
4872,0914,0,0
4873,0901,0,0
4873,0902,0,0
4873,0903,0,0
4873,0904,0,0
4873,0905,0,0
4873,0906,0,0
4873,0907,0,0
4873,0908,0,0
4873,0909,0,0
4873,0910,0,0
4873,0911,0,0
4873,0912,0,0
4873,0913,0,0
4873,0914,0,0
4874,0901,0,0
4874,0902,0,0
4874,0903,0,0
4874,0904,0,0
4874,0905,0,0
4874,0906,0,0
4874,0907,0,0
4874,0908,0,0
4874,0909,0,0
4874,0910,0,0
4874,0911,0,0
4874,0912,0,0
4874,0913,0,0
4874,0914,0,0
4875,0901,0,0
4875,0902,0,0
4875,0903,0,0
4875,0904,0,0
4875,0905,0,0
4875,0906,0,0
4875,0907,0,0
4875,0908,0,0
4875,0909,0,0
4875,0910,0,0
4875,0911,0,0
4875,0912,0,0
4875,0913,0,0
4875,0914,0,0
4876,0901,0,0
4876,0902,0,0
4876,0903,0,0
4876,0904,0,0
4876,0905,0,0
4876,0906,0,0
4876,0907,0,0
4876,0908,0,0
4876,0909,0,0
4876,0910,0,0
4876,0911,0,0
4876,0912,0,0
4876,0913,0,0
4876,0914,0,0
4877,0901,0,0
4877,0902,0,0
4877,0903,0,0
4877,0904,0,0
4877,0905,0,0
4877,0906,0,0
4877,0907,0,0
4877,0908,0,0
4877,0909,0,0
4877,0910,0,0
4877,0911,0,0
4877,0912,0,0
4877,0913,0,0
4877,0914,0,0
4878,0901,0,0
4878,0902,0,0
4878,0903,0,0
4878,0904,0,0
4878,0905,0,0
4878,0906,0,0
4878,0907,0,0
4878,0908,0,0
4878,0909,0,0
4878,0910,0,0
4878,0911,0,0
4878,0912,0,0
4878,0913,0,0
4878,0914,0,0
4879,0901,0,0
4879,0902,0,0
4879,0903,0,0
4879,0904,0,0
4879,0905,0,0
4879,0906,0,0
4879,0907,0,0
4879,0908,0,0
4879,0909,0,0
4879,0910,0,0
4879,0911,0,0
4879,0912,0,0
4879,0913,0,0
4879,0914,0,0
4880,0901,0,0
4880,0902,0,0
4880,0903,0,0
4880,0904,0,0
4880,0905,0,0
4880,0906,0,0
4880,0907,0,0
4880,0908,0,0
4880,0909,0,0
4880,0910,0,0
4880,0911,0,0
4880,0912,0,0
4880,0913,0,0
4880,0914,0,0
4881,0901,0,0
4881,0902,0,0
4881,0903,0,0
4881,0904,0,0
4881,0905,0,0
4881,0906,0,0
4881,0907,0,0
4881,0908,0,0
4881,0909,1,0
4881,0910,0,0
4881,0911,0,0
4881,0912,0,0
4881,0913,0,0
4881,0914,0,0
4882,0901,0,0
4882,0902,0,0
4882,0903,0,0
4882,0904,0,0
4882,0905,0,0
4882,0906,0,0
4882,0907,0,0
4882,0908,0,0
4882,0909,0,0
4882,0910,0,0
4882,0911,0,0
4882,0912,0,0
4882,0913,0,0
4882,0914,0,0
4883,0901,0,0
4883,0902,0,0
4883,0903,0,0
4883,0904,0,0
4883,0905,0,0
4883,0906,0,0
4883,0907,0,0
4883,0908,0,0
4883,0909,0,0
4883,0910,0,0
4883,0911,0,0
4883,0912,0,0
4883,0913,0,0
4883,0914,0,0
4884,0901,0,0
4884,0902,0,0
4884,0903,0,0
4884,0904,0,0
4884,0905,0,0
4884,0906,0,0
4884,0907,0,0
4884,0908,0,0
4884,0909,0,0
4884,0910,0,0
4884,0911,0,0
4884,0912,0,0
4884,0913,0,0
4884,0914,0,0
4885,0901,0,0
4885,0902,0,0
4885,0903,0,0
4885,0904,0,0
4885,0905,0,0
4885,0906,0,0
4885,0907,0,0
4885,0908,0,0
4885,0909,0,0
4885,0910,0,0
4885,0911,0,0
4885,0912,0,0
4885,0913,0,0
4885,0914,0,0
4886,0901,0,0
4886,0902,0,0
4886,0903,0,0
4886,0904,0,0
4886,0905,0,0
4886,0906,0,0
4886,0907,0,0
4886,0908,0,0
4886,0909,0,0
4886,0910,0,0
4886,0911,0,0
4886,0912,0,0
4886,0913,0,0
4886,0914,0,0
4887,0901,0,0
4887,0902,0,0
4887,0903,0,0
4887,0904,0,0
4887,0905,0,0
4887,0906,0,0
4887,0907,0,0
4887,0908,0,0
4887,0909,0,0
4887,0910,0,0
4887,0911,0,0
4887,0912,0,0
4887,0913,0,0
4887,0914,0,0
4888,0901,0,0
4888,0902,0,0
4888,0903,0,0
4888,0904,0,0
4888,0905,0,0
4888,0906,0,0
4888,0907,0,0
4888,0908,0,0
4888,0909,0,0
4888,0910,0,0
4888,0911,0,0
4888,0912,0,0
4888,0913,0,0
4888,0914,0,0
4889,0901,0,0
4889,0902,0,0
4889,0903,0,0
4889,0904,0,0
4889,0905,0,0
4889,0906,0,0
4889,0907,0,0
4889,0908,0,0
4889,0909,0,0
4889,0910,0,0
4889,0911,0,0
4889,0912,0,0
4889,0913,0,0
4889,0914,0,0
4890,0901,0,0
4890,0902,0,0
4890,0903,0,0
4890,0904,0,0
4890,0905,0,0
4890,0906,0,0
4890,0907,0,0
4890,0908,0,0
4890,0909,0,0
4890,0910,0,0
4890,0911,0,0
4890,0912,0,0
4890,0913,0,0
4890,0914,0,0
4891,0901,0,0
4891,0902,0,0
4891,0903,0,0
4891,0904,0,0
4891,0905,0,0
4891,0906,0,0
4891,0907,0,0
4891,0908,0,0
4891,0909,0,0
4891,0910,0,0
4891,0911,0,0
4891,0912,0,0
4891,0913,0,0
4891,0914,0,0
4892,0901,0,0
4892,0902,0,0
4892,0903,0,0
4892,0904,0,0
4892,0905,0,0
4892,0906,0,0
4892,0907,0,0
4892,0908,0,0
4892,0909,0,0
4892,0910,0,0
4892,0911,0,0
4892,0912,0,0
4892,0913,0,0
4892,0914,0,0
4893,0901,0,0
4893,0902,0,0
4893,0903,0,0
4893,0904,0,0
4893,0905,0,0
4893,0906,0,0
4893,0907,0,0
4893,0908,0,0
4893,0909,0,0
4893,0910,0,0
4893,0911,0,0
4893,0912,0,0
4893,0913,0,0
4893,0914,0,0
4894,0901,0,0
4894,0902,0,0
4894,0903,0,0
4894,0904,0,0
4894,0905,0,0
4894,0906,0,0
4894,0907,0,0
4894,0908,0,0
4894,0909,0,0
4894,0910,0,0
4894,0911,0,0
4894,0912,0,0
4894,0913,0,0
4894,0914,0,0
4895,0901,0,0
4895,0902,0,0
4895,0903,0,0
4895,0904,0,0
4895,0905,0,0
4895,0906,0,0
4895,0907,0,0
4895,0908,0,0
4895,0909,0,0
4895,0910,0,0
4895,0911,0,0
4895,0912,0,0
4895,0913,0,0
4895,0914,0,0
4896,0901,0,0
4896,0902,0,0
4896,0903,0,0
4896,0904,0,0
4896,0905,0,0
4896,0906,0,0
4896,0907,0,0
4896,0908,0,0
4896,0909,0,0
4896,0910,0,0
4896,0911,0,0
4896,0912,0,0
4896,0913,0,0
4896,0914,0,0
4897,0901,0,0
4897,0902,0,0
4897,0903,0,0
4897,0904,0,0
4897,0905,0,0
4897,0906,0,0
4897,0907,0,0
4897,0908,0,0
4897,0909,0,0
4897,0910,0,0
4897,0911,0,0
4897,0912,0,0
4897,0913,0,0
4897,0914,0,0
4898,0901,0,0
4898,0902,0,0
4898,0903,0,0
4898,0904,0,0
4898,0905,0,0
4898,0906,0,0
4898,0907,0,0
4898,0908,0,0
4898,0909,0,0
4898,0910,0,0
4898,0911,0,0
4898,0912,0,0
4898,0913,0,0
4898,0914,0,0
4899,0901,0,0
4899,0902,0,0
4899,0903,0,0
4899,0904,0,0
4899,0905,0,0
4899,0906,0,0
4899,0907,0,0
4899,0908,0,0
4899,0909,0,0
4899,0910,0,0
4899,0911,0,0
4899,0912,0,0
4899,0913,0,0
4899,0914,0,0
4900,0901,0,0
4900,0902,0,0
4900,0903,0,0
4900,0904,0,0
4900,0905,0,0
4900,0906,0,0
4900,0907,0,0
4900,0908,0,0
4900,0909,0,0
4900,0910,0,0
4900,0911,0,0
4900,0912,0,0
4900,0913,0,0
4900,0914,0,0
4901,0901,0,0
4901,0902,0,0
4901,0903,0,0
4901,0904,0,0
4901,0905,0,0
4901,0906,0,0
4901,0907,0,0
4901,0908,0,0
4901,0909,0,0
4901,0910,0,0
4901,0911,0,0
4901,0912,0,0
4901,0913,1,0
4901,0914,0,0
4902,0901,0,0
4902,0902,0,0
4902,0903,0,0
4902,0904,0,0
4902,0905,0,0
4902,0906,0,0
4902,0907,0,0
4902,0908,0,0
4902,0909,0,0
4902,0910,0,0
4902,0911,0,0
4902,0912,0,0
4902,0913,0,0
4902,0914,0,0
4903,0901,0,0
4903,0902,0,0
4903,0903,0,0
4903,0904,0,0
4903,0905,0,0
4903,0906,0,0
4903,0907,0,0
4903,0908,0,0
4903,0909,0,0
4903,0910,0,0
4903,0911,0,0
4903,0912,0,0
4903,0913,0,0
4903,0914,0,0
4904,0901,0,0
4904,0902,0,0
4904,0903,0,0
4904,0904,0,0
4904,0905,0,0
4904,0906,0,0
4904,0907,0,0
4904,0908,0,0
4904,0909,0,0
4904,0910,0,0
4904,0911,0,0
4904,0912,0,0
4904,0913,0,0
4904,0914,0,0
4905,0901,0,0
4905,0902,0,0
4905,0903,0,0
4905,0904,0,0
4905,0905,0,0
4905,0906,0,0
4905,0907,0,0
4905,0908,0,0
4905,0909,0,0
4905,0910,0,0
4905,0911,0,0
4905,0912,0,0
4905,0913,0,0
4905,0914,0,0
4906,0901,0,0
4906,0902,0,0
4906,0903,0,0
4906,0904,0,0
4906,0905,0,0
4906,0906,0,0
4906,0907,0,0
4906,0908,0,0
4906,0909,0,0
4906,0910,0,0
4906,0911,0,0
4906,0912,0,0
4906,0913,0,0
4906,0914,0,0
4907,0901,0,0
4907,0902,0,0
4907,0903,0,0
4907,0904,0,0
4907,0905,0,0
4907,0906,0,0
4907,0907,0,0
4907,0908,0,0
4907,0909,0,0
4907,0910,0,0
4907,0911,0,0
4907,0912,0,0
4907,0913,0,0
4907,0914,0,0
4908,0901,0,0
4908,0902,0,0
4908,0903,0,0
4908,0904,0,0
4908,0905,0,0
4908,0906,0,0
4908,0907,0,0
4908,0908,0,0
4908,0909,0,0
4908,0910,0,0
4908,0911,0,0
4908,0912,0,0
4908,0913,0,0
4908,0914,0,0
4909,0901,0,0
4909,0902,0,0
4909,0903,0,0
4909,0904,0,0
4909,0905,0,0
4909,0906,0,0
4909,0907,0,0
4909,0908,0,0
4909,0909,0,0
4909,0910,0,0
4909,0911,0,0
4909,0912,0,0
4909,0913,0,0
4909,0914,0,0
4910,0901,0,0
4910,0902,0,0
4910,0903,0,0
4910,0904,0,0
4910,0905,0,0
4910,0906,0,0
4910,0907,0,0
4910,0908,0,0
4910,0909,0,0
4910,0910,0,0
4910,0911,0,0
4910,0912,0,0
4910,0913,0,0
4910,0914,0,0
4911,0901,0,0
4911,0902,0,0
4911,0903,0,0
4911,0904,0,0
4911,0905,0,0
4911,0906,0,0
4911,0907,0,0
4911,0908,0,0
4911,0909,0,0
4911,0910,0,0
4911,0911,0,0
4911,0912,0,0
4911,0913,0,0
4911,0914,0,0
4912,0901,0,0
4912,0902,0,0
4912,0903,0,0
4912,0904,0,0
4912,0905,0,0
4912,0906,0,0
4912,0907,0,0
4912,0908,0,0
4912,0909,0,0
4912,0910,0,0
4912,0911,0,0
4912,0912,0,0
4912,0913,0,0
4912,0914,0,0
4913,0901,0,0
4913,0902,0,0
4913,0903,0,0
4913,0904,0,0
4913,0905,0,0
4913,0906,0,0
4913,0907,0,0
4913,0908,0,0
4913,0909,0,0
4913,0910,0,0
4913,0911,0,0
4913,0912,0,0
4913,0913,0,0
4913,0914,0,0
4914,0901,0,0
4914,0902,0,0
4914,0903,0,0
4914,0904,0,0
4914,0905,0,0
4914,0906,0,0
4914,0907,0,0
4914,0908,0,0
4914,0909,0,0
4914,0910,0,0
4914,0911,0,0
4914,0912,0,0
4914,0913,0,0
4914,0914,0,0
4915,0901,0,0
4915,0902,0,0
4915,0903,0,0
4915,0904,0,0
4915,0905,0,0
4915,0906,0,0
4915,0907,0,0
4915,0908,0,0
4915,0909,0,0
4915,0910,0,0
4915,0911,0,0
4915,0912,0,0
4915,0913,0,0
4915,0914,0,0
4916,0901,0,0
4916,0902,0,0
4916,0903,0,0
4916,0904,0,0
4916,0905,0,0
4916,0906,0,0
4916,0907,0,0
4916,0908,0,0
4916,0909,0,0
4916,0910,0,0
4916,0911,0,0
4916,0912,0,0
4916,0913,0,0
4916,0914,0,0
4917,0901,0,0
4917,0902,0,0
4917,0903,0,0
4917,0904,0,0
4917,0905,0,0
4917,0906,0,0
4917,0907,0,0
4917,0908,0,0
4917,0909,1,0
4917,0910,0,0
4917,0911,0,0
4917,0912,0,0
4917,0913,0,0
4917,0914,0,0
4918,0901,0,0
4918,0902,0,0
4918,0903,0,0
4918,0904,0,0
4918,0905,0,0
4918,0906,0,0
4918,0907,0,0
4918,0908,0,0
4918,0909,0,0
4918,0910,0,0
4918,0911,0,0
4918,0912,0,0
4918,0913,0,0
4918,0914,0,0
4919,0901,0,0
4919,0902,0,0
4919,0903,0,0
4919,0904,0,0
4919,0905,0,0
4919,0906,0,0
4919,0907,0,0
4919,0908,0,0
4919,0909,0,0
4919,0910,0,0
4919,0911,0,0
4919,0912,0,0
4919,0913,0,0
4919,0914,0,0
4920,0901,0,0
4920,0902,0,0
4920,0903,0,0
4920,0904,0,0
4920,0905,0,0
4920,0906,0,0
4920,0907,0,0
4920,0908,0,0
4920,0909,0,0
4920,0910,0,0
4920,0911,0,0
4920,0912,0,0
4920,0913,0,0
4920,0914,0,0
4921,0901,0,0
4921,0902,0,0
4921,0903,0,0
4921,0904,0,0
4921,0905,0,0
4921,0906,0,0
4921,0907,0,0
4921,0908,0,0
4921,0909,0,0
4921,0910,0,0
4921,0911,0,0
4921,0912,0,0
4921,0913,0,0
4921,0914,0,0
4922,0901,0,0
4922,0902,0,0
4922,0903,0,0
4922,0904,0,0
4922,0905,0,0
4922,0906,0,0
4922,0907,0,0
4922,0908,0,0
4922,0909,0,0
4922,0910,0,0
4922,0911,0,0
4922,0912,0,0
4922,0913,0,0
4922,0914,0,0
4923,0901,0,0
4923,0902,0,0
4923,0903,0,0
4923,0904,0,0
4923,0905,0,0
4923,0906,0,0
4923,0907,0,0
4923,0908,0,0
4923,0909,0,0
4923,0910,0,0
4923,0911,0,0
4923,0912,0,0
4923,0913,0,0
4923,0914,0,0
4924,0901,0,0
4924,0902,0,0
4924,0903,0,0
4924,0904,0,0
4924,0905,0,0
4924,0906,0,0
4924,0907,0,0
4924,0908,0,0
4924,0909,0,0
4924,0910,0,0
4924,0911,0,0
4924,0912,0,0
4924,0913,0,0
4924,0914,0,0
4925,0901,0,0
4925,0902,0,0
4925,0903,0,0
4925,0904,0,0
4925,0905,0,0
4925,0906,0,0
4925,0907,0,0
4925,0908,0,0
4925,0909,0,0
4925,0910,0,0
4925,0911,0,0
4925,0912,0,0
4925,0913,0,0
4925,0914,0,0
4926,0901,0,0
4926,0902,0,0
4926,0903,0,0
4926,0904,0,0
4926,0905,0,0
4926,0906,0,0
4926,0907,0,0
4926,0908,0,0
4926,0909,0,0
4926,0910,0,0
4926,0911,0,0
4926,0912,0,0
4926,0913,0,0
4926,0914,0,0
4927,0901,0,0
4927,0902,0,0
4927,0903,0,0
4927,0904,0,0
4927,0905,0,0
4927,0906,0,0
4927,0907,0,0
4927,0908,0,0
4927,0909,0,0
4927,0910,0,0
4927,0911,0,0
4927,0912,0,0
4927,0913,0,0
4927,0914,0,0
4928,0901,0,0
4928,0902,0,0
4928,0903,0,0
4928,0904,0,0
4928,0905,0,0
4928,0906,0,0
4928,0907,0,0
4928,0908,0,0
4928,0909,0,0
4928,0910,0,0
4928,0911,0,0
4928,0912,0,0
4928,0913,0,0
4928,0914,0,0
4929,0901,0,0
4929,0902,0,0
4929,0903,0,0
4929,0904,0,0
4929,0905,0,0
4929,0906,0,0
4929,0907,0,0
4929,0908,0,0
4929,0909,0,0
4929,0910,0,0
4929,0911,0,0
4929,0912,0,0
4929,0913,0,0
4929,0914,1,0
4930,0901,0,0
4930,0902,0,0
4930,0903,0,0
4930,0904,0,0
4930,0905,0,0
4930,0906,0,0
4930,0907,0,0
4930,0908,0,0
4930,0909,0,0
4930,0910,0,0
4930,0911,0,0
4930,0912,0,0
4930,0913,0,0
4930,0914,0,0
4931,0901,0,0
4931,0902,0,0
4931,0903,0,0
4931,0904,0,0
4931,0905,0,0
4931,0906,0,0
4931,0907,0,0
4931,0908,0,0
4931,0909,0,0
4931,0910,0,0
4931,0911,0,0
4931,0912,0,0
4931,0913,0,0
4931,0914,0,0
4932,0901,0,0
4932,0902,0,0
4932,0903,0,0
4932,0904,0,0
4932,0905,0,0
4932,0906,0,0
4932,0907,0,0
4932,0908,0,0
4932,0909,0,0
4932,0910,0,0
4932,0911,0,0
4932,0912,0,0
4932,0913,0,0
4932,0914,0,0
4933,0901,0,0
4933,0902,0,0
4933,0903,0,0
4933,0904,0,0
4933,0905,0,0
4933,0906,0,0
4933,0907,0,0
4933,0908,0,0
4933,0909,0,0
4933,0910,0,0
4933,0911,0,0
4933,0912,0,0
4933,0913,0,0
4933,0914,0,0
4934,0901,0,0
4934,0902,0,0
4934,0903,0,0
4934,0904,0,0
4934,0905,0,0
4934,0906,0,0
4934,0907,0,0
4934,0908,0,0
4934,0909,0,0
4934,0910,0,0
4934,0911,0,0
4934,0912,0,0
4934,0913,0,0
4934,0914,0,0
4935,0901,0,0
4935,0902,0,0
4935,0903,0,0
4935,0904,0,0
4935,0905,0,0
4935,0906,0,0
4935,0907,0,0
4935,0908,0,0
4935,0909,0,0
4935,0910,0,0
4935,0911,0,0
4935,0912,0,0
4935,0913,0,0
4935,0914,0,0
4936,0901,0,0
4936,0902,0,0
4936,0903,0,0
4936,0904,0,0
4936,0905,0,0
4936,0906,0,0
4936,0907,0,0
4936,0908,0,0
4936,0909,0,0
4936,0910,0,0
4936,0911,0,0
4936,0912,0,0
4936,0913,0,0
4936,0914,0,0
4937,0901,0,0
4937,0902,0,0
4937,0903,0,0
4937,0904,0,0
4937,0905,0,0
4937,0906,0,0
4937,0907,0,0
4937,0908,0,0
4937,0909,0,0
4937,0910,0,0
4937,0911,0,0
4937,0912,0,0
4937,0913,0,0
4937,0914,0,0
4938,0901,0,0
4938,0902,0,0
4938,0903,0,0
4938,0904,0,0
4938,0905,0,0
4938,0906,0,0
4938,0907,0,0
4938,0908,0,0
4938,0909,0,0
4938,0910,0,0
4938,0911,0,0
4938,0912,0,0
4938,0913,0,0
4938,0914,0,0
4939,0901,0,0
4939,0902,0,0
4939,0903,0,0
4939,0904,0,0
4939,0905,0,0
4939,0906,0,0
4939,0907,0,0
4939,0908,0,0
4939,0909,0,0
4939,0910,0,0
4939,0911,0,0
4939,0912,0,0
4939,0913,0,0
4939,0914,0,0
4940,0901,0,0
4940,0902,0,0
4940,0903,0,0
4940,0904,0,0
4940,0905,0,0
4940,0906,0,0
4940,0907,0,0
4940,0908,0,0
4940,0909,0,0
4940,0910,0,0
4940,0911,0,0
4940,0912,0,0
4940,0913,0,0
4940,0914,0,0
4941,0901,0,0
4941,0902,0,0
4941,0903,0,0
4941,0904,0,0
4941,0905,0,0
4941,0906,0,0
4941,0907,0,0
4941,0908,0,0
4941,0909,0,0
4941,0910,0,0
4941,0911,0,0
4941,0912,0,0
4941,0913,0,0
4941,0914,0,0
4942,0901,0,0
4942,0902,0,0
4942,0903,0,0
4942,0904,0,0
4942,0905,0,0
4942,0906,0,0
4942,0907,0,0
4942,0908,0,0
4942,0909,0,0
4942,0910,0,0
4942,0911,0,0
4942,0912,0,0
4942,0913,0,0
4942,0914,0,0
4943,0901,0,0
4943,0902,0,0
4943,0903,0,0
4943,0904,0,0
4943,0905,0,0
4943,0906,0,0
4943,0907,0,0
4943,0908,0,0
4943,0909,0,0
4943,0910,0,0
4943,0911,0,0
4943,0912,0,0
4943,0913,0,0
4943,0914,0,0
4944,0901,0,0
4944,0902,0,0
4944,0903,0,0
4944,0904,0,0
4944,0905,0,0
4944,0906,0,0
4944,0907,0,0
4944,0908,0,0
4944,0909,0,0
4944,0910,0,0
4944,0911,0,0
4944,0912,0,0
4944,0913,0,0
4944,0914,0,0
4945,0901,0,0
4945,0902,0,0
4945,0903,0,0
4945,0904,0,0
4945,0905,0,0
4945,0906,0,0
4945,0907,0,0
4945,0908,0,0
4945,0909,0,0
4945,0910,0,0
4945,0911,0,0
4945,0912,0,0
4945,0913,0,0
4945,0914,0,0
4946,0901,0,0
4946,0902,0,0
4946,0903,0,0
4946,0904,0,0
4946,0905,0,0
4946,0906,0,0
4946,0907,0,0
4946,0908,0,0
4946,0909,0,0
4946,0910,0,0
4946,0911,0,0
4946,0912,0,0
4946,0913,0,0
4946,0914,0,0
4947,0901,0,0
4947,0902,0,0
4947,0903,0,0
4947,0904,0,0
4947,0905,0,0
4947,0906,0,0
4947,0907,0,0
4947,0908,0,0
4947,0909,0,0
4947,0910,1,0
4947,0911,0,0
4947,0912,0,0
4947,0913,0,0
4947,0914,0,0
4948,0901,0,0
4948,0902,0,0
4948,0903,0,0
4948,0904,0,0
4948,0905,0,0
4948,0906,0,0
4948,0907,0,0
4948,0908,0,0
4948,0909,0,0
4948,0910,0,0
4948,0911,0,0
4948,0912,0,0
4948,0913,1,0
4948,0914,0,0
4949,0901,0,0
4949,0902,0,0
4949,0903,0,0
4949,0904,0,0
4949,0905,0,0
4949,0906,0,0
4949,0907,0,0
4949,0908,0,0
4949,0909,0,0
4949,0910,0,0
4949,0911,0,0
4949,0912,0,0
4949,0913,0,0
4949,0914,0,0
4950,0901,0,0
4950,0902,0,0
4950,0903,0,0
4950,0904,0,0
4950,0905,0,0
4950,0906,0,0
4950,0907,0,0
4950,0908,0,0
4950,0909,0,0
4950,0910,0,0
4950,0911,0,0
4950,0912,0,0
4950,0913,0,0
4950,0914,0,0
4951,0901,0,0
4951,0902,0,0
4951,0903,0,0
4951,0904,0,0
4951,0905,0,0
4951,0906,0,0
4951,0907,0,0
4951,0908,0,0
4951,0909,0,0
4951,0910,0,0
4951,0911,0,0
4951,0912,0,0
4951,0913,0,0
4951,0914,0,0
4952,0901,0,0
4952,0902,0,0
4952,0903,0,0
4952,0904,0,0
4952,0905,0,0
4952,0906,0,0
4952,0907,0,0
4952,0908,0,0
4952,0909,0,0
4952,0910,0,0
4952,0911,0,0
4952,0912,0,0
4952,0913,0,0
4952,0914,0,0
4953,0901,0,0
4953,0902,0,0
4953,0903,0,0
4953,0904,0,0
4953,0905,0,0
4953,0906,0,0
4953,0907,0,0
4953,0908,0,0
4953,0909,0,0
4953,0910,0,0
4953,0911,0,0
4953,0912,0,0
4953,0913,0,0
4953,0914,0,0
4954,0901,0,0
4954,0902,0,0
4954,0903,0,0
4954,0904,0,0
4954,0905,0,0
4954,0906,0,0
4954,0907,0,0
4954,0908,0,0
4954,0909,0,0
4954,0910,0,0
4954,0911,0,0
4954,0912,0,0
4954,0913,0,0
4954,0914,0,0
4955,0901,0,0
4955,0902,0,0
4955,0903,0,0
4955,0904,0,0
4955,0905,0,0
4955,0906,0,0
4955,0907,0,0
4955,0908,0,0
4955,0909,0,0
4955,0910,0,0
4955,0911,0,0
4955,0912,0,0
4955,0913,0,0
4955,0914,0,0
4956,0901,0,0
4956,0902,0,0
4956,0903,0,0
4956,0904,0,0
4956,0905,0,0
4956,0906,0,0
4956,0907,0,0
4956,0908,0,0
4956,0909,0,0
4956,0910,0,0
4956,0911,0,0
4956,0912,0,0
4956,0913,0,0
4956,0914,0,0
4957,0901,0,0
4957,0902,0,0
4957,0903,0,0
4957,0904,0,0
4957,0905,0,0
4957,0906,0,0
4957,0907,0,0
4957,0908,0,0
4957,0909,0,0
4957,0910,0,0
4957,0911,0,0
4957,0912,0,0
4957,0913,0,0
4957,0914,0,0
4958,0901,0,0
4958,0902,0,0
4958,0903,0,0
4958,0904,0,0
4958,0905,0,0
4958,0906,0,0
4958,0907,0,0
4958,0908,0,0
4958,0909,0,0
4958,0910,0,0
4958,0911,0,0
4958,0912,0,0
4958,0913,0,0
4958,0914,0,0
4959,0901,0,0
4959,0902,0,0
4959,0903,0,0
4959,0904,0,0
4959,0905,0,0
4959,0906,0,0
4959,0907,0,0
4959,0908,0,0
4959,0909,0,0
4959,0910,0,0
4959,0911,0,0
4959,0912,0,0
4959,0913,0,0
4959,0914,0,0
4960,0901,0,0
4960,0902,0,0
4960,0903,0,0
4960,0904,0,0
4960,0905,0,0
4960,0906,0,0
4960,0907,0,0
4960,0908,0,0
4960,0909,0,0
4960,0910,0,0
4960,0911,0,0
4960,0912,0,0
4960,0913,0,0
4960,0914,0,0
4961,0901,0,0
4961,0902,0,0
4961,0903,0,0
4961,0904,0,0
4961,0905,0,0
4961,0906,0,0
4961,0907,0,0
4961,0908,0,0
4961,0909,0,0
4961,0910,0,0
4961,0911,0,0
4961,0912,0,0
4961,0913,0,0
4961,0914,0,0
4962,0901,0,0
4962,0902,0,0
4962,0903,0,0
4962,0904,0,0
4962,0905,0,0
4962,0906,0,0
4962,0907,0,0
4962,0908,0,0
4962,0909,0,0
4962,0910,0,0
4962,0911,0,0
4962,0912,0,0
4962,0913,0,0
4962,0914,0,0
4963,0901,0,0
4963,0902,0,0
4963,0903,0,0
4963,0904,0,0
4963,0905,0,0
4963,0906,0,0
4963,0907,0,0
4963,0908,0,0
4963,0909,0,0
4963,0910,0,0
4963,0911,0,0
4963,0912,0,0
4963,0913,0,0
4963,0914,0,0
4964,0901,0,0
4964,0902,0,0
4964,0903,0,0
4964,0904,0,0
4964,0905,0,0
4964,0906,0,0
4964,0907,0,0
4964,0908,0,0
4964,0909,0,0
4964,0910,0,0
4964,0911,0,0
4964,0912,0,0
4964,0913,0,0
4964,0914,0,0
4965,0901,0,0
4965,0902,0,0
4965,0903,0,0
4965,0904,0,0
4965,0905,0,0
4965,0906,0,0
4965,0907,0,0
4965,0908,0,0
4965,0909,0,0
4965,0910,0,0
4965,0911,0,0
4965,0912,0,0
4965,0913,0,0
4965,0914,0,0
4966,0901,0,0
4966,0902,0,0
4966,0903,0,0
4966,0904,0,0
4966,0905,0,0
4966,0906,0,0
4966,0907,0,0
4966,0908,0,0
4966,0909,0,0
4966,0910,0,0
4966,0911,0,0
4966,0912,0,0
4966,0913,0,0
4966,0914,0,0
4967,0901,0,0
4967,0902,0,0
4967,0903,0,0
4967,0904,0,0
4967,0905,0,0
4967,0906,0,0
4967,0907,0,0
4967,0908,0,0
4967,0909,0,0
4967,0910,0,0
4967,0911,0,0
4967,0912,0,0
4967,0913,0,0
4967,0914,0,0
4968,0901,0,0
4968,0902,0,0
4968,0903,0,0
4968,0904,0,0
4968,0905,0,0
4968,0906,0,0
4968,0907,0,0
4968,0908,0,0
4968,0909,0,0
4968,0910,0,0
4968,0911,0,0
4968,0912,0,0
4968,0913,0,0
4968,0914,0,0
4969,0901,0,0
4969,0902,0,0
4969,0903,0,0
4969,0904,0,0
4969,0905,0,0
4969,0906,0,0
4969,0907,0,0
4969,0908,0,0
4969,0909,0,0
4969,0910,0,0
4969,0911,0,0
4969,0912,0,0
4969,0913,0,0
4969,0914,0,0
4970,0901,0,0
4970,0902,0,0
4970,0903,0,0
4970,0904,0,0
4970,0905,0,0
4970,0906,0,0
4970,0907,0,0
4970,0908,0,0
4970,0909,0,0
4970,0910,0,0
4970,0911,0,0
4970,0912,0,0
4970,0913,0,0
4970,0914,0,0
4971,0901,0,0
4971,0902,0,0
4971,0903,0,0
4971,0904,0,0
4971,0905,0,0
4971,0906,0,0
4971,0907,0,0
4971,0908,0,0
4971,0909,0,0
4971,0910,0,0
4971,0911,0,0
4971,0912,0,0
4971,0913,0,0
4971,0914,0,0
4972,0901,0,0
4972,0902,0,0
4972,0903,0,0
4972,0904,0,0
4972,0905,0,0
4972,0906,0,0
4972,0907,0,0
4972,0908,0,0
4972,0909,0,0
4972,0910,0,0
4972,0911,0,0
4972,0912,0,0
4972,0913,0,0
4972,0914,0,0
4973,0901,0,0
4973,0902,0,0
4973,0903,0,0
4973,0904,0,0
4973,0905,0,0
4973,0906,0,0
4973,0907,0,0
4973,0908,0,0
4973,0909,0,0
4973,0910,0,0
4973,0911,0,0
4973,0912,0,0
4973,0913,0,0
4973,0914,0,0
4974,0901,0,0
4974,0902,0,0
4974,0903,0,0
4974,0904,0,0
4974,0905,0,0
4974,0906,0,0
4974,0907,0,0
4974,0908,0,0
4974,0909,0,0
4974,0910,0,0
4974,0911,0,0
4974,0912,0,0
4974,0913,0,0
4974,0914,0,0
4975,0901,0,0
4975,0902,0,0
4975,0903,0,0
4975,0904,0,0
4975,0905,0,0
4975,0906,0,0
4975,0907,0,0
4975,0908,0,0
4975,0909,0,0
4975,0910,0,0
4975,0911,0,0
4975,0912,0,0
4975,0913,0,0
4975,0914,0,0
4976,0901,0,0
4976,0902,0,0
4976,0903,0,0
4976,0904,0,0
4976,0905,0,0
4976,0906,0,0
4976,0907,0,0
4976,0908,0,0
4976,0909,0,0
4976,0910,0,0
4976,0911,0,0
4976,0912,0,0
4976,0913,0,0
4976,0914,0,0
4977,0901,0,0
4977,0902,0,0
4977,0903,0,0
4977,0904,0,0
4977,0905,0,0
4977,0906,0,0
4977,0907,0,0
4977,0908,0,0
4977,0909,0,0
4977,0910,0,0
4977,0911,0,0
4977,0912,0,0
4977,0913,0,0
4977,0914,0,0
4978,0901,0,0
4978,0902,0,0
4978,0903,0,0
4978,0904,0,0
4978,0905,0,0
4978,0906,0,0
4978,0907,0,0
4978,0908,0,0
4978,0909,0,0
4978,0910,0,0
4978,0911,0,0
4978,0912,0,0
4978,0913,0,0
4978,0914,0,0
4979,0901,0,0
4979,0902,0,0
4979,0903,0,0
4979,0904,0,0
4979,0905,0,0
4979,0906,0,0
4979,0907,0,0
4979,0908,0,0
4979,0909,1,0
4979,0910,0,0
4979,0911,0,0
4979,0912,0,0
4979,0913,0,0
4979,0914,0,0
4980,0901,0,0
4980,0902,0,0
4980,0903,0,0
4980,0904,0,0
4980,0905,0,0
4980,0906,0,0
4980,0907,0,0
4980,0908,0,0
4980,0909,0,0
4980,0910,0,0
4980,0911,0,0
4980,0912,0,0
4980,0913,0,0
4980,0914,0,0
4981,0901,0,0
4981,0902,0,0
4981,0903,0,0
4981,0904,0,0
4981,0905,0,0
4981,0906,0,0
4981,0907,0,0
4981,0908,0,0
4981,0909,0,0
4981,0910,0,0
4981,0911,0,0
4981,0912,0,0
4981,0913,0,0
4981,0914,0,0
4982,0901,0,0
4982,0902,0,0
4982,0903,0,0
4982,0904,0,0
4982,0905,0,0
4982,0906,0,0
4982,0907,0,0
4982,0908,0,0
4982,0909,0,0
4982,0910,0,0
4982,0911,0,0
4982,0912,0,0
4982,0913,0,0
4982,0914,0,0
4983,0901,0,0
4983,0902,0,0
4983,0903,0,0
4983,0904,0,0
4983,0905,0,0
4983,0906,0,0
4983,0907,0,0
4983,0908,0,0
4983,0909,0,0
4983,0910,0,0
4983,0911,0,0
4983,0912,0,0
4983,0913,0,0
4983,0914,0,0
4984,0901,0,0
4984,0902,0,0
4984,0903,0,0
4984,0904,0,0
4984,0905,0,0
4984,0906,0,0
4984,0907,0,0
4984,0908,0,0
4984,0909,0,0
4984,0910,0,0
4984,0911,0,0
4984,0912,0,0
4984,0913,0,0
4984,0914,0,0
4985,0901,0,0
4985,0902,0,0
4985,0903,0,0
4985,0904,0,0
4985,0905,0,0
4985,0906,0,0
4985,0907,0,0
4985,0908,0,0
4985,0909,0,0
4985,0910,0,0
4985,0911,0,0
4985,0912,0,0
4985,0913,0,0
4985,0914,0,0
4986,0901,0,0
4986,0902,0,0
4986,0903,0,0
4986,0904,0,0
4986,0905,0,0
4986,0906,0,0
4986,0907,0,0
4986,0908,0,0
4986,0909,0,0
4986,0910,0,0
4986,0911,0,0
4986,0912,0,0
4986,0913,0,0
4986,0914,0,0
4987,0901,0,0
4987,0902,0,0
4987,0903,0,0
4987,0904,0,0
4987,0905,0,0
4987,0906,0,0
4987,0907,0,0
4987,0908,0,0
4987,0909,0,0
4987,0910,0,0
4987,0911,0,0
4987,0912,0,0
4987,0913,0,0
4987,0914,0,0
4988,0901,0,0
4988,0902,0,0
4988,0903,0,0
4988,0904,0,0
4988,0905,0,0
4988,0906,0,0
4988,0907,0,0
4988,0908,0,0
4988,0909,0,0
4988,0910,0,0
4988,0911,0,0
4988,0912,0,0
4988,0913,0,0
4988,0914,0,0
4989,0901,0,0
4989,0902,0,0
4989,0903,0,0
4989,0904,0,0
4989,0905,0,0
4989,0906,0,0
4989,0907,0,0
4989,0908,0,0
4989,0909,0,0
4989,0910,0,0
4989,0911,0,0
4989,0912,0,0
4989,0913,0,0
4989,0914,0,0
4990,0901,0,0
4990,0902,0,0
4990,0903,0,0
4990,0904,0,0
4990,0905,0,0
4990,0906,0,0
4990,0907,0,0
4990,0908,0,0
4990,0909,0,0
4990,0910,0,0
4990,0911,0,0
4990,0912,0,0
4990,0913,0,0
4990,0914,0,0
4991,0901,0,0
4991,0902,0,0
4991,0903,0,0
4991,0904,0,0
4991,0905,0,0
4991,0906,0,0
4991,0907,0,0
4991,0908,0,0
4991,0909,0,0
4991,0910,0,0
4991,0911,0,0
4991,0912,0,0
4991,0913,0,0
4991,0914,0,0
4992,0901,0,0
4992,0902,0,0
4992,0903,0,0
4992,0904,0,0
4992,0905,0,0
4992,0906,0,0
4992,0907,0,0
4992,0908,0,0
4992,0909,0,0
4992,0910,0,0
4992,0911,0,0
4992,0912,0,0
4992,0913,0,0
4992,0914,0,0
4993,0901,0,0
4993,0902,0,0
4993,0903,0,0
4993,0904,0,0
4993,0905,0,0
4993,0906,0,0
4993,0907,0,0
4993,0908,0,0
4993,0909,0,0
4993,0910,0,0
4993,0911,0,0
4993,0912,0,0
4993,0913,0,0
4993,0914,0,0
4994,0901,0,0
4994,0902,0,0
4994,0903,0,0
4994,0904,0,0
4994,0905,0,0
4994,0906,0,0
4994,0907,0,0
4994,0908,0,0
4994,0909,0,0
4994,0910,0,0
4994,0911,0,0
4994,0912,0,0
4994,0913,0,0
4994,0914,0,0
4995,0901,0,0
4995,0902,0,0
4995,0903,0,0
4995,0904,0,0
4995,0905,0,0
4995,0906,0,0
4995,0907,0,0
4995,0908,0,0
4995,0909,0,0
4995,0910,0,0
4995,0911,0,0
4995,0912,0,0
4995,0913,0,0
4995,0914,0,0
4996,0901,0,0
4996,0902,0,0
4996,0903,0,0
4996,0904,0,0
4996,0905,0,0
4996,0906,0,0
4996,0907,0,0
4996,0908,0,0
4996,0909,0,0
4996,0910,0,0
4996,0911,0,0
4996,0912,0,0
4996,0913,0,0
4996,0914,0,0
4997,0901,0,0
4997,0902,0,0
4997,0903,0,0
4997,0904,0,0
4997,0905,0,0
4997,0906,0,0
4997,0907,0,0
4997,0908,0,0
4997,0909,0,0
4997,0910,0,0
4997,0911,0,0
4997,0912,0,0
4997,0913,0,0
4997,0914,0,0
4998,0901,0,0
4998,0902,0,0
4998,0903,0,0
4998,0904,0,0
4998,0905,0,0
4998,0906,0,0
4998,0907,0,0
4998,0908,0,0
4998,0909,0,0
4998,0910,0,0
4998,0911,0,0
4998,0912,0,0
4998,0913,0,0
4998,0914,0,0
4999,0901,0,0
4999,0902,0,0
4999,0903,0,0
4999,0904,0,0
4999,0905,0,0
4999,0906,0,0
4999,0907,0,0
4999,0908,0,0
4999,0909,0,0
4999,0910,0,0
4999,0911,0,0
4999,0912,0,0
4999,0913,0,0
4999,0914,0,0
5000,0901,0,0
5000,0902,0,0
5000,0903,0,0
5000,0904,0,0
5000,0905,0,0
5000,0906,0,0
5000,0907,0,0
5000,0908,0,0
5000,0909,0,0
5000,0910,0,0
5000,0911,0,0
5000,0912,0,0
5000,0913,0,0
5000,0914,0,0
